[INFO] AAReact ML training workflow
  python: /home/iaw/soft/conda/2024.06.1/envs/python3.12/bin/python
  targets: ddg
  hyper_split: seed_1_test_0-2
  search_methods: optuna
  train_seeds: 1 12 42
  train_test_sizes: 0.15 0.2 0.3
  models: lgb xgb rf
  descriptors: rdkit xtb soap acsf rdkit_soap soap_xtb rdkit_xtb soap_acsf acsf_xtb rdkit_acsf rdkit_soap_xtb rdkit_soap_acsf rdkit_xtb_acsf soap_xtb_acsf rdkit_soap_xtb_acsf
  config_root: /home/iaw/DATA2/AAReact/config/train
  log: /home/iaw/DATA2/AAReact/train/logs/train_20260716_153534.log
[INFO] Train target=ddg hyper=seed_1_test_0-2 search=optuna split=seed_1_test_0-15 model=lgb descriptor=rdkit
                           Metric                           
┏━━━━━━━━━━━━━━━━━━┳━━━━━━━━━━━━━┳━━━━━━━━━━━━┳━━━━━━━━━━━━┓
┃       name       ┃    Train    ┃   Valid    ┃    Test    ┃
┡━━━━━━━━━━━━━━━━━━╇━━━━━━━━━━━━━╇━━━━━━━━━━━━╇━━━━━━━━━━━━┩
│        R2        │   0.9512    │   0.0000   │   0.9410   │
│        R         │   0.9758    │   0.0000   │   0.9715   │
│    Spearmanr     │   0.9575    │   0.0000   │   0.9445   │
│       MSE        │   0.0407    │   0.0000   │   0.0582   │
│       MAE        │   0.0994    │   0.0000   │   0.1861   │
│       RMSE       │   0.2017    │   0.0000   │   0.2411   │
└──────────────────┴─────────────┴────────────┴────────────┘
Info[iaw]:> Result, 0.9511733190287585, 0.9410425955753092, 0.9757551741507384, 0.97147837045569, 0.9574648750319581, 0.9445493691924152, 0.040671124265621916, 0.05815133581308756, 0.09935732581036338, 0.18607384178966105, 0.20167083146955564, 0.24114588077155197
Info[iaw]:> The model will be saved as 
`/home/iaw/DATA2/AAReact/train/output/pt/ddg/hyper_seed_1_test_0-2/search_optuna/seed_1_test_0-15/lg
b_rdkit.pkl`
[OK] Finished target=ddg search=optuna split=seed_1_test_0-15 model=lgb descriptor=rdkit
[INFO] Train target=ddg hyper=seed_1_test_0-2 search=optuna split=seed_1_test_0-15 model=lgb descriptor=xtb
                           Metric                           
┏━━━━━━━━━━━━━━━━━━┳━━━━━━━━━━━━━┳━━━━━━━━━━━━┳━━━━━━━━━━━━┓
┃       name       ┃    Train    ┃   Valid    ┃    Test    ┃
┡━━━━━━━━━━━━━━━━━━╇━━━━━━━━━━━━━╇━━━━━━━━━━━━╇━━━━━━━━━━━━┩
│        R2        │   0.9781    │   0.0000   │   0.9526   │
│        R         │   0.9893    │   0.0000   │   0.9781   │
│    Spearmanr     │   0.9759    │   0.0000   │   0.9476   │
│       MSE        │   0.0183    │   0.0000   │   0.0467   │
│       MAE        │   0.0907    │   0.0000   │   0.1527   │
│       RMSE       │   0.1352    │   0.0000   │   0.2161   │
└──────────────────┴─────────────┴────────────┴────────────┘
Info[iaw]:> Result, 0.9780609856713939, 0.9526421891376556, 0.9892762747913064, 0.9780990416240899, 0.9758736247141875, 0.947621565812999, 0.018274524507400858, 0.0467103324798938, 0.09071938449692055, 0.15269325426549055, 0.13518329966161077, 0.21612573303494842
Info[iaw]:> The model will be saved as 
`/home/iaw/DATA2/AAReact/train/output/pt/ddg/hyper_seed_1_test_0-2/search_optuna/seed_1_test_0-15/lg
b_xtb.pkl`
[OK] Finished target=ddg search=optuna split=seed_1_test_0-15 model=lgb descriptor=xtb
[INFO] Train target=ddg hyper=seed_1_test_0-2 search=optuna split=seed_1_test_0-15 model=lgb descriptor=soap
                           Metric                           
┏━━━━━━━━━━━━━━━━━━┳━━━━━━━━━━━━━┳━━━━━━━━━━━━┳━━━━━━━━━━━━┓
┃       name       ┃    Train    ┃   Valid    ┃    Test    ┃
┡━━━━━━━━━━━━━━━━━━╇━━━━━━━━━━━━━╇━━━━━━━━━━━━╇━━━━━━━━━━━━┩
│        R2        │   0.4543    │   0.0000   │   0.4771   │
│        R         │   0.6773    │   0.0000   │   0.7173   │
│    Spearmanr     │   0.6154    │   0.0000   │   0.6840   │
│       MSE        │   0.4545    │   0.0000   │   0.5158   │
│       MAE        │   0.4906    │   0.0000   │   0.5522   │
│       RMSE       │   0.6742    │   0.0000   │   0.7182   │
└──────────────────┴─────────────┴────────────┴────────────┘
Info[iaw]:> Result, 0.45431739869652954, 0.477082930183245, 0.6772892486076446, 0.7172536969462424, 0.615419859159724, 0.6839666591120848, 0.4545368320298697, 0.515767721222394, 0.4905599545947408, 0.5521896877715811, 0.6741934678042125, 0.7181697022448065
Info[iaw]:> The model will be saved as 
`/home/iaw/DATA2/AAReact/train/output/pt/ddg/hyper_seed_1_test_0-2/search_optuna/seed_1_test_0-15/lg
b_soap.pkl`
[OK] Finished target=ddg search=optuna split=seed_1_test_0-15 model=lgb descriptor=soap
[INFO] Train target=ddg hyper=seed_1_test_0-2 search=optuna split=seed_1_test_0-15 model=lgb descriptor=acsf
                           Metric                           
┏━━━━━━━━━━━━━━━━━━┳━━━━━━━━━━━━━┳━━━━━━━━━━━━┳━━━━━━━━━━━━┓
┃       name       ┃    Train    ┃   Valid    ┃    Test    ┃
┡━━━━━━━━━━━━━━━━━━╇━━━━━━━━━━━━━╇━━━━━━━━━━━━╇━━━━━━━━━━━━┩
│        R2        │   0.9888    │   0.0000   │   0.9515   │
│        R         │   0.9945    │   0.0000   │   0.9757   │
│    Spearmanr     │   0.9832    │   0.0000   │   0.9284   │
│       MSE        │   0.0094    │   0.0000   │   0.0478   │
│       MAE        │   0.0615    │   0.0000   │   0.1706   │
│       RMSE       │   0.0967    │   0.0000   │   0.2187   │
└──────────────────┴─────────────┴────────────┴────────────┘
Info[iaw]:> Result, 0.9887701330170209, 0.9515240665429188, 0.9944920973825578, 0.9757311182211682, 0.9831999843559088, 0.9284329279041071, 0.009354133978923538, 0.04781316804603212, 0.06154374687799701, 0.17057565531043786, 0.09671677196289968, 0.21866222363735377
Info[iaw]:> The model will be saved as 
`/home/iaw/DATA2/AAReact/train/output/pt/ddg/hyper_seed_1_test_0-2/search_optuna/seed_1_test_0-15/lg
b_acsf.pkl`
[OK] Finished target=ddg search=optuna split=seed_1_test_0-15 model=lgb descriptor=acsf
[INFO] Train target=ddg hyper=seed_1_test_0-2 search=optuna split=seed_1_test_0-15 model=lgb descriptor=rdkit_soap
                           Metric                           
┏━━━━━━━━━━━━━━━━━━┳━━━━━━━━━━━━━┳━━━━━━━━━━━━┳━━━━━━━━━━━━┓
┃       name       ┃    Train    ┃   Valid    ┃    Test    ┃
┡━━━━━━━━━━━━━━━━━━╇━━━━━━━━━━━━━╇━━━━━━━━━━━━╇━━━━━━━━━━━━┩
│        R2        │   0.9908    │   0.0000   │   0.9626   │
│        R         │   0.9956    │   0.0000   │   0.9814   │
│    Spearmanr     │   0.9842    │   0.0000   │   0.9488   │
│       MSE        │   0.0077    │   0.0000   │   0.0369   │
│       MAE        │   0.0541    │   0.0000   │   0.1482   │
│       RMSE       │   0.0877    │   0.0000   │   0.1922   │
└──────────────────┴─────────────┴────────────┴────────────┘
Info[iaw]:> Result, 0.990764038679986, 0.9625540998876552, 0.9955649797699263, 0.9813571435299474, 0.9841838238649162, 0.9487799350305961, 0.007693271856426466, 0.03693393787438114, 0.05406013026157926, 0.14819618895445244, 0.08771129833964644, 0.19218204357946955
Info[iaw]:> The model will be saved as 
`/home/iaw/DATA2/AAReact/train/output/pt/ddg/hyper_seed_1_test_0-2/search_optuna/seed_1_test_0-15/lg
b_rdkit_soap.pkl`
[OK] Finished target=ddg search=optuna split=seed_1_test_0-15 model=lgb descriptor=rdkit_soap
[INFO] Train target=ddg hyper=seed_1_test_0-2 search=optuna split=seed_1_test_0-15 model=lgb descriptor=soap_xtb
                           Metric                           
┏━━━━━━━━━━━━━━━━━━┳━━━━━━━━━━━━━┳━━━━━━━━━━━━┳━━━━━━━━━━━━┓
┃       name       ┃    Train    ┃   Valid    ┃    Test    ┃
┡━━━━━━━━━━━━━━━━━━╇━━━━━━━━━━━━━╇━━━━━━━━━━━━╇━━━━━━━━━━━━┩
│        R2        │   0.9980    │   0.0000   │   0.9656   │
│        R         │   0.9990    │   0.0000   │   0.9831   │
│    Spearmanr     │   0.9919    │   0.0000   │   0.9458   │
│       MSE        │   0.0016    │   0.0000   │   0.0339   │
│       MAE        │   0.0247    │   0.0000   │   0.1345   │
│       RMSE       │   0.0403    │   0.0000   │   0.1842   │
└──────────────────┴─────────────┴────────────┴────────────┘
Info[iaw]:> Result, 0.998046626173449, 0.9656133010351572, 0.9990322006354021, 0.9831383962239575, 0.9919424239505241, 0.9458084661680642, 0.001627100348755308, 0.0339165622795073, 0.02468181556701962, 0.13445908109966412, 0.040337331948894536, 0.1841644978803116
Info[iaw]:> The model will be saved as 
`/home/iaw/DATA2/AAReact/train/output/pt/ddg/hyper_seed_1_test_0-2/search_optuna/seed_1_test_0-15/lg
b_soap_xtb.pkl`
[OK] Finished target=ddg search=optuna split=seed_1_test_0-15 model=lgb descriptor=soap_xtb
[INFO] Train target=ddg hyper=seed_1_test_0-2 search=optuna split=seed_1_test_0-15 model=lgb descriptor=rdkit_xtb
                           Metric                           
┏━━━━━━━━━━━━━━━━━━┳━━━━━━━━━━━━━┳━━━━━━━━━━━━┳━━━━━━━━━━━━┓
┃       name       ┃    Train    ┃   Valid    ┃    Test    ┃
┡━━━━━━━━━━━━━━━━━━╇━━━━━━━━━━━━━╇━━━━━━━━━━━━╇━━━━━━━━━━━━┩
│        R2        │   0.9849    │   0.0000   │   0.9619   │
│        R         │   0.9927    │   0.0000   │   0.9812   │
│    Spearmanr     │   0.9828    │   0.0000   │   0.9539   │
│       MSE        │   0.0126    │   0.0000   │   0.0375   │
│       MAE        │   0.0706    │   0.0000   │   0.1484   │
│       RMSE       │   0.1123    │   0.0000   │   0.1937   │
└──────────────────┴─────────────┴────────────┴────────────┘
Info[iaw]:> Result, 0.9848593125768488, 0.9619464971571716, 0.992704929417075, 0.9811532387930512, 0.982786864467851, 0.9538666868122183, 0.012611727182861722, 0.037533233429639705, 0.07056249143569215, 0.14836666543313637, 0.1123019464785082, 0.19373495665377405
Info[iaw]:> The model will be saved as 
`/home/iaw/DATA2/AAReact/train/output/pt/ddg/hyper_seed_1_test_0-2/search_optuna/seed_1_test_0-15/lg
b_rdkit_xtb.pkl`
[OK] Finished target=ddg search=optuna split=seed_1_test_0-15 model=lgb descriptor=rdkit_xtb
[INFO] Train target=ddg hyper=seed_1_test_0-2 search=optuna split=seed_1_test_0-15 model=lgb descriptor=soap_acsf
                           Metric                           
┏━━━━━━━━━━━━━━━━━━┳━━━━━━━━━━━━━┳━━━━━━━━━━━━┳━━━━━━━━━━━━┓
┃       name       ┃    Train    ┃   Valid    ┃    Test    ┃
┡━━━━━━━━━━━━━━━━━━╇━━━━━━━━━━━━━╇━━━━━━━━━━━━╇━━━━━━━━━━━━┩
│        R2        │   0.9899    │   0.0000   │   0.9588   │
│        R         │   0.9950    │   0.0000   │   0.9793   │
│    Spearmanr     │   0.9868    │   0.0000   │   0.9456   │
│       MSE        │   0.0084    │   0.0000   │   0.0406   │
│       MAE        │   0.0574    │   0.0000   │   0.1389   │
│       RMSE       │   0.0917    │   0.0000   │   0.2016   │
└──────────────────┴─────────────┴────────────┴────────────┘
Info[iaw]:> Result, 0.9898990624888263, 0.958789740484176, 0.9950335821982434, 0.9793161008735706, 0.9868378149550269, 0.9456070106519604, 0.008413770433386496, 0.040646830765934616, 0.05741064376181096, 0.1388695802108365, 0.09172660700901618, 0.20161059189917235
Info[iaw]:> The model will be saved as 
`/home/iaw/DATA2/AAReact/train/output/pt/ddg/hyper_seed_1_test_0-2/search_optuna/seed_1_test_0-15/lg
b_soap_acsf.pkl`
[OK] Finished target=ddg search=optuna split=seed_1_test_0-15 model=lgb descriptor=soap_acsf
[INFO] Train target=ddg hyper=seed_1_test_0-2 search=optuna split=seed_1_test_0-15 model=lgb descriptor=acsf_xtb
                           Metric                           
┏━━━━━━━━━━━━━━━━━━┳━━━━━━━━━━━━━┳━━━━━━━━━━━━┳━━━━━━━━━━━━┓
┃       name       ┃    Train    ┃   Valid    ┃    Test    ┃
┡━━━━━━━━━━━━━━━━━━╇━━━━━━━━━━━━━╇━━━━━━━━━━━━╇━━━━━━━━━━━━┩
│        R2        │   0.9838    │   0.0000   │   0.9583   │
│        R         │   0.9921    │   0.0000   │   0.9798   │
│    Spearmanr     │   0.9806    │   0.0000   │   0.9406   │
│       MSE        │   0.0135    │   0.0000   │   0.0412   │
│       MAE        │   0.0762    │   0.0000   │   0.1633   │
│       RMSE       │   0.1162    │   0.0000   │   0.2029   │
└──────────────────┴─────────────┴────────────┴────────────┘
Info[iaw]:> Result, 0.9838032807861096, 0.9582575968920456, 0.9920609674833438, 0.9798086793854738, 0.980585393199021, 0.9405706227493642, 0.013491369201021716, 0.04117169886399143, 0.07616356837924389, 0.16326402381963964, 0.11615235340285497, 0.20290810448080043
Info[iaw]:> The model will be saved as 
`/home/iaw/DATA2/AAReact/train/output/pt/ddg/hyper_seed_1_test_0-2/search_optuna/seed_1_test_0-15/lg
b_acsf_xtb.pkl`
[OK] Finished target=ddg search=optuna split=seed_1_test_0-15 model=lgb descriptor=acsf_xtb
[INFO] Train target=ddg hyper=seed_1_test_0-2 search=optuna split=seed_1_test_0-15 model=lgb descriptor=rdkit_acsf
                           Metric                           
┏━━━━━━━━━━━━━━━━━━┳━━━━━━━━━━━━━┳━━━━━━━━━━━━┳━━━━━━━━━━━━┓
┃       name       ┃    Train    ┃   Valid    ┃    Test    ┃
┡━━━━━━━━━━━━━━━━━━╇━━━━━━━━━━━━━╇━━━━━━━━━━━━╇━━━━━━━━━━━━┩
│        R2        │   0.9623    │   0.0000   │   0.9508   │
│        R         │   0.9828    │   0.0000   │   0.9802   │
│    Spearmanr     │   0.9723    │   0.0000   │   0.9449   │
│       MSE        │   0.0314    │   0.0000   │   0.0485   │
│       MAE        │   0.1090    │   0.0000   │   0.1756   │
│       RMSE       │   0.1773    │   0.0000   │   0.2202   │
└──────────────────┴─────────────┴────────────┴────────────┘
Info[iaw]:> Result, 0.9622660490518745, 0.9508339270220165, 0.9827543645062794, 0.9801736440302389, 0.9723114072222105, 0.944901916345597, 0.03143122115853026, 0.048493871944541286, 0.10900546660393928, 0.1756458840956773, 0.17728852517444624, 0.22021324198272293
Info[iaw]:> The model will be saved as 
`/home/iaw/DATA2/AAReact/train/output/pt/ddg/hyper_seed_1_test_0-2/search_optuna/seed_1_test_0-15/lg
b_rdkit_acsf.pkl`
[OK] Finished target=ddg search=optuna split=seed_1_test_0-15 model=lgb descriptor=rdkit_acsf
[INFO] Train target=ddg hyper=seed_1_test_0-2 search=optuna split=seed_1_test_0-15 model=lgb descriptor=rdkit_soap_xtb
                           Metric                           
┏━━━━━━━━━━━━━━━━━━┳━━━━━━━━━━━━━┳━━━━━━━━━━━━┳━━━━━━━━━━━━┓
┃       name       ┃    Train    ┃   Valid    ┃    Test    ┃
┡━━━━━━━━━━━━━━━━━━╇━━━━━━━━━━━━━╇━━━━━━━━━━━━╇━━━━━━━━━━━━┩
│        R2        │   0.9935    │   0.0000   │   0.9446   │
│        R         │   0.9968    │   0.0000   │   0.9721   │
│    Spearmanr     │   0.9874    │   0.0000   │   0.9420   │
│       MSE        │   0.0054    │   0.0000   │   0.0547   │
│       MAE        │   0.0442    │   0.0000   │   0.1673   │
│       RMSE       │   0.0738    │   0.0000   │   0.2338   │
└──────────────────┴─────────────┴────────────┴────────────┘
Info[iaw]:> Result, 0.9934574497602252, 0.9445817035365223, 0.996821026069228, 0.9721150808535207, 0.9873665272942314, 0.9419808113620911, 0.005449743224870827, 0.05466061471470279, 0.04422713916730776, 0.16732643490420598, 0.07382237618006364, 0.23379609644881327
Info[iaw]:> The model will be saved as 
`/home/iaw/DATA2/AAReact/train/output/pt/ddg/hyper_seed_1_test_0-2/search_optuna/seed_1_test_0-15/lg
b_rdkit_soap_xtb.pkl`
[OK] Finished target=ddg search=optuna split=seed_1_test_0-15 model=lgb descriptor=rdkit_soap_xtb
[INFO] Train target=ddg hyper=seed_1_test_0-2 search=optuna split=seed_1_test_0-15 model=lgb descriptor=rdkit_soap_acsf
                           Metric                           
┏━━━━━━━━━━━━━━━━━━┳━━━━━━━━━━━━━┳━━━━━━━━━━━━┳━━━━━━━━━━━━┓
┃       name       ┃    Train    ┃   Valid    ┃    Test    ┃
┡━━━━━━━━━━━━━━━━━━╇━━━━━━━━━━━━━╇━━━━━━━━━━━━╇━━━━━━━━━━━━┩
│        R2        │   0.9747    │   0.0000   │   0.9614   │
│        R         │   0.9884    │   0.0000   │   0.9825   │
│    Spearmanr     │   0.9785    │   0.0000   │   0.9554   │
│       MSE        │   0.0211    │   0.0000   │   0.0380   │
│       MAE        │   0.0908    │   0.0000   │   0.1461   │
│       RMSE       │   0.1453    │   0.0000   │   0.1950   │
└──────────────────┴─────────────┴────────────┴────────────┘
Info[iaw]:> Result, 0.9746529390054426, 0.9614413914768218, 0.9883795828994327, 0.9825059278044328, 0.978545867243953, 0.9553776031829971, 0.021113322613206656, 0.0380314332796117, 0.09075278614804094, 0.14608105162385265, 0.14530424155270436, 0.19501649489110326
Info[iaw]:> The model will be saved as 
`/home/iaw/DATA2/AAReact/train/output/pt/ddg/hyper_seed_1_test_0-2/search_optuna/seed_1_test_0-15/lg
b_rdkit_soap_acsf.pkl`
[OK] Finished target=ddg search=optuna split=seed_1_test_0-15 model=lgb descriptor=rdkit_soap_acsf
[INFO] Train target=ddg hyper=seed_1_test_0-2 search=optuna split=seed_1_test_0-15 model=lgb descriptor=rdkit_xtb_acsf
                           Metric                           
┏━━━━━━━━━━━━━━━━━━┳━━━━━━━━━━━━━┳━━━━━━━━━━━━┳━━━━━━━━━━━━┓
┃       name       ┃    Train    ┃   Valid    ┃    Test    ┃
┡━━━━━━━━━━━━━━━━━━╇━━━━━━━━━━━━━╇━━━━━━━━━━━━╇━━━━━━━━━━━━┩
│        R2        │   0.9894    │   0.0000   │   0.9653   │
│        R         │   0.9949    │   0.0000   │   0.9827   │
│    Spearmanr     │   0.9865    │   0.0000   │   0.9462   │
│       MSE        │   0.0089    │   0.0000   │   0.0342   │
│       MAE        │   0.0572    │   0.0000   │   0.1378   │
│       RMSE       │   0.0941    │   0.0000   │   0.1849   │
└──────────────────┴─────────────┴────────────┴────────────┘
Info[iaw]:> Result, 0.9893624731939542, 0.9653247845943074, 0.9949174393698104, 0.9827402471326745, 0.9865124758005466, 0.946161013321246, 0.00886073282069678, 0.03420113410900306, 0.05724134513991348, 0.1378243712805573, 0.09413146562492682, 0.18493548634321932
Info[iaw]:> The model will be saved as 
`/home/iaw/DATA2/AAReact/train/output/pt/ddg/hyper_seed_1_test_0-2/search_optuna/seed_1_test_0-15/lg
b_rdkit_xtb_acsf.pkl`
[OK] Finished target=ddg search=optuna split=seed_1_test_0-15 model=lgb descriptor=rdkit_xtb_acsf
[INFO] Train target=ddg hyper=seed_1_test_0-2 search=optuna split=seed_1_test_0-15 model=lgb descriptor=soap_xtb_acsf
                           Metric                           
┏━━━━━━━━━━━━━━━━━━┳━━━━━━━━━━━━━┳━━━━━━━━━━━━┳━━━━━━━━━━━━┓
┃       name       ┃    Train    ┃   Valid    ┃    Test    ┃
┡━━━━━━━━━━━━━━━━━━╇━━━━━━━━━━━━━╇━━━━━━━━━━━━╇━━━━━━━━━━━━┩
│        R2        │   0.9955    │   0.0000   │   0.9576   │
│        R         │   0.9978    │   0.0000   │   0.9789   │
│    Spearmanr     │   0.9884    │   0.0000   │   0.9529   │
│       MSE        │   0.0037    │   0.0000   │   0.0418   │
│       MAE        │   0.0402    │   0.0000   │   0.1496   │
│       RMSE       │   0.0610    │   0.0000   │   0.2046   │
└──────────────────┴─────────────┴────────────┴────────────┘
Info[iaw]:> Result, 0.9955379327506831, 0.9575792447981211, 0.997783669376145, 0.9788561634263264, 0.9883862902717654, 0.952859409231699, 0.003716764850050276, 0.04184077649382003, 0.04021386720492802, 0.1495737951688421, 0.06096527577277311, 0.204550180869683
Info[iaw]:> The model will be saved as 
`/home/iaw/DATA2/AAReact/train/output/pt/ddg/hyper_seed_1_test_0-2/search_optuna/seed_1_test_0-15/lg
b_soap_xtb_acsf.pkl`
[OK] Finished target=ddg search=optuna split=seed_1_test_0-15 model=lgb descriptor=soap_xtb_acsf
[INFO] Train target=ddg hyper=seed_1_test_0-2 search=optuna split=seed_1_test_0-15 model=lgb descriptor=rdkit_soap_xtb_acsf
                           Metric                           
┏━━━━━━━━━━━━━━━━━━┳━━━━━━━━━━━━━┳━━━━━━━━━━━━┳━━━━━━━━━━━━┓
┃       name       ┃    Train    ┃   Valid    ┃    Test    ┃
┡━━━━━━━━━━━━━━━━━━╇━━━━━━━━━━━━━╇━━━━━━━━━━━━╇━━━━━━━━━━━━┩
│        R2        │   0.9925    │   0.0000   │   0.9663   │
│        R         │   0.9964    │   0.0000   │   0.9832   │
│    Spearmanr     │   0.9875    │   0.0000   │   0.9456   │
│       MSE        │   0.0062    │   0.0000   │   0.0333   │
│       MAE        │   0.0480    │   0.0000   │   0.1324   │
│       RMSE       │   0.0788    │   0.0000   │   0.1824   │
└──────────────────┴─────────────┴────────────┴────────────┘
Info[iaw]:> Result, 0.9925371984683944, 0.9662669658628816, 0.9963921314296995, 0.9831654302859534, 0.9874719800566809, 0.9455566467729345, 0.006216284261475343, 0.033271834390328256, 0.04797912263809101, 0.132352825348915, 0.0788434160946578, 0.1824056862883618
Info[iaw]:> The model will be saved as 
`/home/iaw/DATA2/AAReact/train/output/pt/ddg/hyper_seed_1_test_0-2/search_optuna/seed_1_test_0-15/lg
b_rdkit_soap_xtb_acsf.pkl`
[OK] Finished target=ddg search=optuna split=seed_1_test_0-15 model=lgb descriptor=rdkit_soap_xtb_acsf
[INFO] Train target=ddg hyper=seed_1_test_0-2 search=optuna split=seed_1_test_0-15 model=xgb descriptor=rdkit
                           Metric                           
┏━━━━━━━━━━━━━━━━━━┳━━━━━━━━━━━━━┳━━━━━━━━━━━━┳━━━━━━━━━━━━┓
┃       name       ┃    Train    ┃   Valid    ┃    Test    ┃
┡━━━━━━━━━━━━━━━━━━╇━━━━━━━━━━━━━╇━━━━━━━━━━━━╇━━━━━━━━━━━━┩
│        R2        │   0.9490    │   0.0000   │   0.9471   │
│        R         │   0.9756    │   0.0000   │   0.9762   │
│    Spearmanr     │   0.9604    │   0.0000   │   0.9414   │
│       MSE        │   0.0424    │   0.0000   │   0.0521   │
│       MAE        │   0.1132    │   0.0000   │   0.1759   │
│       RMSE       │   0.2060    │   0.0000   │   0.2284   │
└──────────────────┴─────────────┴────────────┴────────────┘
Info[iaw]:> Result, 0.9490431401678513, 0.947132071581863, 0.9756369494434713, 0.9762350779003297, 0.9603529480782755, 0.9413764448137796, 0.042445497772823484, 0.05214511543011303, 0.11317050376318095, 0.1758862270804832, 0.20602305155691555, 0.22835304996893085
Info[iaw]:> The model will be saved as 
`/home/iaw/DATA2/AAReact/train/output/pt/ddg/hyper_seed_1_test_0-2/search_optuna/seed_1_test_0-15/xg
b_rdkit.pkl`
[OK] Finished target=ddg search=optuna split=seed_1_test_0-15 model=xgb descriptor=rdkit
[INFO] Train target=ddg hyper=seed_1_test_0-2 search=optuna split=seed_1_test_0-15 model=xgb descriptor=xtb
                           Metric                           
┏━━━━━━━━━━━━━━━━━━┳━━━━━━━━━━━━━┳━━━━━━━━━━━━┳━━━━━━━━━━━━┓
┃       name       ┃    Train    ┃   Valid    ┃    Test    ┃
┡━━━━━━━━━━━━━━━━━━╇━━━━━━━━━━━━━╇━━━━━━━━━━━━╇━━━━━━━━━━━━┩
│        R2        │   0.9847    │   0.0000   │   0.9544   │
│        R         │   0.9926    │   0.0000   │   0.9780   │
│    Spearmanr     │   0.9834    │   0.0000   │   0.9478   │
│       MSE        │   0.0128    │   0.0000   │   0.0450   │
│       MAE        │   0.0731    │   0.0000   │   0.1588   │
│       RMSE       │   0.1130    │   0.0000   │   0.2120   │
└──────────────────┴─────────────┴────────────┴────────────┘
Info[iaw]:> Result, 0.9846742801642191, 0.9544230260571713, 0.9925962093171253, 0.9779921111691086, 0.9833871340387177, 0.9477726574500768, 0.012765853494491636, 0.044953843252703005, 0.07311143884749385, 0.1587836753420202, 0.1129860765514567, 0.2120232139476784
Info[iaw]:> The model will be saved as 
`/home/iaw/DATA2/AAReact/train/output/pt/ddg/hyper_seed_1_test_0-2/search_optuna/seed_1_test_0-15/xg
b_xtb.pkl`
[OK] Finished target=ddg search=optuna split=seed_1_test_0-15 model=xgb descriptor=xtb
[INFO] Train target=ddg hyper=seed_1_test_0-2 search=optuna split=seed_1_test_0-15 model=xgb descriptor=soap
                           Metric                           
┏━━━━━━━━━━━━━━━━━━┳━━━━━━━━━━━━━┳━━━━━━━━━━━━┳━━━━━━━━━━━━┓
┃       name       ┃    Train    ┃   Valid    ┃    Test    ┃
┡━━━━━━━━━━━━━━━━━━╇━━━━━━━━━━━━━╇━━━━━━━━━━━━╇━━━━━━━━━━━━┩
│        R2        │   0.4566    │   0.0000   │   0.4775   │
│        R         │   0.6787    │   0.0000   │   0.7134   │
│    Spearmanr     │   0.6219    │   0.0000   │   0.6768   │
│       MSE        │   0.4526    │   0.0000   │   0.5154   │
│       MAE        │   0.4872    │   0.0000   │   0.5462   │
│       RMSE       │   0.6728    │   0.0000   │   0.7179   │
└──────────────────┴─────────────┴────────────┴────────────┘
Info[iaw]:> Result, 0.4566494718842994, 0.4774515221088419, 0.6786842627992478, 0.7133807782384082, 0.6218736261627145, 0.6767646244113722, 0.45259428675483504, 0.5154041687042238, 0.4872006949250351, 0.5462263929625399, 0.6727512814962414, 0.7179165471725971
Info[iaw]:> The model will be saved as 
`/home/iaw/DATA2/AAReact/train/output/pt/ddg/hyper_seed_1_test_0-2/search_optuna/seed_1_test_0-15/xg
b_soap.pkl`
[OK] Finished target=ddg search=optuna split=seed_1_test_0-15 model=xgb descriptor=soap
[INFO] Train target=ddg hyper=seed_1_test_0-2 search=optuna split=seed_1_test_0-15 model=xgb descriptor=acsf
                           Metric                           
┏━━━━━━━━━━━━━━━━━━┳━━━━━━━━━━━━━┳━━━━━━━━━━━━┳━━━━━━━━━━━━┓
┃       name       ┃    Train    ┃   Valid    ┃    Test    ┃
┡━━━━━━━━━━━━━━━━━━╇━━━━━━━━━━━━━╇━━━━━━━━━━━━╇━━━━━━━━━━━━┩
│        R2        │   0.9808    │   0.0000   │   0.9481   │
│        R         │   0.9907    │   0.0000   │   0.9744   │
│    Spearmanr     │   0.9802    │   0.0000   │   0.9300   │
│       MSE        │   0.0160    │   0.0000   │   0.0512   │
│       MAE        │   0.0802    │   0.0000   │   0.1754   │
│       RMSE       │   0.1264    │   0.0000   │   0.2263   │
└──────────────────┴─────────────┴────────────┴────────────┘
Info[iaw]:> Result, 0.9808144339113437, 0.9480943946118507, 0.99066644642677, 0.9743712283598268, 0.9802406437833207, 0.929994208153912, 0.01598098676741162, 0.0511959493292043, 0.0801549023586074, 0.1753721395377916, 0.126415927665036, 0.22626521900019078
Info[iaw]:> The model will be saved as 
`/home/iaw/DATA2/AAReact/train/output/pt/ddg/hyper_seed_1_test_0-2/search_optuna/seed_1_test_0-15/xg
b_acsf.pkl`
[OK] Finished target=ddg search=optuna split=seed_1_test_0-15 model=xgb descriptor=acsf
[INFO] Train target=ddg hyper=seed_1_test_0-2 search=optuna split=seed_1_test_0-15 model=xgb descriptor=rdkit_soap
                           Metric                           
┏━━━━━━━━━━━━━━━━━━┳━━━━━━━━━━━━━┳━━━━━━━━━━━━┳━━━━━━━━━━━━┓
┃       name       ┃    Train    ┃   Valid    ┃    Test    ┃
┡━━━━━━━━━━━━━━━━━━╇━━━━━━━━━━━━━╇━━━━━━━━━━━━╇━━━━━━━━━━━━┩
│        R2        │   0.9886    │   0.0000   │   0.9702   │
│        R         │   0.9947    │   0.0000   │   0.9859   │
│    Spearmanr     │   0.9885    │   0.0000   │   0.9575   │
│       MSE        │   0.0095    │   0.0000   │   0.0294   │
│       MAE        │   0.0571    │   0.0000   │   0.1227   │
│       RMSE       │   0.0973    │   0.0000   │   0.1716   │
└──────────────────┴─────────────┴────────────┴────────────┘
Info[iaw]:> Result, 0.9886320263563202, 0.9701600653783239, 0.9947039952251798, 0.9858723172450149, 0.9885464973531791, 0.9574928861020876, 0.009469172581743466, 0.029431961528126004, 0.057140984530637505, 0.12273638909914036, 0.09730967362879944, 0.17155745838676326
Info[iaw]:> The model will be saved as 
`/home/iaw/DATA2/AAReact/train/output/pt/ddg/hyper_seed_1_test_0-2/search_optuna/seed_1_test_0-15/xg
b_rdkit_soap.pkl`
[OK] Finished target=ddg search=optuna split=seed_1_test_0-15 model=xgb descriptor=rdkit_soap
[INFO] Train target=ddg hyper=seed_1_test_0-2 search=optuna split=seed_1_test_0-15 model=xgb descriptor=soap_xtb
                           Metric                           
┏━━━━━━━━━━━━━━━━━━┳━━━━━━━━━━━━━┳━━━━━━━━━━━━┳━━━━━━━━━━━━┓
┃       name       ┃    Train    ┃   Valid    ┃    Test    ┃
┡━━━━━━━━━━━━━━━━━━╇━━━━━━━━━━━━━╇━━━━━━━━━━━━╇━━━━━━━━━━━━┩
│        R2        │   0.9930    │   0.0000   │   0.9694   │
│        R         │   0.9966    │   0.0000   │   0.9857   │
│    Spearmanr     │   0.9867    │   0.0000   │   0.9578   │
│       MSE        │   0.0059    │   0.0000   │   0.0302   │
│       MAE        │   0.0478    │   0.0000   │   0.1332   │
│       RMSE       │   0.0766    │   0.0000   │   0.1737   │
└──────────────────┴─────────────┴────────────┴────────────┘
Info[iaw]:> Result, 0.992958690978268, 0.969408123309349, 0.996618451069488, 0.9857143114932285, 0.9867390254165782, 0.9578454332552693, 0.005865193957872688, 0.03017362300714849, 0.04783010172423055, 0.13319393509549404, 0.07658455430354535, 0.17370556412259364
Info[iaw]:> The model will be saved as 
`/home/iaw/DATA2/AAReact/train/output/pt/ddg/hyper_seed_1_test_0-2/search_optuna/seed_1_test_0-15/xg
b_soap_xtb.pkl`
[OK] Finished target=ddg search=optuna split=seed_1_test_0-15 model=xgb descriptor=soap_xtb
[INFO] Train target=ddg hyper=seed_1_test_0-2 search=optuna split=seed_1_test_0-15 model=xgb descriptor=rdkit_xtb
                           Metric                           
┏━━━━━━━━━━━━━━━━━━┳━━━━━━━━━━━━━┳━━━━━━━━━━━━┳━━━━━━━━━━━━┓
┃       name       ┃    Train    ┃   Valid    ┃    Test    ┃
┡━━━━━━━━━━━━━━━━━━╇━━━━━━━━━━━━━╇━━━━━━━━━━━━╇━━━━━━━━━━━━┩
│        R2        │   0.9935    │   0.0000   │   0.9471   │
│        R         │   0.9968    │   0.0000   │   0.9744   │
│    Spearmanr     │   0.9881    │   0.0000   │   0.9395   │
│       MSE        │   0.0054    │   0.0000   │   0.0522   │
│       MAE        │   0.0451    │   0.0000   │   0.1580   │
│       RMSE       │   0.0734    │   0.0000   │   0.2284   │
└──────────────────┴─────────────┴────────────┴────────────┘
Info[iaw]:> Result, 0.9935333395621082, 0.9470940560878407, 0.9967962599420606, 0.9743500406796111, 0.9880867348971147, 0.939512981289819, 0.00538652935283452, 0.0521826111743807, 0.045125799256877125, 0.15796663693763077, 0.07339297890693987, 0.22843513559516343
Info[iaw]:> The model will be saved as 
`/home/iaw/DATA2/AAReact/train/output/pt/ddg/hyper_seed_1_test_0-2/search_optuna/seed_1_test_0-15/xg
b_rdkit_xtb.pkl`
[OK] Finished target=ddg search=optuna split=seed_1_test_0-15 model=xgb descriptor=rdkit_xtb
[INFO] Train target=ddg hyper=seed_1_test_0-2 search=optuna split=seed_1_test_0-15 model=xgb descriptor=soap_acsf
                           Metric                           
┏━━━━━━━━━━━━━━━━━━┳━━━━━━━━━━━━━┳━━━━━━━━━━━━┳━━━━━━━━━━━━┓
┃       name       ┃    Train    ┃   Valid    ┃    Test    ┃
┡━━━━━━━━━━━━━━━━━━╇━━━━━━━━━━━━━╇━━━━━━━━━━━━╇━━━━━━━━━━━━┩
│        R2        │   0.9971    │   0.0000   │   0.9650   │
│        R         │   0.9986    │   0.0000   │   0.9829   │
│    Spearmanr     │   0.9900    │   0.0000   │   0.9519   │
│       MSE        │   0.0024    │   0.0000   │   0.0345   │
│       MAE        │   0.0335    │   0.0000   │   0.1277   │
│       RMSE       │   0.0489    │   0.0000   │   0.1857   │
└──────────────────┴─────────────┴────────────┴────────────┘
Info[iaw]:> Result, 0.9971238428658156, 0.9650241683366637, 0.9986071868243023, 0.9828871267352898, 0.9899816978619018, 0.9519024955302058, 0.0023957504766864415, 0.034497640325986144, 0.033488504949401914, 0.12767083018103595, 0.04894640412416873, 0.1857354040725304
Info[iaw]:> The model will be saved as 
`/home/iaw/DATA2/AAReact/train/output/pt/ddg/hyper_seed_1_test_0-2/search_optuna/seed_1_test_0-15/xg
b_soap_acsf.pkl`
[OK] Finished target=ddg search=optuna split=seed_1_test_0-15 model=xgb descriptor=soap_acsf
[INFO] Train target=ddg hyper=seed_1_test_0-2 search=optuna split=seed_1_test_0-15 model=xgb descriptor=acsf_xtb
                           Metric                           
┏━━━━━━━━━━━━━━━━━━┳━━━━━━━━━━━━━┳━━━━━━━━━━━━┳━━━━━━━━━━━━┓
┃       name       ┃    Train    ┃   Valid    ┃    Test    ┃
┡━━━━━━━━━━━━━━━━━━╇━━━━━━━━━━━━━╇━━━━━━━━━━━━╇━━━━━━━━━━━━┩
│        R2        │   0.9930    │   0.0000   │   0.9713   │
│        R         │   0.9966    │   0.0000   │   0.9861   │
│    Spearmanr     │   0.9885    │   0.0000   │   0.9554   │
│       MSE        │   0.0059    │   0.0000   │   0.0283   │
│       MAE        │   0.0470    │   0.0000   │   0.1288   │
│       RMSE       │   0.0766    │   0.0000   │   0.1682   │
└──────────────────┴─────────────┴────────────┴────────────┘
Info[iaw]:> Result, 0.992958235820798, 0.9713331827466645, 0.9965926347337726, 0.9861024264474332, 0.9884662489597765, 0.9553776031829971, 0.005865573090053205, 0.028274883079706867, 0.04700847192688211, 0.1288131612455842, 0.07658702951579467, 0.16815136954454718
Info[iaw]:> The model will be saved as 
`/home/iaw/DATA2/AAReact/train/output/pt/ddg/hyper_seed_1_test_0-2/search_optuna/seed_1_test_0-15/xg
b_acsf_xtb.pkl`
[OK] Finished target=ddg search=optuna split=seed_1_test_0-15 model=xgb descriptor=acsf_xtb
[INFO] Train target=ddg hyper=seed_1_test_0-2 search=optuna split=seed_1_test_0-15 model=xgb descriptor=rdkit_acsf
                           Metric                           
┏━━━━━━━━━━━━━━━━━━┳━━━━━━━━━━━━━┳━━━━━━━━━━━━┳━━━━━━━━━━━━┓
┃       name       ┃    Train    ┃   Valid    ┃    Test    ┃
┡━━━━━━━━━━━━━━━━━━╇━━━━━━━━━━━━━╇━━━━━━━━━━━━╇━━━━━━━━━━━━┩
│        R2        │   0.9918    │   0.0000   │   0.9563   │
│        R         │   0.9963    │   0.0000   │   0.9793   │
│    Spearmanr     │   0.9891    │   0.0000   │   0.9392   │
│       MSE        │   0.0069    │   0.0000   │   0.0431   │
│       MAE        │   0.0524    │   0.0000   │   0.1452   │
│       RMSE       │   0.0828    │   0.0000   │   0.2075   │
└──────────────────┴─────────────┴────────────┴────────────┘
Info[iaw]:> Result, 0.991771382822242, 0.9563333414429592, 0.9962620392488297, 0.9792696172346774, 0.9891206934388247, 0.9392107980156632, 0.006854185152743498, 0.043069645795371654, 0.052378378407029025, 0.1452465437151758, 0.08279000635791435, 0.20753227651469458
Info[iaw]:> The model will be saved as 
`/home/iaw/DATA2/AAReact/train/output/pt/ddg/hyper_seed_1_test_0-2/search_optuna/seed_1_test_0-15/xg
b_rdkit_acsf.pkl`
[OK] Finished target=ddg search=optuna split=seed_1_test_0-15 model=xgb descriptor=rdkit_acsf
[INFO] Train target=ddg hyper=seed_1_test_0-2 search=optuna split=seed_1_test_0-15 model=xgb descriptor=rdkit_soap_xtb
                           Metric                           
┏━━━━━━━━━━━━━━━━━━┳━━━━━━━━━━━━━┳━━━━━━━━━━━━┳━━━━━━━━━━━━┓
┃       name       ┃    Train    ┃   Valid    ┃    Test    ┃
┡━━━━━━━━━━━━━━━━━━╇━━━━━━━━━━━━━╇━━━━━━━━━━━━╇━━━━━━━━━━━━┩
│        R2        │   0.9986    │   0.0000   │   0.9636   │
│        R         │   0.9993    │   0.0000   │   0.9820   │
│    Spearmanr     │   0.9917    │   0.0000   │   0.9550   │
│       MSE        │   0.0011    │   0.0000   │   0.0359   │
│       MAE        │   0.0207    │   0.0000   │   0.1358   │
│       RMSE       │   0.0337    │   0.0000   │   0.1894   │
└──────────────────┴─────────────┴────────────┴────────────┘
Info[iaw]:> Result, 0.9986397477153605, 0.9636244758471838, 0.9993350959696314, 0.9820081994187145, 0.9917202199153625, 0.9549746921507895, 0.0011330483375217742, 0.03587819614904268, 0.02066005858119017, 0.13583572454564388, 0.033660783376531424, 0.18941540631385473
Info[iaw]:> The model will be saved as 
`/home/iaw/DATA2/AAReact/train/output/pt/ddg/hyper_seed_1_test_0-2/search_optuna/seed_1_test_0-15/xg
b_rdkit_soap_xtb.pkl`
[OK] Finished target=ddg search=optuna split=seed_1_test_0-15 model=xgb descriptor=rdkit_soap_xtb
[INFO] Train target=ddg hyper=seed_1_test_0-2 search=optuna split=seed_1_test_0-15 model=xgb descriptor=rdkit_soap_acsf
                           Metric                           
┏━━━━━━━━━━━━━━━━━━┳━━━━━━━━━━━━━┳━━━━━━━━━━━━┳━━━━━━━━━━━━┓
┃       name       ┃    Train    ┃   Valid    ┃    Test    ┃
┡━━━━━━━━━━━━━━━━━━╇━━━━━━━━━━━━━╇━━━━━━━━━━━━╇━━━━━━━━━━━━┩
│        R2        │   0.9836    │   0.0000   │   0.9650   │
│        R         │   0.9925    │   0.0000   │   0.9829   │
│    Spearmanr     │   0.9864    │   0.0000   │   0.9494   │
│       MSE        │   0.0137    │   0.0000   │   0.0345   │
│       MAE        │   0.0660    │   0.0000   │   0.1326   │
│       RMSE       │   0.1170    │   0.0000   │   0.1858   │
└──────────────────┴─────────────┴────────────┴────────────┘
Info[iaw]:> Result, 0.9835554800318985, 0.9650091357571726, 0.992549109526413, 0.982877481857622, 0.9863792113205279, 0.9493843015789076, 0.013697779611624276, 0.034512467379291055, 0.06596367787820134, 0.13261467144974445, 0.11703751369379083, 0.18577531423547924
Info[iaw]:> The model will be saved as 
`/home/iaw/DATA2/AAReact/train/output/pt/ddg/hyper_seed_1_test_0-2/search_optuna/seed_1_test_0-15/xg
b_rdkit_soap_acsf.pkl`
[OK] Finished target=ddg search=optuna split=seed_1_test_0-15 model=xgb descriptor=rdkit_soap_acsf
[INFO] Train target=ddg hyper=seed_1_test_0-2 search=optuna split=seed_1_test_0-15 model=xgb descriptor=rdkit_xtb_acsf
                           Metric                           
┏━━━━━━━━━━━━━━━━━━┳━━━━━━━━━━━━━┳━━━━━━━━━━━━┳━━━━━━━━━━━━┓
┃       name       ┃    Train    ┃   Valid    ┃    Test    ┃
┡━━━━━━━━━━━━━━━━━━╇━━━━━━━━━━━━━╇━━━━━━━━━━━━╇━━━━━━━━━━━━┩
│        R2        │   0.9922    │   0.0000   │   0.9686   │
│        R         │   0.9963    │   0.0000   │   0.9850   │
│    Spearmanr     │   0.9885    │   0.0000   │   0.9494   │
│       MSE        │   0.0065    │   0.0000   │   0.0310   │
│       MAE        │   0.0457    │   0.0000   │   0.1327   │
│       RMSE       │   0.0806    │   0.0000   │   0.1761   │
└──────────────────┴─────────────┴────────────┴────────────┘
Info[iaw]:> Result, 0.9921976062895317, 0.9685621252473711, 0.9963419955261102, 0.985039095069192, 0.9884523431009921, 0.9494346654579335, 0.00649915410704794, 0.031008054540886464, 0.04565352574256518, 0.13267361008379847, 0.08061733130690907, 0.1760910404901012
Info[iaw]:> The model will be saved as 
`/home/iaw/DATA2/AAReact/train/output/pt/ddg/hyper_seed_1_test_0-2/search_optuna/seed_1_test_0-15/xg
b_rdkit_xtb_acsf.pkl`
[OK] Finished target=ddg search=optuna split=seed_1_test_0-15 model=xgb descriptor=rdkit_xtb_acsf
[INFO] Train target=ddg hyper=seed_1_test_0-2 search=optuna split=seed_1_test_0-15 model=xgb descriptor=soap_xtb_acsf
                           Metric                           
┏━━━━━━━━━━━━━━━━━━┳━━━━━━━━━━━━━┳━━━━━━━━━━━━┳━━━━━━━━━━━━┓
┃       name       ┃    Train    ┃   Valid    ┃    Test    ┃
┡━━━━━━━━━━━━━━━━━━╇━━━━━━━━━━━━━╇━━━━━━━━━━━━╇━━━━━━━━━━━━┩
│        R2        │   0.9890    │   0.0000   │   0.9696   │
│        R         │   0.9946    │   0.0000   │   0.9852   │
│    Spearmanr     │   0.9848    │   0.0000   │   0.9616   │
│       MSE        │   0.0092    │   0.0000   │   0.0299   │
│       MAE        │   0.0598    │   0.0000   │   0.1328   │
│       RMSE       │   0.0959    │   0.0000   │   0.1730   │
└──────────────────┴─────────────┴────────────┴────────────┘
Info[iaw]:> Result, 0.9889678426526745, 0.9696493376618829, 0.9945914821513141, 0.9852022663262743, 0.9847722155147377, 0.9615723603031906, 0.009189447930225827, 0.02993570654942774, 0.05981634146333231, 0.13278076915950215, 0.09586160821844075, 0.17301938200510295
Info[iaw]:> The model will be saved as 
`/home/iaw/DATA2/AAReact/train/output/pt/ddg/hyper_seed_1_test_0-2/search_optuna/seed_1_test_0-15/xg
b_soap_xtb_acsf.pkl`
[OK] Finished target=ddg search=optuna split=seed_1_test_0-15 model=xgb descriptor=soap_xtb_acsf
[INFO] Train target=ddg hyper=seed_1_test_0-2 search=optuna split=seed_1_test_0-15 model=xgb descriptor=rdkit_soap_xtb_acsf
                           Metric                           
┏━━━━━━━━━━━━━━━━━━┳━━━━━━━━━━━━━┳━━━━━━━━━━━━┳━━━━━━━━━━━━┓
┃       name       ┃    Train    ┃   Valid    ┃    Test    ┃
┡━━━━━━━━━━━━━━━━━━╇━━━━━━━━━━━━━╇━━━━━━━━━━━━╇━━━━━━━━━━━━┩
│        R2        │   0.9966    │   0.0000   │   0.9671   │
│        R         │   0.9983    │   0.0000   │   0.9839   │
│    Spearmanr     │   0.9895    │   0.0000   │   0.9572   │
│       MSE        │   0.0029    │   0.0000   │   0.0324   │
│       MAE        │   0.0333    │   0.0000   │   0.1319   │
│       RMSE       │   0.0534    │   0.0000   │   0.1800   │
└──────────────────┴─────────────┴────────────┴────────────┘
Info[iaw]:> Result, 0.9965732839320719, 0.9671350243280646, 0.9983423293843627, 0.9839324502760609, 0.9895384486131441, 0.9571907028279318, 0.0028543491437354198, 0.03241564406433224, 0.03333016293027412, 0.13191239264858703, 0.05342610919518115, 0.18004345048996434
Info[iaw]:> The model will be saved as 
`/home/iaw/DATA2/AAReact/train/output/pt/ddg/hyper_seed_1_test_0-2/search_optuna/seed_1_test_0-15/xg
b_rdkit_soap_xtb_acsf.pkl`
[OK] Finished target=ddg search=optuna split=seed_1_test_0-15 model=xgb descriptor=rdkit_soap_xtb_acsf
[INFO] Train target=ddg hyper=seed_1_test_0-2 search=optuna split=seed_1_test_0-15 model=rf descriptor=rdkit
                           Metric                           
┏━━━━━━━━━━━━━━━━━━┳━━━━━━━━━━━━━┳━━━━━━━━━━━━┳━━━━━━━━━━━━┓
┃       name       ┃    Train    ┃   Valid    ┃    Test    ┃
┡━━━━━━━━━━━━━━━━━━╇━━━━━━━━━━━━━╇━━━━━━━━━━━━╇━━━━━━━━━━━━┩
│        R2        │   0.9306    │   0.0000   │   0.9330   │
│        R         │   0.9653    │   0.0000   │   0.9660   │
│    Spearmanr     │   0.9508    │   0.0000   │   0.9443   │
│       MSE        │   0.0578    │   0.0000   │   0.0661   │
│       MAE        │   0.1244    │   0.0000   │   0.1722   │
│       RMSE       │   0.2404    │   0.0000   │   0.2571   │
└──────────────────┴─────────────┴────────────┴────────────┘
Info[iaw]:> Result, 0.9306280829212052, 0.932977576375254, 0.9652678788308293, 0.9660256413828868, 0.9507990436825031, 0.9443479136763113, 0.05778467436109112, 0.06610608966322479, 0.12441644645354957, 0.17215037837720804, 0.24038443036330603, 0.257111045393279
Info[iaw]:> The model will be saved as 
`/home/iaw/DATA2/AAReact/train/output/pt/ddg/hyper_seed_1_test_0-2/search_optuna/seed_1_test_0-15/rf
_rdkit.pkl`
[OK] Finished target=ddg search=optuna split=seed_1_test_0-15 model=rf descriptor=rdkit
[INFO] Train target=ddg hyper=seed_1_test_0-2 search=optuna split=seed_1_test_0-15 model=rf descriptor=xtb
                           Metric                           
┏━━━━━━━━━━━━━━━━━━┳━━━━━━━━━━━━━┳━━━━━━━━━━━━┳━━━━━━━━━━━━┓
┃       name       ┃    Train    ┃   Valid    ┃    Test    ┃
┡━━━━━━━━━━━━━━━━━━╇━━━━━━━━━━━━━╇━━━━━━━━━━━━╇━━━━━━━━━━━━┩
│        R2        │   0.9867    │   0.0000   │   0.9033   │
│        R         │   0.9937    │   0.0000   │   0.9538   │
│    Spearmanr     │   0.9863    │   0.0000   │   0.9398   │
│       MSE        │   0.0111    │   0.0000   │   0.0953   │
│       MAE        │   0.0594    │   0.0000   │   0.1958   │
│       RMSE       │   0.1052    │   0.0000   │   0.3088   │
└──────────────────┴─────────────┴────────────┴────────────┘
Info[iaw]:> Result, 0.9867214111884586, 0.9033444105274179, 0.9936717258438317, 0.9537984959426166, 0.9863314099309559, 0.9397648006849487, 0.011060656282256498, 0.09533410937063194, 0.05937904419342622, 0.19581404653190343, 0.10516965475961447, 0.30876222141096205
Info[iaw]:> The model will be saved as 
`/home/iaw/DATA2/AAReact/train/output/pt/ddg/hyper_seed_1_test_0-2/search_optuna/seed_1_test_0-15/rf
_xtb.pkl`
[OK] Finished target=ddg search=optuna split=seed_1_test_0-15 model=rf descriptor=xtb
[INFO] Train target=ddg hyper=seed_1_test_0-2 search=optuna split=seed_1_test_0-15 model=rf descriptor=soap
                           Metric                           
┏━━━━━━━━━━━━━━━━━━┳━━━━━━━━━━━━━┳━━━━━━━━━━━━┳━━━━━━━━━━━━┓
┃       name       ┃    Train    ┃   Valid    ┃    Test    ┃
┡━━━━━━━━━━━━━━━━━━╇━━━━━━━━━━━━━╇━━━━━━━━━━━━╇━━━━━━━━━━━━┩
│        R2        │   0.4129    │   0.0000   │   0.3923   │
│        R         │   0.6432    │   0.0000   │   0.6273   │
│    Spearmanr     │   0.5631    │   0.0000   │   0.6525   │
│       MSE        │   0.4890    │   0.0000   │   0.5994   │
│       MAE        │   0.4879    │   0.0000   │   0.5433   │
│       RMSE       │   0.6993    │   0.0000   │   0.7742   │
└──────────────────┴─────────────┴────────────┴────────────┘
Info[iaw]:> Result, 0.4129114013131555, 0.3922867915062276, 0.6431670365126554, 0.627255475013536, 0.5631280360219684, 0.6525395985998842, 0.48902675498640036, 0.5994045228078335, 0.48792189828477384, 0.5433258988697414, 0.6993044794554089, 0.774212194949055
Info[iaw]:> The model will be saved as 
`/home/iaw/DATA2/AAReact/train/output/pt/ddg/hyper_seed_1_test_0-2/search_optuna/seed_1_test_0-15/rf
_soap.pkl`
[OK] Finished target=ddg search=optuna split=seed_1_test_0-15 model=rf descriptor=soap
[INFO] Train target=ddg hyper=seed_1_test_0-2 search=optuna split=seed_1_test_0-15 model=rf descriptor=acsf
                           Metric                           
┏━━━━━━━━━━━━━━━━━━┳━━━━━━━━━━━━━┳━━━━━━━━━━━━┳━━━━━━━━━━━━┓
┃       name       ┃    Train    ┃   Valid    ┃    Test    ┃
┡━━━━━━━━━━━━━━━━━━╇━━━━━━━━━━━━━╇━━━━━━━━━━━━╇━━━━━━━━━━━━┩
│        R2        │   0.9837    │   0.0000   │   0.8576   │
│        R         │   0.9921    │   0.0000   │   0.9317   │
│    Spearmanr     │   0.9851    │   0.0000   │   0.9229   │
│       MSE        │   0.0136    │   0.0000   │   0.1405   │
│       MAE        │   0.0617    │   0.0000   │   0.2163   │
│       RMSE       │   0.1167    │   0.0000   │   0.3748   │
└──────────────────┴─────────────┴────────────┴────────────┘
Info[iaw]:> Result, 0.983651888299332, 0.8575582136242993, 0.9921054158095353, 0.9316564096380012, 0.9851360854862669, 0.9229432650902772, 0.013617474488543524, 0.14049431507674262, 0.061655400157917956, 0.21628320737431062, 0.11669393509751706, 0.37482571293434847
Info[iaw]:> The model will be saved as 
`/home/iaw/DATA2/AAReact/train/output/pt/ddg/hyper_seed_1_test_0-2/search_optuna/seed_1_test_0-15/rf
_acsf.pkl`
[OK] Finished target=ddg search=optuna split=seed_1_test_0-15 model=rf descriptor=acsf
[INFO] Train target=ddg hyper=seed_1_test_0-2 search=optuna split=seed_1_test_0-15 model=rf descriptor=rdkit_soap
                           Metric                           
┏━━━━━━━━━━━━━━━━━━┳━━━━━━━━━━━━━┳━━━━━━━━━━━━┳━━━━━━━━━━━━┓
┃       name       ┃    Train    ┃   Valid    ┃    Test    ┃
┡━━━━━━━━━━━━━━━━━━╇━━━━━━━━━━━━━╇━━━━━━━━━━━━╇━━━━━━━━━━━━┩
│        R2        │   0.9797    │   0.0000   │   0.9386   │
│        R         │   0.9899    │   0.0000   │   0.9697   │
│    Spearmanr     │   0.9789    │   0.0000   │   0.9318   │
│       MSE        │   0.0169    │   0.0000   │   0.0605   │
│       MAE        │   0.0676    │   0.0000   │   0.1476   │
│       RMSE       │   0.1299    │   0.0000   │   0.2460   │
└──────────────────┴─────────────┴────────────┴────────────┘
Info[iaw]:> Result, 0.9797485044892512, 0.9386359045145043, 0.9898999617832963, 0.9696631017801552, 0.9788677299337372, 0.9318073077988467, 0.01686887320822545, 0.06052512247213203, 0.06761452598661258, 0.14760706352208308, 0.1298802263942647, 0.2460185409113143
Info[iaw]:> The model will be saved as 
`/home/iaw/DATA2/AAReact/train/output/pt/ddg/hyper_seed_1_test_0-2/search_optuna/seed_1_test_0-15/rf
_rdkit_soap.pkl`
[OK] Finished target=ddg search=optuna split=seed_1_test_0-15 model=rf descriptor=rdkit_soap
[INFO] Train target=ddg hyper=seed_1_test_0-2 search=optuna split=seed_1_test_0-15 model=rf descriptor=soap_xtb
                           Metric                           
┏━━━━━━━━━━━━━━━━━━┳━━━━━━━━━━━━━┳━━━━━━━━━━━━┳━━━━━━━━━━━━┓
┃       name       ┃    Train    ┃   Valid    ┃    Test    ┃
┡━━━━━━━━━━━━━━━━━━╇━━━━━━━━━━━━━╇━━━━━━━━━━━━╇━━━━━━━━━━━━┩
│        R2        │   0.9874    │   0.0000   │   0.9571   │
│        R         │   0.9938    │   0.0000   │   0.9790   │
│    Spearmanr     │   0.9871    │   0.0000   │   0.9574   │
│       MSE        │   0.0105    │   0.0000   │   0.0423   │
│       MAE        │   0.0568    │   0.0000   │   0.1482   │
│       RMSE       │   0.1024    │   0.0000   │   0.2057   │
└──────────────────┴─────────────┴────────────┴────────────┘
Info[iaw]:> Result, 0.9874200614140038, 0.9571209705344296, 0.9938439430942863, 0.9789950134070811, 0.9870614675171451, 0.9574425222230616, 0.01047870212161853, 0.04229278520862797, 0.056769146842548524, 0.14820220721141156, 0.10236553190219123, 0.20565209750602587
Info[iaw]:> The model will be saved as 
`/home/iaw/DATA2/AAReact/train/output/pt/ddg/hyper_seed_1_test_0-2/search_optuna/seed_1_test_0-15/rf
_soap_xtb.pkl`
[OK] Finished target=ddg search=optuna split=seed_1_test_0-15 model=rf descriptor=soap_xtb
[INFO] Train target=ddg hyper=seed_1_test_0-2 search=optuna split=seed_1_test_0-15 model=rf descriptor=rdkit_xtb
                           Metric                           
┏━━━━━━━━━━━━━━━━━━┳━━━━━━━━━━━━━┳━━━━━━━━━━━━┳━━━━━━━━━━━━┓
┃       name       ┃    Train    ┃   Valid    ┃    Test    ┃
┡━━━━━━━━━━━━━━━━━━╇━━━━━━━━━━━━━╇━━━━━━━━━━━━╇━━━━━━━━━━━━┩
│        R2        │   0.9731    │   0.0000   │   0.9570   │
│        R         │   0.9867    │   0.0000   │   0.9786   │
│    Spearmanr     │   0.9744    │   0.0000   │   0.9507   │
│       MSE        │   0.0224    │   0.0000   │   0.0424   │
│       MAE        │   0.0855    │   0.0000   │   0.1423   │
│       RMSE       │   0.1496    │   0.0000   │   0.2060   │
└──────────────────┴─────────────┴────────────┴────────────┘
Info[iaw]:> Result, 0.9731474619574533, 0.9569851754053447, 0.9867258259955825, 0.9786134705073034, 0.9744291536329418, 0.9506937624335826, 0.02236733871423713, 0.04242672373984816, 0.08551498070533343, 0.142328934867776, 0.149557141970008, 0.2059774835748999
Info[iaw]:> The model will be saved as 
`/home/iaw/DATA2/AAReact/train/output/pt/ddg/hyper_seed_1_test_0-2/search_optuna/seed_1_test_0-15/rf
_rdkit_xtb.pkl`
[OK] Finished target=ddg search=optuna split=seed_1_test_0-15 model=rf descriptor=rdkit_xtb
[INFO] Train target=ddg hyper=seed_1_test_0-2 search=optuna split=seed_1_test_0-15 model=rf descriptor=soap_acsf
                           Metric                           
┏━━━━━━━━━━━━━━━━━━┳━━━━━━━━━━━━━┳━━━━━━━━━━━━┳━━━━━━━━━━━━┓
┃       name       ┃    Train    ┃   Valid    ┃    Test    ┃
┡━━━━━━━━━━━━━━━━━━╇━━━━━━━━━━━━━╇━━━━━━━━━━━━╇━━━━━━━━━━━━┩
│        R2        │   0.9839    │   0.0000   │   0.9408   │
│        R         │   0.9921    │   0.0000   │   0.9713   │
│    Spearmanr     │   0.9794    │   0.0000   │   0.9517   │
│       MSE        │   0.0134    │   0.0000   │   0.0584   │
│       MAE        │   0.0700    │   0.0000   │   0.1557   │
│       RMSE       │   0.1157    │   0.0000   │   0.2416   │
└──────────────────┴─────────────┴────────────┴────────────┘
Info[iaw]:> Result, 0.9839312450122747, 0.940831567500281, 0.9921392957580123, 0.9713148030854817, 0.9794425054301654, 0.9517010400141019, 0.01338477893438082, 0.058359478701613676, 0.07000650127943175, 0.15565780812065805, 0.11569260535739015, 0.24157706576083268
Info[iaw]:> The model will be saved as 
`/home/iaw/DATA2/AAReact/train/output/pt/ddg/hyper_seed_1_test_0-2/search_optuna/seed_1_test_0-15/rf
_soap_acsf.pkl`
[OK] Finished target=ddg search=optuna split=seed_1_test_0-15 model=rf descriptor=soap_acsf
[INFO] Train target=ddg hyper=seed_1_test_0-2 search=optuna split=seed_1_test_0-15 model=rf descriptor=acsf_xtb
                           Metric                           
┏━━━━━━━━━━━━━━━━━━┳━━━━━━━━━━━━━┳━━━━━━━━━━━━┳━━━━━━━━━━━━┓
┃       name       ┃    Train    ┃   Valid    ┃    Test    ┃
┡━━━━━━━━━━━━━━━━━━╇━━━━━━━━━━━━━╇━━━━━━━━━━━━╇━━━━━━━━━━━━┩
│        R2        │   0.9709    │   0.0000   │   0.9153   │
│        R         │   0.9893    │   0.0000   │   0.9705   │
│    Spearmanr     │   0.9807    │   0.0000   │   0.9384   │
│       MSE        │   0.0243    │   0.0000   │   0.0836   │
│       MAE        │   0.1000    │   0.0000   │   0.2118   │
│       RMSE       │   0.1558    │   0.0000   │   0.2891   │
└──────────────────┴─────────────┴────────────┴────────────┘
Info[iaw]:> Result, 0.970870013072482, 0.9152577688727687, 0.989256550950395, 0.9704877699053177, 0.980733142948607, 0.9383546120722218, 0.02426438362424903, 0.08358363106239733, 0.10002213901861268, 0.2118334048470967, 0.15577029121192856, 0.289108337933027
Info[iaw]:> The model will be saved as 
`/home/iaw/DATA2/AAReact/train/output/pt/ddg/hyper_seed_1_test_0-2/search_optuna/seed_1_test_0-15/rf
_acsf_xtb.pkl`
[OK] Finished target=ddg search=optuna split=seed_1_test_0-15 model=rf descriptor=acsf_xtb
[INFO] Train target=ddg hyper=seed_1_test_0-2 search=optuna split=seed_1_test_0-15 model=rf descriptor=rdkit_acsf
                           Metric                           
┏━━━━━━━━━━━━━━━━━━┳━━━━━━━━━━━━━┳━━━━━━━━━━━━┳━━━━━━━━━━━━┓
┃       name       ┃    Train    ┃   Valid    ┃    Test    ┃
┡━━━━━━━━━━━━━━━━━━╇━━━━━━━━━━━━━╇━━━━━━━━━━━━╇━━━━━━━━━━━━┩
│        R2        │   0.9756    │   0.0000   │   0.9472   │
│        R         │   0.9879    │   0.0000   │   0.9739   │
│    Spearmanr     │   0.9763    │   0.0000   │   0.9506   │
│       MSE        │   0.0204    │   0.0000   │   0.0521   │
│       MAE        │   0.0864    │   0.0000   │   0.1524   │
│       RMSE       │   0.1427    │   0.0000   │   0.2282   │
└──────────────────┴─────────────┴────────────┴────────────┘
Info[iaw]:> Result, 0.9755614839294435, 0.9472195366150671, 0.9879162246271596, 0.9739096963237543, 0.9762879034238108, 0.9506433985545567, 0.020356532621138446, 0.052058846223261374, 0.08643379382824054, 0.1523976152693938, 0.1426763211648606, 0.22816407741636582
Info[iaw]:> The model will be saved as 
`/home/iaw/DATA2/AAReact/train/output/pt/ddg/hyper_seed_1_test_0-2/search_optuna/seed_1_test_0-15/rf
_rdkit_acsf.pkl`
[OK] Finished target=ddg search=optuna split=seed_1_test_0-15 model=rf descriptor=rdkit_acsf
[INFO] Train target=ddg hyper=seed_1_test_0-2 search=optuna split=seed_1_test_0-15 model=rf descriptor=rdkit_soap_xtb
                           Metric                           
┏━━━━━━━━━━━━━━━━━━┳━━━━━━━━━━━━━┳━━━━━━━━━━━━┳━━━━━━━━━━━━┓
┃       name       ┃    Train    ┃   Valid    ┃    Test    ┃
┡━━━━━━━━━━━━━━━━━━╇━━━━━━━━━━━━━╇━━━━━━━━━━━━╇━━━━━━━━━━━━┩
│        R2        │   0.9683    │   0.0000   │   0.9383   │
│        R         │   0.9868    │   0.0000   │   0.9773   │
│    Spearmanr     │   0.9810    │   0.0000   │   0.9510   │
│       MSE        │   0.0264    │   0.0000   │   0.0608   │
│       MAE        │   0.1005    │   0.0000   │   0.1786   │
│       RMSE       │   0.1624    │   0.0000   │   0.2466   │
└──────────────────┴─────────────┴────────────┴────────────┘
Info[iaw]:> Result, 0.9683282947125231, 0.9383265161329326, 0.9868039557083627, 0.9772903661193933, 0.9810164748213424, 0.9510463095867644, 0.026381556883004538, 0.06083028088012171, 0.10054327011808961, 0.1785849146887393, 0.16242400340776156, 0.24663795506799377
Info[iaw]:> The model will be saved as 
`/home/iaw/DATA2/AAReact/train/output/pt/ddg/hyper_seed_1_test_0-2/search_optuna/seed_1_test_0-15/rf
_rdkit_soap_xtb.pkl`
[OK] Finished target=ddg search=optuna split=seed_1_test_0-15 model=rf descriptor=rdkit_soap_xtb
[INFO] Train target=ddg hyper=seed_1_test_0-2 search=optuna split=seed_1_test_0-15 model=rf descriptor=rdkit_soap_acsf
                           Metric                           
┏━━━━━━━━━━━━━━━━━━┳━━━━━━━━━━━━━┳━━━━━━━━━━━━┳━━━━━━━━━━━━┓
┃       name       ┃    Train    ┃   Valid    ┃    Test    ┃
┡━━━━━━━━━━━━━━━━━━╇━━━━━━━━━━━━━╇━━━━━━━━━━━━╇━━━━━━━━━━━━┩
│        R2        │   0.9748    │   0.0000   │   0.9418   │
│        R         │   0.9899    │   0.0000   │   0.9784   │
│    Spearmanr     │   0.9850    │   0.0000   │   0.9447   │
│       MSE        │   0.0210    │   0.0000   │   0.0574   │
│       MAE        │   0.0877    │   0.0000   │   0.1772   │
│       RMSE       │   0.1450    │   0.0000   │   0.2395   │
└──────────────────┴─────────────┴────────────┴────────────┘
Info[iaw]:> Result, 0.9747552962554573, 0.9418441315053593, 0.9898883880633564, 0.978448450010184, 0.9850483047526893, 0.9447004608294931, 0.021028062170513683, 0.05736075852276369, 0.08765820222647158, 0.17724506899162634, 0.14501055882422384, 0.23950106163180926
Info[iaw]:> The model will be saved as 
`/home/iaw/DATA2/AAReact/train/output/pt/ddg/hyper_seed_1_test_0-2/search_optuna/seed_1_test_0-15/rf
_rdkit_soap_acsf.pkl`
[OK] Finished target=ddg search=optuna split=seed_1_test_0-15 model=rf descriptor=rdkit_soap_acsf
[INFO] Train target=ddg hyper=seed_1_test_0-2 search=optuna split=seed_1_test_0-15 model=rf descriptor=rdkit_xtb_acsf
                           Metric                           
┏━━━━━━━━━━━━━━━━━━┳━━━━━━━━━━━━━┳━━━━━━━━━━━━┳━━━━━━━━━━━━┓
┃       name       ┃    Train    ┃   Valid    ┃    Test    ┃
┡━━━━━━━━━━━━━━━━━━╇━━━━━━━━━━━━━╇━━━━━━━━━━━━╇━━━━━━━━━━━━┩
│        R2        │   0.9732    │   0.0000   │   0.9335   │
│        R         │   0.9896    │   0.0000   │   0.9746   │
│    Spearmanr     │   0.9790    │   0.0000   │   0.9361   │
│       MSE        │   0.0223    │   0.0000   │   0.0656   │
│       MAE        │   0.0940    │   0.0000   │   0.1864   │
│       RMSE       │   0.1493    │   0.0000   │   0.2561   │
└──────────────────┴─────────────┴────────────┴────────────┘
Info[iaw]:> Result, 0.973235822344376, 0.9334785084954504, 0.989556511984077, 0.9746423194294936, 0.9790392355254133, 0.9361386013950794, 0.02229373722822154, 0.06561200631228085, 0.09399014259584339, 0.18635622547886527, 0.14931087444731392, 0.2561484068119122
Info[iaw]:> The model will be saved as 
`/home/iaw/DATA2/AAReact/train/output/pt/ddg/hyper_seed_1_test_0-2/search_optuna/seed_1_test_0-15/rf
_rdkit_xtb_acsf.pkl`
[OK] Finished target=ddg search=optuna split=seed_1_test_0-15 model=rf descriptor=rdkit_xtb_acsf
[INFO] Train target=ddg hyper=seed_1_test_0-2 search=optuna split=seed_1_test_0-15 model=rf descriptor=soap_xtb_acsf
                           Metric                           
┏━━━━━━━━━━━━━━━━━━┳━━━━━━━━━━━━━┳━━━━━━━━━━━━┳━━━━━━━━━━━━┓
┃       name       ┃    Train    ┃   Valid    ┃    Test    ┃
┡━━━━━━━━━━━━━━━━━━╇━━━━━━━━━━━━━╇━━━━━━━━━━━━╇━━━━━━━━━━━━┩
│        R2        │   0.9712    │   0.0000   │   0.9219   │
│        R         │   0.9881    │   0.0000   │   0.9699   │
│    Spearmanr     │   0.9801    │   0.0000   │   0.9475   │
│       MSE        │   0.0240    │   0.0000   │   0.0770   │
│       MAE        │   0.0946    │   0.0000   │   0.1877   │
│       RMSE       │   0.1548    │   0.0000   │   0.2775   │
└──────────────────┴─────────────┴────────────┴────────────┘
Info[iaw]:> Result, 0.9712242367608418, 0.9219137733946933, 0.9881309162720456, 0.9699389802393877, 0.9801180984027817, 0.947470474175921, 0.023969326181053352, 0.07701862777053313, 0.09458757241884093, 0.18766587768607515, 0.15482030287095214, 0.2775223013931189
Info[iaw]:> The model will be saved as 
`/home/iaw/DATA2/AAReact/train/output/pt/ddg/hyper_seed_1_test_0-2/search_optuna/seed_1_test_0-15/rf
_soap_xtb_acsf.pkl`
[OK] Finished target=ddg search=optuna split=seed_1_test_0-15 model=rf descriptor=soap_xtb_acsf
[INFO] Train target=ddg hyper=seed_1_test_0-2 search=optuna split=seed_1_test_0-15 model=rf descriptor=rdkit_soap_xtb_acsf
                           Metric                           
┏━━━━━━━━━━━━━━━━━━┳━━━━━━━━━━━━━┳━━━━━━━━━━━━┳━━━━━━━━━━━━┓
┃       name       ┃    Train    ┃   Valid    ┃    Test    ┃
┡━━━━━━━━━━━━━━━━━━╇━━━━━━━━━━━━━╇━━━━━━━━━━━━╇━━━━━━━━━━━━┩
│        R2        │   0.9666    │   0.0000   │   0.9266   │
│        R         │   0.9859    │   0.0000   │   0.9717   │
│    Spearmanr     │   0.9713    │   0.0000   │   0.9362   │
│       MSE        │   0.0278    │   0.0000   │   0.0724   │
│       MAE        │   0.1040    │   0.0000   │   0.1947   │
│       RMSE       │   0.1668    │   0.0000   │   0.2691   │
└──────────────────┴─────────────┴────────────┴────────────┘
Info[iaw]:> Result, 0.9665917364166606, 0.9266049125904461, 0.9858707305590266, 0.9716836512048656, 0.9713020736387649, 0.9362393291531313, 0.027828056559833288, 0.07239162606684356, 0.10403102848288544, 0.194738583644143, 0.16681743481972527, 0.2690569197527608
Info[iaw]:> The model will be saved as 
`/home/iaw/DATA2/AAReact/train/output/pt/ddg/hyper_seed_1_test_0-2/search_optuna/seed_1_test_0-15/rf
_rdkit_soap_xtb_acsf.pkl`
[OK] Finished target=ddg search=optuna split=seed_1_test_0-15 model=rf descriptor=rdkit_soap_xtb_acsf
[INFO] Train target=ddg hyper=seed_1_test_0-2 search=optuna split=seed_1_test_0-2 model=lgb descriptor=rdkit
                           Metric                           
┏━━━━━━━━━━━━━━━━━━┳━━━━━━━━━━━━━┳━━━━━━━━━━━━┳━━━━━━━━━━━━┓
┃       name       ┃    Train    ┃   Valid    ┃    Test    ┃
┡━━━━━━━━━━━━━━━━━━╇━━━━━━━━━━━━━╇━━━━━━━━━━━━╇━━━━━━━━━━━━┩
│        R2        │   0.9575    │   0.0000   │   0.8670   │
│        R         │   0.9792    │   0.0000   │   0.9324   │
│    Spearmanr     │   0.9676    │   0.0000   │   0.8918   │
│       MSE        │   0.0366    │   0.0000   │   0.1107   │
│       MAE        │   0.0975    │   0.0000   │   0.2273   │
│       RMSE       │   0.1914    │   0.0000   │   0.3327   │
└──────────────────┴─────────────┴────────────┴────────────┘
Info[iaw]:> Result, 0.9575339774350858, 0.867000866896365, 0.9791720416912782, 0.9324114051024005, 0.9675651055760247, 0.8917948215626736, 0.03663080095335839, 0.11066479810829902, 0.09745804123034056, 0.2272639027275584, 0.19139174734914352, 0.3326631901913691
Info[iaw]:> The model will be saved as 
`/home/iaw/DATA2/AAReact/train/output/pt/ddg/hyper_seed_1_test_0-2/search_optuna/seed_1_test_0-2/lgb
_rdkit.pkl`
[OK] Finished target=ddg search=optuna split=seed_1_test_0-2 model=lgb descriptor=rdkit
[INFO] Train target=ddg hyper=seed_1_test_0-2 search=optuna split=seed_1_test_0-2 model=lgb descriptor=xtb
                           Metric                           
┏━━━━━━━━━━━━━━━━━━┳━━━━━━━━━━━━━┳━━━━━━━━━━━━┳━━━━━━━━━━━━┓
┃       name       ┃    Train    ┃   Valid    ┃    Test    ┃
┡━━━━━━━━━━━━━━━━━━╇━━━━━━━━━━━━━╇━━━━━━━━━━━━╇━━━━━━━━━━━━┩
│        R2        │   0.9782    │   0.0000   │   0.9001   │
│        R         │   0.9893    │   0.0000   │   0.9552   │
│    Spearmanr     │   0.9785    │   0.0000   │   0.9204   │
│       MSE        │   0.0188    │   0.0000   │   0.0831   │
│       MAE        │   0.0918    │   0.0000   │   0.1814   │
│       RMSE       │   0.1371    │   0.0000   │   0.2883   │
└──────────────────┴─────────────┴────────────┴────────────┘
Info[iaw]:> Result, 0.9782001467838557, 0.9001386468919869, 0.9893354289968274, 0.9552049939471596, 0.9785437998709795, 0.9203752680097084, 0.01880435312142416, 0.08309179332701826, 0.09183375091175049, 0.18143626009455735, 0.1371289652897015, 0.2882564714399631
Info[iaw]:> The model will be saved as 
`/home/iaw/DATA2/AAReact/train/output/pt/ddg/hyper_seed_1_test_0-2/search_optuna/seed_1_test_0-2/lgb
_xtb.pkl`
[OK] Finished target=ddg search=optuna split=seed_1_test_0-2 model=lgb descriptor=xtb
[INFO] Train target=ddg hyper=seed_1_test_0-2 search=optuna split=seed_1_test_0-2 model=lgb descriptor=soap
                           Metric                           
┏━━━━━━━━━━━━━━━━━━┳━━━━━━━━━━━━━┳━━━━━━━━━━━━┳━━━━━━━━━━━━┓
┃       name       ┃    Train    ┃   Valid    ┃    Test    ┃
┡━━━━━━━━━━━━━━━━━━╇━━━━━━━━━━━━━╇━━━━━━━━━━━━╇━━━━━━━━━━━━┩
│        R2        │   0.4605    │   0.0000   │   0.4509   │
│        R         │   0.6816    │   0.0000   │   0.6747   │
│    Spearmanr     │   0.6231    │   0.0000   │   0.6166   │
│       MSE        │   0.4653    │   0.0000   │   0.4569   │
│       MAE        │   0.4929    │   0.0000   │   0.5243   │
│       RMSE       │   0.6822    │   0.0000   │   0.6759   │
└──────────────────┴─────────────┴────────────┴────────────┘
Info[iaw]:> Result, 0.46054263580484156, 0.4509130379529257, 0.6816489096291584, 0.6747004044680959, 0.6230539764732369, 0.6166127926339505, 0.4653309666675203, 0.4568796531289419, 0.49285717050866773, 0.5242578339287028, 0.6821517182178172, 0.6759287337648414
Info[iaw]:> The model will be saved as 
`/home/iaw/DATA2/AAReact/train/output/pt/ddg/hyper_seed_1_test_0-2/search_optuna/seed_1_test_0-2/lgb
_soap.pkl`
[OK] Finished target=ddg search=optuna split=seed_1_test_0-2 model=lgb descriptor=soap
[INFO] Train target=ddg hyper=seed_1_test_0-2 search=optuna split=seed_1_test_0-2 model=lgb descriptor=acsf
                           Metric                           
┏━━━━━━━━━━━━━━━━━━┳━━━━━━━━━━━━━┳━━━━━━━━━━━━┳━━━━━━━━━━━━┓
┃       name       ┃    Train    ┃   Valid    ┃    Test    ┃
┡━━━━━━━━━━━━━━━━━━╇━━━━━━━━━━━━━╇━━━━━━━━━━━━╇━━━━━━━━━━━━┩
│        R2        │   0.9883    │   0.0000   │   0.8493   │
│        R         │   0.9943    │   0.0000   │   0.9240   │
│    Spearmanr     │   0.9868    │   0.0000   │   0.8562   │
│       MSE        │   0.0101    │   0.0000   │   0.1254   │
│       MAE        │   0.0617    │   0.0000   │   0.2334   │
│       RMSE       │   0.1005    │   0.0000   │   0.3541   │
└──────────────────┴─────────────┴────────────┴────────────┘
Info[iaw]:> Result, 0.9883003588707706, 0.8493345519322298, 0.9942651592661104, 0.9240420760699016, 0.9867917617363219, 0.8561835417550964, 0.010092002960140983, 0.12536443661872634, 0.06165249695105337, 0.2333933191195917, 0.10045896157208167, 0.35406840669385675
Info[iaw]:> The model will be saved as 
`/home/iaw/DATA2/AAReact/train/output/pt/ddg/hyper_seed_1_test_0-2/search_optuna/seed_1_test_0-2/lgb
_acsf.pkl`
[OK] Finished target=ddg search=optuna split=seed_1_test_0-2 model=lgb descriptor=acsf
[INFO] Train target=ddg hyper=seed_1_test_0-2 search=optuna split=seed_1_test_0-2 model=lgb descriptor=rdkit_soap
                           Metric                           
┏━━━━━━━━━━━━━━━━━━┳━━━━━━━━━━━━━┳━━━━━━━━━━━━┳━━━━━━━━━━━━┓
┃       name       ┃    Train    ┃   Valid    ┃    Test    ┃
┡━━━━━━━━━━━━━━━━━━╇━━━━━━━━━━━━━╇━━━━━━━━━━━━╇━━━━━━━━━━━━┩
│        R2        │   0.9912    │   0.0000   │   0.8916   │
│        R         │   0.9957    │   0.0000   │   0.9452   │
│    Spearmanr     │   0.9877    │   0.0000   │   0.8919   │
│       MSE        │   0.0076    │   0.0000   │   0.0902   │
│       MAE        │   0.0521    │   0.0000   │   0.1987   │
│       RMSE       │   0.0872    │   0.0000   │   0.3003   │
└──────────────────┴─────────────┴────────────┴────────────┘
Info[iaw]:> Result, 0.991192570768002, 0.8916427463426417, 0.9957139041700692, 0.945151660810552, 0.9876836485965771, 0.8918818907064574, 0.007597207546690813, 0.09016099067516072, 0.05208586607155089, 0.19870189928118118, 0.0871619615812472, 0.3002681979084044
Info[iaw]:> The model will be saved as 
`/home/iaw/DATA2/AAReact/train/output/pt/ddg/hyper_seed_1_test_0-2/search_optuna/seed_1_test_0-2/lgb
_rdkit_soap.pkl`
[OK] Finished target=ddg search=optuna split=seed_1_test_0-2 model=lgb descriptor=rdkit_soap
[INFO] Train target=ddg hyper=seed_1_test_0-2 search=optuna split=seed_1_test_0-2 model=lgb descriptor=soap_xtb
                           Metric                           
┏━━━━━━━━━━━━━━━━━━┳━━━━━━━━━━━━━┳━━━━━━━━━━━━┳━━━━━━━━━━━━┓
┃       name       ┃    Train    ┃   Valid    ┃    Test    ┃
┡━━━━━━━━━━━━━━━━━━╇━━━━━━━━━━━━━╇━━━━━━━━━━━━╇━━━━━━━━━━━━┩
│        R2        │   0.9984    │   0.0000   │   0.9125   │
│        R         │   0.9992    │   0.0000   │   0.9577   │
│    Spearmanr     │   0.9915    │   0.0000   │   0.9161   │
│       MSE        │   0.0014    │   0.0000   │   0.0728   │
│       MAE        │   0.0226    │   0.0000   │   0.1704   │
│       RMSE       │   0.0377    │   0.0000   │   0.2698   │
└──────────────────┴─────────────┴────────────┴────────────┘
Info[iaw]:> Result, 0.998352312955018, 0.9124977064498819, 0.999183457824764, 0.9577036983413688, 0.9914607461542791, 0.9161088799643018, 0.0014212797086400174, 0.07280817117951781, 0.022582590101870702, 0.1704422945349083, 0.03769986350956748, 0.2698298930428536
Info[iaw]:> The model will be saved as 
`/home/iaw/DATA2/AAReact/train/output/pt/ddg/hyper_seed_1_test_0-2/search_optuna/seed_1_test_0-2/lgb
_soap_xtb.pkl`
[OK] Finished target=ddg search=optuna split=seed_1_test_0-2 model=lgb descriptor=soap_xtb
[INFO] Train target=ddg hyper=seed_1_test_0-2 search=optuna split=seed_1_test_0-2 model=lgb descriptor=rdkit_xtb
                           Metric                           
┏━━━━━━━━━━━━━━━━━━┳━━━━━━━━━━━━━┳━━━━━━━━━━━━┳━━━━━━━━━━━━┓
┃       name       ┃    Train    ┃   Valid    ┃    Test    ┃
┡━━━━━━━━━━━━━━━━━━╇━━━━━━━━━━━━━╇━━━━━━━━━━━━╇━━━━━━━━━━━━┩
│        R2        │   0.9862    │   0.0000   │   0.9193   │
│        R         │   0.9934    │   0.0000   │   0.9596   │
│    Spearmanr     │   0.9858    │   0.0000   │   0.9128   │
│       MSE        │   0.0119    │   0.0000   │   0.0671   │
│       MAE        │   0.0675    │   0.0000   │   0.1856   │
│       RMSE       │   0.1090    │   0.0000   │   0.2591   │
└──────────────────┴─────────────┴────────────┴────────────┘
Info[iaw]:> Result, 0.9862322295214981, 0.919342334268823, 0.9933728772346007, 0.9595640457003994, 0.9857661784379858, 0.9127784852145712, 0.011875952338098223, 0.06711295093233526, 0.06753341895991025, 0.18558801350401236, 0.10897684312778666, 0.25906167399354013
Info[iaw]:> The model will be saved as 
`/home/iaw/DATA2/AAReact/train/output/pt/ddg/hyper_seed_1_test_0-2/search_optuna/seed_1_test_0-2/lgb
_rdkit_xtb.pkl`
[OK] Finished target=ddg search=optuna split=seed_1_test_0-2 model=lgb descriptor=rdkit_xtb
[INFO] Train target=ddg hyper=seed_1_test_0-2 search=optuna split=seed_1_test_0-2 model=lgb descriptor=soap_acsf
                           Metric                           
┏━━━━━━━━━━━━━━━━━━┳━━━━━━━━━━━━━┳━━━━━━━━━━━━┳━━━━━━━━━━━━┓
┃       name       ┃    Train    ┃   Valid    ┃    Test    ┃
┡━━━━━━━━━━━━━━━━━━╇━━━━━━━━━━━━━╇━━━━━━━━━━━━╇━━━━━━━━━━━━┩
│        R2        │   0.9917    │   0.0000   │   0.9006   │
│        R         │   0.9959    │   0.0000   │   0.9514   │
│    Spearmanr     │   0.9870    │   0.0000   │   0.8970   │
│       MSE        │   0.0072    │   0.0000   │   0.0827   │
│       MAE        │   0.0528    │   0.0000   │   0.1833   │
│       RMSE       │   0.0846    │   0.0000   │   0.2875   │
└──────────────────┴─────────────┴────────────┴────────────┘
Info[iaw]:> Result, 0.9916992441197312, 0.9006302634798911, 0.9959111817475899, 0.9514058793814875, 0.986993345484931, 0.8969972029037561, 0.007160155768008411, 0.08268273313859802, 0.05281905765373413, 0.18326949504225012, 0.0846177036323275, 0.2875460539437083
Info[iaw]:> The model will be saved as 
`/home/iaw/DATA2/AAReact/train/output/pt/ddg/hyper_seed_1_test_0-2/search_optuna/seed_1_test_0-2/lgb
_soap_acsf.pkl`
[OK] Finished target=ddg search=optuna split=seed_1_test_0-2 model=lgb descriptor=soap_acsf
[INFO] Train target=ddg hyper=seed_1_test_0-2 search=optuna split=seed_1_test_0-2 model=lgb descriptor=acsf_xtb
                           Metric                           
┏━━━━━━━━━━━━━━━━━━┳━━━━━━━━━━━━━┳━━━━━━━━━━━━┳━━━━━━━━━━━━┓
┃       name       ┃    Train    ┃   Valid    ┃    Test    ┃
┡━━━━━━━━━━━━━━━━━━╇━━━━━━━━━━━━━╇━━━━━━━━━━━━╇━━━━━━━━━━━━┩
│        R2        │   0.9863    │   0.0000   │   0.8882   │
│        R         │   0.9933    │   0.0000   │   0.9440   │
│    Spearmanr     │   0.9858    │   0.0000   │   0.8970   │
│       MSE        │   0.0118    │   0.0000   │   0.0930   │
│       MAE        │   0.0682    │   0.0000   │   0.2072   │
│       RMSE       │   0.1085    │   0.0000   │   0.3049   │
└──────────────────┴─────────────┴────────────┴────────────┘
Info[iaw]:> Result, 0.9863494091917655, 0.8882493341353057, 0.9933176923848902, 0.9440256655634628, 0.9857578657060844, 0.8969754356178101, 0.011774874230988497, 0.09298455251394702, 0.06818070161699118, 0.20722465372101856, 0.10851209255649112, 0.3049336854365995
Info[iaw]:> The model will be saved as 
`/home/iaw/DATA2/AAReact/train/output/pt/ddg/hyper_seed_1_test_0-2/search_optuna/seed_1_test_0-2/lgb
_acsf_xtb.pkl`
[OK] Finished target=ddg search=optuna split=seed_1_test_0-2 model=lgb descriptor=acsf_xtb
[INFO] Train target=ddg hyper=seed_1_test_0-2 search=optuna split=seed_1_test_0-2 model=lgb descriptor=rdkit_acsf
                           Metric                           
┏━━━━━━━━━━━━━━━━━━┳━━━━━━━━━━━━━┳━━━━━━━━━━━━┳━━━━━━━━━━━━┓
┃       name       ┃    Train    ┃   Valid    ┃    Test    ┃
┡━━━━━━━━━━━━━━━━━━╇━━━━━━━━━━━━━╇━━━━━━━━━━━━╇━━━━━━━━━━━━┩
│        R2        │   0.9675    │   0.0000   │   0.9190   │
│        R         │   0.9850    │   0.0000   │   0.9601   │
│    Spearmanr     │   0.9722    │   0.0000   │   0.9091   │
│       MSE        │   0.0280    │   0.0000   │   0.0674   │
│       MAE        │   0.1025    │   0.0000   │   0.1871   │
│       RMSE       │   0.1673    │   0.0000   │   0.2596   │
└──────────────────┴─────────────┴────────────┴────────────┘
Info[iaw]:> Result, 0.9675413016440012, 0.9190132039576451, 0.9849884503685062, 0.9601123831647351, 0.9722094981621069, 0.9090780466037593, 0.02799857502232971, 0.06738681090862121, 0.10249646725240566, 0.18707398503727127, 0.16732774731744196, 0.2595896972312677
Info[iaw]:> The model will be saved as 
`/home/iaw/DATA2/AAReact/train/output/pt/ddg/hyper_seed_1_test_0-2/search_optuna/seed_1_test_0-2/lgb
_rdkit_acsf.pkl`
[OK] Finished target=ddg search=optuna split=seed_1_test_0-2 model=lgb descriptor=rdkit_acsf
[INFO] Train target=ddg hyper=seed_1_test_0-2 search=optuna split=seed_1_test_0-2 model=lgb descriptor=rdkit_soap_xtb
                           Metric                           
┏━━━━━━━━━━━━━━━━━━┳━━━━━━━━━━━━━┳━━━━━━━━━━━━┳━━━━━━━━━━━━┓
┃       name       ┃    Train    ┃   Valid    ┃    Test    ┃
┡━━━━━━━━━━━━━━━━━━╇━━━━━━━━━━━━━╇━━━━━━━━━━━━╇━━━━━━━━━━━━┩
│        R2        │   0.9932    │   0.0000   │   0.9044   │
│        R         │   0.9967    │   0.0000   │   0.9532   │
│    Spearmanr     │   0.9885    │   0.0000   │   0.9087   │
│       MSE        │   0.0059    │   0.0000   │   0.0795   │
│       MAE        │   0.0440    │   0.0000   │   0.1925   │
│       RMSE       │   0.0766    │   0.0000   │   0.2820   │
└──────────────────┴─────────────┴────────────┴────────────┘
Info[iaw]:> Result, 0.9931925401751177, 0.9044089797112259, 0.9966631730668793, 0.953168866391454, 0.988487559044209, 0.9087297700286241, 0.005872052308691425, 0.079538570773845, 0.04403167092920567, 0.19253404589870662, 0.07662931755334523, 0.28202583352211724
Info[iaw]:> The model will be saved as 
`/home/iaw/DATA2/AAReact/train/output/pt/ddg/hyper_seed_1_test_0-2/search_optuna/seed_1_test_0-2/lgb
_rdkit_soap_xtb.pkl`
[OK] Finished target=ddg search=optuna split=seed_1_test_0-2 model=lgb descriptor=rdkit_soap_xtb
[INFO] Train target=ddg hyper=seed_1_test_0-2 search=optuna split=seed_1_test_0-2 model=lgb descriptor=rdkit_soap_acsf
                           Metric                           
┏━━━━━━━━━━━━━━━━━━┳━━━━━━━━━━━━━┳━━━━━━━━━━━━┳━━━━━━━━━━━━┓
┃       name       ┃    Train    ┃   Valid    ┃    Test    ┃
┡━━━━━━━━━━━━━━━━━━╇━━━━━━━━━━━━━╇━━━━━━━━━━━━╇━━━━━━━━━━━━┩
│        R2        │   0.9789    │   0.0000   │   0.9204   │
│        R         │   0.9902    │   0.0000   │   0.9602   │
│    Spearmanr     │   0.9783    │   0.0000   │   0.9105   │
│       MSE        │   0.0182    │   0.0000   │   0.0662   │
│       MAE        │   0.0845    │   0.0000   │   0.1801   │
│       RMSE       │   0.1350    │   0.0000   │   0.2573   │
└──────────────────┴─────────────┴────────────┴────────────┘
Info[iaw]:> Result, 0.9788719450253245, 0.9204326915031422, 0.9902409595148326, 0.9602361510651087, 0.9783245515670799, 0.9105146874761921, 0.018224866129760636, 0.06620569567144681, 0.08449919187748588, 0.18007091868494393, 0.13499950418338816, 0.25730467479516733
Info[iaw]:> The model will be saved as 
`/home/iaw/DATA2/AAReact/train/output/pt/ddg/hyper_seed_1_test_0-2/search_optuna/seed_1_test_0-2/lgb
_rdkit_soap_acsf.pkl`
[OK] Finished target=ddg search=optuna split=seed_1_test_0-2 model=lgb descriptor=rdkit_soap_acsf
[INFO] Train target=ddg hyper=seed_1_test_0-2 search=optuna split=seed_1_test_0-2 model=lgb descriptor=rdkit_xtb_acsf
                           Metric                           
┏━━━━━━━━━━━━━━━━━━┳━━━━━━━━━━━━━┳━━━━━━━━━━━━┳━━━━━━━━━━━━┓
┃       name       ┃    Train    ┃   Valid    ┃    Test    ┃
┡━━━━━━━━━━━━━━━━━━╇━━━━━━━━━━━━━╇━━━━━━━━━━━━╇━━━━━━━━━━━━┩
│        R2        │   0.9906    │   0.0000   │   0.9384   │
│        R         │   0.9955    │   0.0000   │   0.9691   │
│    Spearmanr     │   0.9889    │   0.0000   │   0.9286   │
│       MSE        │   0.0081    │   0.0000   │   0.0513   │
│       MAE        │   0.0545    │   0.0000   │   0.1545   │
│       RMSE       │   0.0899    │   0.0000   │   0.2265   │
└──────────────────┴─────────────┴────────────┴────────────┘
Info[iaw]:> Result, 0.9906299068448017, 0.9383658726841233, 0.9955011392672602, 0.9690772475497648, 0.9889135865541562, 0.9285597675253863, 0.008082556277970774, 0.05128400536774835, 0.05451200867191898, 0.15446495803906737, 0.08990303820211402, 0.22645972129221645
Info[iaw]:> The model will be saved as 
`/home/iaw/DATA2/AAReact/train/output/pt/ddg/hyper_seed_1_test_0-2/search_optuna/seed_1_test_0-2/lgb
_rdkit_xtb_acsf.pkl`
[OK] Finished target=ddg search=optuna split=seed_1_test_0-2 model=lgb descriptor=rdkit_xtb_acsf
[INFO] Train target=ddg hyper=seed_1_test_0-2 search=optuna split=seed_1_test_0-2 model=lgb descriptor=soap_xtb_acsf
                           Metric                           
┏━━━━━━━━━━━━━━━━━━┳━━━━━━━━━━━━━┳━━━━━━━━━━━━┳━━━━━━━━━━━━┓
┃       name       ┃    Train    ┃   Valid    ┃    Test    ┃
┡━━━━━━━━━━━━━━━━━━╇━━━━━━━━━━━━━╇━━━━━━━━━━━━╇━━━━━━━━━━━━┩
│        R2        │   0.9961    │   0.0000   │   0.8856   │
│        R         │   0.9981    │   0.0000   │   0.9412   │
│    Spearmanr     │   0.9878    │   0.0000   │   0.8824   │
│       MSE        │   0.0034    │   0.0000   │   0.0952   │
│       MAE        │   0.0381    │   0.0000   │   0.1924   │
│       RMSE       │   0.0582    │   0.0000   │   0.3085   │
└──────────────────┴─────────────┴────────────┴────────────┘
Info[iaw]:> Result, 0.9960776110755746, 0.8856119543125395, 0.998051377723027, 0.9411715702773572, 0.9878104177580735, 0.8824348886059143, 0.0033834166534587825, 0.09517904129601978, 0.03810429846740535, 0.19241070811204383, 0.05816714410609122, 0.30851100676640336
Info[iaw]:> The model will be saved as 
`/home/iaw/DATA2/AAReact/train/output/pt/ddg/hyper_seed_1_test_0-2/search_optuna/seed_1_test_0-2/lgb
_soap_xtb_acsf.pkl`
[OK] Finished target=ddg search=optuna split=seed_1_test_0-2 model=lgb descriptor=soap_xtb_acsf
[INFO] Train target=ddg hyper=seed_1_test_0-2 search=optuna split=seed_1_test_0-2 model=lgb descriptor=rdkit_soap_xtb_acsf
                           Metric                           
┏━━━━━━━━━━━━━━━━━━┳━━━━━━━━━━━━━┳━━━━━━━━━━━━┳━━━━━━━━━━━━┓
┃       name       ┃    Train    ┃   Valid    ┃    Test    ┃
┡━━━━━━━━━━━━━━━━━━╇━━━━━━━━━━━━━╇━━━━━━━━━━━━╇━━━━━━━━━━━━┩
│        R2        │   0.9933    │   0.0000   │   0.9282   │
│        R         │   0.9968    │   0.0000   │   0.9635   │
│    Spearmanr     │   0.9901    │   0.0000   │   0.9140   │
│       MSE        │   0.0058    │   0.0000   │   0.0598   │
│       MAE        │   0.0459    │   0.0000   │   0.1653   │
│       RMSE       │   0.0759    │   0.0000   │   0.2445   │
└──────────────────┴─────────────┴────────────┴────────────┘
Info[iaw]:> Result, 0.9933241986272987, 0.9281507919182972, 0.996761749439052, 0.9635329492435276, 0.990100229033082, 0.9140409877994363, 0.005758484937311214, 0.059783683705721, 0.04587824851777822, 0.16525434815335133, 0.0758846818357382, 0.2445070217922606
Info[iaw]:> The model will be saved as 
`/home/iaw/DATA2/AAReact/train/output/pt/ddg/hyper_seed_1_test_0-2/search_optuna/seed_1_test_0-2/lgb
_rdkit_soap_xtb_acsf.pkl`
[OK] Finished target=ddg search=optuna split=seed_1_test_0-2 model=lgb descriptor=rdkit_soap_xtb_acsf
[INFO] Train target=ddg hyper=seed_1_test_0-2 search=optuna split=seed_1_test_0-2 model=xgb descriptor=rdkit
                           Metric                           
┏━━━━━━━━━━━━━━━━━━┳━━━━━━━━━━━━━┳━━━━━━━━━━━━┳━━━━━━━━━━━━┓
┃       name       ┃    Train    ┃   Valid    ┃    Test    ┃
┡━━━━━━━━━━━━━━━━━━╇━━━━━━━━━━━━━╇━━━━━━━━━━━━╇━━━━━━━━━━━━┩
│        R2        │   0.9544    │   0.0000   │   0.8963   │
│        R         │   0.9784    │   0.0000   │   0.9480   │
│    Spearmanr     │   0.9653    │   0.0000   │   0.8984   │
│       MSE        │   0.0394    │   0.0000   │   0.0863   │
│       MAE        │   0.1088    │   0.0000   │   0.1904   │
│       RMSE       │   0.1984    │   0.0000   │   0.2937   │
└──────────────────┴─────────────┴────────────┴────────────┘
Info[iaw]:> Result, 0.9543529177338133, 0.8963252569211817, 0.9784430214740709, 0.9480253299577955, 0.9652500097414827, 0.898390309204297, 0.0393747538290944, 0.08626480672477123, 0.10883460791221772, 0.19040037052962713, 0.19843072803649742, 0.29370871067227683
Info[iaw]:> The model will be saved as 
`/home/iaw/DATA2/AAReact/train/output/pt/ddg/hyper_seed_1_test_0-2/search_optuna/seed_1_test_0-2/xgb
_rdkit.pkl`
[OK] Finished target=ddg search=optuna split=seed_1_test_0-2 model=xgb descriptor=rdkit
[INFO] Train target=ddg hyper=seed_1_test_0-2 search=optuna split=seed_1_test_0-2 model=xgb descriptor=xtb
                           Metric                           
┏━━━━━━━━━━━━━━━━━━┳━━━━━━━━━━━━━┳━━━━━━━━━━━━┳━━━━━━━━━━━━┓
┃       name       ┃    Train    ┃   Valid    ┃    Test    ┃
┡━━━━━━━━━━━━━━━━━━╇━━━━━━━━━━━━━╇━━━━━━━━━━━━╇━━━━━━━━━━━━┩
│        R2        │   0.9841    │   0.0000   │   0.9176   │
│        R         │   0.9923    │   0.0000   │   0.9600   │
│    Spearmanr     │   0.9850    │   0.0000   │   0.9167   │
│       MSE        │   0.0137    │   0.0000   │   0.0685   │
│       MAE        │   0.0748    │   0.0000   │   0.1801   │
│       RMSE       │   0.1170    │   0.0000   │   0.2618   │
└──────────────────┴─────────────┴────────────┴────────────┘
Info[iaw]:> Result, 0.9841174316728143, 0.9176199859509968, 0.9922764955292075, 0.9600457093245796, 0.9850221889328098, 0.9167401312567344, 0.013700157534930918, 0.06854606800924039, 0.07475067840140211, 0.18008312045149388, 0.11704767206113464, 0.2618130401818068
Info[iaw]:> The model will be saved as 
`/home/iaw/DATA2/AAReact/train/output/pt/ddg/hyper_seed_1_test_0-2/search_optuna/seed_1_test_0-2/xgb
_xtb.pkl`
[OK] Finished target=ddg search=optuna split=seed_1_test_0-2 model=xgb descriptor=xtb
[INFO] Train target=ddg hyper=seed_1_test_0-2 search=optuna split=seed_1_test_0-2 model=xgb descriptor=soap
                           Metric                           
┏━━━━━━━━━━━━━━━━━━┳━━━━━━━━━━━━━┳━━━━━━━━━━━━┳━━━━━━━━━━━━┓
┃       name       ┃    Train    ┃   Valid    ┃    Test    ┃
┡━━━━━━━━━━━━━━━━━━╇━━━━━━━━━━━━━╇━━━━━━━━━━━━╇━━━━━━━━━━━━┩
│        R2        │   0.4627    │   0.0000   │   0.4560   │
│        R         │   0.6833    │   0.0000   │   0.6782   │
│    Spearmanr     │   0.6191    │   0.0000   │   0.6103   │
│       MSE        │   0.4635    │   0.0000   │   0.4527   │
│       MAE        │   0.4926    │   0.0000   │   0.5212   │
│       RMSE       │   0.6808    │   0.0000   │   0.6728   │
└──────────────────┴─────────────┴────────────┴────────────┘
Info[iaw]:> Result, 0.4627063547055569, 0.45598636634070455, 0.6833472215153773, 0.6782410122667194, 0.6191151270072867, 0.6103220469955705, 0.4634645626206151, 0.4526582807886187, 0.49258257312069786, 0.5211685050112896, 0.6807823166186201, 0.6727988412509482
Info[iaw]:> The model will be saved as 
`/home/iaw/DATA2/AAReact/train/output/pt/ddg/hyper_seed_1_test_0-2/search_optuna/seed_1_test_0-2/xgb
_soap.pkl`
[OK] Finished target=ddg search=optuna split=seed_1_test_0-2 model=xgb descriptor=soap
[INFO] Train target=ddg hyper=seed_1_test_0-2 search=optuna split=seed_1_test_0-2 model=xgb descriptor=acsf
                           Metric                           
┏━━━━━━━━━━━━━━━━━━┳━━━━━━━━━━━━━┳━━━━━━━━━━━━┳━━━━━━━━━━━━┓
┃       name       ┃    Train    ┃   Valid    ┃    Test    ┃
┡━━━━━━━━━━━━━━━━━━╇━━━━━━━━━━━━━╇━━━━━━━━━━━━╇━━━━━━━━━━━━┩
│        R2        │   0.9825    │   0.0000   │   0.8706   │
│        R         │   0.9915    │   0.0000   │   0.9352   │
│    Spearmanr     │   0.9822    │   0.0000   │   0.8578   │
│       MSE        │   0.0151    │   0.0000   │   0.1077   │
│       MAE        │   0.0792    │   0.0000   │   0.2214   │
│       RMSE       │   0.1227    │   0.0000   │   0.3281   │
└──────────────────┴─────────────┴────────────┴────────────┘
Info[iaw]:> Result, 0.98253427864804, 0.870614585088318, 0.9914861318446276, 0.9351535966587202, 0.9822020946352572, 0.8577507863432049, 0.01506577079057706, 0.10765792592198822, 0.07920657757751424, 0.2213747756394535, 0.12274270157763785, 0.32811267260194055
Info[iaw]:> The model will be saved as 
`/home/iaw/DATA2/AAReact/train/output/pt/ddg/hyper_seed_1_test_0-2/search_optuna/seed_1_test_0-2/xgb
_acsf.pkl`
[OK] Finished target=ddg search=optuna split=seed_1_test_0-2 model=xgb descriptor=acsf
[INFO] Train target=ddg hyper=seed_1_test_0-2 search=optuna split=seed_1_test_0-2 model=xgb descriptor=rdkit_soap
                           Metric                           
┏━━━━━━━━━━━━━━━━━━┳━━━━━━━━━━━━━┳━━━━━━━━━━━━┳━━━━━━━━━━━━┓
┃       name       ┃    Train    ┃   Valid    ┃    Test    ┃
┡━━━━━━━━━━━━━━━━━━╇━━━━━━━━━━━━━╇━━━━━━━━━━━━╇━━━━━━━━━━━━┩
│        R2        │   0.9903    │   0.0000   │   0.9374   │
│        R         │   0.9955    │   0.0000   │   0.9687   │
│    Spearmanr     │   0.9885    │   0.0000   │   0.9224   │
│       MSE        │   0.0084    │   0.0000   │   0.0521   │
│       MAE        │   0.0526    │   0.0000   │   0.1545   │
│       RMSE       │   0.0915    │   0.0000   │   0.2283   │
└──────────────────┴─────────────┴────────────┴────────────┘
Info[iaw]:> Result, 0.9902972572545796, 0.9373799085909909, 0.995466358865245, 0.9686660858756012, 0.988470587216577, 0.9223996256026818, 0.008369496758634189, 0.05210439806326698, 0.052618822394615065, 0.15446267982662404, 0.09148495372810869, 0.2282638781394616
Info[iaw]:> The model will be saved as 
`/home/iaw/DATA2/AAReact/train/output/pt/ddg/hyper_seed_1_test_0-2/search_optuna/seed_1_test_0-2/xgb
_rdkit_soap.pkl`
[OK] Finished target=ddg search=optuna split=seed_1_test_0-2 model=xgb descriptor=rdkit_soap
[INFO] Train target=ddg hyper=seed_1_test_0-2 search=optuna split=seed_1_test_0-2 model=xgb descriptor=soap_xtb
                           Metric                           
┏━━━━━━━━━━━━━━━━━━┳━━━━━━━━━━━━━┳━━━━━━━━━━━━┳━━━━━━━━━━━━┓
┃       name       ┃    Train    ┃   Valid    ┃    Test    ┃
┡━━━━━━━━━━━━━━━━━━╇━━━━━━━━━━━━━╇━━━━━━━━━━━━╇━━━━━━━━━━━━┩
│        R2        │   0.9925    │   0.0000   │   0.9321   │
│        R         │   0.9964    │   0.0000   │   0.9665   │
│    Spearmanr     │   0.9895    │   0.0000   │   0.9161   │
│       MSE        │   0.0065    │   0.0000   │   0.0565   │
│       MAE        │   0.0499    │   0.0000   │   0.1642   │
│       RMSE       │   0.0807    │   0.0000   │   0.2377   │
└──────────────────┴─────────────┴────────────┴────────────┘
Info[iaw]:> Result, 0.9924512900248991, 0.9320981964927086, 0.9963791024898186, 0.9664611279135619, 0.9894885505106702, 0.9160653453924099, 0.006511447878827593, 0.05649916056571965, 0.049878453620034374, 0.16421710031428075, 0.08069354298100681, 0.23769552071025582
Info[iaw]:> The model will be saved as 
`/home/iaw/DATA2/AAReact/train/output/pt/ddg/hyper_seed_1_test_0-2/search_optuna/seed_1_test_0-2/xgb
_soap_xtb.pkl`
[OK] Finished target=ddg search=optuna split=seed_1_test_0-2 model=xgb descriptor=soap_xtb
[INFO] Train target=ddg hyper=seed_1_test_0-2 search=optuna split=seed_1_test_0-2 model=xgb descriptor=rdkit_xtb
                           Metric                           
┏━━━━━━━━━━━━━━━━━━┳━━━━━━━━━━━━━┳━━━━━━━━━━━━┳━━━━━━━━━━━━┓
┃       name       ┃    Train    ┃   Valid    ┃    Test    ┃
┡━━━━━━━━━━━━━━━━━━╇━━━━━━━━━━━━━╇━━━━━━━━━━━━╇━━━━━━━━━━━━┩
│        R2        │   0.9928    │   0.0000   │   0.9236   │
│        R         │   0.9964    │   0.0000   │   0.9625   │
│    Spearmanr     │   0.9892    │   0.0000   │   0.9278   │
│       MSE        │   0.0062    │   0.0000   │   0.0635   │
│       MAE        │   0.0467    │   0.0000   │   0.1737   │
│       RMSE       │   0.0789    │   0.0000   │   0.2521   │
└──────────────────┴─────────────┴────────────┴────────────┘
Info[iaw]:> Result, 0.9927849031317459, 0.9236383745589002, 0.9964306473194117, 0.9625315563887398, 0.9892183867238744, 0.9278414470891698, 0.006223676277574852, 0.06353833792342137, 0.046732394429205265, 0.1736524311137275, 0.0788902799942734, 0.2520681215929959
Info[iaw]:> The model will be saved as 
`/home/iaw/DATA2/AAReact/train/output/pt/ddg/hyper_seed_1_test_0-2/search_optuna/seed_1_test_0-2/xgb
_rdkit_xtb.pkl`
[OK] Finished target=ddg search=optuna split=seed_1_test_0-2 model=xgb descriptor=rdkit_xtb
[INFO] Train target=ddg hyper=seed_1_test_0-2 search=optuna split=seed_1_test_0-2 model=xgb descriptor=soap_acsf
                           Metric                           
┏━━━━━━━━━━━━━━━━━━┳━━━━━━━━━━━━━┳━━━━━━━━━━━━┳━━━━━━━━━━━━┓
┃       name       ┃    Train    ┃   Valid    ┃    Test    ┃
┡━━━━━━━━━━━━━━━━━━╇━━━━━━━━━━━━━╇━━━━━━━━━━━━╇━━━━━━━━━━━━┩
│        R2        │   0.9974    │   0.0000   │   0.9317   │
│        R         │   0.9987    │   0.0000   │   0.9654   │
│    Spearmanr     │   0.9903    │   0.0000   │   0.9179   │
│       MSE        │   0.0022    │   0.0000   │   0.0568   │
│       MAE        │   0.0327    │   0.0000   │   0.1552   │
│       RMSE       │   0.0471    │   0.0000   │   0.2384   │
└──────────────────┴─────────────┴────────────┴────────────┘
Info[iaw]:> Result, 0.9974305797065159, 0.9317085356949988, 0.9987405702448059, 0.9653908842257396, 0.990256785483892, 0.9178937974118698, 0.0022163583413601137, 0.05682338623924846, 0.03266939001237189, 0.15519703876092925, 0.04707821514628729, 0.2383765639471474
Info[iaw]:> The model will be saved as 
`/home/iaw/DATA2/AAReact/train/output/pt/ddg/hyper_seed_1_test_0-2/search_optuna/seed_1_test_0-2/xgb
_soap_acsf.pkl`
[OK] Finished target=ddg search=optuna split=seed_1_test_0-2 model=xgb descriptor=soap_acsf
[INFO] Train target=ddg hyper=seed_1_test_0-2 search=optuna split=seed_1_test_0-2 model=xgb descriptor=acsf_xtb
                           Metric                           
┏━━━━━━━━━━━━━━━━━━┳━━━━━━━━━━━━━┳━━━━━━━━━━━━┳━━━━━━━━━━━━┓
┃       name       ┃    Train    ┃   Valid    ┃    Test    ┃
┡━━━━━━━━━━━━━━━━━━╇━━━━━━━━━━━━━╇━━━━━━━━━━━━╇━━━━━━━━━━━━┩
│        R2        │   0.9940    │   0.0000   │   0.9255   │
│        R         │   0.9971    │   0.0000   │   0.9645   │
│    Spearmanr     │   0.9911    │   0.0000   │   0.9230   │
│       MSE        │   0.0052    │   0.0000   │   0.0619   │
│       MAE        │   0.0436    │   0.0000   │   0.1688   │
│       RMSE       │   0.0719    │   0.0000   │   0.2489   │
└──────────────────┴─────────────┴────────────┴────────────┘
Info[iaw]:> Result, 0.9940113280479098, 0.9255497221918535, 0.9971180366914366, 0.9644769253055175, 0.9911140359612246, 0.9230091096091685, 0.005165773411358341, 0.06194795988877109, 0.04363767081578638, 0.16884314930125427, 0.07187331501578552, 0.2488934709645295
Info[iaw]:> The model will be saved as 
`/home/iaw/DATA2/AAReact/train/output/pt/ddg/hyper_seed_1_test_0-2/search_optuna/seed_1_test_0-2/xgb
_acsf_xtb.pkl`
[OK] Finished target=ddg search=optuna split=seed_1_test_0-2 model=xgb descriptor=acsf_xtb
[INFO] Train target=ddg hyper=seed_1_test_0-2 search=optuna split=seed_1_test_0-2 model=xgb descriptor=rdkit_acsf
                           Metric                           
┏━━━━━━━━━━━━━━━━━━┳━━━━━━━━━━━━━┳━━━━━━━━━━━━┳━━━━━━━━━━━━┓
┃       name       ┃    Train    ┃   Valid    ┃    Test    ┃
┡━━━━━━━━━━━━━━━━━━╇━━━━━━━━━━━━━╇━━━━━━━━━━━━╇━━━━━━━━━━━━┩
│        R2        │   0.9916    │   0.0000   │   0.9202   │
│        R         │   0.9962    │   0.0000   │   0.9604   │
│    Spearmanr     │   0.9888    │   0.0000   │   0.9393   │
│       MSE        │   0.0072    │   0.0000   │   0.0664   │
│       MAE        │   0.0532    │   0.0000   │   0.1723   │
│       RMSE       │   0.0850    │   0.0000   │   0.2577   │
└──────────────────┴─────────────┴────────────┴────────────┘
Info[iaw]:> Result, 0.9916277285909483, 0.920181967024532, 0.9962371090033093, 0.9604387546828407, 0.9887733092033199, 0.9393128067826865, 0.007221844406164204, 0.06641431638316668, 0.05319202486599755, 0.17229376470195387, 0.08498143565605493, 0.2577097522081124
Info[iaw]:> The model will be saved as 
`/home/iaw/DATA2/AAReact/train/output/pt/ddg/hyper_seed_1_test_0-2/search_optuna/seed_1_test_0-2/xgb
_rdkit_acsf.pkl`
[OK] Finished target=ddg search=optuna split=seed_1_test_0-2 model=xgb descriptor=rdkit_acsf
[INFO] Train target=ddg hyper=seed_1_test_0-2 search=optuna split=seed_1_test_0-2 model=xgb descriptor=rdkit_soap_xtb
                           Metric                           
┏━━━━━━━━━━━━━━━━━━┳━━━━━━━━━━━━━┳━━━━━━━━━━━━┳━━━━━━━━━━━━┓
┃       name       ┃    Train    ┃   Valid    ┃    Test    ┃
┡━━━━━━━━━━━━━━━━━━╇━━━━━━━━━━━━━╇━━━━━━━━━━━━╇━━━━━━━━━━━━┩
│        R2        │   0.9987    │   0.0000   │   0.9122   │
│        R         │   0.9993    │   0.0000   │   0.9557   │
│    Spearmanr     │   0.9914    │   0.0000   │   0.9070   │
│       MSE        │   0.0012    │   0.0000   │   0.0731   │
│       MAE        │   0.0206    │   0.0000   │   0.1863   │
│       RMSE       │   0.0341    │   0.0000   │   0.2703   │
└──────────────────┴─────────────┴────────────┴────────────┘
Info[iaw]:> Result, 0.9986532596068293, 0.9121874719777479, 0.9993400936417334, 0.9556593621443469, 0.9913582224608284, 0.9070319217248399, 0.0011616858914129298, 0.07306630846525637, 0.020648759601234964, 0.18631243249767132, 0.034083513483984154, 0.27030780318972736
Info[iaw]:> The model will be saved as 
`/home/iaw/DATA2/AAReact/train/output/pt/ddg/hyper_seed_1_test_0-2/search_optuna/seed_1_test_0-2/xgb
_rdkit_soap_xtb.pkl`
[OK] Finished target=ddg search=optuna split=seed_1_test_0-2 model=xgb descriptor=rdkit_soap_xtb
[INFO] Train target=ddg hyper=seed_1_test_0-2 search=optuna split=seed_1_test_0-2 model=xgb descriptor=rdkit_soap_acsf
                           Metric                           
┏━━━━━━━━━━━━━━━━━━┳━━━━━━━━━━━━━┳━━━━━━━━━━━━┳━━━━━━━━━━━━┓
┃       name       ┃    Train    ┃   Valid    ┃    Test    ┃
┡━━━━━━━━━━━━━━━━━━╇━━━━━━━━━━━━━╇━━━━━━━━━━━━╇━━━━━━━━━━━━┩
│        R2        │   0.9860    │   0.0000   │   0.9296   │
│        R         │   0.9937    │   0.0000   │   0.9647   │
│    Spearmanr     │   0.9882    │   0.0000   │   0.9158   │
│       MSE        │   0.0121    │   0.0000   │   0.0586   │
│       MAE        │   0.0621    │   0.0000   │   0.1659   │
│       RMSE       │   0.1098    │   0.0000   │   0.2421   │
└──────────────────┴─────────────┴────────────┴────────────┘
Info[iaw]:> Result, 0.9860230702233687, 0.9295650426200045, 0.9936826925017527, 0.9646847611528073, 0.9881595524979326, 0.9158041379610584, 0.012056371227237503, 0.05860692589740505, 0.06211985526783116, 0.16592143639390508, 0.10980150831039391, 0.2420886736247796
Info[iaw]:> The model will be saved as 
`/home/iaw/DATA2/AAReact/train/output/pt/ddg/hyper_seed_1_test_0-2/search_optuna/seed_1_test_0-2/xgb
_rdkit_soap_acsf.pkl`
[OK] Finished target=ddg search=optuna split=seed_1_test_0-2 model=xgb descriptor=rdkit_soap_acsf
[INFO] Train target=ddg hyper=seed_1_test_0-2 search=optuna split=seed_1_test_0-2 model=xgb descriptor=rdkit_xtb_acsf
                           Metric                           
┏━━━━━━━━━━━━━━━━━━┳━━━━━━━━━━━━━┳━━━━━━━━━━━━┳━━━━━━━━━━━━┓
┃       name       ┃    Train    ┃   Valid    ┃    Test    ┃
┡━━━━━━━━━━━━━━━━━━╇━━━━━━━━━━━━━╇━━━━━━━━━━━━╇━━━━━━━━━━━━┩
│        R2        │   0.9928    │   0.0000   │   0.9427   │
│        R         │   0.9966    │   0.0000   │   0.9718   │
│    Spearmanr     │   0.9904    │   0.0000   │   0.9395   │
│       MSE        │   0.0062    │   0.0000   │   0.0477   │
│       MAE        │   0.0448    │   0.0000   │   0.1514   │
│       RMSE       │   0.0790    │   0.0000   │   0.2184   │
└──────────────────┴─────────────┴────────────┴────────────┘
Info[iaw]:> Result, 0.9927636942820017, 0.9426653584936927, 0.996611449762163, 0.9717666388605418, 0.9904237328495785, 0.9394869450702541, 0.0062419708365306185, 0.04770652544000519, 0.04482322434814738, 0.1514382046387824, 0.07900614429606484, 0.2184182351361836
Info[iaw]:> The model will be saved as 
`/home/iaw/DATA2/AAReact/train/output/pt/ddg/hyper_seed_1_test_0-2/search_optuna/seed_1_test_0-2/xgb
_rdkit_xtb_acsf.pkl`
[OK] Finished target=ddg search=optuna split=seed_1_test_0-2 model=xgb descriptor=rdkit_xtb_acsf
[INFO] Train target=ddg hyper=seed_1_test_0-2 search=optuna split=seed_1_test_0-2 model=xgb descriptor=soap_xtb_acsf
                           Metric                           
┏━━━━━━━━━━━━━━━━━━┳━━━━━━━━━━━━━┳━━━━━━━━━━━━┳━━━━━━━━━━━━┓
┃       name       ┃    Train    ┃   Valid    ┃    Test    ┃
┡━━━━━━━━━━━━━━━━━━╇━━━━━━━━━━━━━╇━━━━━━━━━━━━╇━━━━━━━━━━━━┩
│        R2        │   0.9890    │   0.0000   │   0.9111   │
│        R         │   0.9946    │   0.0000   │   0.9564   │
│    Spearmanr     │   0.9873    │   0.0000   │   0.9067   │
│       MSE        │   0.0095    │   0.0000   │   0.0739   │
│       MAE        │   0.0594    │   0.0000   │   0.1816   │
│       RMSE       │   0.0974    │   0.0000   │   0.2719   │
└──────────────────┴─────────────┴────────────┴────────────┘
Info[iaw]:> Result, 0.9890063368084984, 0.9111337953420989, 0.9946045443928652, 0.9564364848980429, 0.9873272402163042, 0.9067271797215966, 0.009483032876473781, 0.07394304284265008, 0.059369819982052915, 0.18160479669933985, 0.0973808650427474, 0.2719247006850427
Info[iaw]:> The model will be saved as 
`/home/iaw/DATA2/AAReact/train/output/pt/ddg/hyper_seed_1_test_0-2/search_optuna/seed_1_test_0-2/xgb
_soap_xtb_acsf.pkl`
[OK] Finished target=ddg search=optuna split=seed_1_test_0-2 model=xgb descriptor=soap_xtb_acsf
[INFO] Train target=ddg hyper=seed_1_test_0-2 search=optuna split=seed_1_test_0-2 model=xgb descriptor=rdkit_soap_xtb_acsf
                           Metric                           
┏━━━━━━━━━━━━━━━━━━┳━━━━━━━━━━━━━┳━━━━━━━━━━━━┳━━━━━━━━━━━━┓
┃       name       ┃    Train    ┃   Valid    ┃    Test    ┃
┡━━━━━━━━━━━━━━━━━━╇━━━━━━━━━━━━━╇━━━━━━━━━━━━╇━━━━━━━━━━━━┩
│        R2        │   0.9970    │   0.0000   │   0.9317   │
│        R         │   0.9985    │   0.0000   │   0.9662   │
│    Spearmanr     │   0.9913    │   0.0000   │   0.9213   │
│       MSE        │   0.0026    │   0.0000   │   0.0568   │
│       MAE        │   0.0315    │   0.0000   │   0.1697   │
│       RMSE       │   0.0512    │   0.0000   │   0.2384   │
└──────────────────┴─────────────┴────────────┴────────────┘
Info[iaw]:> Result, 0.9969660842310772, 0.9316899817046328, 0.9985421441617358, 0.9662157808194504, 0.991328435171515, 0.9213330285913303, 0.0026170278714184266, 0.05683882448722833, 0.03145183148202017, 0.1697081820148174, 0.051156894661603794, 0.23840894380712382
Info[iaw]:> The model will be saved as 
`/home/iaw/DATA2/AAReact/train/output/pt/ddg/hyper_seed_1_test_0-2/search_optuna/seed_1_test_0-2/xgb
_rdkit_soap_xtb_acsf.pkl`
[OK] Finished target=ddg search=optuna split=seed_1_test_0-2 model=xgb descriptor=rdkit_soap_xtb_acsf
[INFO] Train target=ddg hyper=seed_1_test_0-2 search=optuna split=seed_1_test_0-2 model=rf descriptor=rdkit
                           Metric                           
┏━━━━━━━━━━━━━━━━━━┳━━━━━━━━━━━━━┳━━━━━━━━━━━━┳━━━━━━━━━━━━┓
┃       name       ┃    Train    ┃   Valid    ┃    Test    ┃
┡━━━━━━━━━━━━━━━━━━╇━━━━━━━━━━━━━╇━━━━━━━━━━━━╇━━━━━━━━━━━━┩
│        R2        │   0.9382    │   0.0000   │   0.8818   │
│        R         │   0.9691    │   0.0000   │   0.9398   │
│    Spearmanr     │   0.9567    │   0.0000   │   0.9035   │
│       MSE        │   0.0533    │   0.0000   │   0.0983   │
│       MAE        │   0.1176    │   0.0000   │   0.1916   │
│       RMSE       │   0.2308    │   0.0000   │   0.3136   │
└──────────────────┴─────────────┴────────────┴────────────┘
Info[iaw]:> Result, 0.9382430372531853, 0.881817772075787, 0.9690862274618168, 0.9397840425910016, 0.9566723095107178, 0.9034620868297037, 0.053270988739397535, 0.09833607248425406, 0.11759247251042874, 0.19155846112945227, 0.23080508820084, 0.31358582953356495
Info[iaw]:> The model will be saved as 
`/home/iaw/DATA2/AAReact/train/output/pt/ddg/hyper_seed_1_test_0-2/search_optuna/seed_1_test_0-2/rf_
rdkit.pkl`
[OK] Finished target=ddg search=optuna split=seed_1_test_0-2 model=rf descriptor=rdkit
[INFO] Train target=ddg hyper=seed_1_test_0-2 search=optuna split=seed_1_test_0-2 model=rf descriptor=xtb
                           Metric                           
┏━━━━━━━━━━━━━━━━━━┳━━━━━━━━━━━━━┳━━━━━━━━━━━━┳━━━━━━━━━━━━┓
┃       name       ┃    Train    ┃   Valid    ┃    Test    ┃
┡━━━━━━━━━━━━━━━━━━╇━━━━━━━━━━━━━╇━━━━━━━━━━━━╇━━━━━━━━━━━━┩
│        R2        │   0.9872    │   0.0000   │   0.9205   │
│        R         │   0.9939    │   0.0000   │   0.9619   │
│    Spearmanr     │   0.9896    │   0.0000   │   0.9329   │
│       MSE        │   0.0110    │   0.0000   │   0.0662   │
│       MAE        │   0.0584    │   0.0000   │   0.1764   │
│       RMSE       │   0.1050    │   0.0000   │   0.2572   │
└──────────────────┴─────────────┴────────────┴────────────┘
Info[iaw]:> Result, 0.9872133631651825, 0.9204817135473006, 0.9939211219055535, 0.9618778102490217, 0.9896021578466561, 0.9329349920005225, 0.01102963547017153, 0.06616490582197158, 0.05843481548147788, 0.17643382974763844, 0.10502207134774828, 0.2572253988663864
Info[iaw]:> The model will be saved as 
`/home/iaw/DATA2/AAReact/train/output/pt/ddg/hyper_seed_1_test_0-2/search_optuna/seed_1_test_0-2/rf_
xtb.pkl`
[OK] Finished target=ddg search=optuna split=seed_1_test_0-2 model=rf descriptor=xtb
[INFO] Train target=ddg hyper=seed_1_test_0-2 search=optuna split=seed_1_test_0-2 model=rf descriptor=soap
                           Metric                           
┏━━━━━━━━━━━━━━━━━━┳━━━━━━━━━━━━━┳━━━━━━━━━━━━┳━━━━━━━━━━━━┓
┃       name       ┃    Train    ┃   Valid    ┃    Test    ┃
┡━━━━━━━━━━━━━━━━━━╇━━━━━━━━━━━━━╇━━━━━━━━━━━━╇━━━━━━━━━━━━┩
│        R2        │   0.4242    │   0.0000   │   0.4005   │
│        R         │   0.6525    │   0.0000   │   0.6333   │
│    Spearmanr     │   0.5825    │   0.0000   │   0.5399   │
│       MSE        │   0.4967    │   0.0000   │   0.4989   │
│       MAE        │   0.4913    │   0.0000   │   0.5085   │
│       RMSE       │   0.7048    │   0.0000   │   0.7063   │
└──────────────────┴─────────────┴────────────┴────────────┘
Info[iaw]:> Result, 0.4241822514405621, 0.40046457215463094, 0.6525024820700379, 0.6332900039315326, 0.5824857666113927, 0.5399048769604162, 0.4966951001980282, 0.49885638750428146, 0.49130238356950995, 0.5085171975513589, 0.7047659896717692, 0.7062976621115785
Info[iaw]:> The model will be saved as 
`/home/iaw/DATA2/AAReact/train/output/pt/ddg/hyper_seed_1_test_0-2/search_optuna/seed_1_test_0-2/rf_
soap.pkl`
[OK] Finished target=ddg search=optuna split=seed_1_test_0-2 model=rf descriptor=soap
[INFO] Train target=ddg hyper=seed_1_test_0-2 search=optuna split=seed_1_test_0-2 model=rf descriptor=acsf
                           Metric                           
┏━━━━━━━━━━━━━━━━━━┳━━━━━━━━━━━━━┳━━━━━━━━━━━━┳━━━━━━━━━━━━┓
┃       name       ┃    Train    ┃   Valid    ┃    Test    ┃
┡━━━━━━━━━━━━━━━━━━╇━━━━━━━━━━━━━╇━━━━━━━━━━━━╇━━━━━━━━━━━━┩
│        R2        │   0.9833    │   0.0000   │   0.8494   │
│        R         │   0.9919    │   0.0000   │   0.9230   │
│    Spearmanr     │   0.9883    │   0.0000   │   0.8833   │
│       MSE        │   0.0144    │   0.0000   │   0.1253   │
│       MAE        │   0.0615    │   0.0000   │   0.2265   │
│       RMSE       │   0.1201    │   0.0000   │   0.3540   │
└──────────────────┴─────────────┴────────────┴────────────┘
Info[iaw]:> Result, 0.9832758772914297, 0.8493897049125749, 0.9918683826447025, 0.9229924286228828, 0.98828147256582, 0.8833273473296983, 0.014426074613432956, 0.12531854539152407, 0.0614873116369491, 0.22653314151832696, 0.12010859508558476, 0.3540035951675125
Info[iaw]:> The model will be saved as 
`/home/iaw/DATA2/AAReact/train/output/pt/ddg/hyper_seed_1_test_0-2/search_optuna/seed_1_test_0-2/rf_
acsf.pkl`
[OK] Finished target=ddg search=optuna split=seed_1_test_0-2 model=rf descriptor=acsf
[INFO] Train target=ddg hyper=seed_1_test_0-2 search=optuna split=seed_1_test_0-2 model=rf descriptor=rdkit_soap
                           Metric                           
┏━━━━━━━━━━━━━━━━━━┳━━━━━━━━━━━━━┳━━━━━━━━━━━━┳━━━━━━━━━━━━┓
┃       name       ┃    Train    ┃   Valid    ┃    Test    ┃
┡━━━━━━━━━━━━━━━━━━╇━━━━━━━━━━━━━╇━━━━━━━━━━━━╇━━━━━━━━━━━━┩
│        R2        │   0.9801    │   0.0000   │   0.9204   │
│        R         │   0.9901    │   0.0000   │   0.9608   │
│    Spearmanr     │   0.9813    │   0.0000   │   0.9125   │
│       MSE        │   0.0171    │   0.0000   │   0.0663   │
│       MAE        │   0.0664    │   0.0000   │   0.1611   │
│       RMSE       │   0.1309    │   0.0000   │   0.2574   │
└──────────────────┴─────────────┴────────────┴────────────┘
Info[iaw]:> Result, 0.9801298527226192, 0.9203657362539013, 0.9900808377910336, 0.9607955032065209, 0.9813212914175372, 0.9125390450691657, 0.017139806505754918, 0.06626140723111365, 0.06640993425357744, 0.16105047927890737, 0.13091908381040143, 0.2574129119355003
Info[iaw]:> The model will be saved as 
`/home/iaw/DATA2/AAReact/train/output/pt/ddg/hyper_seed_1_test_0-2/search_optuna/seed_1_test_0-2/rf_
rdkit_soap.pkl`
[OK] Finished target=ddg search=optuna split=seed_1_test_0-2 model=rf descriptor=rdkit_soap
[INFO] Train target=ddg hyper=seed_1_test_0-2 search=optuna split=seed_1_test_0-2 model=rf descriptor=soap_xtb
                           Metric                           
┏━━━━━━━━━━━━━━━━━━┳━━━━━━━━━━━━━┳━━━━━━━━━━━━┳━━━━━━━━━━━━┓
┃       name       ┃    Train    ┃   Valid    ┃    Test    ┃
┡━━━━━━━━━━━━━━━━━━╇━━━━━━━━━━━━━╇━━━━━━━━━━━━╇━━━━━━━━━━━━┩
│        R2        │   0.9884    │   0.0000   │   0.9274   │
│        R         │   0.9943    │   0.0000   │   0.9633   │
│    Spearmanr     │   0.9885    │   0.0000   │   0.9090   │
│       MSE        │   0.0100    │   0.0000   │   0.0604   │
│       MAE        │   0.0529    │   0.0000   │   0.1609   │
│       RMSE       │   0.1002    │   0.0000   │   0.2459   │
└──────────────────┴─────────────┴────────────┴────────────┘
Info[iaw]:> Result, 0.9883535625836568, 0.9273573362092883, 0.994254765673662, 0.9632509667428216, 0.9884712799442354, 0.9090127447459215, 0.010046109926157568, 0.060443895646929174, 0.052913862202913324, 0.16089026781625723, 0.1002302844760882, 0.24585340275645806
Info[iaw]:> The model will be saved as 
`/home/iaw/DATA2/AAReact/train/output/pt/ddg/hyper_seed_1_test_0-2/search_optuna/seed_1_test_0-2/rf_
soap_xtb.pkl`
[OK] Finished target=ddg search=optuna split=seed_1_test_0-2 model=rf descriptor=soap_xtb
[INFO] Train target=ddg hyper=seed_1_test_0-2 search=optuna split=seed_1_test_0-2 model=rf descriptor=rdkit_xtb
                           Metric                           
┏━━━━━━━━━━━━━━━━━━┳━━━━━━━━━━━━━┳━━━━━━━━━━━━┳━━━━━━━━━━━━┓
┃       name       ┃    Train    ┃   Valid    ┃    Test    ┃
┡━━━━━━━━━━━━━━━━━━╇━━━━━━━━━━━━━╇━━━━━━━━━━━━╇━━━━━━━━━━━━┩
│        R2        │   0.9726    │   0.0000   │   0.9319   │
│        R         │   0.9865    │   0.0000   │   0.9655   │
│    Spearmanr     │   0.9731    │   0.0000   │   0.9302   │
│       MSE        │   0.0236    │   0.0000   │   0.0567   │
│       MAE        │   0.0860    │   0.0000   │   0.1550   │
│       RMSE       │   0.1536    │   0.0000   │   0.2380   │
└──────────────────┴─────────────┴────────────┴────────────┘
Info[iaw]:> Result, 0.9726483515596546, 0.9319107820132101, 0.9864629551410038, 0.965535567280121, 0.9731131613925558, 0.9301923139713326, 0.02359328068064278, 0.056655102826787714, 0.08602688956846805, 0.1550034712585195, 0.15360104387875356, 0.23802332412347263
Info[iaw]:> The model will be saved as 
`/home/iaw/DATA2/AAReact/train/output/pt/ddg/hyper_seed_1_test_0-2/search_optuna/seed_1_test_0-2/rf_
rdkit_xtb.pkl`
[OK] Finished target=ddg search=optuna split=seed_1_test_0-2 model=rf descriptor=rdkit_xtb
[INFO] Train target=ddg hyper=seed_1_test_0-2 search=optuna split=seed_1_test_0-2 model=rf descriptor=soap_acsf
                           Metric                           
┏━━━━━━━━━━━━━━━━━━┳━━━━━━━━━━━━━┳━━━━━━━━━━━━┳━━━━━━━━━━━━┓
┃       name       ┃    Train    ┃   Valid    ┃    Test    ┃
┡━━━━━━━━━━━━━━━━━━╇━━━━━━━━━━━━━╇━━━━━━━━━━━━╇━━━━━━━━━━━━┩
│        R2        │   0.9865    │   0.0000   │   0.9187   │
│        R         │   0.9934    │   0.0000   │   0.9586   │
│    Spearmanr     │   0.9827    │   0.0000   │   0.9115   │
│       MSE        │   0.0117    │   0.0000   │   0.0677   │
│       MAE        │   0.0618    │   0.0000   │   0.1706   │
│       RMSE       │   0.1079    │   0.0000   │   0.2601   │
└──────────────────┴─────────────┴────────────┴────────────┘
Info[iaw]:> Result, 0.9864933407320335, 0.9186790000277103, 0.9933768276205999, 0.9586079198315293, 0.9827140203748522, 0.9114506807718681, 0.011650720206570278, 0.0676648924988555, 0.061845801440708253, 0.17056583973110784, 0.107938501965565, 0.2601247633326276
Info[iaw]:> The model will be saved as 
`/home/iaw/DATA2/AAReact/train/output/pt/ddg/hyper_seed_1_test_0-2/search_optuna/seed_1_test_0-2/rf_
soap_acsf.pkl`
[OK] Finished target=ddg search=optuna split=seed_1_test_0-2 model=rf descriptor=soap_acsf
[INFO] Train target=ddg hyper=seed_1_test_0-2 search=optuna split=seed_1_test_0-2 model=rf descriptor=acsf_xtb
                           Metric                           
┏━━━━━━━━━━━━━━━━━━┳━━━━━━━━━━━━━┳━━━━━━━━━━━━┳━━━━━━━━━━━━┓
┃       name       ┃    Train    ┃   Valid    ┃    Test    ┃
┡━━━━━━━━━━━━━━━━━━╇━━━━━━━━━━━━━╇━━━━━━━━━━━━╇━━━━━━━━━━━━┩
│        R2        │   0.9743    │   0.0000   │   0.8874   │
│        R         │   0.9901    │   0.0000   │   0.9533   │
│    Spearmanr     │   0.9802    │   0.0000   │   0.9089   │
│       MSE        │   0.0222    │   0.0000   │   0.0937   │
│       MAE        │   0.0975    │   0.0000   │   0.2326   │
│       RMSE       │   0.1488    │   0.0000   │   0.3060   │
└──────────────────┴─────────────┴────────────┴────────────┘
Info[iaw]:> Result, 0.9743161037301401, 0.8874380719735214, 0.9900561343679958, 0.953348607029204, 0.9802319771746236, 0.9089256756021377, 0.022154692979070266, 0.09365958069835487, 0.09747709398779143, 0.23256350622048785, 0.14884452619787625, 0.3060385281273501
Info[iaw]:> The model will be saved as 
`/home/iaw/DATA2/AAReact/train/output/pt/ddg/hyper_seed_1_test_0-2/search_optuna/seed_1_test_0-2/rf_
acsf_xtb.pkl`
[OK] Finished target=ddg search=optuna split=seed_1_test_0-2 model=rf descriptor=acsf_xtb
[INFO] Train target=ddg hyper=seed_1_test_0-2 search=optuna split=seed_1_test_0-2 model=rf descriptor=rdkit_acsf
                           Metric                           
┏━━━━━━━━━━━━━━━━━━┳━━━━━━━━━━━━━┳━━━━━━━━━━━━┳━━━━━━━━━━━━┓
┃       name       ┃    Train    ┃   Valid    ┃    Test    ┃
┡━━━━━━━━━━━━━━━━━━╇━━━━━━━━━━━━━╇━━━━━━━━━━━━╇━━━━━━━━━━━━┩
│        R2        │   0.9729    │   0.0000   │   0.9119   │
│        R         │   0.9867    │   0.0000   │   0.9557   │
│    Spearmanr     │   0.9738    │   0.0000   │   0.9228   │
│       MSE        │   0.0233    │   0.0000   │   0.0733   │
│       MAE        │   0.0887    │   0.0000   │   0.1803   │
│       RMSE       │   0.1528    │   0.0000   │   0.2707   │
└──────────────────┴─────────────┴────────────┴────────────┘
Info[iaw]:> Result, 0.9729448353648287, 0.911937074129116, 0.9867225567976137, 0.9557206539768957, 0.9737892635872036, 0.9228132040356549, 0.02333753647392726, 0.07327465739745588, 0.08867666256808159, 0.18025581179569472, 0.15276628055276878, 0.27069292084843277
Info[iaw]:> The model will be saved as 
`/home/iaw/DATA2/AAReact/train/output/pt/ddg/hyper_seed_1_test_0-2/search_optuna/seed_1_test_0-2/rf_
rdkit_acsf.pkl`
[OK] Finished target=ddg search=optuna split=seed_1_test_0-2 model=rf descriptor=rdkit_acsf
[INFO] Train target=ddg hyper=seed_1_test_0-2 search=optuna split=seed_1_test_0-2 model=rf descriptor=rdkit_soap_xtb
                           Metric                           
┏━━━━━━━━━━━━━━━━━━┳━━━━━━━━━━━━━┳━━━━━━━━━━━━┳━━━━━━━━━━━━┓
┃       name       ┃    Train    ┃   Valid    ┃    Test    ┃
┡━━━━━━━━━━━━━━━━━━╇━━━━━━━━━━━━━╇━━━━━━━━━━━━╇━━━━━━━━━━━━┩
│        R2        │   0.9693    │   0.0000   │   0.8950   │
│        R         │   0.9869    │   0.0000   │   0.9522   │
│    Spearmanr     │   0.9735    │   0.0000   │   0.8928   │
│       MSE        │   0.0265    │   0.0000   │   0.0873   │
│       MAE        │   0.1003    │   0.0000   │   0.2142   │
│       RMSE       │   0.1626    │   0.0000   │   0.2955   │
└──────────────────┴─────────────┴────────────┴────────────┘
Info[iaw]:> Result, 0.9693361592043424, 0.8950286162138626, 0.9869115173090361, 0.9521953998862958, 0.9734837706898268, 0.8927525821442954, 0.026450347379112487, 0.0873437045998623, 0.1002987105513067, 0.21419489058239208, 0.16263562764386064, 0.2955396836295632
Info[iaw]:> The model will be saved as 
`/home/iaw/DATA2/AAReact/train/output/pt/ddg/hyper_seed_1_test_0-2/search_optuna/seed_1_test_0-2/rf_
rdkit_soap_xtb.pkl`
[OK] Finished target=ddg search=optuna split=seed_1_test_0-2 model=rf descriptor=rdkit_soap_xtb
[INFO] Train target=ddg hyper=seed_1_test_0-2 search=optuna split=seed_1_test_0-2 model=rf descriptor=rdkit_soap_acsf
                           Metric                           
┏━━━━━━━━━━━━━━━━━━┳━━━━━━━━━━━━━┳━━━━━━━━━━━━┳━━━━━━━━━━━━┓
┃       name       ┃    Train    ┃   Valid    ┃    Test    ┃
┡━━━━━━━━━━━━━━━━━━╇━━━━━━━━━━━━━╇━━━━━━━━━━━━╇━━━━━━━━━━━━┩
│        R2        │   0.9768    │   0.0000   │   0.9005   │
│        R         │   0.9904    │   0.0000   │   0.9554   │
│    Spearmanr     │   0.9818    │   0.0000   │   0.8874   │
│       MSE        │   0.0201    │   0.0000   │   0.0828   │
│       MAE        │   0.0886    │   0.0000   │   0.2050   │
│       RMSE       │   0.1416    │   0.0000   │   0.2878   │
└──────────────────┴─────────────┴────────────┴────────────┘
Info[iaw]:> Result, 0.976752024949571, 0.9004847942943329, 0.9904387027275184, 0.9554252525460201, 0.9818474180741306, 0.8874195970875373, 0.020053489712608456, 0.08280377391288805, 0.08858612534060585, 0.20499989769280486, 0.14161034465253045, 0.28775644895099756
Info[iaw]:> The model will be saved as 
`/home/iaw/DATA2/AAReact/train/output/pt/ddg/hyper_seed_1_test_0-2/search_optuna/seed_1_test_0-2/rf_
rdkit_soap_acsf.pkl`
[OK] Finished target=ddg search=optuna split=seed_1_test_0-2 model=rf descriptor=rdkit_soap_acsf
[INFO] Train target=ddg hyper=seed_1_test_0-2 search=optuna split=seed_1_test_0-2 model=rf descriptor=rdkit_xtb_acsf
                           Metric                           
┏━━━━━━━━━━━━━━━━━━┳━━━━━━━━━━━━━┳━━━━━━━━━━━━┳━━━━━━━━━━━━┓
┃       name       ┃    Train    ┃   Valid    ┃    Test    ┃
┡━━━━━━━━━━━━━━━━━━╇━━━━━━━━━━━━━╇━━━━━━━━━━━━╇━━━━━━━━━━━━┩
│        R2        │   0.9750    │   0.0000   │   0.9083   │
│        R         │   0.9899    │   0.0000   │   0.9593   │
│    Spearmanr     │   0.9784    │   0.0000   │   0.9197   │
│       MSE        │   0.0215    │   0.0000   │   0.0763   │
│       MAE        │   0.0918    │   0.0000   │   0.1980   │
│       RMSE       │   0.1468    │   0.0000   │   0.2763   │
└──────────────────┴─────────────┴────────────┴────────────┘
Info[iaw]:> Result, 0.9750241541023289, 0.9082636001006845, 0.9899273343111127, 0.9593200278132912, 0.9783941706967542, 0.9196569475734919, 0.021543935232475244, 0.07633125071671966, 0.09177700217181291, 0.19804339084015843, 0.14677852442532335, 0.27628110814299206
Info[iaw]:> The model will be saved as 
`/home/iaw/DATA2/AAReact/train/output/pt/ddg/hyper_seed_1_test_0-2/search_optuna/seed_1_test_0-2/rf_
rdkit_xtb_acsf.pkl`
[OK] Finished target=ddg search=optuna split=seed_1_test_0-2 model=rf descriptor=rdkit_xtb_acsf
[INFO] Train target=ddg hyper=seed_1_test_0-2 search=optuna split=seed_1_test_0-2 model=rf descriptor=soap_xtb_acsf
                           Metric                           
┏━━━━━━━━━━━━━━━━━━┳━━━━━━━━━━━━━┳━━━━━━━━━━━━┳━━━━━━━━━━━━┓
┃       name       ┃    Train    ┃   Valid    ┃    Test    ┃
┡━━━━━━━━━━━━━━━━━━╇━━━━━━━━━━━━━╇━━━━━━━━━━━━╇━━━━━━━━━━━━┩
│        R2        │   0.9754    │   0.0000   │   0.8968   │
│        R         │   0.9900    │   0.0000   │   0.9547   │
│    Spearmanr     │   0.9799    │   0.0000   │   0.9002   │
│       MSE        │   0.0212    │   0.0000   │   0.0858   │
│       MAE        │   0.0914    │   0.0000   │   0.2094   │
│       RMSE       │   0.1456    │   0.0000   │   0.2930   │
└──────────────────┴─────────────┴────────────┴────────────┘
Info[iaw]:> Result, 0.975437035149843, 0.8968338415343909, 0.9900290643069862, 0.9546703042523242, 0.9798887306198614, 0.900196993937811, 0.021187787833792344, 0.08584162792481674, 0.09141283392974513, 0.20935592757768617, 0.14556025499356734, 0.29298741939683476
Info[iaw]:> The model will be saved as 
`/home/iaw/DATA2/AAReact/train/output/pt/ddg/hyper_seed_1_test_0-2/search_optuna/seed_1_test_0-2/rf_
soap_xtb_acsf.pkl`
[OK] Finished target=ddg search=optuna split=seed_1_test_0-2 model=rf descriptor=soap_xtb_acsf
[INFO] Train target=ddg hyper=seed_1_test_0-2 search=optuna split=seed_1_test_0-2 model=rf descriptor=rdkit_soap_xtb_acsf
                           Metric                           
┏━━━━━━━━━━━━━━━━━━┳━━━━━━━━━━━━━┳━━━━━━━━━━━━┳━━━━━━━━━━━━┓
┃       name       ┃    Train    ┃   Valid    ┃    Test    ┃
┡━━━━━━━━━━━━━━━━━━╇━━━━━━━━━━━━━╇━━━━━━━━━━━━╇━━━━━━━━━━━━┩
│        R2        │   0.9680    │   0.0000   │   0.8980   │
│        R         │   0.9864    │   0.0000   │   0.9546   │
│    Spearmanr     │   0.9702    │   0.0000   │   0.8942   │
│       MSE        │   0.0276    │   0.0000   │   0.0848   │
│       MAE        │   0.1048    │   0.0000   │   0.2112   │
│       RMSE       │   0.1660    │   0.0000   │   0.2913   │
└──────────────────┴─────────────┴────────────┴────────────┘
Info[iaw]:> Result, 0.9680493398576873, 0.8980413172961554, 0.9863941289947573, 0.9545628672919871, 0.9702099397759892, 0.8942327575886202, 0.02756034592626151, 0.08483692166637659, 0.10480767757564995, 0.21123015431288727, 0.16601308962326286, 0.2912677834336928
Info[iaw]:> The model will be saved as 
`/home/iaw/DATA2/AAReact/train/output/pt/ddg/hyper_seed_1_test_0-2/search_optuna/seed_1_test_0-2/rf_
rdkit_soap_xtb_acsf.pkl`
[OK] Finished target=ddg search=optuna split=seed_1_test_0-2 model=rf descriptor=rdkit_soap_xtb_acsf
[INFO] Train target=ddg hyper=seed_1_test_0-2 search=optuna split=seed_1_test_0-3 model=lgb descriptor=rdkit
                           Metric                           
┏━━━━━━━━━━━━━━━━━━┳━━━━━━━━━━━━━┳━━━━━━━━━━━━┳━━━━━━━━━━━━┓
┃       name       ┃    Train    ┃   Valid    ┃    Test    ┃
┡━━━━━━━━━━━━━━━━━━╇━━━━━━━━━━━━━╇━━━━━━━━━━━━╇━━━━━━━━━━━━┩
│        R2        │   0.9524    │   0.0000   │   0.8325   │
│        R         │   0.9769    │   0.0000   │   0.9139   │
│    Spearmanr     │   0.9631    │   0.0000   │   0.8425   │
│       MSE        │   0.0421    │   0.0000   │   0.1322   │
│       MAE        │   0.1041    │   0.0000   │   0.2506   │
│       RMSE       │   0.2053    │   0.0000   │   0.3636   │
└──────────────────┴─────────────┴────────────┴────────────┘
Info[iaw]:> Result, 0.9523860821041212, 0.8324834733596215, 0.9769325763472801, 0.9138745381761259, 0.9630526626820177, 0.842488810927242, 0.04213466353301213, 0.13222268864504047, 0.10410396827578935, 0.25056833221445607, 0.2052672977680861, 0.36362437850760293
Info[iaw]:> The model will be saved as 
`/home/iaw/DATA2/AAReact/train/output/pt/ddg/hyper_seed_1_test_0-2/search_optuna/seed_1_test_0-3/lgb
_rdkit.pkl`
[OK] Finished target=ddg search=optuna split=seed_1_test_0-3 model=lgb descriptor=rdkit
[INFO] Train target=ddg hyper=seed_1_test_0-2 search=optuna split=seed_1_test_0-3 model=lgb descriptor=xtb
                           Metric                           
┏━━━━━━━━━━━━━━━━━━┳━━━━━━━━━━━━━┳━━━━━━━━━━━━┳━━━━━━━━━━━━┓
┃       name       ┃    Train    ┃   Valid    ┃    Test    ┃
┡━━━━━━━━━━━━━━━━━━╇━━━━━━━━━━━━━╇━━━━━━━━━━━━╇━━━━━━━━━━━━┩
│        R2        │   0.9783    │   0.0000   │   0.8741   │
│        R         │   0.9895    │   0.0000   │   0.9373   │
│    Spearmanr     │   0.9735    │   0.0000   │   0.8885   │
│       MSE        │   0.0192    │   0.0000   │   0.0994   │
│       MAE        │   0.0911    │   0.0000   │   0.2205   │
│       RMSE       │   0.1384    │   0.0000   │   0.3153   │
└──────────────────┴─────────────┴────────────┴────────────┘
Info[iaw]:> Result, 0.9783487404081895, 0.8740529334024704, 0.9894776704444866, 0.9373005139069147, 0.9734799670307454, 0.8885220105506184, 0.019159703260751802, 0.09941144379283737, 0.09110432220939063, 0.22048489776699243, 0.13841857989717926, 0.3152958036397525
Info[iaw]:> The model will be saved as 
`/home/iaw/DATA2/AAReact/train/output/pt/ddg/hyper_seed_1_test_0-2/search_optuna/seed_1_test_0-3/lgb
_xtb.pkl`
[OK] Finished target=ddg search=optuna split=seed_1_test_0-3 model=lgb descriptor=xtb
[INFO] Train target=ddg hyper=seed_1_test_0-2 search=optuna split=seed_1_test_0-3 model=lgb descriptor=soap
                           Metric                           
┏━━━━━━━━━━━━━━━━━━┳━━━━━━━━━━━━━┳━━━━━━━━━━━━┳━━━━━━━━━━━━┓
┃       name       ┃    Train    ┃   Valid    ┃    Test    ┃
┡━━━━━━━━━━━━━━━━━━╇━━━━━━━━━━━━━╇━━━━━━━━━━━━╇━━━━━━━━━━━━┩
│        R2        │   0.4665    │   0.0000   │   0.4008   │
│        R         │   0.6856    │   0.0000   │   0.6353   │
│    Spearmanr     │   0.6339    │   0.0000   │   0.5860   │
│       MSE        │   0.4721    │   0.0000   │   0.4730   │
│       MAE        │   0.4981    │   0.0000   │   0.5359   │
│       RMSE       │   0.6871    │   0.0000   │   0.6877   │
└──────────────────┴─────────────┴────────────┴────────────┘
Info[iaw]:> Result, 0.4664980383482561, 0.40080431033439523, 0.6856084898209004, 0.6353368318073574, 0.6339064938027132, 0.5859720627877881, 0.4721082960985205, 0.4729519331677, 0.49805716572536757, 0.5358817590804978, 0.6871013725051934, 0.6877150086828846
Info[iaw]:> The model will be saved as 
`/home/iaw/DATA2/AAReact/train/output/pt/ddg/hyper_seed_1_test_0-2/search_optuna/seed_1_test_0-3/lgb
_soap.pkl`
[OK] Finished target=ddg search=optuna split=seed_1_test_0-3 model=lgb descriptor=soap
[INFO] Train target=ddg hyper=seed_1_test_0-2 search=optuna split=seed_1_test_0-3 model=lgb descriptor=acsf
                           Metric                           
┏━━━━━━━━━━━━━━━━━━┳━━━━━━━━━━━━━┳━━━━━━━━━━━━┳━━━━━━━━━━━━┓
┃       name       ┃    Train    ┃   Valid    ┃    Test    ┃
┡━━━━━━━━━━━━━━━━━━╇━━━━━━━━━━━━━╇━━━━━━━━━━━━╇━━━━━━━━━━━━┩
│        R2        │   0.9887    │   0.0000   │   0.8490   │
│        R         │   0.9945    │   0.0000   │   0.9236   │
│    Spearmanr     │   0.9862    │   0.0000   │   0.8565   │
│       MSE        │   0.0100    │   0.0000   │   0.1191   │
│       MAE        │   0.0638    │   0.0000   │   0.2424   │
│       RMSE       │   0.0998    │   0.0000   │   0.3452   │
└──────────────────┴─────────────┴────────────┴────────────┘
Info[iaw]:> Result, 0.9887351502125207, 0.8490493821183758, 0.9944703109204401, 0.9235600612728208, 0.9861938654377498, 0.8564767641330564, 0.009968527617981346, 0.1191470295452478, 0.06379225322524121, 0.2424132124433885, 0.09984251408083306, 0.34517680910693843
Info[iaw]:> The model will be saved as 
`/home/iaw/DATA2/AAReact/train/output/pt/ddg/hyper_seed_1_test_0-2/search_optuna/seed_1_test_0-3/lgb
_acsf.pkl`
[OK] Finished target=ddg search=optuna split=seed_1_test_0-3 model=lgb descriptor=acsf
[INFO] Train target=ddg hyper=seed_1_test_0-2 search=optuna split=seed_1_test_0-3 model=lgb descriptor=rdkit_soap
                           Metric                           
┏━━━━━━━━━━━━━━━━━━┳━━━━━━━━━━━━━┳━━━━━━━━━━━━┳━━━━━━━━━━━━┓
┃       name       ┃    Train    ┃   Valid    ┃    Test    ┃
┡━━━━━━━━━━━━━━━━━━╇━━━━━━━━━━━━━╇━━━━━━━━━━━━╇━━━━━━━━━━━━┩
│        R2        │   0.9892    │   0.0000   │   0.8644   │
│        R         │   0.9948    │   0.0000   │   0.9302   │
│    Spearmanr     │   0.9840    │   0.0000   │   0.8913   │
│       MSE        │   0.0096    │   0.0000   │   0.1071   │
│       MAE        │   0.0582    │   0.0000   │   0.2266   │
│       RMSE       │   0.0979    │   0.0000   │   0.3272   │
└──────────────────┴─────────────┴────────────┴────────────┘
Info[iaw]:> Result, 0.9891610389120797, 0.8643652954035593, 0.9947937844712638, 0.9302019759081611, 0.9840166505103496, 0.8913466871315989, 0.009591648800790296, 0.10705800600687937, 0.058154473466774236, 0.2266366370799387, 0.09793696340396867, 0.3271971974312729
Info[iaw]:> The model will be saved as 
`/home/iaw/DATA2/AAReact/train/output/pt/ddg/hyper_seed_1_test_0-2/search_optuna/seed_1_test_0-3/lgb
_rdkit_soap.pkl`
[OK] Finished target=ddg search=optuna split=seed_1_test_0-3 model=lgb descriptor=rdkit_soap
[INFO] Train target=ddg hyper=seed_1_test_0-2 search=optuna split=seed_1_test_0-3 model=lgb descriptor=soap_xtb
                           Metric                           
┏━━━━━━━━━━━━━━━━━━┳━━━━━━━━━━━━━┳━━━━━━━━━━━━┳━━━━━━━━━━━━┓
┃       name       ┃    Train    ┃   Valid    ┃    Test    ┃
┡━━━━━━━━━━━━━━━━━━╇━━━━━━━━━━━━━╇━━━━━━━━━━━━╇━━━━━━━━━━━━┩
│        R2        │   0.9983    │   0.0000   │   0.9162   │
│        R         │   0.9992    │   0.0000   │   0.9586   │
│    Spearmanr     │   0.9917    │   0.0000   │   0.9303   │
│       MSE        │   0.0015    │   0.0000   │   0.0662   │
│       MAE        │   0.0228    │   0.0000   │   0.1786   │
│       RMSE       │   0.0384    │   0.0000   │   0.2572   │
└──────────────────┴─────────────┴────────────┴────────────┘
Info[iaw]:> Result, 0.9983304950954224, 0.9161702679669743, 0.9991741635417439, 0.9586310485871217, 0.9917250281223595, 0.9302666030362049, 0.0014773837258030401, 0.06616775538568365, 0.022762278994753093, 0.17863406135635224, 0.03843674967791944, 0.2572309378470709
Info[iaw]:> The model will be saved as 
`/home/iaw/DATA2/AAReact/train/output/pt/ddg/hyper_seed_1_test_0-2/search_optuna/seed_1_test_0-3/lgb
_soap_xtb.pkl`
[OK] Finished target=ddg search=optuna split=seed_1_test_0-3 model=lgb descriptor=soap_xtb
[INFO] Train target=ddg hyper=seed_1_test_0-2 search=optuna split=seed_1_test_0-3 model=lgb descriptor=rdkit_xtb
                           Metric                           
┏━━━━━━━━━━━━━━━━━━┳━━━━━━━━━━━━━┳━━━━━━━━━━━━┳━━━━━━━━━━━━┓
┃       name       ┃    Train    ┃   Valid    ┃    Test    ┃
┡━━━━━━━━━━━━━━━━━━╇━━━━━━━━━━━━━╇━━━━━━━━━━━━╇━━━━━━━━━━━━┩
│        R2        │   0.9841    │   0.0000   │   0.8966   │
│        R         │   0.9924    │   0.0000   │   0.9472   │
│    Spearmanr     │   0.9811    │   0.0000   │   0.9075   │
│       MSE        │   0.0141    │   0.0000   │   0.0816   │
│       MAE        │   0.0703    │   0.0000   │   0.2001   │
│       RMSE       │   0.1186    │   0.0000   │   0.2857   │
└──────────────────┴─────────────┴────────────┴────────────┘
Info[iaw]:> Result, 0.9841047810433914, 0.8966020066607099, 0.9923747504668013, 0.9472290408303468, 0.981105921506218, 0.907507964556113, 0.014066049006612577, 0.08161320529987336, 0.07026561908799264, 0.20013311672135348, 0.11860037523807662, 0.28568025010468145
Info[iaw]:> The model will be saved as 
`/home/iaw/DATA2/AAReact/train/output/pt/ddg/hyper_seed_1_test_0-2/search_optuna/seed_1_test_0-3/lgb
_rdkit_xtb.pkl`
[OK] Finished target=ddg search=optuna split=seed_1_test_0-3 model=lgb descriptor=rdkit_xtb
[INFO] Train target=ddg hyper=seed_1_test_0-2 search=optuna split=seed_1_test_0-3 model=lgb descriptor=soap_acsf
                           Metric                           
┏━━━━━━━━━━━━━━━━━━┳━━━━━━━━━━━━━┳━━━━━━━━━━━━┳━━━━━━━━━━━━┓
┃       name       ┃    Train    ┃   Valid    ┃    Test    ┃
┡━━━━━━━━━━━━━━━━━━╇━━━━━━━━━━━━━╇━━━━━━━━━━━━╇━━━━━━━━━━━━┩
│        R2        │   0.9910    │   0.0000   │   0.8954   │
│        R         │   0.9956    │   0.0000   │   0.9479   │
│    Spearmanr     │   0.9863    │   0.0000   │   0.9039   │
│       MSE        │   0.0079    │   0.0000   │   0.0825   │
│       MAE        │   0.0529    │   0.0000   │   0.1929   │
│       RMSE       │   0.0890    │   0.0000   │   0.2873   │
└──────────────────┴─────────────┴────────────┴────────────┘
Info[iaw]:> Result, 0.9910475264328613, 0.8954315756646181, 0.9955973469433471, 0.9479156517689954, 0.9862819908038588, 0.9039480981800828, 0.007922252110495303, 0.08253703971956014, 0.05288363404622595, 0.19293245192681505, 0.08900703405065974, 0.28729260296701015
Info[iaw]:> The model will be saved as 
`/home/iaw/DATA2/AAReact/train/output/pt/ddg/hyper_seed_1_test_0-2/search_optuna/seed_1_test_0-3/lgb
_soap_acsf.pkl`
[OK] Finished target=ddg search=optuna split=seed_1_test_0-3 model=lgb descriptor=soap_acsf
[INFO] Train target=ddg hyper=seed_1_test_0-2 search=optuna split=seed_1_test_0-3 model=lgb descriptor=acsf_xtb
                           Metric                           
┏━━━━━━━━━━━━━━━━━━┳━━━━━━━━━━━━━┳━━━━━━━━━━━━┳━━━━━━━━━━━━┓
┃       name       ┃    Train    ┃   Valid    ┃    Test    ┃
┡━━━━━━━━━━━━━━━━━━╇━━━━━━━━━━━━━╇━━━━━━━━━━━━╇━━━━━━━━━━━━┩
│        R2        │   0.9869    │   0.0000   │   0.8835   │
│        R         │   0.9936    │   0.0000   │   0.9430   │
│    Spearmanr     │   0.9833    │   0.0000   │   0.8978   │
│       MSE        │   0.0116    │   0.0000   │   0.0919   │
│       MAE        │   0.0677    │   0.0000   │   0.2143   │
│       RMSE       │   0.1077    │   0.0000   │   0.3032   │
└──────────────────┴─────────────┴────────────┴────────────┘
Info[iaw]:> Result, 0.986903565631318, 0.8835477375754591, 0.9936216779841315, 0.9430141732893553, 0.9832520333632269, 0.8977505771884794, 0.011589339419900048, 0.09191708749803515, 0.0677240444086536, 0.21427105183851586, 0.10765379426615695, 0.3031783097420314
Info[iaw]:> The model will be saved as 
`/home/iaw/DATA2/AAReact/train/output/pt/ddg/hyper_seed_1_test_0-2/search_optuna/seed_1_test_0-3/lgb
_acsf_xtb.pkl`
[OK] Finished target=ddg search=optuna split=seed_1_test_0-3 model=lgb descriptor=acsf_xtb
[INFO] Train target=ddg hyper=seed_1_test_0-2 search=optuna split=seed_1_test_0-3 model=lgb descriptor=rdkit_acsf
                           Metric                           
┏━━━━━━━━━━━━━━━━━━┳━━━━━━━━━━━━━┳━━━━━━━━━━━━┳━━━━━━━━━━━━┓
┃       name       ┃    Train    ┃   Valid    ┃    Test    ┃
┡━━━━━━━━━━━━━━━━━━╇━━━━━━━━━━━━━╇━━━━━━━━━━━━╇━━━━━━━━━━━━┩
│        R2        │   0.9618    │   0.0000   │   0.8933   │
│        R         │   0.9829    │   0.0000   │   0.9472   │
│    Spearmanr     │   0.9672    │   0.0000   │   0.9029   │
│       MSE        │   0.0338    │   0.0000   │   0.0842   │
│       MAE        │   0.1125    │   0.0000   │   0.2055   │
│       RMSE       │   0.1839    │   0.0000   │   0.2902   │
└──────────────────┴─────────────┴────────────┴────────────┘
Info[iaw]:> Result, 0.9617946852279433, 0.8932845080290689, 0.9829414362411111, 0.9472057050014866, 0.9671577495891803, 0.9028646605873779, 0.03380877176739878, 0.08423174448194166, 0.11249396589689985, 0.20550206330957022, 0.1838716176232721, 0.29022705677097316
Info[iaw]:> The model will be saved as 
`/home/iaw/DATA2/AAReact/train/output/pt/ddg/hyper_seed_1_test_0-2/search_optuna/seed_1_test_0-3/lgb
_rdkit_acsf.pkl`
[OK] Finished target=ddg search=optuna split=seed_1_test_0-3 model=lgb descriptor=rdkit_acsf
[INFO] Train target=ddg hyper=seed_1_test_0-2 search=optuna split=seed_1_test_0-3 model=lgb descriptor=rdkit_soap_xtb
                           Metric                           
┏━━━━━━━━━━━━━━━━━━┳━━━━━━━━━━━━━┳━━━━━━━━━━━━┳━━━━━━━━━━━━┓
┃       name       ┃    Train    ┃   Valid    ┃    Test    ┃
┡━━━━━━━━━━━━━━━━━━╇━━━━━━━━━━━━━╇━━━━━━━━━━━━╇━━━━━━━━━━━━┩
│        R2        │   0.9920    │   0.0000   │   0.8883   │
│        R         │   0.9961    │   0.0000   │   0.9427   │
│    Spearmanr     │   0.9866    │   0.0000   │   0.9076   │
│       MSE        │   0.0071    │   0.0000   │   0.0882   │
│       MAE        │   0.0464    │   0.0000   │   0.2063   │
│       RMSE       │   0.0842    │   0.0000   │   0.2970   │
└──────────────────┴─────────────┴────────────┴────────────┘
Info[iaw]:> Result, 0.99198894322069, 0.8882801872729784, 0.9960982195990821, 0.942718327951849, 0.9865857641246818, 0.9076498432884911, 0.007089170495866678, 0.08818171144032395, 0.046365656046515, 0.20626183696838735, 0.08419721192454462, 0.29695405611024067
Info[iaw]:> The model will be saved as 
`/home/iaw/DATA2/AAReact/train/output/pt/ddg/hyper_seed_1_test_0-2/search_optuna/seed_1_test_0-3/lgb
_rdkit_soap_xtb.pkl`
[OK] Finished target=ddg search=optuna split=seed_1_test_0-3 model=lgb descriptor=rdkit_soap_xtb
[INFO] Train target=ddg hyper=seed_1_test_0-2 search=optuna split=seed_1_test_0-3 model=lgb descriptor=rdkit_soap_acsf
                           Metric                           
┏━━━━━━━━━━━━━━━━━━┳━━━━━━━━━━━━━┳━━━━━━━━━━━━┳━━━━━━━━━━━━┓
┃       name       ┃    Train    ┃   Valid    ┃    Test    ┃
┡━━━━━━━━━━━━━━━━━━╇━━━━━━━━━━━━━╇━━━━━━━━━━━━╇━━━━━━━━━━━━┩
│        R2        │   0.9743    │   0.0000   │   0.9036   │
│        R         │   0.9885    │   0.0000   │   0.9523   │
│    Spearmanr     │   0.9762    │   0.0000   │   0.9078   │
│       MSE        │   0.0227    │   0.0000   │   0.0761   │
│       MAE        │   0.0932    │   0.0000   │   0.1952   │
│       RMSE       │   0.1507    │   0.0000   │   0.2759   │
└──────────────────┴─────────────┴────────────┴────────────┘
Info[iaw]:> Result, 0.9743487584715005, 0.903553231583949, 0.9884606869856258, 0.9523134940284265, 0.9762377726054524, 0.9077981710541589, 0.022699380323434926, 0.07612652486803625, 0.09323860171000194, 0.19515906968646196, 0.15066313525024935, 0.2759103565798795
Info[iaw]:> The model will be saved as 
`/home/iaw/DATA2/AAReact/train/output/pt/ddg/hyper_seed_1_test_0-2/search_optuna/seed_1_test_0-3/lgb
_rdkit_soap_acsf.pkl`
[OK] Finished target=ddg search=optuna split=seed_1_test_0-3 model=lgb descriptor=rdkit_soap_acsf
[INFO] Train target=ddg hyper=seed_1_test_0-2 search=optuna split=seed_1_test_0-3 model=lgb descriptor=rdkit_xtb_acsf
                           Metric                           
┏━━━━━━━━━━━━━━━━━━┳━━━━━━━━━━━━━┳━━━━━━━━━━━━┳━━━━━━━━━━━━┓
┃       name       ┃    Train    ┃   Valid    ┃    Test    ┃
┡━━━━━━━━━━━━━━━━━━╇━━━━━━━━━━━━━╇━━━━━━━━━━━━╇━━━━━━━━━━━━┩
│        R2        │   0.9883    │   0.0000   │   0.9264   │
│        R         │   0.9944    │   0.0000   │   0.9631   │
│    Spearmanr     │   0.9855    │   0.0000   │   0.9272   │
│       MSE        │   0.0104    │   0.0000   │   0.0581   │
│       MAE        │   0.0582    │   0.0000   │   0.1651   │
│       RMSE       │   0.1020    │   0.0000   │   0.2410   │
└──────────────────┴─────────────┴────────────┴────────────┘
Info[iaw]:> Result, 0.9882535243564894, 0.9264232579480237, 0.994392339103899, 0.9630651648598408, 0.9854790132032534, 0.9271581689904683, 0.010394729541483107, 0.05807495445950785, 0.058156774620885615, 0.16511976757722469, 0.10195454644832229, 0.24098745705846986
Info[iaw]:> The model will be saved as 
`/home/iaw/DATA2/AAReact/train/output/pt/ddg/hyper_seed_1_test_0-2/search_optuna/seed_1_test_0-3/lgb
_rdkit_xtb_acsf.pkl`
[OK] Finished target=ddg search=optuna split=seed_1_test_0-3 model=lgb descriptor=rdkit_xtb_acsf
[INFO] Train target=ddg hyper=seed_1_test_0-2 search=optuna split=seed_1_test_0-3 model=lgb descriptor=soap_xtb_acsf
                           Metric                           
┏━━━━━━━━━━━━━━━━━━┳━━━━━━━━━━━━━┳━━━━━━━━━━━━┳━━━━━━━━━━━━┓
┃       name       ┃    Train    ┃   Valid    ┃    Test    ┃
┡━━━━━━━━━━━━━━━━━━╇━━━━━━━━━━━━━╇━━━━━━━━━━━━╇━━━━━━━━━━━━┩
│        R2        │   0.9964    │   0.0000   │   0.9027   │
│        R         │   0.9982    │   0.0000   │   0.9521   │
│    Spearmanr     │   0.9888    │   0.0000   │   0.9167   │
│       MSE        │   0.0032    │   0.0000   │   0.0768   │
│       MAE        │   0.0354    │   0.0000   │   0.1983   │
│       RMSE       │   0.0563    │   0.0000   │   0.2771   │
└──────────────────┴─────────────┴────────────┴────────────┘
Info[iaw]:> Result, 0.9964164402400996, 0.9026872414202745, 0.9982210814415969, 0.9520757065371476, 0.9887650525901082, 0.9166784898943648, 0.0031711753917002343, 0.07681006069627741, 0.03538030118642189, 0.19828135082758302, 0.05631319021064456, 0.27714628032192207
Info[iaw]:> The model will be saved as 
`/home/iaw/DATA2/AAReact/train/output/pt/ddg/hyper_seed_1_test_0-2/search_optuna/seed_1_test_0-3/lgb
_soap_xtb_acsf.pkl`
[OK] Finished target=ddg search=optuna split=seed_1_test_0-3 model=lgb descriptor=soap_xtb_acsf
[INFO] Train target=ddg hyper=seed_1_test_0-2 search=optuna split=seed_1_test_0-3 model=lgb descriptor=rdkit_soap_xtb_acsf
                           Metric                           
┏━━━━━━━━━━━━━━━━━━┳━━━━━━━━━━━━━┳━━━━━━━━━━━━┳━━━━━━━━━━━━┓
┃       name       ┃    Train    ┃   Valid    ┃    Test    ┃
┡━━━━━━━━━━━━━━━━━━╇━━━━━━━━━━━━━╇━━━━━━━━━━━━╇━━━━━━━━━━━━┩
│        R2        │   0.9921    │   0.0000   │   0.9272   │
│        R         │   0.9962    │   0.0000   │   0.9632   │
│    Spearmanr     │   0.9869    │   0.0000   │   0.9289   │
│       MSE        │   0.0070    │   0.0000   │   0.0574   │
│       MAE        │   0.0487    │   0.0000   │   0.1663   │
│       RMSE       │   0.0838    │   0.0000   │   0.2396   │
└──────────────────┴─────────────┴────────────┴────────────┘
Info[iaw]:> Result, 0.9920609526152545, 0.9272498383003347, 0.996161089750127, 0.9632457343013396, 0.9869211589004028, 0.9289381021784835, 0.00702544770754611, 0.057422525240996454, 0.048731678915585545, 0.16626385064807747, 0.08381794382795435, 0.23962997567290378
Info[iaw]:> The model will be saved as 
`/home/iaw/DATA2/AAReact/train/output/pt/ddg/hyper_seed_1_test_0-2/search_optuna/seed_1_test_0-3/lgb
_rdkit_soap_xtb_acsf.pkl`
[OK] Finished target=ddg search=optuna split=seed_1_test_0-3 model=lgb descriptor=rdkit_soap_xtb_acsf
[INFO] Train target=ddg hyper=seed_1_test_0-2 search=optuna split=seed_1_test_0-3 model=xgb descriptor=rdkit
                           Metric                           
┏━━━━━━━━━━━━━━━━━━┳━━━━━━━━━━━━━┳━━━━━━━━━━━━┳━━━━━━━━━━━━┓
┃       name       ┃    Train    ┃   Valid    ┃    Test    ┃
┡━━━━━━━━━━━━━━━━━━╇━━━━━━━━━━━━━╇━━━━━━━━━━━━╇━━━━━━━━━━━━┩
│        R2        │   0.9526    │   0.0000   │   0.8792   │
│        R         │   0.9779    │   0.0000   │   0.9401   │
│    Spearmanr     │   0.9658    │   0.0000   │   0.8863   │
│       MSE        │   0.0420    │   0.0000   │   0.0953   │
│       MAE        │   0.1145    │   0.0000   │   0.2060   │
│       RMSE       │   0.2049    │   0.0000   │   0.3088   │
└──────────────────┴─────────────┴────────────┴────────────┘
Info[iaw]:> Result, 0.9525677007522693, 0.8792270673167915, 0.9778595061884272, 0.9400910930797226, 0.965848310325701, 0.8863422372986289, 0.0419739449664835, 0.09532744138852707, 0.11453794423004908, 0.20595168833997266, 0.2048754376846661, 0.3087514232979778
Info[iaw]:> The model will be saved as 
`/home/iaw/DATA2/AAReact/train/output/pt/ddg/hyper_seed_1_test_0-2/search_optuna/seed_1_test_0-3/xgb
_rdkit.pkl`
[OK] Finished target=ddg search=optuna split=seed_1_test_0-3 model=xgb descriptor=rdkit
[INFO] Train target=ddg hyper=seed_1_test_0-2 search=optuna split=seed_1_test_0-3 model=xgb descriptor=xtb
                           Metric                           
┏━━━━━━━━━━━━━━━━━━┳━━━━━━━━━━━━━┳━━━━━━━━━━━━┳━━━━━━━━━━━━┓
┃       name       ┃    Train    ┃   Valid    ┃    Test    ┃
┡━━━━━━━━━━━━━━━━━━╇━━━━━━━━━━━━━╇━━━━━━━━━━━━╇━━━━━━━━━━━━┩
│        R2        │   0.9843    │   0.0000   │   0.8901   │
│        R         │   0.9924    │   0.0000   │   0.9466   │
│    Spearmanr     │   0.9797    │   0.0000   │   0.9075   │
│       MSE        │   0.0139    │   0.0000   │   0.0868   │
│       MAE        │   0.0761    │   0.0000   │   0.2144   │
│       RMSE       │   0.1180    │   0.0000   │   0.2946   │
└──────────────────┴─────────────┴────────────┴────────────┘
Info[iaw]:> Result, 0.9842658306008396, 0.8900680698222696, 0.9923769080990446, 0.9465723727918086, 0.9796819192667969, 0.9074950664895333, 0.01392353250691902, 0.08677051552795696, 0.076058398358498, 0.21439104586175864, 0.1179980190804872, 0.2945683545935594
Info[iaw]:> The model will be saved as 
`/home/iaw/DATA2/AAReact/train/output/pt/ddg/hyper_seed_1_test_0-2/search_optuna/seed_1_test_0-3/xgb
_xtb.pkl`
[OK] Finished target=ddg search=optuna split=seed_1_test_0-3 model=xgb descriptor=xtb
[INFO] Train target=ddg hyper=seed_1_test_0-2 search=optuna split=seed_1_test_0-3 model=xgb descriptor=soap
                           Metric                           
┏━━━━━━━━━━━━━━━━━━┳━━━━━━━━━━━━━┳━━━━━━━━━━━━┳━━━━━━━━━━━━┓
┃       name       ┃    Train    ┃   Valid    ┃    Test    ┃
┡━━━━━━━━━━━━━━━━━━╇━━━━━━━━━━━━━╇━━━━━━━━━━━━╇━━━━━━━━━━━━┩
│        R2        │   0.4729    │   0.0000   │   0.4103   │
│        R         │   0.6902    │   0.0000   │   0.6430   │
│    Spearmanr     │   0.6320    │   0.0000   │   0.5851   │
│       MSE        │   0.4665    │   0.0000   │   0.4655   │
│       MAE        │   0.4903    │   0.0000   │   0.5326   │
│       RMSE       │   0.6830    │   0.0000   │   0.6822   │
└──────────────────┴─────────────┴────────────┴────────────┘
Info[iaw]:> Result, 0.4728632945905883, 0.4103020075994479, 0.6901759764183515, 0.6429823027428532, 0.631989507897588, 0.5850563000606209, 0.4664755327821607, 0.4654552933226186, 0.49031062395919356, 0.5326230724156903, 0.6829901410578052, 0.6822428404333889
Info[iaw]:> The model will be saved as 
`/home/iaw/DATA2/AAReact/train/output/pt/ddg/hyper_seed_1_test_0-2/search_optuna/seed_1_test_0-3/xgb
_soap.pkl`
[OK] Finished target=ddg search=optuna split=seed_1_test_0-3 model=xgb descriptor=soap
[INFO] Train target=ddg hyper=seed_1_test_0-2 search=optuna split=seed_1_test_0-3 model=xgb descriptor=acsf
                           Metric                           
┏━━━━━━━━━━━━━━━━━━┳━━━━━━━━━━━━━┳━━━━━━━━━━━━┳━━━━━━━━━━━━┓
┃       name       ┃    Train    ┃   Valid    ┃    Test    ┃
┡━━━━━━━━━━━━━━━━━━╇━━━━━━━━━━━━━╇━━━━━━━━━━━━╇━━━━━━━━━━━━┩
│        R2        │   0.9830    │   0.0000   │   0.8550   │
│        R         │   0.9918    │   0.0000   │   0.9261   │
│    Spearmanr     │   0.9816    │   0.0000   │   0.8591   │
│       MSE        │   0.0150    │   0.0000   │   0.1145   │
│       MAE        │   0.0789    │   0.0000   │   0.2303   │
│       RMSE       │   0.1226    │   0.0000   │   0.3384   │
└──────────────────┴─────────────┴────────────┴────────────┘
Info[iaw]:> Result, 0.9830197471277318, 0.8549501362252612, 0.9918017660436736, 0.9260854913744963, 0.981617567014157, 0.8591337658484993, 0.01502622075845627, 0.11448949760679851, 0.0788732581346676, 0.23027860526995128, 0.12258148619777895, 0.33836296725084813
Info[iaw]:> The model will be saved as 
`/home/iaw/DATA2/AAReact/train/output/pt/ddg/hyper_seed_1_test_0-2/search_optuna/seed_1_test_0-3/xgb
_acsf.pkl`
[OK] Finished target=ddg search=optuna split=seed_1_test_0-3 model=xgb descriptor=acsf
[INFO] Train target=ddg hyper=seed_1_test_0-2 search=optuna split=seed_1_test_0-3 model=xgb descriptor=rdkit_soap
                           Metric                           
┏━━━━━━━━━━━━━━━━━━┳━━━━━━━━━━━━━┳━━━━━━━━━━━━┳━━━━━━━━━━━━┓
┃       name       ┃    Train    ┃   Valid    ┃    Test    ┃
┡━━━━━━━━━━━━━━━━━━╇━━━━━━━━━━━━━╇━━━━━━━━━━━━╇━━━━━━━━━━━━┩
│        R2        │   0.9885    │   0.0000   │   0.9191   │
│        R         │   0.9948    │   0.0000   │   0.9591   │
│    Spearmanr     │   0.9889    │   0.0000   │   0.9223   │
│       MSE        │   0.0101    │   0.0000   │   0.0639   │
│       MAE        │   0.0574    │   0.0000   │   0.1702   │
│       RMSE       │   0.1007    │   0.0000   │   0.2528   │
└──────────────────┴─────────────┴────────────┴────────────┘
Info[iaw]:> Result, 0.9885428846982511, 0.9190531300543048, 0.9947661753906722, 0.9591374707990123, 0.9889200495575589, 0.9223213940230359, 0.010138667844006542, 0.06389227974262666, 0.05735978668878443, 0.17022905978077382, 0.10069095214569451, 0.25276922230094917
Info[iaw]:> The model will be saved as 
`/home/iaw/DATA2/AAReact/train/output/pt/ddg/hyper_seed_1_test_0-2/search_optuna/seed_1_test_0-3/xgb
_rdkit_soap.pkl`
[OK] Finished target=ddg search=optuna split=seed_1_test_0-3 model=xgb descriptor=rdkit_soap
[INFO] Train target=ddg hyper=seed_1_test_0-2 search=optuna split=seed_1_test_0-3 model=xgb descriptor=soap_xtb
                           Metric                           
┏━━━━━━━━━━━━━━━━━━┳━━━━━━━━━━━━━┳━━━━━━━━━━━━┳━━━━━━━━━━━━┓
┃       name       ┃    Train    ┃   Valid    ┃    Test    ┃
┡━━━━━━━━━━━━━━━━━━╇━━━━━━━━━━━━━╇━━━━━━━━━━━━╇━━━━━━━━━━━━┩
│        R2        │   0.9920    │   0.0000   │   0.9143   │
│        R         │   0.9962    │   0.0000   │   0.9575   │
│    Spearmanr     │   0.9876    │   0.0000   │   0.9262   │
│       MSE        │   0.0070    │   0.0000   │   0.0677   │
│       MAE        │   0.0508    │   0.0000   │   0.1794   │
│       RMSE       │   0.0839    │   0.0000   │   0.2601   │
└──────────────────┴─────────────┴────────────┴────────────┘
Info[iaw]:> Result, 0.9920416260674483, 0.9142839077766896, 0.9962136278850442, 0.9574983186055285, 0.9875613637659597, 0.9262295081967213, 0.007042550219270725, 0.06765668081360797, 0.0507905349600767, 0.17937569200037629, 0.08391990359426496, 0.26010897872547184
Info[iaw]:> The model will be saved as 
`/home/iaw/DATA2/AAReact/train/output/pt/ddg/hyper_seed_1_test_0-2/search_optuna/seed_1_test_0-3/xgb
_soap_xtb.pkl`
[OK] Finished target=ddg search=optuna split=seed_1_test_0-3 model=xgb descriptor=soap_xtb
[INFO] Train target=ddg hyper=seed_1_test_0-2 search=optuna split=seed_1_test_0-3 model=xgb descriptor=rdkit_xtb
                           Metric                           
┏━━━━━━━━━━━━━━━━━━┳━━━━━━━━━━━━━┳━━━━━━━━━━━━┳━━━━━━━━━━━━┓
┃       name       ┃    Train    ┃   Valid    ┃    Test    ┃
┡━━━━━━━━━━━━━━━━━━╇━━━━━━━━━━━━━╇━━━━━━━━━━━━╇━━━━━━━━━━━━┩
│        R2        │   0.9929    │   0.0000   │   0.8980   │
│        R         │   0.9965    │   0.0000   │   0.9498   │
│    Spearmanr     │   0.9860    │   0.0000   │   0.9134   │
│       MSE        │   0.0063    │   0.0000   │   0.0805   │
│       MAE        │   0.0457    │   0.0000   │   0.1965   │
│       RMSE       │   0.0794    │   0.0000   │   0.2837   │
└──────────────────┴─────────────┴────────────┴────────────┘
Info[iaw]:> Result, 0.9928779163331289, 0.898023669056018, 0.9965130097357162, 0.9497676692253996, 0.9860134676294795, 0.9133959319498007, 0.006302497509526444, 0.08049107109602414, 0.045675344346517925, 0.1964915769744735, 0.07938827060420478, 0.2837094836201711
Info[iaw]:> The model will be saved as 
`/home/iaw/DATA2/AAReact/train/output/pt/ddg/hyper_seed_1_test_0-2/search_optuna/seed_1_test_0-3/xgb
_rdkit_xtb.pkl`
[OK] Finished target=ddg search=optuna split=seed_1_test_0-3 model=xgb descriptor=rdkit_xtb
[INFO] Train target=ddg hyper=seed_1_test_0-2 search=optuna split=seed_1_test_0-3 model=xgb descriptor=soap_acsf
                           Metric                           
┏━━━━━━━━━━━━━━━━━━┳━━━━━━━━━━━━━┳━━━━━━━━━━━━┳━━━━━━━━━━━━┓
┃       name       ┃    Train    ┃   Valid    ┃    Test    ┃
┡━━━━━━━━━━━━━━━━━━╇━━━━━━━━━━━━━╇━━━━━━━━━━━━╇━━━━━━━━━━━━┩
│        R2        │   0.9974    │   0.0000   │   0.8994   │
│        R         │   0.9987    │   0.0000   │   0.9486   │
│    Spearmanr     │   0.9905    │   0.0000   │   0.9087   │
│       MSE        │   0.0023    │   0.0000   │   0.0794   │
│       MAE        │   0.0332    │   0.0000   │   0.1873   │
│       RMSE       │   0.0484    │   0.0000   │   0.2818   │
└──────────────────┴─────────────┴────────────┴────────────┘
Info[iaw]:> Result, 0.9973564566582609, 0.8993736676796594, 0.9987119600370378, 0.9486194642640151, 0.9904949016883784, 0.9087461789477758, 0.0023393329967654588, 0.07942550191747873, 0.03316253815705886, 0.18725825452555678, 0.048366651700995994, 0.2818253038984944
Info[iaw]:> The model will be saved as 
`/home/iaw/DATA2/AAReact/train/output/pt/ddg/hyper_seed_1_test_0-2/search_optuna/seed_1_test_0-3/xgb
_soap_acsf.pkl`
[OK] Finished target=ddg search=optuna split=seed_1_test_0-3 model=xgb descriptor=soap_acsf
[INFO] Train target=ddg hyper=seed_1_test_0-2 search=optuna split=seed_1_test_0-3 model=xgb descriptor=acsf_xtb
                           Metric                           
┏━━━━━━━━━━━━━━━━━━┳━━━━━━━━━━━━━┳━━━━━━━━━━━━┳━━━━━━━━━━━━┓
┃       name       ┃    Train    ┃   Valid    ┃    Test    ┃
┡━━━━━━━━━━━━━━━━━━╇━━━━━━━━━━━━━╇━━━━━━━━━━━━╇━━━━━━━━━━━━┩
│        R2        │   0.9927    │   0.0000   │   0.9181   │
│        R         │   0.9965    │   0.0000   │   0.9592   │
│    Spearmanr     │   0.9887    │   0.0000   │   0.9204   │
│       MSE        │   0.0065    │   0.0000   │   0.0647   │
│       MAE        │   0.0475    │   0.0000   │   0.1795   │
│       RMSE       │   0.0806    │   0.0000   │   0.2543   │
└──────────────────┴─────────────┴────────────┴────────────┘
Info[iaw]:> Result, 0.9926609363384473, 0.9180819534631393, 0.9964797015896828, 0.959196109532927, 0.9887469091323798, 0.9204060311359328, 0.006494508154172344, 0.06465884040746611, 0.047475520890355984, 0.1794902831136602, 0.08058851130385983, 0.25428102644016937
Info[iaw]:> The model will be saved as 
`/home/iaw/DATA2/AAReact/train/output/pt/ddg/hyper_seed_1_test_0-2/search_optuna/seed_1_test_0-3/xgb
_acsf_xtb.pkl`
[OK] Finished target=ddg search=optuna split=seed_1_test_0-3 model=xgb descriptor=acsf_xtb
[INFO] Train target=ddg hyper=seed_1_test_0-2 search=optuna split=seed_1_test_0-3 model=xgb descriptor=rdkit_acsf
                           Metric                           
┏━━━━━━━━━━━━━━━━━━┳━━━━━━━━━━━━━┳━━━━━━━━━━━━┳━━━━━━━━━━━━┓
┃       name       ┃    Train    ┃   Valid    ┃    Test    ┃
┡━━━━━━━━━━━━━━━━━━╇━━━━━━━━━━━━━╇━━━━━━━━━━━━╇━━━━━━━━━━━━┩
│        R2        │   0.9917    │   0.0000   │   0.9209   │
│        R         │   0.9962    │   0.0000   │   0.9611   │
│    Spearmanr     │   0.9891    │   0.0000   │   0.9382   │
│       MSE        │   0.0074    │   0.0000   │   0.0625   │
│       MAE        │   0.0515    │   0.0000   │   0.1675   │
│       RMSE       │   0.0857    │   0.0000   │   0.2499   │
└──────────────────┴─────────────┴────────────┴────────────┘
Info[iaw]:> Result, 0.9916916773264627, 0.9208618866128518, 0.9962395438785852, 0.9611215808567842, 0.9891377710502989, 0.9382118120493738, 0.007352228000617641, 0.06246460773872429, 0.0514670488918863, 0.16748182292088856, 0.08574513397632336, 0.249929205453713
Info[iaw]:> The model will be saved as 
`/home/iaw/DATA2/AAReact/train/output/pt/ddg/hyper_seed_1_test_0-2/search_optuna/seed_1_test_0-3/xgb
_rdkit_acsf.pkl`
[OK] Finished target=ddg search=optuna split=seed_1_test_0-3 model=xgb descriptor=rdkit_acsf
[INFO] Train target=ddg hyper=seed_1_test_0-2 search=optuna split=seed_1_test_0-3 model=xgb descriptor=rdkit_soap_xtb
                           Metric                           
┏━━━━━━━━━━━━━━━━━━┳━━━━━━━━━━━━━┳━━━━━━━━━━━━┳━━━━━━━━━━━━┓
┃       name       ┃    Train    ┃   Valid    ┃    Test    ┃
┡━━━━━━━━━━━━━━━━━━╇━━━━━━━━━━━━━╇━━━━━━━━━━━━╇━━━━━━━━━━━━┩
│        R2        │   0.9986    │   0.0000   │   0.9253   │
│        R         │   0.9993    │   0.0000   │   0.9621   │
│    Spearmanr     │   0.9923    │   0.0000   │   0.9287   │
│       MSE        │   0.0012    │   0.0000   │   0.0589   │
│       MAE        │   0.0204    │   0.0000   │   0.1669   │
│       RMSE       │   0.0353    │   0.0000   │   0.2428   │
└──────────────────┴─────────────┴────────────┴────────────┘
Info[iaw]:> Result, 0.9985932342244178, 0.9253202667700419, 0.9993183817546845, 0.9620919589908902, 0.9922859201584183, 0.9286607937470174, 0.0012448797587615546, 0.05894555786819481, 0.020386982765062473, 0.16689752409571615, 0.03528285360853845, 0.24278706281059295
Info[iaw]:> The model will be saved as 
`/home/iaw/DATA2/AAReact/train/output/pt/ddg/hyper_seed_1_test_0-2/search_optuna/seed_1_test_0-3/xgb
_rdkit_soap_xtb.pkl`
[OK] Finished target=ddg search=optuna split=seed_1_test_0-3 model=xgb descriptor=rdkit_soap_xtb
[INFO] Train target=ddg hyper=seed_1_test_0-2 search=optuna split=seed_1_test_0-3 model=xgb descriptor=rdkit_soap_acsf
                           Metric                           
┏━━━━━━━━━━━━━━━━━━┳━━━━━━━━━━━━━┳━━━━━━━━━━━━┳━━━━━━━━━━━━┓
┃       name       ┃    Train    ┃   Valid    ┃    Test    ┃
┡━━━━━━━━━━━━━━━━━━╇━━━━━━━━━━━━━╇━━━━━━━━━━━━╇━━━━━━━━━━━━┩
│        R2        │   0.9834    │   0.0000   │   0.9201   │
│        R         │   0.9926    │   0.0000   │   0.9604   │
│    Spearmanr     │   0.9872    │   0.0000   │   0.9219   │
│       MSE        │   0.0147    │   0.0000   │   0.0630   │
│       MAE        │   0.0678    │   0.0000   │   0.1708   │
│       RMSE       │   0.1213    │   0.0000   │   0.2511   │
└──────────────────┴─────────────┴────────────┴────────────┘
Info[iaw]:> Result, 0.9833754954406038, 0.9201325332176541, 0.9926464249150309, 0.96040366740816, 0.987163762849456, 0.9219344520256414, 0.014711410801038362, 0.06304029462060705, 0.06780545461769458, 0.1707529815047264, 0.12129060475172165, 0.2510782639349871
Info[iaw]:> The model will be saved as 
`/home/iaw/DATA2/AAReact/train/output/pt/ddg/hyper_seed_1_test_0-2/search_optuna/seed_1_test_0-3/xgb
_rdkit_soap_acsf.pkl`
[OK] Finished target=ddg search=optuna split=seed_1_test_0-3 model=xgb descriptor=rdkit_soap_acsf
[INFO] Train target=ddg hyper=seed_1_test_0-2 search=optuna split=seed_1_test_0-3 model=xgb descriptor=rdkit_xtb_acsf
                           Metric                           
┏━━━━━━━━━━━━━━━━━━┳━━━━━━━━━━━━━┳━━━━━━━━━━━━┳━━━━━━━━━━━━┓
┃       name       ┃    Train    ┃   Valid    ┃    Test    ┃
┡━━━━━━━━━━━━━━━━━━╇━━━━━━━━━━━━━╇━━━━━━━━━━━━╇━━━━━━━━━━━━┩
│        R2        │   0.9920    │   0.0000   │   0.9296   │
│        R         │   0.9963    │   0.0000   │   0.9651   │
│    Spearmanr     │   0.9887    │   0.0000   │   0.9377   │
│       MSE        │   0.0071    │   0.0000   │   0.0556   │
│       MAE        │   0.0469    │   0.0000   │   0.1629   │
│       RMSE       │   0.0841    │   0.0000   │   0.2358   │
└──────────────────┴─────────────┴────────────┴────────────┘
Info[iaw]:> Result, 0.9920088348396475, 0.9295846754977958, 0.9962976850903286, 0.9651306235587129, 0.9886800375310383, 0.9376700932530214, 0.007071567939535702, 0.05557961184022197, 0.04691858017781081, 0.1628785777959959, 0.08409261524970967, 0.23575328595848238
Info[iaw]:> The model will be saved as 
`/home/iaw/DATA2/AAReact/train/output/pt/ddg/hyper_seed_1_test_0-2/search_optuna/seed_1_test_0-3/xgb
_rdkit_xtb_acsf.pkl`
[OK] Finished target=ddg search=optuna split=seed_1_test_0-3 model=xgb descriptor=rdkit_xtb_acsf
[INFO] Train target=ddg hyper=seed_1_test_0-2 search=optuna split=seed_1_test_0-3 model=xgb descriptor=soap_xtb_acsf
                           Metric                           
┏━━━━━━━━━━━━━━━━━━┳━━━━━━━━━━━━━┳━━━━━━━━━━━━┳━━━━━━━━━━━━┓
┃       name       ┃    Train    ┃   Valid    ┃    Test    ┃
┡━━━━━━━━━━━━━━━━━━╇━━━━━━━━━━━━━╇━━━━━━━━━━━━╇━━━━━━━━━━━━┩
│        R2        │   0.9889    │   0.0000   │   0.8947   │
│        R         │   0.9946    │   0.0000   │   0.9467   │
│    Spearmanr     │   0.9852    │   0.0000   │   0.9070   │
│       MSE        │   0.0098    │   0.0000   │   0.0831   │
│       MAE        │   0.0635    │   0.0000   │   0.2071   │
│       RMSE       │   0.0990    │   0.0000   │   0.2883   │
└──────────────────┴─────────────┴────────────┴────────────┘
Info[iaw]:> Result, 0.9889142754911289, 0.8947268068135761, 0.9946243969641899, 0.9466966949387892, 0.9852374460232133, 0.90701138899279, 0.009810015492158838, 0.0830933217427548, 0.06347315888297318, 0.20714303633777031, 0.09904552232261102, 0.2882591225664069
Info[iaw]:> The model will be saved as 
`/home/iaw/DATA2/AAReact/train/output/pt/ddg/hyper_seed_1_test_0-2/search_optuna/seed_1_test_0-3/xgb
_soap_xtb_acsf.pkl`
[OK] Finished target=ddg search=optuna split=seed_1_test_0-3 model=xgb descriptor=soap_xtb_acsf
[INFO] Train target=ddg hyper=seed_1_test_0-2 search=optuna split=seed_1_test_0-3 model=xgb descriptor=rdkit_soap_xtb_acsf
                           Metric                           
┏━━━━━━━━━━━━━━━━━━┳━━━━━━━━━━━━━┳━━━━━━━━━━━━┳━━━━━━━━━━━━┓
┃       name       ┃    Train    ┃   Valid    ┃    Test    ┃
┡━━━━━━━━━━━━━━━━━━╇━━━━━━━━━━━━━╇━━━━━━━━━━━━╇━━━━━━━━━━━━┩
│        R2        │   0.9966    │   0.0000   │   0.9201   │
│        R         │   0.9984    │   0.0000   │   0.9598   │
│    Spearmanr     │   0.9894    │   0.0000   │   0.9328   │
│       MSE        │   0.0030    │   0.0000   │   0.0631   │
│       MAE        │   0.0338    │   0.0000   │   0.1692   │
│       RMSE       │   0.0550    │   0.0000   │   0.2512   │
└──────────────────┴─────────────┴────────────┴────────────┘
Info[iaw]:> Result, 0.9965812028561793, 0.920085251577095, 0.9983866241029408, 0.9598498023460933, 0.989391261073989, 0.9328462163521688, 0.003025373120051015, 0.06307761455413034, 0.033752819612312315, 0.1691723826638926, 0.05500339189587325, 0.25115257226261956
Info[iaw]:> The model will be saved as 
`/home/iaw/DATA2/AAReact/train/output/pt/ddg/hyper_seed_1_test_0-2/search_optuna/seed_1_test_0-3/xgb
_rdkit_soap_xtb_acsf.pkl`
[OK] Finished target=ddg search=optuna split=seed_1_test_0-3 model=xgb descriptor=rdkit_soap_xtb_acsf
[INFO] Train target=ddg hyper=seed_1_test_0-2 search=optuna split=seed_1_test_0-3 model=rf descriptor=rdkit
                           Metric                           
┏━━━━━━━━━━━━━━━━━━┳━━━━━━━━━━━━━┳━━━━━━━━━━━━┳━━━━━━━━━━━━┓
┃       name       ┃    Train    ┃   Valid    ┃    Test    ┃
┡━━━━━━━━━━━━━━━━━━╇━━━━━━━━━━━━━╇━━━━━━━━━━━━╇━━━━━━━━━━━━┩
│        R2        │   0.9256    │   0.0000   │   0.8790   │
│        R         │   0.9631    │   0.0000   │   0.9380   │
│    Spearmanr     │   0.9493    │   0.0000   │   0.9033   │
│       MSE        │   0.0658    │   0.0000   │   0.0955   │
│       MAE        │   0.1322    │   0.0000   │   0.1989   │
│       RMSE       │   0.2565    │   0.0000   │   0.3091   │
└──────────────────┴─────────────┴────────────┴────────────┘
Info[iaw]:> Result, 0.9256296416556119, 0.8789637308058492, 0.9630500625990546, 0.9380097565247227, 0.9492926643408481, 0.9032645006513523, 0.06581206008971514, 0.09553529587425155, 0.13215184222287943, 0.1989236028589957, 0.25653861325288857, 0.30908784491508484
Info[iaw]:> The model will be saved as 
`/home/iaw/DATA2/AAReact/train/output/pt/ddg/hyper_seed_1_test_0-2/search_optuna/seed_1_test_0-3/rf_
rdkit.pkl`
[OK] Finished target=ddg search=optuna split=seed_1_test_0-3 model=rf descriptor=rdkit
[INFO] Train target=ddg hyper=seed_1_test_0-2 search=optuna split=seed_1_test_0-3 model=rf descriptor=xtb
                           Metric                           
┏━━━━━━━━━━━━━━━━━━┳━━━━━━━━━━━━━┳━━━━━━━━━━━━┳━━━━━━━━━━━━┓
┃       name       ┃    Train    ┃   Valid    ┃    Test    ┃
┡━━━━━━━━━━━━━━━━━━╇━━━━━━━━━━━━━╇━━━━━━━━━━━━╇━━━━━━━━━━━━┩
│        R2        │   0.9872    │   0.0000   │   0.9048   │
│        R         │   0.9940    │   0.0000   │   0.9523   │
│    Spearmanr     │   0.9888    │   0.0000   │   0.9139   │
│       MSE        │   0.0113    │   0.0000   │   0.0752   │
│       MAE        │   0.0599    │   0.0000   │   0.1789   │
│       RMSE       │   0.1063    │   0.0000   │   0.2742   │
└──────────────────┴─────────────┴────────────┴────────────┘
Info[iaw]:> Result, 0.9872289563771128, 0.9047722455601545, 0.9940182444946987, 0.9522528917338506, 0.9887588319760299, 0.9138925075131238, 0.011301393579761405, 0.07516434335280114, 0.05991390050351099, 0.17888086165659406, 0.1063080127730803, 0.2741611631008323
Info[iaw]:> The model will be saved as 
`/home/iaw/DATA2/AAReact/train/output/pt/ddg/hyper_seed_1_test_0-2/search_optuna/seed_1_test_0-3/rf_
xtb.pkl`
[OK] Finished target=ddg search=optuna split=seed_1_test_0-3 model=rf descriptor=xtb
[INFO] Train target=ddg hyper=seed_1_test_0-2 search=optuna split=seed_1_test_0-3 model=rf descriptor=soap
                           Metric                           
┏━━━━━━━━━━━━━━━━━━┳━━━━━━━━━━━━━┳━━━━━━━━━━━━┳━━━━━━━━━━━━┓
┃       name       ┃    Train    ┃   Valid    ┃    Test    ┃
┡━━━━━━━━━━━━━━━━━━╇━━━━━━━━━━━━━╇━━━━━━━━━━━━╇━━━━━━━━━━━━┩
│        R2        │   0.4363    │   0.0000   │   0.3352   │
│        R         │   0.6611    │   0.0000   │   0.5791   │
│    Spearmanr     │   0.5691    │   0.0000   │   0.5025   │
│       MSE        │   0.4989    │   0.0000   │   0.5248   │
│       MAE        │   0.4887    │   0.0000   │   0.5097   │
│       RMSE       │   0.7063    │   0.0000   │   0.7244   │
└──────────────────┴─────────────┴────────────┴────────────┘
Info[iaw]:> Result, 0.43626739083106103, 0.3351528753724716, 0.6610907006209811, 0.5790901575980033, 0.5691141327168013, 0.5025215720163547, 0.4988600993067239, 0.524771353126818, 0.4886884038104648, 0.5096770217781482, 0.7063002897540988, 0.7244110387941489
Info[iaw]:> The model will be saved as 
`/home/iaw/DATA2/AAReact/train/output/pt/ddg/hyper_seed_1_test_0-2/search_optuna/seed_1_test_0-3/rf_
soap.pkl`
[OK] Finished target=ddg search=optuna split=seed_1_test_0-3 model=rf descriptor=soap
[INFO] Train target=ddg hyper=seed_1_test_0-2 search=optuna split=seed_1_test_0-3 model=rf descriptor=acsf
                           Metric                           
┏━━━━━━━━━━━━━━━━━━┳━━━━━━━━━━━━━┳━━━━━━━━━━━━┳━━━━━━━━━━━━┓
┃       name       ┃    Train    ┃   Valid    ┃    Test    ┃
┡━━━━━━━━━━━━━━━━━━╇━━━━━━━━━━━━━╇━━━━━━━━━━━━╇━━━━━━━━━━━━┩
│        R2        │   0.9774    │   0.0000   │   0.8631   │
│        R         │   0.9889    │   0.0000   │   0.9291   │
│    Spearmanr     │   0.9822    │   0.0000   │   0.8584   │
│       MSE        │   0.0200    │   0.0000   │   0.1080   │
│       MAE        │   0.0675    │   0.0000   │   0.2184   │
│       RMSE       │   0.1415    │   0.0000   │   0.3287   │
└──────────────────┴─────────────┴────────────┴────────────┘
Info[iaw]:> Result, 0.9773791564693525, 0.8631264569991879, 0.9889410188089972, 0.9291087459351217, 0.9822453306515575, 0.8583598818537101, 0.020017710642527182, 0.10803583516742764, 0.06746234824666127, 0.2184230521016479, 0.14148395895834687, 0.328688051452175
Info[iaw]:> The model will be saved as 
`/home/iaw/DATA2/AAReact/train/output/pt/ddg/hyper_seed_1_test_0-2/search_optuna/seed_1_test_0-3/rf_
acsf.pkl`
[OK] Finished target=ddg search=optuna split=seed_1_test_0-3 model=rf descriptor=acsf
[INFO] Train target=ddg hyper=seed_1_test_0-2 search=optuna split=seed_1_test_0-3 model=rf descriptor=rdkit_soap
                           Metric                           
┏━━━━━━━━━━━━━━━━━━┳━━━━━━━━━━━━━┳━━━━━━━━━━━━┳━━━━━━━━━━━━┓
┃       name       ┃    Train    ┃   Valid    ┃    Test    ┃
┡━━━━━━━━━━━━━━━━━━╇━━━━━━━━━━━━━╇━━━━━━━━━━━━╇━━━━━━━━━━━━┩
│        R2        │   0.9778    │   0.0000   │   0.9261   │
│        R         │   0.9890    │   0.0000   │   0.9630   │
│    Spearmanr     │   0.9797    │   0.0000   │   0.9340   │
│       MSE        │   0.0196    │   0.0000   │   0.0583   │
│       MAE        │   0.0728    │   0.0000   │   0.1570   │
│       RMSE       │   0.1402    │   0.0000   │   0.2415   │
└──────────────────┴─────────────┴────────────┴────────────┘
Info[iaw]:> Result, 0.9778010199868775, 0.9260878685440855, 0.9890138895578842, 0.9629953380188431, 0.9797176877977471, 0.933974797177903, 0.019644393802551126, 0.058339681108401174, 0.07283843681734693, 0.15704547373082148, 0.14015845961821616, 0.24153608655520023
Info[iaw]:> The model will be saved as 
`/home/iaw/DATA2/AAReact/train/output/pt/ddg/hyper_seed_1_test_0-2/search_optuna/seed_1_test_0-3/rf_
rdkit_soap.pkl`
[OK] Finished target=ddg search=optuna split=seed_1_test_0-3 model=rf descriptor=rdkit_soap
[INFO] Train target=ddg hyper=seed_1_test_0-2 search=optuna split=seed_1_test_0-3 model=rf descriptor=soap_xtb
                           Metric                           
┏━━━━━━━━━━━━━━━━━━┳━━━━━━━━━━━━━┳━━━━━━━━━━━━┳━━━━━━━━━━━━┓
┃       name       ┃    Train    ┃   Valid    ┃    Test    ┃
┡━━━━━━━━━━━━━━━━━━╇━━━━━━━━━━━━━╇━━━━━━━━━━━━╇━━━━━━━━━━━━┩
│        R2        │   0.9880    │   0.0000   │   0.9257   │
│        R         │   0.9942    │   0.0000   │   0.9624   │
│    Spearmanr     │   0.9879    │   0.0000   │   0.9308   │
│       MSE        │   0.0106    │   0.0000   │   0.0587   │
│       MAE        │   0.0545    │   0.0000   │   0.1637   │
│       RMSE       │   0.1030    │   0.0000   │   0.2422   │
└──────────────────┴─────────────┴────────────┴────────────┘
Info[iaw]:> Result, 0.9880135686167432, 0.9256627324811948, 0.994166268633309, 0.9623805461156781, 0.9879418579937482, 0.930763178599528, 0.010607071957394612, 0.058675245810002635, 0.05445080887313373, 0.1637483127408838, 0.10299064014460058, 0.24222973766654382
Info[iaw]:> The model will be saved as 
`/home/iaw/DATA2/AAReact/train/output/pt/ddg/hyper_seed_1_test_0-2/search_optuna/seed_1_test_0-3/rf_
soap_xtb.pkl`
[OK] Finished target=ddg search=optuna split=seed_1_test_0-3 model=rf descriptor=soap_xtb
[INFO] Train target=ddg hyper=seed_1_test_0-2 search=optuna split=seed_1_test_0-3 model=rf descriptor=rdkit_xtb
                           Metric                           
┏━━━━━━━━━━━━━━━━━━┳━━━━━━━━━━━━━┳━━━━━━━━━━━━┳━━━━━━━━━━━━┓
┃       name       ┃    Train    ┃   Valid    ┃    Test    ┃
┡━━━━━━━━━━━━━━━━━━╇━━━━━━━━━━━━━╇━━━━━━━━━━━━╇━━━━━━━━━━━━┩
│        R2        │   0.9687    │   0.0000   │   0.9177   │
│        R         │   0.9849    │   0.0000   │   0.9580   │
│    Spearmanr     │   0.9697    │   0.0000   │   0.9269   │
│       MSE        │   0.0277    │   0.0000   │   0.0650   │
│       MAE        │   0.0964    │   0.0000   │   0.1738   │
│       RMSE       │   0.1665    │   0.0000   │   0.2549   │
└──────────────────┴─────────────┴────────────┴────────────┘
Info[iaw]:> Result, 0.9686722203294118, 0.9176556138809269, 0.9848540322048601, 0.9580418582709307, 0.9697450066612409, 0.9269002076588719, 0.027722680972044538, 0.06499535506047668, 0.09637087432803813, 0.1737627028947781, 0.16650129420531404, 0.2549418660410186
Info[iaw]:> The model will be saved as 
`/home/iaw/DATA2/AAReact/train/output/pt/ddg/hyper_seed_1_test_0-2/search_optuna/seed_1_test_0-3/rf_
rdkit_xtb.pkl`
[OK] Finished target=ddg search=optuna split=seed_1_test_0-3 model=rf descriptor=rdkit_xtb
[INFO] Train target=ddg hyper=seed_1_test_0-2 search=optuna split=seed_1_test_0-3 model=rf descriptor=soap_acsf
                           Metric                           
┏━━━━━━━━━━━━━━━━━━┳━━━━━━━━━━━━━┳━━━━━━━━━━━━┳━━━━━━━━━━━━┓
┃       name       ┃    Train    ┃   Valid    ┃    Test    ┃
┡━━━━━━━━━━━━━━━━━━╇━━━━━━━━━━━━━╇━━━━━━━━━━━━╇━━━━━━━━━━━━┩
│        R2        │   0.9836    │   0.0000   │   0.9150   │
│        R         │   0.9920    │   0.0000   │   0.9566   │
│    Spearmanr     │   0.9797    │   0.0000   │   0.9133   │
│       MSE        │   0.0145    │   0.0000   │   0.0671   │
│       MAE        │   0.0649    │   0.0000   │   0.1779   │
│       RMSE       │   0.1204    │   0.0000   │   0.2590   │
└──────────────────┴─────────────┴────────────┴────────────┘
Info[iaw]:> Result, 0.9836066701180357, 0.9150286305784833, 0.9920114066790554, 0.9565922837730024, 0.9796674045006143, 0.9133378906501916, 0.014506838951432418, 0.06706886268531174, 0.0648725858442115, 0.1778954544124945, 0.12044433964048464, 0.25897656783058914
Info[iaw]:> The model will be saved as 
`/home/iaw/DATA2/AAReact/train/output/pt/ddg/hyper_seed_1_test_0-2/search_optuna/seed_1_test_0-3/rf_
soap_acsf.pkl`
[OK] Finished target=ddg search=optuna split=seed_1_test_0-3 model=rf descriptor=soap_acsf
[INFO] Train target=ddg hyper=seed_1_test_0-2 search=optuna split=seed_1_test_0-3 model=rf descriptor=acsf_xtb
                           Metric                           
┏━━━━━━━━━━━━━━━━━━┳━━━━━━━━━━━━━┳━━━━━━━━━━━━┳━━━━━━━━━━━━┓
┃       name       ┃    Train    ┃   Valid    ┃    Test    ┃
┡━━━━━━━━━━━━━━━━━━╇━━━━━━━━━━━━━╇━━━━━━━━━━━━╇━━━━━━━━━━━━┩
│        R2        │   0.9691    │   0.0000   │   0.8827   │
│        R         │   0.9881    │   0.0000   │   0.9498   │
│    Spearmanr     │   0.9801    │   0.0000   │   0.9080   │
│       MSE        │   0.0274    │   0.0000   │   0.0925   │
│       MAE        │   0.1036    │   0.0000   │   0.2184   │
│       RMSE       │   0.1654    │   0.0000   │   0.3042   │
└──────────────────┴─────────────┴────────────┴────────────┘
Info[iaw]:> Result, 0.9690808781524065, 0.8827487758149797, 0.988089467067892, 0.9497657538626224, 0.980062931879092, 0.9079916420528563, 0.02736105015834707, 0.09254771704972091, 0.10356258873315782, 0.21842408543105696, 0.16541175943187073, 0.3042165627471997
Info[iaw]:> The model will be saved as 
`/home/iaw/DATA2/AAReact/train/output/pt/ddg/hyper_seed_1_test_0-2/search_optuna/seed_1_test_0-3/rf_
acsf_xtb.pkl`
[OK] Finished target=ddg search=optuna split=seed_1_test_0-3 model=rf descriptor=acsf_xtb
[INFO] Train target=ddg hyper=seed_1_test_0-2 search=optuna split=seed_1_test_0-3 model=rf descriptor=rdkit_acsf
                           Metric                           
┏━━━━━━━━━━━━━━━━━━┳━━━━━━━━━━━━━┳━━━━━━━━━━━━┳━━━━━━━━━━━━┓
┃       name       ┃    Train    ┃   Valid    ┃    Test    ┃
┡━━━━━━━━━━━━━━━━━━╇━━━━━━━━━━━━━╇━━━━━━━━━━━━╇━━━━━━━━━━━━┩
│        R2        │   0.9692    │   0.0000   │   0.8915   │
│        R         │   0.9849    │   0.0000   │   0.9444   │
│    Spearmanr     │   0.9704    │   0.0000   │   0.8943   │
│       MSE        │   0.0272    │   0.0000   │   0.0856   │
│       MAE        │   0.0950    │   0.0000   │   0.1942   │
│       RMSE       │   0.1650    │   0.0000   │   0.2926   │
└──────────────────┴─────────────┴────────────┴────────────┘
Info[iaw]:> Result, 0.969235705228517, 0.8915434272948151, 0.9849285319058205, 0.9444181583749086, 0.9703846931422914, 0.8943325895448272, 0.027224040077135456, 0.08560599919249527, 0.09497209384227233, 0.19419479460580946, 0.16499709111719352, 0.2925850289958378
Info[iaw]:> The model will be saved as 
`/home/iaw/DATA2/AAReact/train/output/pt/ddg/hyper_seed_1_test_0-2/search_optuna/seed_1_test_0-3/rf_
rdkit_acsf.pkl`
[OK] Finished target=ddg search=optuna split=seed_1_test_0-3 model=rf descriptor=rdkit_acsf
[INFO] Train target=ddg hyper=seed_1_test_0-2 search=optuna split=seed_1_test_0-3 model=rf descriptor=rdkit_soap_xtb
                           Metric                           
┏━━━━━━━━━━━━━━━━━━┳━━━━━━━━━━━━━┳━━━━━━━━━━━━┳━━━━━━━━━━━━┓
┃       name       ┃    Train    ┃   Valid    ┃    Test    ┃
┡━━━━━━━━━━━━━━━━━━╇━━━━━━━━━━━━━╇━━━━━━━━━━━━╇━━━━━━━━━━━━┩
│        R2        │   0.9543    │   0.0000   │   0.8594   │
│        R         │   0.9811    │   0.0000   │   0.9382   │
│    Spearmanr     │   0.9698    │   0.0000   │   0.8942   │
│       MSE        │   0.0404    │   0.0000   │   0.1109   │
│       MAE        │   0.1248    │   0.0000   │   0.2429   │
│       RMSE       │   0.2011    │   0.0000   │   0.3331   │
└──────────────────┴─────────────┴────────────┴────────────┘
Info[iaw]:> Result, 0.9543136083828528, 0.8594477030177345, 0.9811353477062151, 0.9382439996817219, 0.9698377974879087, 0.8941842617791593, 0.04042895069117046, 0.11093951728194305, 0.1247849569057986, 0.24293691511444288, 0.20106951706106638, 0.33307584313778005
Info[iaw]:> The model will be saved as 
`/home/iaw/DATA2/AAReact/train/output/pt/ddg/hyper_seed_1_test_0-2/search_optuna/seed_1_test_0-3/rf_
rdkit_soap_xtb.pkl`
[OK] Finished target=ddg search=optuna split=seed_1_test_0-3 model=rf descriptor=rdkit_soap_xtb
[INFO] Train target=ddg hyper=seed_1_test_0-2 search=optuna split=seed_1_test_0-3 model=rf descriptor=rdkit_soap_acsf
                           Metric                           
┏━━━━━━━━━━━━━━━━━━┳━━━━━━━━━━━━━┳━━━━━━━━━━━━┳━━━━━━━━━━━━┓
┃       name       ┃    Train    ┃   Valid    ┃    Test    ┃
┡━━━━━━━━━━━━━━━━━━╇━━━━━━━━━━━━━╇━━━━━━━━━━━━╇━━━━━━━━━━━━┩
│        R2        │   0.9661    │   0.0000   │   0.8757   │
│        R         │   0.9862    │   0.0000   │   0.9443   │
│    Spearmanr     │   0.9760    │   0.0000   │   0.8949   │
│       MSE        │   0.0300    │   0.0000   │   0.0981   │
│       MAE        │   0.1051    │   0.0000   │   0.2211   │
│       RMSE       │   0.1732    │   0.0000   │   0.3133   │
└──────────────────┴─────────────┴────────────┴────────────┘
Info[iaw]:> Result, 0.9660973548980624, 0.8756574571856911, 0.9862347479708861, 0.9442772207782371, 0.9759951686563992, 0.8949259006074989, 0.030001239288332236, 0.09814497502783123, 0.10510461724817535, 0.2211192039468971, 0.17320865823720313, 0.31328098414655053
Info[iaw]:> The model will be saved as 
`/home/iaw/DATA2/AAReact/train/output/pt/ddg/hyper_seed_1_test_0-2/search_optuna/seed_1_test_0-3/rf_
rdkit_soap_acsf.pkl`
[OK] Finished target=ddg search=optuna split=seed_1_test_0-3 model=rf descriptor=rdkit_soap_acsf
[INFO] Train target=ddg hyper=seed_1_test_0-2 search=optuna split=seed_1_test_0-3 model=rf descriptor=rdkit_xtb_acsf
                           Metric                           
┏━━━━━━━━━━━━━━━━━━┳━━━━━━━━━━━━━┳━━━━━━━━━━━━┳━━━━━━━━━━━━┓
┃       name       ┃    Train    ┃   Valid    ┃    Test    ┃
┡━━━━━━━━━━━━━━━━━━╇━━━━━━━━━━━━━╇━━━━━━━━━━━━╇━━━━━━━━━━━━┩
│        R2        │   0.9655    │   0.0000   │   0.8666   │
│        R         │   0.9863    │   0.0000   │   0.9412   │
│    Spearmanr     │   0.9736    │   0.0000   │   0.8929   │
│       MSE        │   0.0305    │   0.0000   │   0.1053   │
│       MAE        │   0.1093    │   0.0000   │   0.2342   │
│       RMSE       │   0.1748    │   0.0000   │   0.3244   │
└──────────────────┴─────────────┴────────────┴────────────┘
Info[iaw]:> Result, 0.9654819407239141, 0.8666496854798666, 0.9863368342952819, 0.9411647270934822, 0.9735509857081391, 0.8928686589880177, 0.030545833606697003, 0.10525491108925472, 0.10928186470920036, 0.2342217109293981, 0.17477366393909868, 0.3244301328317928
Info[iaw]:> The model will be saved as 
`/home/iaw/DATA2/AAReact/train/output/pt/ddg/hyper_seed_1_test_0-2/search_optuna/seed_1_test_0-3/rf_
rdkit_xtb_acsf.pkl`
[OK] Finished target=ddg search=optuna split=seed_1_test_0-3 model=rf descriptor=rdkit_xtb_acsf
[INFO] Train target=ddg hyper=seed_1_test_0-2 search=optuna split=seed_1_test_0-3 model=rf descriptor=soap_xtb_acsf
                           Metric                           
┏━━━━━━━━━━━━━━━━━━┳━━━━━━━━━━━━━┳━━━━━━━━━━━━┳━━━━━━━━━━━━┓
┃       name       ┃    Train    ┃   Valid    ┃    Test    ┃
┡━━━━━━━━━━━━━━━━━━╇━━━━━━━━━━━━━╇━━━━━━━━━━━━╇━━━━━━━━━━━━┩
│        R2        │   0.9693    │   0.0000   │   0.8767   │
│        R         │   0.9874    │   0.0000   │   0.9459   │
│    Spearmanr     │   0.9763    │   0.0000   │   0.8937   │
│       MSE        │   0.0272    │   0.0000   │   0.0973   │
│       MAE        │   0.1048    │   0.0000   │   0.2220   │
│       RMSE       │   0.1648    │   0.0000   │   0.3120   │
└──────────────────┴─────────────┴────────────┴────────────┘
Info[iaw]:> Result, 0.9692917555639446, 0.8767087710729217, 0.9874319700657987, 0.945901006126099, 0.9763030890532743, 0.8936683391159665, 0.027174439831482086, 0.09731516108906739, 0.10475289308911762, 0.22195699402981164, 0.1648467161683304, 0.3119537803730985
Info[iaw]:> The model will be saved as 
`/home/iaw/DATA2/AAReact/train/output/pt/ddg/hyper_seed_1_test_0-2/search_optuna/seed_1_test_0-3/rf_
soap_xtb_acsf.pkl`
[OK] Finished target=ddg search=optuna split=seed_1_test_0-3 model=rf descriptor=soap_xtb_acsf
[INFO] Train target=ddg hyper=seed_1_test_0-2 search=optuna split=seed_1_test_0-3 model=rf descriptor=rdkit_soap_xtb_acsf
                           Metric                           
┏━━━━━━━━━━━━━━━━━━┳━━━━━━━━━━━━━┳━━━━━━━━━━━━┳━━━━━━━━━━━━┓
┃       name       ┃    Train    ┃   Valid    ┃    Test    ┃
┡━━━━━━━━━━━━━━━━━━╇━━━━━━━━━━━━━╇━━━━━━━━━━━━╇━━━━━━━━━━━━┩
│        R2        │   0.9561    │   0.0000   │   0.8667   │
│        R         │   0.9815    │   0.0000   │   0.9403   │
│    Spearmanr     │   0.9644    │   0.0000   │   0.8928   │
│       MSE        │   0.0388    │   0.0000   │   0.1052   │
│       MAE        │   0.1243    │   0.0000   │   0.2347   │
│       RMSE       │   0.1971    │   0.0000   │   0.3243   │
└──────────────────┴─────────────┴────────────┴────────────┘
Info[iaw]:> Result, 0.9560994332963649, 0.8667347604412938, 0.9815163095987958, 0.940301022673218, 0.9643880211708232, 0.8928106176884085, 0.038848632683644885, 0.10518776046022793, 0.12432876414207095, 0.23467208116853955, 0.19710056489935507, 0.3243266261968449
Info[iaw]:> The model will be saved as 
`/home/iaw/DATA2/AAReact/train/output/pt/ddg/hyper_seed_1_test_0-2/search_optuna/seed_1_test_0-3/rf_
rdkit_soap_xtb_acsf.pkl`
[OK] Finished target=ddg search=optuna split=seed_1_test_0-3 model=rf descriptor=rdkit_soap_xtb_acsf
[INFO] Train target=ddg hyper=seed_1_test_0-2 search=optuna split=seed_12_test_0-15 model=lgb descriptor=rdkit
                           Metric                           
┏━━━━━━━━━━━━━━━━━━┳━━━━━━━━━━━━━┳━━━━━━━━━━━━┳━━━━━━━━━━━━┓
┃       name       ┃    Train    ┃   Valid    ┃    Test    ┃
┡━━━━━━━━━━━━━━━━━━╇━━━━━━━━━━━━━╇━━━━━━━━━━━━╇━━━━━━━━━━━━┩
│        R2        │   0.9567    │   0.0000   │   0.8147   │
│        R         │   0.9785    │   0.0000   │   0.9099   │
│    Spearmanr     │   0.9651    │   0.0000   │   0.8471   │
│       MSE        │   0.0372    │   0.0000   │   0.1532   │
│       MAE        │   0.0965    │   0.0000   │   0.2356   │
│       RMSE       │   0.1929    │   0.0000   │   0.3915   │
└──────────────────┴─────────────┴────────────┴────────────┘
Info[iaw]:> Result, 0.9566939213637703, 0.8146675753207413, 0.9784972660465022, 0.9098510543641123, 0.9650606606876302, 0.8470952632771777, 0.03720729020374084, 0.15323897595678487, 0.09651847810946113, 0.23564811524235585, 0.19289191326683666, 0.39145750210819164
Info[iaw]:> The model will be saved as 
`/home/iaw/DATA2/AAReact/train/output/pt/ddg/hyper_seed_1_test_0-2/search_optuna/seed_12_test_0-15/l
gb_rdkit.pkl`
[OK] Finished target=ddg search=optuna split=seed_12_test_0-15 model=lgb descriptor=rdkit
[INFO] Train target=ddg hyper=seed_1_test_0-2 search=optuna split=seed_12_test_0-15 model=lgb descriptor=xtb
                           Metric                           
┏━━━━━━━━━━━━━━━━━━┳━━━━━━━━━━━━━┳━━━━━━━━━━━━┳━━━━━━━━━━━━┓
┃       name       ┃    Train    ┃   Valid    ┃    Test    ┃
┡━━━━━━━━━━━━━━━━━━╇━━━━━━━━━━━━━╇━━━━━━━━━━━━╇━━━━━━━━━━━━┩
│        R2        │   0.9779    │   0.0000   │   0.8491   │
│        R         │   0.9891    │   0.0000   │   0.9248   │
│    Spearmanr     │   0.9753    │   0.0000   │   0.8363   │
│       MSE        │   0.0190    │   0.0000   │   0.1247   │
│       MAE        │   0.0900    │   0.0000   │   0.2516   │
│       RMSE       │   0.1377    │   0.0000   │   0.3532   │
└──────────────────┴─────────────┴────────────┴────────────┘
Info[iaw]:> Result, 0.9779166670692467, 0.8491416308593794, 0.989117433981676, 0.9247666227815489, 0.9752794389565391, 0.8362670292865957, 0.01897334053083635, 0.1247346870987465, 0.09004660211046621, 0.2516433894654409, 0.13774374951639856, 0.35317798218284574
Info[iaw]:> The model will be saved as 
`/home/iaw/DATA2/AAReact/train/output/pt/ddg/hyper_seed_1_test_0-2/search_optuna/seed_12_test_0-15/l
gb_xtb.pkl`
[OK] Finished target=ddg search=optuna split=seed_12_test_0-15 model=lgb descriptor=xtb
[INFO] Train target=ddg hyper=seed_1_test_0-2 search=optuna split=seed_12_test_0-15 model=lgb descriptor=soap
                           Metric                           
┏━━━━━━━━━━━━━━━━━━┳━━━━━━━━━━━━━┳━━━━━━━━━━━━┳━━━━━━━━━━━━┓
┃       name       ┃    Train    ┃   Valid    ┃    Test    ┃
┡━━━━━━━━━━━━━━━━━━╇━━━━━━━━━━━━━╇━━━━━━━━━━━━╇━━━━━━━━━━━━┩
│        R2        │   0.4815    │   0.0000   │   0.2423   │
│        R         │   0.6970    │   0.0000   │   0.5376   │
│    Spearmanr     │   0.6283    │   0.0000   │   0.4254   │
│       MSE        │   0.4454    │   0.0000   │   0.6265   │
│       MAE        │   0.4892    │   0.0000   │   0.5952   │
│       RMSE       │   0.6674    │   0.0000   │   0.7915   │
└──────────────────┴─────────────┴────────────┴────────────┘
Info[iaw]:> Result, 0.4815413508902697, 0.24233317534336363, 0.6969749770612531, 0.5376130033088797, 0.62831986082553, 0.4253985041927929, 0.44544419683214764, 0.6264639796719043, 0.48917616429857175, 0.5952126633229644, 0.6674160597649322, 0.7914947755177568
Info[iaw]:> The model will be saved as 
`/home/iaw/DATA2/AAReact/train/output/pt/ddg/hyper_seed_1_test_0-2/search_optuna/seed_12_test_0-15/l
gb_soap.pkl`
[OK] Finished target=ddg search=optuna split=seed_12_test_0-15 model=lgb descriptor=soap
[INFO] Train target=ddg hyper=seed_1_test_0-2 search=optuna split=seed_12_test_0-15 model=lgb descriptor=acsf
                           Metric                           
┏━━━━━━━━━━━━━━━━━━┳━━━━━━━━━━━━━┳━━━━━━━━━━━━┳━━━━━━━━━━━━┓
┃       name       ┃    Train    ┃   Valid    ┃    Test    ┃
┡━━━━━━━━━━━━━━━━━━╇━━━━━━━━━━━━━╇━━━━━━━━━━━━╇━━━━━━━━━━━━┩
│        R2        │   0.9880    │   0.0000   │   0.8516   │
│        R         │   0.9941    │   0.0000   │   0.9268   │
│    Spearmanr     │   0.9851    │   0.0000   │   0.8742   │
│       MSE        │   0.0103    │   0.0000   │   0.1227   │
│       MAE        │   0.0636    │   0.0000   │   0.2150   │
│       RMSE       │   0.1015    │   0.0000   │   0.3502   │
└──────────────────┴─────────────┴────────────┴────────────┘
Info[iaw]:> Result, 0.9880027439767675, 0.8516392977154484, 0.9940857228100914, 0.9268043695964399, 0.9851105914118286, 0.8742413940721714, 0.010307684291958642, 0.12266953356736848, 0.06357084410089396, 0.21495545291561946, 0.10152676638186918, 0.35024210707361914
Info[iaw]:> The model will be saved as 
`/home/iaw/DATA2/AAReact/train/output/pt/ddg/hyper_seed_1_test_0-2/search_optuna/seed_12_test_0-15/l
gb_acsf.pkl`
[OK] Finished target=ddg search=optuna split=seed_12_test_0-15 model=lgb descriptor=acsf
[INFO] Train target=ddg hyper=seed_1_test_0-2 search=optuna split=seed_12_test_0-15 model=lgb descriptor=rdkit_soap
                           Metric                           
┏━━━━━━━━━━━━━━━━━━┳━━━━━━━━━━━━━┳━━━━━━━━━━━━┳━━━━━━━━━━━━┓
┃       name       ┃    Train    ┃   Valid    ┃    Test    ┃
┡━━━━━━━━━━━━━━━━━━╇━━━━━━━━━━━━━╇━━━━━━━━━━━━╇━━━━━━━━━━━━┩
│        R2        │   0.9902    │   0.0000   │   0.8523   │
│        R         │   0.9952    │   0.0000   │   0.9276   │
│    Spearmanr     │   0.9855    │   0.0000   │   0.8455   │
│       MSE        │   0.0084    │   0.0000   │   0.1222   │
│       MAE        │   0.0548    │   0.0000   │   0.2239   │
│       RMSE       │   0.0917    │   0.0000   │   0.3495   │
└──────────────────┴─────────────┴────────────┴────────────┘
Info[iaw]:> Result, 0.9902109440308839, 0.8522585771293937, 0.9952167547446663, 0.9276081658532601, 0.985506618681797, 0.8455339830273728, 0.008410464713811653, 0.12215749287406663, 0.054766687154118164, 0.2239299777356546, 0.0917085858238565, 0.3495103616118793
Info[iaw]:> The model will be saved as 
`/home/iaw/DATA2/AAReact/train/output/pt/ddg/hyper_seed_1_test_0-2/search_optuna/seed_12_test_0-15/l
gb_rdkit_soap.pkl`
[OK] Finished target=ddg search=optuna split=seed_12_test_0-15 model=lgb descriptor=rdkit_soap
[INFO] Train target=ddg hyper=seed_1_test_0-2 search=optuna split=seed_12_test_0-15 model=lgb descriptor=soap_xtb
                           Metric                           
┏━━━━━━━━━━━━━━━━━━┳━━━━━━━━━━━━━┳━━━━━━━━━━━━┳━━━━━━━━━━━━┓
┃       name       ┃    Train    ┃   Valid    ┃    Test    ┃
┡━━━━━━━━━━━━━━━━━━╇━━━━━━━━━━━━━╇━━━━━━━━━━━━╇━━━━━━━━━━━━┩
│        R2        │   0.9985    │   0.0000   │   0.8897   │
│        R         │   0.9992    │   0.0000   │   0.9434   │
│    Spearmanr     │   0.9932    │   0.0000   │   0.8688   │
│       MSE        │   0.0013    │   0.0000   │   0.0912   │
│       MAE        │   0.0224    │   0.0000   │   0.1830   │
│       RMSE       │   0.0363    │   0.0000   │   0.3019   │
└──────────────────┴─────────────┴────────────┴────────────┘
Info[iaw]:> Result, 0.9984656473499198, 0.889742614708764, 0.9992432677524207, 0.9433896639820738, 0.9931916335980033, 0.8687517312583415, 0.0013182700009843433, 0.09116445135243811, 0.022439149568153745, 0.1829796822692374, 0.036307988115349264, 0.3019345150068771
Info[iaw]:> The model will be saved as 
`/home/iaw/DATA2/AAReact/train/output/pt/ddg/hyper_seed_1_test_0-2/search_optuna/seed_12_test_0-15/l
gb_soap_xtb.pkl`
[OK] Finished target=ddg search=optuna split=seed_12_test_0-15 model=lgb descriptor=soap_xtb
[INFO] Train target=ddg hyper=seed_1_test_0-2 search=optuna split=seed_12_test_0-15 model=lgb descriptor=rdkit_xtb
                           Metric                           
┏━━━━━━━━━━━━━━━━━━┳━━━━━━━━━━━━━┳━━━━━━━━━━━━┳━━━━━━━━━━━━┓
┃       name       ┃    Train    ┃   Valid    ┃    Test    ┃
┡━━━━━━━━━━━━━━━━━━╇━━━━━━━━━━━━━╇━━━━━━━━━━━━╇━━━━━━━━━━━━┩
│        R2        │   0.9844    │   0.0000   │   0.8461   │
│        R         │   0.9924    │   0.0000   │   0.9236   │
│    Spearmanr     │   0.9826    │   0.0000   │   0.8377   │
│       MSE        │   0.0134    │   0.0000   │   0.1273   │
│       MAE        │   0.0714    │   0.0000   │   0.2357   │
│       RMSE       │   0.1157    │   0.0000   │   0.3567   │
└──────────────────┴─────────────┴────────────┴────────────┘
Info[iaw]:> Result, 0.9844285064368288, 0.8460811682186405, 0.9924231906009494, 0.9235575365127666, 0.9825797251130394, 0.8377275817783486, 0.013378562505677734, 0.12726517879134944, 0.07135950801148895, 0.23566804105577482, 0.11566573609188563, 0.35674245442805014
Info[iaw]:> The model will be saved as 
`/home/iaw/DATA2/AAReact/train/output/pt/ddg/hyper_seed_1_test_0-2/search_optuna/seed_12_test_0-15/l
gb_rdkit_xtb.pkl`
[OK] Finished target=ddg search=optuna split=seed_12_test_0-15 model=lgb descriptor=rdkit_xtb
[INFO] Train target=ddg hyper=seed_1_test_0-2 search=optuna split=seed_12_test_0-15 model=lgb descriptor=soap_acsf
                           Metric                           
┏━━━━━━━━━━━━━━━━━━┳━━━━━━━━━━━━━┳━━━━━━━━━━━━┳━━━━━━━━━━━━┓
┃       name       ┃    Train    ┃   Valid    ┃    Test    ┃
┡━━━━━━━━━━━━━━━━━━╇━━━━━━━━━━━━━╇━━━━━━━━━━━━╇━━━━━━━━━━━━┩
│        R2        │   0.9914    │   0.0000   │   0.8807   │
│        R         │   0.9958    │   0.0000   │   0.9416   │
│    Spearmanr     │   0.9863    │   0.0000   │   0.8689   │
│       MSE        │   0.0074    │   0.0000   │   0.0986   │
│       MAE        │   0.0524    │   0.0000   │   0.1859   │
│       RMSE       │   0.0859    │   0.0000   │   0.3140   │
└──────────────────┴─────────────┴────────────┴────────────┘
Info[iaw]:> Result, 0.9914086366558209, 0.8807215370557563, 0.9957708159743927, 0.9416144583950835, 0.986307943794257, 0.8689028228954194, 0.00738144295810764, 0.09862337659968463, 0.05242953179795765, 0.18587802293290914, 0.08591532434966209, 0.31404359028594203
Info[iaw]:> The model will be saved as 
`/home/iaw/DATA2/AAReact/train/output/pt/ddg/hyper_seed_1_test_0-2/search_optuna/seed_12_test_0-15/l
gb_soap_acsf.pkl`
[OK] Finished target=ddg search=optuna split=seed_12_test_0-15 model=lgb descriptor=soap_acsf
[INFO] Train target=ddg hyper=seed_1_test_0-2 search=optuna split=seed_12_test_0-15 model=lgb descriptor=acsf_xtb
                           Metric                           
┏━━━━━━━━━━━━━━━━━━┳━━━━━━━━━━━━━┳━━━━━━━━━━━━┳━━━━━━━━━━━━┓
┃       name       ┃    Train    ┃   Valid    ┃    Test    ┃
┡━━━━━━━━━━━━━━━━━━╇━━━━━━━━━━━━━╇━━━━━━━━━━━━╇━━━━━━━━━━━━┩
│        R2        │   0.9869    │   0.0000   │   0.8568   │
│        R         │   0.9935    │   0.0000   │   0.9286   │
│    Spearmanr     │   0.9841    │   0.0000   │   0.8709   │
│       MSE        │   0.0113    │   0.0000   │   0.1184   │
│       MAE        │   0.0675    │   0.0000   │   0.2144   │
│       RMSE       │   0.1063    │   0.0000   │   0.3441   │
└──────────────────┴─────────────┴────────────┴────────────┘
Info[iaw]:> Result, 0.9868525508115578, 0.856796783359621, 0.9935410206650639, 0.928622162592174, 0.984103865176905, 0.8709173780564579, 0.011295895929585756, 0.11840515392633927, 0.06752800852819524, 0.21437181601019617, 0.10628215245085017, 0.3441004997472966
Info[iaw]:> The model will be saved as 
`/home/iaw/DATA2/AAReact/train/output/pt/ddg/hyper_seed_1_test_0-2/search_optuna/seed_12_test_0-15/l
gb_acsf_xtb.pkl`
[OK] Finished target=ddg search=optuna split=seed_12_test_0-15 model=lgb descriptor=acsf_xtb
[INFO] Train target=ddg hyper=seed_1_test_0-2 search=optuna split=seed_12_test_0-15 model=lgb descriptor=rdkit_acsf
                           Metric                           
┏━━━━━━━━━━━━━━━━━━┳━━━━━━━━━━━━━┳━━━━━━━━━━━━┳━━━━━━━━━━━━┓
┃       name       ┃    Train    ┃   Valid    ┃    Test    ┃
┡━━━━━━━━━━━━━━━━━━╇━━━━━━━━━━━━━╇━━━━━━━━━━━━╇━━━━━━━━━━━━┩
│        R2        │   0.9609    │   0.0000   │   0.8055   │
│        R         │   0.9817    │   0.0000   │   0.9066   │
│    Spearmanr     │   0.9610    │   0.0000   │   0.8130   │
│       MSE        │   0.0336    │   0.0000   │   0.1608   │
│       MAE        │   0.1125    │   0.0000   │   0.2668   │
│       RMSE       │   0.1833    │   0.0000   │   0.4010   │
└──────────────────┴─────────────┴────────────┴────────────┘
Info[iaw]:> Result, 0.9608964309722361, 0.8054860720925344, 0.9816821476133093, 0.9066462115770332, 0.9610453439635899, 0.8129989171766009, 0.03359661938083738, 0.16083054637339858, 0.11250846474120756, 0.2668353276858793, 0.18329380617150537, 0.4010368391724114
Info[iaw]:> The model will be saved as 
`/home/iaw/DATA2/AAReact/train/output/pt/ddg/hyper_seed_1_test_0-2/search_optuna/seed_12_test_0-15/l
gb_rdkit_acsf.pkl`
[OK] Finished target=ddg search=optuna split=seed_12_test_0-15 model=lgb descriptor=rdkit_acsf
[INFO] Train target=ddg hyper=seed_1_test_0-2 search=optuna split=seed_12_test_0-15 model=lgb descriptor=rdkit_soap_xtb
                           Metric                           
┏━━━━━━━━━━━━━━━━━━┳━━━━━━━━━━━━━┳━━━━━━━━━━━━┳━━━━━━━━━━━━┓
┃       name       ┃    Train    ┃   Valid    ┃    Test    ┃
┡━━━━━━━━━━━━━━━━━━╇━━━━━━━━━━━━━╇━━━━━━━━━━━━╇━━━━━━━━━━━━┩
│        R2        │   0.9923    │   0.0000   │   0.8611   │
│        R         │   0.9963    │   0.0000   │   0.9315   │
│    Spearmanr     │   0.9895    │   0.0000   │   0.8503   │
│       MSE        │   0.0066    │   0.0000   │   0.1149   │
│       MAE        │   0.0456    │   0.0000   │   0.2213   │
│       RMSE       │   0.0811    │   0.0000   │   0.3389   │
└──────────────────┴─────────────┴────────────┴────────────┘
Info[iaw]:> Result, 0.9923352839144328, 0.8610868139788453, 0.9962530150775353, 0.9315222678574561, 0.9894715266677434, 0.8502681876558132, 0.00658529529123416, 0.11485801477866495, 0.04559791925097756, 0.22126053405585197, 0.08114983235493564, 0.33890708871114655
Info[iaw]:> The model will be saved as 
`/home/iaw/DATA2/AAReact/train/output/pt/ddg/hyper_seed_1_test_0-2/search_optuna/seed_12_test_0-15/l
gb_rdkit_soap_xtb.pkl`
[OK] Finished target=ddg search=optuna split=seed_12_test_0-15 model=lgb descriptor=rdkit_soap_xtb
[INFO] Train target=ddg hyper=seed_1_test_0-2 search=optuna split=seed_12_test_0-15 model=lgb descriptor=rdkit_soap_acsf
                           Metric                           
┏━━━━━━━━━━━━━━━━━━┳━━━━━━━━━━━━━┳━━━━━━━━━━━━┳━━━━━━━━━━━━┓
┃       name       ┃    Train    ┃   Valid    ┃    Test    ┃
┡━━━━━━━━━━━━━━━━━━╇━━━━━━━━━━━━━╇━━━━━━━━━━━━╇━━━━━━━━━━━━┩
│        R2        │   0.9766    │   0.0000   │   0.8557   │
│        R         │   0.9890    │   0.0000   │   0.9304   │
│    Spearmanr     │   0.9745    │   0.0000   │   0.8458   │
│       MSE        │   0.0201    │   0.0000   │   0.1193   │
│       MAE        │   0.0884    │   0.0000   │   0.2263   │
│       RMSE       │   0.1418    │   0.0000   │   0.3454   │
└──────────────────┴─────────────┴────────────┴────────────┘
Info[iaw]:> Result, 0.9766092549330205, 0.8556761252781664, 0.9890340089425311, 0.930394010782987, 0.9745456152002625, 0.8457858024225026, 0.020096630015831746, 0.1193317510779008, 0.08844408985216105, 0.22630553594981972, 0.14176258327158034, 0.3454442807138378
Info[iaw]:> The model will be saved as 
`/home/iaw/DATA2/AAReact/train/output/pt/ddg/hyper_seed_1_test_0-2/search_optuna/seed_12_test_0-15/l
gb_rdkit_soap_acsf.pkl`
[OK] Finished target=ddg search=optuna split=seed_12_test_0-15 model=lgb descriptor=rdkit_soap_acsf
[INFO] Train target=ddg hyper=seed_1_test_0-2 search=optuna split=seed_12_test_0-15 model=lgb descriptor=rdkit_xtb_acsf
                           Metric                           
┏━━━━━━━━━━━━━━━━━━┳━━━━━━━━━━━━━┳━━━━━━━━━━━━┳━━━━━━━━━━━━┓
┃       name       ┃    Train    ┃   Valid    ┃    Test    ┃
┡━━━━━━━━━━━━━━━━━━╇━━━━━━━━━━━━━╇━━━━━━━━━━━━╇━━━━━━━━━━━━┩
│        R2        │   0.9885    │   0.0000   │   0.8823   │
│        R         │   0.9944    │   0.0000   │   0.9427   │
│    Spearmanr     │   0.9871    │   0.0000   │   0.8844   │
│       MSE        │   0.0099    │   0.0000   │   0.0973   │
│       MAE        │   0.0577    │   0.0000   │   0.1979   │
│       RMSE       │   0.0994    │   0.0000   │   0.3120   │
└──────────────────┴─────────────┴────────────┴────────────┘
Info[iaw]:> Result, 0.9884912096442638, 0.8822635073318299, 0.9944421853915895, 0.9427389365096017, 0.9870698689734941, 0.8844148976354159, 0.009888009169725376, 0.09734842459670806, 0.05765002669720635, 0.19788527872193018, 0.09943846926479398, 0.3120070906192807
Info[iaw]:> The model will be saved as 
`/home/iaw/DATA2/AAReact/train/output/pt/ddg/hyper_seed_1_test_0-2/search_optuna/seed_12_test_0-15/l
gb_rdkit_xtb_acsf.pkl`
[OK] Finished target=ddg search=optuna split=seed_12_test_0-15 model=lgb descriptor=rdkit_xtb_acsf
[INFO] Train target=ddg hyper=seed_1_test_0-2 search=optuna split=seed_12_test_0-15 model=lgb descriptor=soap_xtb_acsf
                           Metric                           
┏━━━━━━━━━━━━━━━━━━┳━━━━━━━━━━━━━┳━━━━━━━━━━━━┳━━━━━━━━━━━━┓
┃       name       ┃    Train    ┃   Valid    ┃    Test    ┃
┡━━━━━━━━━━━━━━━━━━╇━━━━━━━━━━━━━╇━━━━━━━━━━━━╇━━━━━━━━━━━━┩
│        R2        │   0.9963    │   0.0000   │   0.8725   │
│        R         │   0.9982    │   0.0000   │   0.9351   │
│    Spearmanr     │   0.9900    │   0.0000   │   0.8505   │
│       MSE        │   0.0031    │   0.0000   │   0.1055   │
│       MAE        │   0.0383    │   0.0000   │   0.2161   │
│       RMSE       │   0.0561    │   0.0000   │   0.3247   │
└──────────────────┴─────────────┴────────────┴────────────┘
Info[iaw]:> Result, 0.9963395323491914, 0.8724614665107363, 0.9981863706906452, 0.9350686839801713, 0.989986043442772, 0.8504696431719171, 0.0031449645512605425, 0.10545307601056879, 0.03830539785824396, 0.21605463452556542, 0.0560799835169425, 0.3247353938371498
Info[iaw]:> The model will be saved as 
`/home/iaw/DATA2/AAReact/train/output/pt/ddg/hyper_seed_1_test_0-2/search_optuna/seed_12_test_0-15/l
gb_soap_xtb_acsf.pkl`
[OK] Finished target=ddg search=optuna split=seed_12_test_0-15 model=lgb descriptor=soap_xtb_acsf
[INFO] Train target=ddg hyper=seed_1_test_0-2 search=optuna split=seed_12_test_0-15 model=lgb descriptor=rdkit_soap_xtb_acsf
                           Metric                           
┏━━━━━━━━━━━━━━━━━━┳━━━━━━━━━━━━━┳━━━━━━━━━━━━┳━━━━━━━━━━━━┓
┃       name       ┃    Train    ┃   Valid    ┃    Test    ┃
┡━━━━━━━━━━━━━━━━━━╇━━━━━━━━━━━━━╇━━━━━━━━━━━━╇━━━━━━━━━━━━┩
│        R2        │   0.9920    │   0.0000   │   0.8786   │
│        R         │   0.9961    │   0.0000   │   0.9388   │
│    Spearmanr     │   0.9890    │   0.0000   │   0.8697   │
│       MSE        │   0.0068    │   0.0000   │   0.1004   │
│       MAE        │   0.0473    │   0.0000   │   0.1963   │
│       RMSE       │   0.0827    │   0.0000   │   0.3168   │
└──────────────────┴─────────────┴────────────┴────────────┘
Info[iaw]:> Result, 0.9920348458216919, 0.8786089845861677, 0.9961248060915041, 0.9387710477746108, 0.9890462391532491, 0.8697086449598348, 0.006843422733313756, 0.10037010482414392, 0.04732217126646164, 0.19632968772940368, 0.08272498252229345, 0.31681241267372073
Info[iaw]:> The model will be saved as 
`/home/iaw/DATA2/AAReact/train/output/pt/ddg/hyper_seed_1_test_0-2/search_optuna/seed_12_test_0-15/l
gb_rdkit_soap_xtb_acsf.pkl`
[OK] Finished target=ddg search=optuna split=seed_12_test_0-15 model=lgb descriptor=rdkit_soap_xtb_acsf
[INFO] Train target=ddg hyper=seed_1_test_0-2 search=optuna split=seed_12_test_0-15 model=xgb descriptor=rdkit
                           Metric                           
┏━━━━━━━━━━━━━━━━━━┳━━━━━━━━━━━━━┳━━━━━━━━━━━━┳━━━━━━━━━━━━┓
┃       name       ┃    Train    ┃   Valid    ┃    Test    ┃
┡━━━━━━━━━━━━━━━━━━╇━━━━━━━━━━━━━╇━━━━━━━━━━━━╇━━━━━━━━━━━━┩
│        R2        │   0.9548    │   0.0000   │   0.8328   │
│        R         │   0.9784    │   0.0000   │   0.9191   │
│    Spearmanr     │   0.9606    │   0.0000   │   0.8481   │
│       MSE        │   0.0388    │   0.0000   │   0.1383   │
│       MAE        │   0.1066    │   0.0000   │   0.2360   │
│       RMSE       │   0.1970    │   0.0000   │   0.3718   │
└──────────────────┴─────────────┴────────────┴────────────┘
Info[iaw]:> Result, 0.9548438061788512, 0.8327917464658019, 0.978445847221058, 0.9191015417723692, 0.9605519756821295, 0.8480521769786709, 0.038796853950065366, 0.13825331205506278, 0.10662912875138632, 0.23603629144352373, 0.19696917004969425, 0.371824302668697
Info[iaw]:> The model will be saved as 
`/home/iaw/DATA2/AAReact/train/output/pt/ddg/hyper_seed_1_test_0-2/search_optuna/seed_12_test_0-15/x
gb_rdkit.pkl`
[OK] Finished target=ddg search=optuna split=seed_12_test_0-15 model=xgb descriptor=rdkit
[INFO] Train target=ddg hyper=seed_1_test_0-2 search=optuna split=seed_12_test_0-15 model=xgb descriptor=xtb
                           Metric                           
┏━━━━━━━━━━━━━━━━━━┳━━━━━━━━━━━━━┳━━━━━━━━━━━━┳━━━━━━━━━━━━┓
┃       name       ┃    Train    ┃   Valid    ┃    Test    ┃
┡━━━━━━━━━━━━━━━━━━╇━━━━━━━━━━━━━╇━━━━━━━━━━━━╇━━━━━━━━━━━━┩
│        R2        │   0.9847    │   0.0000   │   0.8759   │
│        R         │   0.9925    │   0.0000   │   0.9381   │
│    Spearmanr     │   0.9834    │   0.0000   │   0.8523   │
│       MSE        │   0.0131    │   0.0000   │   0.1026   │
│       MAE        │   0.0727    │   0.0000   │   0.2117   │
│       RMSE       │   0.1146    │   0.0000   │   0.3204   │
└──────────────────┴─────────────┴────────────┴────────────┘
Info[iaw]:> Result, 0.9847148824564993, 0.8758601412921431, 0.9925208385074572, 0.9381124023801708, 0.9834279824988973, 0.8523331066958777, 0.013132516777068158, 0.1026429393385091, 0.0727117734260317, 0.21171635396267993, 0.11459719358286292, 0.3203793678414843
Info[iaw]:> The model will be saved as 
`/home/iaw/DATA2/AAReact/train/output/pt/ddg/hyper_seed_1_test_0-2/search_optuna/seed_12_test_0-15/x
gb_xtb.pkl`
[OK] Finished target=ddg search=optuna split=seed_12_test_0-15 model=xgb descriptor=xtb
[INFO] Train target=ddg hyper=seed_1_test_0-2 search=optuna split=seed_12_test_0-15 model=xgb descriptor=soap
                           Metric                           
┏━━━━━━━━━━━━━━━━━━┳━━━━━━━━━━━━━┳━━━━━━━━━━━━┳━━━━━━━━━━━━┓
┃       name       ┃    Train    ┃   Valid    ┃    Test    ┃
┡━━━━━━━━━━━━━━━━━━╇━━━━━━━━━━━━━╇━━━━━━━━━━━━╇━━━━━━━━━━━━┩
│        R2        │   0.4793    │   0.0000   │   0.2516   │
│        R         │   0.6951    │   0.0000   │   0.5477   │
│    Spearmanr     │   0.6202    │   0.0000   │   0.4288   │
│       MSE        │   0.4474    │   0.0000   │   0.6188   │
│       MAE        │   0.4900    │   0.0000   │   0.5891   │
│       RMSE       │   0.6689    │   0.0000   │   0.7866   │
└──────────────────┴─────────────┴────────────┴────────────┘
Info[iaw]:> Result, 0.47930337478878027, 0.2516082427140325, 0.6951199578039164, 0.547724462908465, 0.6201814569718689, 0.4288232479665584, 0.44736699910146904, 0.6187950473290009, 0.490015780469687, 0.5891357337822078, 0.66885499108661, 0.7866352695684328
Info[iaw]:> The model will be saved as 
`/home/iaw/DATA2/AAReact/train/output/pt/ddg/hyper_seed_1_test_0-2/search_optuna/seed_12_test_0-15/x
gb_soap.pkl`
[OK] Finished target=ddg search=optuna split=seed_12_test_0-15 model=xgb descriptor=soap
[INFO] Train target=ddg hyper=seed_1_test_0-2 search=optuna split=seed_12_test_0-15 model=xgb descriptor=acsf
                           Metric                           
┏━━━━━━━━━━━━━━━━━━┳━━━━━━━━━━━━━┳━━━━━━━━━━━━┳━━━━━━━━━━━━┓
┃       name       ┃    Train    ┃   Valid    ┃    Test    ┃
┡━━━━━━━━━━━━━━━━━━╇━━━━━━━━━━━━━╇━━━━━━━━━━━━╇━━━━━━━━━━━━┩
│        R2        │   0.9810    │   0.0000   │   0.8395   │
│        R         │   0.9907    │   0.0000   │   0.9205   │
│    Spearmanr     │   0.9788    │   0.0000   │   0.8658   │
│       MSE        │   0.0163    │   0.0000   │   0.1327   │
│       MAE        │   0.0790    │   0.0000   │   0.2169   │
│       RMSE       │   0.1277    │   0.0000   │   0.3643   │
└──────────────────┴─────────────┴────────────┴────────────┘
Info[iaw]:> Result, 0.9810254875343566, 0.839507057863885, 0.9907031365728488, 0.9204697658757002, 0.9787724168599846, 0.8658306262748356, 0.016302334776463954, 0.1327008705777872, 0.07895673206456849, 0.2168798632957172, 0.1276805967109488, 0.36428130692884475
Info[iaw]:> The model will be saved as 
`/home/iaw/DATA2/AAReact/train/output/pt/ddg/hyper_seed_1_test_0-2/search_optuna/seed_12_test_0-15/x
gb_acsf.pkl`
[OK] Finished target=ddg search=optuna split=seed_12_test_0-15 model=xgb descriptor=acsf
[INFO] Train target=ddg hyper=seed_1_test_0-2 search=optuna split=seed_12_test_0-15 model=xgb descriptor=rdkit_soap
                           Metric                           
┏━━━━━━━━━━━━━━━━━━┳━━━━━━━━━━━━━┳━━━━━━━━━━━━┳━━━━━━━━━━━━┓
┃       name       ┃    Train    ┃   Valid    ┃    Test    ┃
┡━━━━━━━━━━━━━━━━━━╇━━━━━━━━━━━━━╇━━━━━━━━━━━━╇━━━━━━━━━━━━┩
│        R2        │   0.9876    │   0.0000   │   0.8815   │
│        R         │   0.9942    │   0.0000   │   0.9418   │
│    Spearmanr     │   0.9865    │   0.0000   │   0.8833   │
│       MSE        │   0.0107    │   0.0000   │   0.0980   │
│       MAE        │   0.0598    │   0.0000   │   0.1961   │
│       RMSE       │   0.1033    │   0.0000   │   0.3131   │
└──────────────────┴─────────────┴────────────┴────────────┘
Info[iaw]:> Result, 0.987580935112083, 0.8814736293698702, 0.9941509186065871, 0.9418282115417327, 0.9864945140662832, 0.8833068922968447, 0.010670089878727623, 0.09800152180962704, 0.05980441163606072, 0.19612216087431214, 0.10329612712356462, 0.3130519474618023
Info[iaw]:> The model will be saved as 
`/home/iaw/DATA2/AAReact/train/output/pt/ddg/hyper_seed_1_test_0-2/search_optuna/seed_12_test_0-15/x
gb_rdkit_soap.pkl`
[OK] Finished target=ddg search=optuna split=seed_12_test_0-15 model=xgb descriptor=rdkit_soap
[INFO] Train target=ddg hyper=seed_1_test_0-2 search=optuna split=seed_12_test_0-15 model=xgb descriptor=soap_xtb
                           Metric                           
┏━━━━━━━━━━━━━━━━━━┳━━━━━━━━━━━━━┳━━━━━━━━━━━━┳━━━━━━━━━━━━┓
┃       name       ┃    Train    ┃   Valid    ┃    Test    ┃
┡━━━━━━━━━━━━━━━━━━╇━━━━━━━━━━━━━╇━━━━━━━━━━━━╇━━━━━━━━━━━━┩
│        R2        │   0.9924    │   0.0000   │   0.8752   │
│        R         │   0.9963    │   0.0000   │   0.9392   │
│    Spearmanr     │   0.9866    │   0.0000   │   0.8709   │
│       MSE        │   0.0065    │   0.0000   │   0.1032   │
│       MAE        │   0.0505    │   0.0000   │   0.2038   │
│       RMSE       │   0.0808    │   0.0000   │   0.3213   │
└──────────────────┴─────────────┴────────────┴────────────┘
Info[iaw]:> Result, 0.9923967736504785, 0.8751636027830242, 0.9963304745406039, 0.9392386910887859, 0.9866089476958644, 0.870867014177432, 0.006532465145313496, 0.10321886040594545, 0.05048159106648882, 0.20380279912806126, 0.08082366698754453, 0.32127692168275246
Info[iaw]:> The model will be saved as 
`/home/iaw/DATA2/AAReact/train/output/pt/ddg/hyper_seed_1_test_0-2/search_optuna/seed_12_test_0-15/x
gb_soap_xtb.pkl`
[OK] Finished target=ddg search=optuna split=seed_12_test_0-15 model=xgb descriptor=soap_xtb
[INFO] Train target=ddg hyper=seed_1_test_0-2 search=optuna split=seed_12_test_0-15 model=xgb descriptor=rdkit_xtb
                           Metric                           
┏━━━━━━━━━━━━━━━━━━┳━━━━━━━━━━━━━┳━━━━━━━━━━━━┳━━━━━━━━━━━━┓
┃       name       ┃    Train    ┃   Valid    ┃    Test    ┃
┡━━━━━━━━━━━━━━━━━━╇━━━━━━━━━━━━━╇━━━━━━━━━━━━╇━━━━━━━━━━━━┩
│        R2        │   0.9936    │   0.0000   │   0.8719   │
│        R         │   0.9968    │   0.0000   │   0.9372   │
│    Spearmanr     │   0.9893    │   0.0000   │   0.8651   │
│       MSE        │   0.0055    │   0.0000   │   0.1060   │
│       MAE        │   0.0459    │   0.0000   │   0.2244   │
│       RMSE       │   0.0744    │   0.0000   │   0.3255   │
└──────────────────┴─────────────┴────────────┴────────────┘
Info[iaw]:> Result, 0.9935544505273237, 0.8718501334413264, 0.9968108196417899, 0.9371632404822984, 0.989260331437453, 0.8650751680894463, 0.005537823726016178, 0.10595854640349661, 0.045916537620721135, 0.22437586974504323, 0.07441655545653922, 0.3255127438419218
Info[iaw]:> The model will be saved as 
`/home/iaw/DATA2/AAReact/train/output/pt/ddg/hyper_seed_1_test_0-2/search_optuna/seed_12_test_0-15/x
gb_rdkit_xtb.pkl`
[OK] Finished target=ddg search=optuna split=seed_12_test_0-15 model=xgb descriptor=rdkit_xtb
[INFO] Train target=ddg hyper=seed_1_test_0-2 search=optuna split=seed_12_test_0-15 model=xgb descriptor=soap_acsf
                           Metric                           
┏━━━━━━━━━━━━━━━━━━┳━━━━━━━━━━━━━┳━━━━━━━━━━━━┳━━━━━━━━━━━━┓
┃       name       ┃    Train    ┃   Valid    ┃    Test    ┃
┡━━━━━━━━━━━━━━━━━━╇━━━━━━━━━━━━━╇━━━━━━━━━━━━╇━━━━━━━━━━━━┩
│        R2        │   0.9974    │   0.0000   │   0.9062   │
│        R         │   0.9987    │   0.0000   │   0.9541   │
│    Spearmanr     │   0.9896    │   0.0000   │   0.8687   │
│       MSE        │   0.0022    │   0.0000   │   0.0776   │
│       MAE        │   0.0328    │   0.0000   │   0.1806   │
│       RMSE       │   0.0474    │   0.0000   │   0.2785   │
└──────────────────┴─────────────┴────────────┴────────────┘
Info[iaw]:> Result, 0.9973834347855722, 0.9061638273918374, 0.9987164247909867, 0.9541441638296401, 0.9895882779404555, 0.8687013673793156, 0.002248074735373962, 0.07758684980819872, 0.03280674615618675, 0.18061003231911696, 0.047413866488338216, 0.2785441613249122
Info[iaw]:> The model will be saved as 
`/home/iaw/DATA2/AAReact/train/output/pt/ddg/hyper_seed_1_test_0-2/search_optuna/seed_12_test_0-15/x
gb_soap_acsf.pkl`
[OK] Finished target=ddg search=optuna split=seed_12_test_0-15 model=xgb descriptor=soap_acsf
[INFO] Train target=ddg hyper=seed_1_test_0-2 search=optuna split=seed_12_test_0-15 model=xgb descriptor=acsf_xtb
                           Metric                           
┏━━━━━━━━━━━━━━━━━━┳━━━━━━━━━━━━━┳━━━━━━━━━━━━┳━━━━━━━━━━━━┓
┃       name       ┃    Train    ┃   Valid    ┃    Test    ┃
┡━━━━━━━━━━━━━━━━━━╇━━━━━━━━━━━━━╇━━━━━━━━━━━━╇━━━━━━━━━━━━┩
│        R2        │   0.9937    │   0.0000   │   0.8789   │
│        R         │   0.9969    │   0.0000   │   0.9404   │
│    Spearmanr     │   0.9906    │   0.0000   │   0.8801   │
│       MSE        │   0.0054    │   0.0000   │   0.1001   │
│       MAE        │   0.0424    │   0.0000   │   0.1943   │
│       RMSE       │   0.0737    │   0.0000   │   0.3164   │
└──────────────────┴─────────────┴────────────┴────────────┘
Info[iaw]:> Result, 0.9936784695020824, 0.8789020710262337, 0.9969277409494173, 0.9403886825062436, 0.9905558939475474, 0.8801339679182091, 0.005431270324509293, 0.10012777126583504, 0.042366478935370815, 0.19426886244545347, 0.07369715275714044, 0.31642972563562205
Info[iaw]:> The model will be saved as 
`/home/iaw/DATA2/AAReact/train/output/pt/ddg/hyper_seed_1_test_0-2/search_optuna/seed_12_test_0-15/x
gb_acsf_xtb.pkl`
[OK] Finished target=ddg search=optuna split=seed_12_test_0-15 model=xgb descriptor=acsf_xtb
[INFO] Train target=ddg hyper=seed_1_test_0-2 search=optuna split=seed_12_test_0-15 model=xgb descriptor=rdkit_acsf
                           Metric                           
┏━━━━━━━━━━━━━━━━━━┳━━━━━━━━━━━━━┳━━━━━━━━━━━━┳━━━━━━━━━━━━┓
┃       name       ┃    Train    ┃   Valid    ┃    Test    ┃
┡━━━━━━━━━━━━━━━━━━╇━━━━━━━━━━━━━╇━━━━━━━━━━━━╇━━━━━━━━━━━━┩
│        R2        │   0.9909    │   0.0000   │   0.8823   │
│        R         │   0.9959    │   0.0000   │   0.9442   │
│    Spearmanr     │   0.9867    │   0.0000   │   0.8861   │
│       MSE        │   0.0078    │   0.0000   │   0.0973   │
│       MAE        │   0.0530    │   0.0000   │   0.1959   │
│       RMSE       │   0.0883    │   0.0000   │   0.3119   │
└──────────────────┴─────────────┴────────────┴────────────┘
Info[iaw]:> Result, 0.9909305202556892, 0.8823408648628367, 0.9958618095886262, 0.944187006589598, 0.9867120828151832, 0.8860769056432727, 0.007792226298716718, 0.09728446283257242, 0.052974168728702954, 0.19592729930261246, 0.08827358777526105, 0.3119045732793484
Info[iaw]:> The model will be saved as 
`/home/iaw/DATA2/AAReact/train/output/pt/ddg/hyper_seed_1_test_0-2/search_optuna/seed_12_test_0-15/x
gb_rdkit_acsf.pkl`
[OK] Finished target=ddg search=optuna split=seed_12_test_0-15 model=xgb descriptor=rdkit_acsf
[INFO] Train target=ddg hyper=seed_1_test_0-2 search=optuna split=seed_12_test_0-15 model=xgb descriptor=rdkit_soap_xtb
                           Metric                           
┏━━━━━━━━━━━━━━━━━━┳━━━━━━━━━━━━━┳━━━━━━━━━━━━┳━━━━━━━━━━━━┓
┃       name       ┃    Train    ┃   Valid    ┃    Test    ┃
┡━━━━━━━━━━━━━━━━━━╇━━━━━━━━━━━━━╇━━━━━━━━━━━━╇━━━━━━━━━━━━┩
│        R2        │   0.9984    │   0.0000   │   0.8941   │
│        R         │   0.9992    │   0.0000   │   0.9489   │
│    Spearmanr     │   0.9943    │   0.0000   │   0.8803   │
│       MSE        │   0.0013    │   0.0000   │   0.0876   │
│       MAE        │   0.0217    │   0.0000   │   0.1916   │
│       RMSE       │   0.0365    │   0.0000   │   0.2959   │
└──────────────────┴─────────────┴────────────┴────────────┘
Info[iaw]:> Result, 0.9984454730109454, 0.8940730305996525, 0.9992408225208124, 0.9489477910273544, 0.9942600670812833, 0.8803354234343129, 0.0013356031908858556, 0.08758392032698392, 0.021714751291149335, 0.19164956121506738, 0.03654590525470474, 0.295945806402091
Info[iaw]:> The model will be saved as 
`/home/iaw/DATA2/AAReact/train/output/pt/ddg/hyper_seed_1_test_0-2/search_optuna/seed_12_test_0-15/x
gb_rdkit_soap_xtb.pkl`
[OK] Finished target=ddg search=optuna split=seed_12_test_0-15 model=xgb descriptor=rdkit_soap_xtb
[INFO] Train target=ddg hyper=seed_1_test_0-2 search=optuna split=seed_12_test_0-15 model=xgb descriptor=rdkit_soap_acsf
                           Metric                           
┏━━━━━━━━━━━━━━━━━━┳━━━━━━━━━━━━━┳━━━━━━━━━━━━┳━━━━━━━━━━━━┓
┃       name       ┃    Train    ┃   Valid    ┃    Test    ┃
┡━━━━━━━━━━━━━━━━━━╇━━━━━━━━━━━━━╇━━━━━━━━━━━━╇━━━━━━━━━━━━┩
│        R2        │   0.9850    │   0.0000   │   0.8773   │
│        R         │   0.9932    │   0.0000   │   0.9404   │
│    Spearmanr     │   0.9862    │   0.0000   │   0.8752   │
│       MSE        │   0.0129    │   0.0000   │   0.1015   │
│       MAE        │   0.0637    │   0.0000   │   0.2001   │
│       RMSE       │   0.1135    │   0.0000   │   0.3186   │
└──────────────────┴─────────────┴────────────┴────────────┘
Info[iaw]:> Result, 0.9849947707925367, 0.8772691396749428, 0.9931632678781477, 0.9404260066408549, 0.9862389939111169, 0.8751983077736647, 0.012892045072597684, 0.1014779328930441, 0.06370188909132113, 0.20008492839798092, 0.11354314190032652, 0.3185560121753223
Info[iaw]:> The model will be saved as 
`/home/iaw/DATA2/AAReact/train/output/pt/ddg/hyper_seed_1_test_0-2/search_optuna/seed_12_test_0-15/x
gb_rdkit_soap_acsf.pkl`
[OK] Finished target=ddg search=optuna split=seed_12_test_0-15 model=xgb descriptor=rdkit_soap_acsf
[INFO] Train target=ddg hyper=seed_1_test_0-2 search=optuna split=seed_12_test_0-15 model=xgb descriptor=rdkit_xtb_acsf
                           Metric                           
┏━━━━━━━━━━━━━━━━━━┳━━━━━━━━━━━━━┳━━━━━━━━━━━━┳━━━━━━━━━━━━┓
┃       name       ┃    Train    ┃   Valid    ┃    Test    ┃
┡━━━━━━━━━━━━━━━━━━╇━━━━━━━━━━━━━╇━━━━━━━━━━━━╇━━━━━━━━━━━━┩
│        R2        │   0.9919    │   0.0000   │   0.8854   │
│        R         │   0.9962    │   0.0000   │   0.9437   │
│    Spearmanr     │   0.9890    │   0.0000   │   0.8864   │
│       MSE        │   0.0070    │   0.0000   │   0.0948   │
│       MAE        │   0.0447    │   0.0000   │   0.1880   │
│       RMSE       │   0.0834    │   0.0000   │   0.3079   │
└──────────────────┴─────────────┴────────────┴────────────┘
Info[iaw]:> Result, 0.9918952552299779, 0.8853792579133344, 0.9961559595988855, 0.9436605552383918, 0.9890479773855971, 0.8864294527964544, 0.0069633548033411884, 0.09477221900681845, 0.04466137875114618, 0.1879891159222292, 0.08344671834974213, 0.30785096882553165
Info[iaw]:> The model will be saved as 
`/home/iaw/DATA2/AAReact/train/output/pt/ddg/hyper_seed_1_test_0-2/search_optuna/seed_12_test_0-15/x
gb_rdkit_xtb_acsf.pkl`
[OK] Finished target=ddg search=optuna split=seed_12_test_0-15 model=xgb descriptor=rdkit_xtb_acsf
[INFO] Train target=ddg hyper=seed_1_test_0-2 search=optuna split=seed_12_test_0-15 model=xgb descriptor=soap_xtb_acsf
                           Metric                           
┏━━━━━━━━━━━━━━━━━━┳━━━━━━━━━━━━━┳━━━━━━━━━━━━┳━━━━━━━━━━━━┓
┃       name       ┃    Train    ┃   Valid    ┃    Test    ┃
┡━━━━━━━━━━━━━━━━━━╇━━━━━━━━━━━━━╇━━━━━━━━━━━━╇━━━━━━━━━━━━┩
│        R2        │   0.9879    │   0.0000   │   0.8387   │
│        R         │   0.9940    │   0.0000   │   0.9177   │
│    Spearmanr     │   0.9848    │   0.0000   │   0.8408   │
│       MSE        │   0.0104    │   0.0000   │   0.1334   │
│       MAE        │   0.0617    │   0.0000   │   0.2237   │
│       RMSE       │   0.1021    │   0.0000   │   0.3652   │
└──────────────────┴─────────────┴────────────┴────────────┘
Info[iaw]:> Result, 0.9878692433611187, 0.8386990403339379, 0.9940238021491272, 0.9177173097135015, 0.9847924948921318, 0.8407997783989323, 0.010422384036318911, 0.13336896618522606, 0.06167922788424704, 0.22365480867617832, 0.10209007805031256, 0.36519716070258
Info[iaw]:> The model will be saved as 
`/home/iaw/DATA2/AAReact/train/output/pt/ddg/hyper_seed_1_test_0-2/search_optuna/seed_12_test_0-15/x
gb_soap_xtb_acsf.pkl`
[OK] Finished target=ddg search=optuna split=seed_12_test_0-15 model=xgb descriptor=soap_xtb_acsf
[INFO] Train target=ddg hyper=seed_1_test_0-2 search=optuna split=seed_12_test_0-15 model=xgb descriptor=rdkit_soap_xtb_acsf
                           Metric                           
┏━━━━━━━━━━━━━━━━━━┳━━━━━━━━━━━━━┳━━━━━━━━━━━━┳━━━━━━━━━━━━┓
┃       name       ┃    Train    ┃   Valid    ┃    Test    ┃
┡━━━━━━━━━━━━━━━━━━╇━━━━━━━━━━━━━╇━━━━━━━━━━━━╇━━━━━━━━━━━━┩
│        R2        │   0.9968    │   0.0000   │   0.8852   │
│        R         │   0.9985    │   0.0000   │   0.9437   │
│    Spearmanr     │   0.9917    │   0.0000   │   0.8739   │
│       MSE        │   0.0027    │   0.0000   │   0.0949   │
│       MAE        │   0.0324    │   0.0000   │   0.1870   │
│       RMSE       │   0.0521    │   0.0000   │   0.3081   │
└──────────────────┴─────────────┴────────────┴────────────┘
Info[iaw]:> Result, 0.9968442076582789, 0.8851668976936872, 0.9984762773808163, 0.9437088812936506, 0.9916732876419647, 0.8738888469189897, 0.002711362588782819, 0.09494780545721442, 0.032436356029318936, 0.18703100319881477, 0.05207074599794801, 0.30813601778632504
Info[iaw]:> The model will be saved as 
`/home/iaw/DATA2/AAReact/train/output/pt/ddg/hyper_seed_1_test_0-2/search_optuna/seed_12_test_0-15/x
gb_rdkit_soap_xtb_acsf.pkl`
[OK] Finished target=ddg search=optuna split=seed_12_test_0-15 model=xgb descriptor=rdkit_soap_xtb_acsf
[INFO] Train target=ddg hyper=seed_1_test_0-2 search=optuna split=seed_12_test_0-15 model=rf descriptor=rdkit
                           Metric                           
┏━━━━━━━━━━━━━━━━━━┳━━━━━━━━━━━━━┳━━━━━━━━━━━━┳━━━━━━━━━━━━┓
┃       name       ┃    Train    ┃   Valid    ┃    Test    ┃
┡━━━━━━━━━━━━━━━━━━╇━━━━━━━━━━━━━╇━━━━━━━━━━━━╇━━━━━━━━━━━━┩
│        R2        │   0.9414    │   0.0000   │   0.8188   │
│        R         │   0.9706    │   0.0000   │   0.9090   │
│    Spearmanr     │   0.9535    │   0.0000   │   0.8561   │
│       MSE        │   0.0503    │   0.0000   │   0.1498   │
│       MAE        │   0.1206    │   0.0000   │   0.2325   │
│       RMSE       │   0.2244    │   0.0000   │   0.3871   │
└──────────────────┴─────────────┴────────────┴────────────┘
Info[iaw]:> Result, 0.9414132417390062, 0.8187799650500434, 0.9706214132434284, 0.9090147206780732, 0.9535109758508828, 0.8561103976228249, 0.05033599405348947, 0.1498387161698423, 0.12056630263710211, 0.23253344471492798, 0.22435684534573372, 0.3870900620912946
Info[iaw]:> The model will be saved as 
`/home/iaw/DATA2/AAReact/train/output/pt/ddg/hyper_seed_1_test_0-2/search_optuna/seed_12_test_0-15/r
f_rdkit.pkl`
[OK] Finished target=ddg search=optuna split=seed_12_test_0-15 model=rf descriptor=rdkit
[INFO] Train target=ddg hyper=seed_1_test_0-2 search=optuna split=seed_12_test_0-15 model=rf descriptor=xtb
                           Metric                           
┏━━━━━━━━━━━━━━━━━━┳━━━━━━━━━━━━━┳━━━━━━━━━━━━┳━━━━━━━━━━━━┓
┃       name       ┃    Train    ┃   Valid    ┃    Test    ┃
┡━━━━━━━━━━━━━━━━━━╇━━━━━━━━━━━━━╇━━━━━━━━━━━━╇━━━━━━━━━━━━┩
│        R2        │   0.9871    │   0.0000   │   0.7582   │
│        R         │   0.9937    │   0.0000   │   0.8795   │
│    Spearmanr     │   0.9836    │   0.0000   │   0.8454   │
│       MSE        │   0.0111    │   0.0000   │   0.1999   │
│       MAE        │   0.0529    │   0.0000   │   0.2351   │
│       RMSE       │   0.1052    │   0.0000   │   0.4471   │
└──────────────────┴─────────────┴────────────┴────────────┘
Info[iaw]:> Result, 0.9871083039291233, 0.7581907592846854, 0.993691152397913, 0.8794502502370863, 0.9835551631656977, 0.8454332552693209, 0.011076160484460265, 0.19993587462221032, 0.05291607305812138, 0.23510954319663963, 0.10524333938288097, 0.44714189540034194
Info[iaw]:> The model will be saved as 
`/home/iaw/DATA2/AAReact/train/output/pt/ddg/hyper_seed_1_test_0-2/search_optuna/seed_12_test_0-15/r
f_xtb.pkl`
[OK] Finished target=ddg search=optuna split=seed_12_test_0-15 model=rf descriptor=xtb
[INFO] Train target=ddg hyper=seed_1_test_0-2 search=optuna split=seed_12_test_0-15 model=rf descriptor=soap
                           Metric                           
┏━━━━━━━━━━━━━━━━━━┳━━━━━━━━━━━━━┳━━━━━━━━━━━━┳━━━━━━━━━━━━┓
┃       name       ┃    Train    ┃   Valid    ┃    Test    ┃
┡━━━━━━━━━━━━━━━━━━╇━━━━━━━━━━━━━╇━━━━━━━━━━━━╇━━━━━━━━━━━━┩
│        R2        │   0.4361    │   0.0000   │   0.1953   │
│        R         │   0.6611    │   0.0000   │   0.5093   │
│    Spearmanr     │   0.5484    │   0.0000   │   0.3542   │
│       MSE        │   0.4845    │   0.0000   │   0.6654   │
│       MAE        │   0.4813    │   0.0000   │   0.5567   │
│       RMSE       │   0.6960    │   0.0000   │   0.8157   │
└──────────────────┴─────────────┴────────────┴────────────┘
Info[iaw]:> Result, 0.4361236391173917, 0.195250580805582, 0.6610973817655912, 0.5093239858721986, 0.5484301226974758, 0.3541839792500818, 0.48446573920078845, 0.6653934254223953, 0.4812844152471975, 0.556747387701103, 0.696035731267288, 0.8157165104510239
Info[iaw]:> The model will be saved as 
`/home/iaw/DATA2/AAReact/train/output/pt/ddg/hyper_seed_1_test_0-2/search_optuna/seed_12_test_0-15/r
f_soap.pkl`
[OK] Finished target=ddg search=optuna split=seed_12_test_0-15 model=rf descriptor=soap
[INFO] Train target=ddg hyper=seed_1_test_0-2 search=optuna split=seed_12_test_0-15 model=rf descriptor=acsf
                           Metric                           
┏━━━━━━━━━━━━━━━━━━┳━━━━━━━━━━━━━┳━━━━━━━━━━━━┳━━━━━━━━━━━━┓
┃       name       ┃    Train    ┃   Valid    ┃    Test    ┃
┡━━━━━━━━━━━━━━━━━━╇━━━━━━━━━━━━━╇━━━━━━━━━━━━╇━━━━━━━━━━━━┩
│        R2        │   0.9880    │   0.0000   │   0.8471   │
│        R         │   0.9941    │   0.0000   │   0.9277   │
│    Spearmanr     │   0.9868    │   0.0000   │   0.8933   │
│       MSE        │   0.0103    │   0.0000   │   0.1264   │
│       MAE        │   0.0521    │   0.0000   │   0.1864   │
│       RMSE       │   0.1017    │   0.0000   │   0.3555   │
└──────────────────┴─────────────┴────────────┴────────────┘
Info[iaw]:> Result, 0.9879544608642209, 0.8471489155207282, 0.9940500721195429, 0.9276772354215417, 0.9867755282958877, 0.8932789403439853, 0.010349167701148115, 0.12638233002143934, 0.052127114685533, 0.1864033712793731, 0.10173085913894621, 0.35550292547521933
Info[iaw]:> The model will be saved as 
`/home/iaw/DATA2/AAReact/train/output/pt/ddg/hyper_seed_1_test_0-2/search_optuna/seed_12_test_0-15/r
f_acsf.pkl`
[OK] Finished target=ddg search=optuna split=seed_12_test_0-15 model=rf descriptor=acsf
[INFO] Train target=ddg hyper=seed_1_test_0-2 search=optuna split=seed_12_test_0-15 model=rf descriptor=rdkit_soap
                           Metric                           
┏━━━━━━━━━━━━━━━━━━┳━━━━━━━━━━━━━┳━━━━━━━━━━━━┳━━━━━━━━━━━━┓
┃       name       ┃    Train    ┃   Valid    ┃    Test    ┃
┡━━━━━━━━━━━━━━━━━━╇━━━━━━━━━━━━━╇━━━━━━━━━━━━╇━━━━━━━━━━━━┩
│        R2        │   0.9816    │   0.0000   │   0.8912   │
│        R         │   0.9909    │   0.0000   │   0.9457   │
│    Spearmanr     │   0.9780    │   0.0000   │   0.9051   │
│       MSE        │   0.0158    │   0.0000   │   0.0899   │
│       MAE        │   0.0691    │   0.0000   │   0.1706   │
│       RMSE       │   0.1256    │   0.0000   │   0.2999   │
└──────────────────┴─────────────┴────────────┴────────────┘
Info[iaw]:> Result, 0.9816457249413232, 0.8912168729883636, 0.990868655221316, 0.9456575915355269, 0.9779838387847438, 0.9050640880360605, 0.015769445308681206, 0.08994548586675673, 0.06911457195306797, 0.17057301590134166, 0.12557645204687543, 0.2999091293488025
Info[iaw]:> The model will be saved as 
`/home/iaw/DATA2/AAReact/train/output/pt/ddg/hyper_seed_1_test_0-2/search_optuna/seed_12_test_0-15/r
f_rdkit_soap.pkl`
[OK] Finished target=ddg search=optuna split=seed_12_test_0-15 model=rf descriptor=rdkit_soap
[INFO] Train target=ddg hyper=seed_1_test_0-2 search=optuna split=seed_12_test_0-15 model=rf descriptor=soap_xtb
                           Metric                           
┏━━━━━━━━━━━━━━━━━━┳━━━━━━━━━━━━━┳━━━━━━━━━━━━┳━━━━━━━━━━━━┓
┃       name       ┃    Train    ┃   Valid    ┃    Test    ┃
┡━━━━━━━━━━━━━━━━━━╇━━━━━━━━━━━━━╇━━━━━━━━━━━━╇━━━━━━━━━━━━┩
│        R2        │   0.9871    │   0.0000   │   0.9098   │
│        R         │   0.9936    │   0.0000   │   0.9572   │
│    Spearmanr     │   0.9852    │   0.0000   │   0.9107   │
│       MSE        │   0.0111    │   0.0000   │   0.0746   │
│       MAE        │   0.0580    │   0.0000   │   0.1551   │
│       RMSE       │   0.1055    │   0.0000   │   0.2731   │
└──────────────────┴─────────────┴────────────┴────────────┘
Info[iaw]:> Result, 0.9870566893203307, 0.909822734943936, 0.9935944468119818, 0.9571654859872306, 0.9852004000831455, 0.9106544786079424, 0.01112050621578883, 0.0745615440778363, 0.05795639900347845, 0.1551385553674208, 0.10545381081681605, 0.27305959803280366
Info[iaw]:> The model will be saved as 
`/home/iaw/DATA2/AAReact/train/output/pt/ddg/hyper_seed_1_test_0-2/search_optuna/seed_12_test_0-15/r
f_soap_xtb.pkl`
[OK] Finished target=ddg search=optuna split=seed_12_test_0-15 model=rf descriptor=soap_xtb
[INFO] Train target=ddg hyper=seed_1_test_0-2 search=optuna split=seed_12_test_0-15 model=rf descriptor=rdkit_xtb
                           Metric                           
┏━━━━━━━━━━━━━━━━━━┳━━━━━━━━━━━━━┳━━━━━━━━━━━━┳━━━━━━━━━━━━┓
┃       name       ┃    Train    ┃   Valid    ┃    Test    ┃
┡━━━━━━━━━━━━━━━━━━╇━━━━━━━━━━━━━╇━━━━━━━━━━━━╇━━━━━━━━━━━━┩
│        R2        │   0.9750    │   0.0000   │   0.8845   │
│        R         │   0.9876    │   0.0000   │   0.9425   │
│    Spearmanr     │   0.9731    │   0.0000   │   0.8897   │
│       MSE        │   0.0215    │   0.0000   │   0.0955   │
│       MAE        │   0.0859    │   0.0000   │   0.1884   │
│       RMSE       │   0.1465    │   0.0000   │   0.3090   │
└──────────────────┴─────────────┴────────────┴────────────┘
Info[iaw]:> Result, 0.9750277892052361, 0.8845490810192472, 0.9876402925535473, 0.9425435679434107, 0.9730881073764063, 0.889652741054116, 0.02145537816699119, 0.09545863670913396, 0.0859132080169788, 0.18839435140853358, 0.14647654476738312, 0.3089638113260742
Info[iaw]:> The model will be saved as 
`/home/iaw/DATA2/AAReact/train/output/pt/ddg/hyper_seed_1_test_0-2/search_optuna/seed_12_test_0-15/r
f_rdkit_xtb.pkl`
[OK] Finished target=ddg search=optuna split=seed_12_test_0-15 model=rf descriptor=rdkit_xtb
[INFO] Train target=ddg hyper=seed_1_test_0-2 search=optuna split=seed_12_test_0-15 model=rf descriptor=soap_acsf
                           Metric                           
┏━━━━━━━━━━━━━━━━━━┳━━━━━━━━━━━━━┳━━━━━━━━━━━━┳━━━━━━━━━━━━┓
┃       name       ┃    Train    ┃   Valid    ┃    Test    ┃
┡━━━━━━━━━━━━━━━━━━╇━━━━━━━━━━━━━╇━━━━━━━━━━━━╇━━━━━━━━━━━━┩
│        R2        │   0.9849    │   0.0000   │   0.9037   │
│        R         │   0.9925    │   0.0000   │   0.9535   │
│    Spearmanr     │   0.9831    │   0.0000   │   0.9062   │
│       MSE        │   0.0130    │   0.0000   │   0.0796   │
│       MAE        │   0.0629    │   0.0000   │   0.1496   │
│       RMSE       │   0.1140    │   0.0000   │   0.2821   │
└──────────────────┴─────────────┴────────────┴────────────┘
Info[iaw]:> Result, 0.9848667678015335, 0.9037335987787689, 0.992468719095738, 0.9534569466542193, 0.9830823639670229, 0.9061720933746317, 0.013002021421950682, 0.07959624317070388, 0.06290335461339508, 0.14959855810156614, 0.11402640668700685, 0.282128061650563
Info[iaw]:> The model will be saved as 
`/home/iaw/DATA2/AAReact/train/output/pt/ddg/hyper_seed_1_test_0-2/search_optuna/seed_12_test_0-15/r
f_soap_acsf.pkl`
[OK] Finished target=ddg search=optuna split=seed_12_test_0-15 model=rf descriptor=soap_acsf
[INFO] Train target=ddg hyper=seed_1_test_0-2 search=optuna split=seed_12_test_0-15 model=rf descriptor=acsf_xtb
                           Metric                           
┏━━━━━━━━━━━━━━━━━━┳━━━━━━━━━━━━━┳━━━━━━━━━━━━┳━━━━━━━━━━━━┓
┃       name       ┃    Train    ┃   Valid    ┃    Test    ┃
┡━━━━━━━━━━━━━━━━━━╇━━━━━━━━━━━━━╇━━━━━━━━━━━━╇━━━━━━━━━━━━┩
│        R2        │   0.9779    │   0.0000   │   0.7852   │
│        R         │   0.9912    │   0.0000   │   0.9038   │
│    Spearmanr     │   0.9810    │   0.0000   │   0.8352   │
│       MSE        │   0.0190    │   0.0000   │   0.1776   │
│       MAE        │   0.0870    │   0.0000   │   0.2815   │
│       RMSE       │   0.1379    │   0.0000   │   0.4214   │
└──────────────────┴─────────────┴────────────┴────────────┘
Info[iaw]:> Result, 0.9778585207263375, 0.7852252273268677, 0.9911797422881365, 0.9037862694772709, 0.9810300909747355, 0.8351590239480244, 0.019023298133164744, 0.17758288266470493, 0.08696922008427327, 0.2814604241537097, 0.13792497284090632, 0.4214058408051613
Info[iaw]:> The model will be saved as 
`/home/iaw/DATA2/AAReact/train/output/pt/ddg/hyper_seed_1_test_0-2/search_optuna/seed_12_test_0-15/r
f_acsf_xtb.pkl`
[OK] Finished target=ddg search=optuna split=seed_12_test_0-15 model=rf descriptor=acsf_xtb
[INFO] Train target=ddg hyper=seed_1_test_0-2 search=optuna split=seed_12_test_0-15 model=rf descriptor=rdkit_acsf
                           Metric                           
┏━━━━━━━━━━━━━━━━━━┳━━━━━━━━━━━━━┳━━━━━━━━━━━━┳━━━━━━━━━━━━┓
┃       name       ┃    Train    ┃   Valid    ┃    Test    ┃
┡━━━━━━━━━━━━━━━━━━╇━━━━━━━━━━━━━╇━━━━━━━━━━━━╇━━━━━━━━━━━━┩
│        R2        │   0.9761    │   0.0000   │   0.8988   │
│        R         │   0.9881    │   0.0000   │   0.9499   │
│    Spearmanr     │   0.9733    │   0.0000   │   0.8990   │
│       MSE        │   0.0205    │   0.0000   │   0.0836   │
│       MAE        │   0.0834    │   0.0000   │   0.1756   │
│       RMSE       │   0.1432    │   0.0000   │   0.2892   │
└──────────────────┴─────────────┴────────────┴────────────┘
Info[iaw]:> Result, 0.9761445189954503, 0.8988341316966056, 0.9881223067475386, 0.9498849774031644, 0.9732862658640862, 0.8989700586739191, 0.0204959172623759, 0.08364728453437253, 0.08339348693123132, 0.17564661298735365, 0.14316395238458562, 0.28921840282798833
Info[iaw]:> The model will be saved as 
`/home/iaw/DATA2/AAReact/train/output/pt/ddg/hyper_seed_1_test_0-2/search_optuna/seed_12_test_0-15/r
f_rdkit_acsf.pkl`
[OK] Finished target=ddg search=optuna split=seed_12_test_0-15 model=rf descriptor=rdkit_acsf
[INFO] Train target=ddg hyper=seed_1_test_0-2 search=optuna split=seed_12_test_0-15 model=rf descriptor=rdkit_soap_xtb
                           Metric                           
┏━━━━━━━━━━━━━━━━━━┳━━━━━━━━━━━━━┳━━━━━━━━━━━━┳━━━━━━━━━━━━┓
┃       name       ┃    Train    ┃   Valid    ┃    Test    ┃
┡━━━━━━━━━━━━━━━━━━╇━━━━━━━━━━━━━╇━━━━━━━━━━━━╇━━━━━━━━━━━━┩
│        R2        │   0.9687    │   0.0000   │   0.7846   │
│        R         │   0.9862    │   0.0000   │   0.9007   │
│    Spearmanr     │   0.9730    │   0.0000   │   0.8224   │
│       MSE        │   0.0269    │   0.0000   │   0.1781   │
│       MAE        │   0.0993    │   0.0000   │   0.2844   │
│       RMSE       │   0.1641    │   0.0000   │   0.4220   │
└──────────────────┴─────────────┴────────────┴────────────┘
Info[iaw]:> Result, 0.9686601234961549, 0.7845697525792771, 0.9861629520532107, 0.9006781557316438, 0.9730443618623131, 0.822416962554456, 0.026926286487930363, 0.17812485085651028, 0.09934697088952078, 0.28444308725331546, 0.16409231087388088, 0.4220483987133588
Info[iaw]:> The model will be saved as 
`/home/iaw/DATA2/AAReact/train/output/pt/ddg/hyper_seed_1_test_0-2/search_optuna/seed_12_test_0-15/r
f_rdkit_soap_xtb.pkl`
[OK] Finished target=ddg search=optuna split=seed_12_test_0-15 model=rf descriptor=rdkit_soap_xtb
[INFO] Train target=ddg hyper=seed_1_test_0-2 search=optuna split=seed_12_test_0-15 model=rf descriptor=rdkit_soap_acsf
                           Metric                           
┏━━━━━━━━━━━━━━━━━━┳━━━━━━━━━━━━━┳━━━━━━━━━━━━┳━━━━━━━━━━━━┓
┃       name       ┃    Train    ┃   Valid    ┃    Test    ┃
┡━━━━━━━━━━━━━━━━━━╇━━━━━━━━━━━━━╇━━━━━━━━━━━━╇━━━━━━━━━━━━┩
│        R2        │   0.9769    │   0.0000   │   0.7938   │
│        R         │   0.9900    │   0.0000   │   0.9062   │
│    Spearmanr     │   0.9771    │   0.0000   │   0.8342   │
│       MSE        │   0.0199    │   0.0000   │   0.1705   │
│       MAE        │   0.0859    │   0.0000   │   0.2814   │
│       RMSE       │   0.1409    │   0.0000   │   0.4129   │
└──────────────────┴─────────────┴────────────┴────────────┘
Info[iaw]:> Result, 0.9768904767068953, 0.7938077383083554, 0.9899861189101375, 0.9062244613636403, 0.9771410858013215, 0.8341517463675052, 0.019855012661370602, 0.17048657884082138, 0.08586310238258739, 0.28136631208884977, 0.14090781618267526, 0.41290020445722886
Info[iaw]:> The model will be saved as 
`/home/iaw/DATA2/AAReact/train/output/pt/ddg/hyper_seed_1_test_0-2/search_optuna/seed_12_test_0-15/r
f_rdkit_soap_acsf.pkl`
[OK] Finished target=ddg search=optuna split=seed_12_test_0-15 model=rf descriptor=rdkit_soap_acsf
[INFO] Train target=ddg hyper=seed_1_test_0-2 search=optuna split=seed_12_test_0-15 model=rf descriptor=rdkit_xtb_acsf
                           Metric                           
┏━━━━━━━━━━━━━━━━━━┳━━━━━━━━━━━━━┳━━━━━━━━━━━━┳━━━━━━━━━━━━┓
┃       name       ┃    Train    ┃   Valid    ┃    Test    ┃
┡━━━━━━━━━━━━━━━━━━╇━━━━━━━━━━━━━╇━━━━━━━━━━━━╇━━━━━━━━━━━━┩
│        R2        │   0.9787    │   0.0000   │   0.8205   │
│        R         │   0.9911    │   0.0000   │   0.9191   │
│    Spearmanr     │   0.9771    │   0.0000   │   0.8468   │
│       MSE        │   0.0183    │   0.0000   │   0.1485   │
│       MAE        │   0.0842    │   0.0000   │   0.2638   │
│       RMSE       │   0.1351    │   0.0000   │   0.3853   │
└──────────────────┴─────────────┴────────────┴────────────┘
Info[iaw]:> Result, 0.9787498761067635, 0.820453703877603, 0.9911291067173346, 0.9190561783871868, 0.9771242828886235, 0.8467930800030218, 0.018257472194668705, 0.14845481357212792, 0.08424333837183977, 0.26384048522347847, 0.13512021386405776, 0.38529834358861176
Info[iaw]:> The model will be saved as 
`/home/iaw/DATA2/AAReact/train/output/pt/ddg/hyper_seed_1_test_0-2/search_optuna/seed_12_test_0-15/r
f_rdkit_xtb_acsf.pkl`
[OK] Finished target=ddg search=optuna split=seed_12_test_0-15 model=rf descriptor=rdkit_xtb_acsf
[INFO] Train target=ddg hyper=seed_1_test_0-2 search=optuna split=seed_12_test_0-15 model=rf descriptor=soap_xtb_acsf
                           Metric                           
┏━━━━━━━━━━━━━━━━━━┳━━━━━━━━━━━━━┳━━━━━━━━━━━━┳━━━━━━━━━━━━┓
┃       name       ┃    Train    ┃   Valid    ┃    Test    ┃
┡━━━━━━━━━━━━━━━━━━╇━━━━━━━━━━━━━╇━━━━━━━━━━━━╇━━━━━━━━━━━━┩
│        R2        │   0.9788    │   0.0000   │   0.8183   │
│        R         │   0.9911    │   0.0000   │   0.9167   │
│    Spearmanr     │   0.9784    │   0.0000   │   0.8566   │
│       MSE        │   0.0182    │   0.0000   │   0.1502   │
│       MAE        │   0.0837    │   0.0000   │   0.2606   │
│       RMSE       │   0.1349    │   0.0000   │   0.3876   │
└──────────────────┴─────────────┴────────────┴────────────┘
Info[iaw]:> Result, 0.978805986070743, 0.8183095070516635, 0.9910644750618613, 0.9167009355935409, 0.9784186865771525, 0.8566140364130845, 0.018209264188336745, 0.15022770639660468, 0.08366375126872172, 0.2606429913624603, 0.13494170663044375, 0.38759219083542523
Info[iaw]:> The model will be saved as 
`/home/iaw/DATA2/AAReact/train/output/pt/ddg/hyper_seed_1_test_0-2/search_optuna/seed_12_test_0-15/r
f_soap_xtb_acsf.pkl`
[OK] Finished target=ddg search=optuna split=seed_12_test_0-15 model=rf descriptor=soap_xtb_acsf
[INFO] Train target=ddg hyper=seed_1_test_0-2 search=optuna split=seed_12_test_0-15 model=rf descriptor=rdkit_soap_xtb_acsf
                           Metric                           
┏━━━━━━━━━━━━━━━━━━┳━━━━━━━━━━━━━┳━━━━━━━━━━━━┳━━━━━━━━━━━━┓
┃       name       ┃    Train    ┃   Valid    ┃    Test    ┃
┡━━━━━━━━━━━━━━━━━━╇━━━━━━━━━━━━━╇━━━━━━━━━━━━╇━━━━━━━━━━━━┩
│        R2        │   0.9697    │   0.0000   │   0.8057   │
│        R         │   0.9866    │   0.0000   │   0.9088   │
│    Spearmanr     │   0.9707    │   0.0000   │   0.8319   │
│       MSE        │   0.0261    │   0.0000   │   0.1607   │
│       MAE        │   0.0988    │   0.0000   │   0.2724   │
│       RMSE       │   0.1615    │   0.0000   │   0.4008   │
└──────────────────┴─────────────┴────────────┴────────────┘
Info[iaw]:> Result, 0.9696561276686663, 0.8056781434874127, 0.9865934637686851, 0.9088112804647064, 0.9706728335287638, 0.8319357356903628, 0.02607054943073666, 0.16067173539408564, 0.09875153611703405, 0.27237296367520086, 0.16146377126382458, 0.4008387897822336
Info[iaw]:> The model will be saved as 
`/home/iaw/DATA2/AAReact/train/output/pt/ddg/hyper_seed_1_test_0-2/search_optuna/seed_12_test_0-15/r
f_rdkit_soap_xtb_acsf.pkl`
[OK] Finished target=ddg search=optuna split=seed_12_test_0-15 model=rf descriptor=rdkit_soap_xtb_acsf
[INFO] Train target=ddg hyper=seed_1_test_0-2 search=optuna split=seed_12_test_0-2 model=lgb descriptor=rdkit
                           Metric                           
┏━━━━━━━━━━━━━━━━━━┳━━━━━━━━━━━━━┳━━━━━━━━━━━━┳━━━━━━━━━━━━┓
┃       name       ┃    Train    ┃   Valid    ┃    Test    ┃
┡━━━━━━━━━━━━━━━━━━╇━━━━━━━━━━━━━╇━━━━━━━━━━━━╇━━━━━━━━━━━━┩
│        R2        │   0.9550    │   0.0000   │   0.8078   │
│        R         │   0.9777    │   0.0000   │   0.9031   │
│    Spearmanr     │   0.9640    │   0.0000   │   0.8506   │
│       MSE        │   0.0399    │   0.0000   │   0.1400   │
│       MAE        │   0.1017    │   0.0000   │   0.2338   │
│       RMSE       │   0.1996    │   0.0000   │   0.3742   │
└──────────────────┴─────────────┴────────────┴────────────┘
Info[iaw]:> Result, 0.9550096919246943, 0.8077773915974407, 0.9777339326640401, 0.9030906991257323, 0.963955994475497, 0.8505675819810409, 0.039852133823086444, 0.1400479366449803, 0.10173823502804215, 0.23380761503509154, 0.19962999229345887, 0.3742297912312438
Info[iaw]:> The model will be saved as 
`/home/iaw/DATA2/AAReact/train/output/pt/ddg/hyper_seed_1_test_0-2/search_optuna/seed_12_test_0-2/lg
b_rdkit.pkl`
[OK] Finished target=ddg search=optuna split=seed_12_test_0-2 model=lgb descriptor=rdkit
[INFO] Train target=ddg hyper=seed_1_test_0-2 search=optuna split=seed_12_test_0-2 model=lgb descriptor=xtb
                           Metric                           
┏━━━━━━━━━━━━━━━━━━┳━━━━━━━━━━━━━┳━━━━━━━━━━━━┳━━━━━━━━━━━━┓
┃       name       ┃    Train    ┃   Valid    ┃    Test    ┃
┡━━━━━━━━━━━━━━━━━━╇━━━━━━━━━━━━━╇━━━━━━━━━━━━╇━━━━━━━━━━━━┩
│        R2        │   0.9776    │   0.0000   │   0.8611   │
│        R         │   0.9890    │   0.0000   │   0.9309   │
│    Spearmanr     │   0.9770    │   0.0000   │   0.8505   │
│       MSE        │   0.0198    │   0.0000   │   0.1012   │
│       MAE        │   0.0954    │   0.0000   │   0.2240   │
│       RMSE       │   0.1407    │   0.0000   │   0.3181   │
└──────────────────┴─────────────┴────────────┴────────────┘
Info[iaw]:> Result, 0.9776432588369741, 0.8611102332164913, 0.9889880240145558, 0.9309029855368213, 0.9770357317585324, 0.8504587455513111, 0.019803461651911807, 0.1011911419826199, 0.09544558718461564, 0.22399184159806976, 0.1407247727015816, 0.3181055516375341
Info[iaw]:> The model will be saved as 
`/home/iaw/DATA2/AAReact/train/output/pt/ddg/hyper_seed_1_test_0-2/search_optuna/seed_12_test_0-2/lg
b_xtb.pkl`
[OK] Finished target=ddg search=optuna split=seed_12_test_0-2 model=lgb descriptor=xtb
[INFO] Train target=ddg hyper=seed_1_test_0-2 search=optuna split=seed_12_test_0-2 model=lgb descriptor=soap
                           Metric                           
┏━━━━━━━━━━━━━━━━━━┳━━━━━━━━━━━━━┳━━━━━━━━━━━━┳━━━━━━━━━━━━┓
┃       name       ┃    Train    ┃   Valid    ┃    Test    ┃
┡━━━━━━━━━━━━━━━━━━╇━━━━━━━━━━━━━╇━━━━━━━━━━━━╇━━━━━━━━━━━━┩
│        R2        │   0.4884    │   0.0000   │   0.2477   │
│        R         │   0.7022    │   0.0000   │   0.5294   │
│    Spearmanr     │   0.6327    │   0.0000   │   0.4576   │
│       MSE        │   0.4532    │   0.0000   │   0.5481   │
│       MAE        │   0.4948    │   0.0000   │   0.5406   │
│       RMSE       │   0.6732    │   0.0000   │   0.7403   │
└──────────────────┴─────────────┴────────────┴────────────┘
Info[iaw]:> Result, 0.48842118194469863, 0.24771424795671904, 0.7022207736957196, 0.5293954259744199, 0.632715795489477, 0.4575592342268805, 0.4531533210235247, 0.5480940468794305, 0.49479242364145526, 0.5406492879203848, 0.6731666368912861, 0.7403337402006142
Info[iaw]:> The model will be saved as 
`/home/iaw/DATA2/AAReact/train/output/pt/ddg/hyper_seed_1_test_0-2/search_optuna/seed_12_test_0-2/lg
b_soap.pkl`
[OK] Finished target=ddg search=optuna split=seed_12_test_0-2 model=lgb descriptor=soap
[INFO] Train target=ddg hyper=seed_1_test_0-2 search=optuna split=seed_12_test_0-2 model=lgb descriptor=acsf
                           Metric                           
┏━━━━━━━━━━━━━━━━━━┳━━━━━━━━━━━━━┳━━━━━━━━━━━━┳━━━━━━━━━━━━┓
┃       name       ┃    Train    ┃   Valid    ┃    Test    ┃
┡━━━━━━━━━━━━━━━━━━╇━━━━━━━━━━━━━╇━━━━━━━━━━━━╇━━━━━━━━━━━━┩
│        R2        │   0.9877    │   0.0000   │   0.8549   │
│        R         │   0.9939    │   0.0000   │   0.9271   │
│    Spearmanr     │   0.9873    │   0.0000   │   0.8711   │
│       MSE        │   0.0109    │   0.0000   │   0.1057   │
│       MAE        │   0.0666    │   0.0000   │   0.2146   │
│       RMSE       │   0.1045    │   0.0000   │   0.3251   │
└──────────────────┴─────────────┴────────────┴────────────┘
Info[iaw]:> Result, 0.9876693037058818, 0.8549169812537476, 0.9939143201633754, 0.927119045969158, 0.9872739001866035, 0.8710505980561815, 0.010922453743204275, 0.10570336958015761, 0.06661766588226992, 0.2145702302519666, 0.10451054369394637, 0.32512054622886816
Info[iaw]:> The model will be saved as 
`/home/iaw/DATA2/AAReact/train/output/pt/ddg/hyper_seed_1_test_0-2/search_optuna/seed_12_test_0-2/lg
b_acsf.pkl`
[OK] Finished target=ddg search=optuna split=seed_12_test_0-2 model=lgb descriptor=acsf
[INFO] Train target=ddg hyper=seed_1_test_0-2 search=optuna split=seed_12_test_0-2 model=lgb descriptor=rdkit_soap
                           Metric                           
┏━━━━━━━━━━━━━━━━━━┳━━━━━━━━━━━━━┳━━━━━━━━━━━━┳━━━━━━━━━━━━┓
┃       name       ┃    Train    ┃   Valid    ┃    Test    ┃
┡━━━━━━━━━━━━━━━━━━╇━━━━━━━━━━━━━╇━━━━━━━━━━━━╇━━━━━━━━━━━━┩
│        R2        │   0.9886    │   0.0000   │   0.8496   │
│        R         │   0.9944    │   0.0000   │   0.9241   │
│    Spearmanr     │   0.9857    │   0.0000   │   0.8702   │
│       MSE        │   0.0101    │   0.0000   │   0.1096   │
│       MAE        │   0.0599    │   0.0000   │   0.2177   │
│       RMSE       │   0.1004    │   0.0000   │   0.3310   │
└──────────────────┴─────────────┴────────────┴────────────┘
Info[iaw]:> Result, 0.9886205688575763, 0.8496068932056159, 0.9943899950080266, 0.9241150434452314, 0.9857242684146494, 0.8701581393323975, 0.010079829014715729, 0.10957214901627163, 0.059856761041574405, 0.21774910591364624, 0.10039835165337989, 0.3310168409858804
Info[iaw]:> The model will be saved as 
`/home/iaw/DATA2/AAReact/train/output/pt/ddg/hyper_seed_1_test_0-2/search_optuna/seed_12_test_0-2/lg
b_rdkit_soap.pkl`
[OK] Finished target=ddg search=optuna split=seed_12_test_0-2 model=lgb descriptor=rdkit_soap
[INFO] Train target=ddg hyper=seed_1_test_0-2 search=optuna split=seed_12_test_0-2 model=lgb descriptor=soap_xtb
                           Metric                           
┏━━━━━━━━━━━━━━━━━━┳━━━━━━━━━━━━━┳━━━━━━━━━━━━┳━━━━━━━━━━━━┓
┃       name       ┃    Train    ┃   Valid    ┃    Test    ┃
┡━━━━━━━━━━━━━━━━━━╇━━━━━━━━━━━━━╇━━━━━━━━━━━━╇━━━━━━━━━━━━┩
│        R2        │   0.9982    │   0.0000   │   0.8931   │
│        R         │   0.9991    │   0.0000   │   0.9452   │
│    Spearmanr     │   0.9930    │   0.0000   │   0.8797   │
│       MSE        │   0.0016    │   0.0000   │   0.0779   │
│       MAE        │   0.0247    │   0.0000   │   0.1792   │
│       RMSE       │   0.0400    │   0.0000   │   0.2790   │
└──────────────────┴─────────────┴────────────┴────────────┘
Info[iaw]:> Result, 0.9981918015474232, 0.8931420954041636, 0.9991058509696547, 0.9451696397480909, 0.9930263106623776, 0.8796704432907785, 0.001601690892851286, 0.07785363635016511, 0.024671890341110517, 0.1792156225868376, 0.040021130579373766, 0.2790226448698476
Info[iaw]:> The model will be saved as 
`/home/iaw/DATA2/AAReact/train/output/pt/ddg/hyper_seed_1_test_0-2/search_optuna/seed_12_test_0-2/lg
b_soap_xtb.pkl`
[OK] Finished target=ddg search=optuna split=seed_12_test_0-2 model=lgb descriptor=soap_xtb
[INFO] Train target=ddg hyper=seed_1_test_0-2 search=optuna split=seed_12_test_0-2 model=lgb descriptor=rdkit_xtb
                           Metric                           
┏━━━━━━━━━━━━━━━━━━┳━━━━━━━━━━━━━┳━━━━━━━━━━━━┳━━━━━━━━━━━━┓
┃       name       ┃    Train    ┃   Valid    ┃    Test    ┃
┡━━━━━━━━━━━━━━━━━━╇━━━━━━━━━━━━━╇━━━━━━━━━━━━╇━━━━━━━━━━━━┩
│        R2        │   0.9844    │   0.0000   │   0.8571   │
│        R         │   0.9924    │   0.0000   │   0.9287   │
│    Spearmanr     │   0.9825    │   0.0000   │   0.8734   │
│       MSE        │   0.0138    │   0.0000   │   0.1041   │
│       MAE        │   0.0737    │   0.0000   │   0.2084   │
│       RMSE       │   0.1175    │   0.0000   │   0.3227   │
└──────────────────┴─────────────┴────────────┴────────────┘
Info[iaw]:> Result, 0.9844132722270948, 0.8570790803179087, 0.9924172760912103, 0.9286529882144695, 0.9824604820518593, 0.8734232322242903, 0.0138066260855586, 0.10412812556867447, 0.07368215948243856, 0.2083953459182082, 0.11750160035318073, 0.32268889904778947
Info[iaw]:> The model will be saved as 
`/home/iaw/DATA2/AAReact/train/output/pt/ddg/hyper_seed_1_test_0-2/search_optuna/seed_12_test_0-2/lg
b_rdkit_xtb.pkl`
[OK] Finished target=ddg search=optuna split=seed_12_test_0-2 model=lgb descriptor=rdkit_xtb
[INFO] Train target=ddg hyper=seed_1_test_0-2 search=optuna split=seed_12_test_0-2 model=lgb descriptor=soap_acsf
                           Metric                           
┏━━━━━━━━━━━━━━━━━━┳━━━━━━━━━━━━━┳━━━━━━━━━━━━┳━━━━━━━━━━━━┓
┃       name       ┃    Train    ┃   Valid    ┃    Test    ┃
┡━━━━━━━━━━━━━━━━━━╇━━━━━━━━━━━━━╇━━━━━━━━━━━━╇━━━━━━━━━━━━┩
│        R2        │   0.9911    │   0.0000   │   0.8781   │
│        R         │   0.9956    │   0.0000   │   0.9381   │
│    Spearmanr     │   0.9873    │   0.0000   │   0.8848   │
│       MSE        │   0.0079    │   0.0000   │   0.0888   │
│       MAE        │   0.0539    │   0.0000   │   0.1856   │
│       RMSE       │   0.0889    │   0.0000   │   0.2980   │
└──────────────────┴─────────────┴────────────┴────────────┘
Info[iaw]:> Result, 0.9910821744580428, 0.8781421707139393, 0.9956230827072995, 0.9381215851956826, 0.9873116538439891, 0.8847857554880771, 0.007899354152324303, 0.08878215573793989, 0.05391878374896106, 0.1855644605609364, 0.08887831092186835, 0.29796334629940624
Info[iaw]:> The model will be saved as 
`/home/iaw/DATA2/AAReact/train/output/pt/ddg/hyper_seed_1_test_0-2/search_optuna/seed_12_test_0-2/lg
b_soap_acsf.pkl`
[OK] Finished target=ddg search=optuna split=seed_12_test_0-2 model=lgb descriptor=soap_acsf
[INFO] Train target=ddg hyper=seed_1_test_0-2 search=optuna split=seed_12_test_0-2 model=lgb descriptor=acsf_xtb
                           Metric                           
┏━━━━━━━━━━━━━━━━━━┳━━━━━━━━━━━━━┳━━━━━━━━━━━━┳━━━━━━━━━━━━┓
┃       name       ┃    Train    ┃   Valid    ┃    Test    ┃
┡━━━━━━━━━━━━━━━━━━╇━━━━━━━━━━━━━╇━━━━━━━━━━━━╇━━━━━━━━━━━━┩
│        R2        │   0.9859    │   0.0000   │   0.8767   │
│        R         │   0.9931    │   0.0000   │   0.9385   │
│    Spearmanr     │   0.9827    │   0.0000   │   0.8895   │
│       MSE        │   0.0125    │   0.0000   │   0.0898   │
│       MAE        │   0.0723    │   0.0000   │   0.2032   │
│       RMSE       │   0.1119    │   0.0000   │   0.2997   │
└──────────────────┴─────────────┴────────────┴────────────┘
Info[iaw]:> Result, 0.9858522470211751, 0.8767428928357494, 0.9930944743266225, 0.9384651640383446, 0.9827292603833382, 0.8894657219664568, 0.012531991202735711, 0.08980162988441001, 0.07228549491094477, 0.20318806001192335, 0.11194637646094541, 0.2996692007604552
Info[iaw]:> The model will be saved as 
`/home/iaw/DATA2/AAReact/train/output/pt/ddg/hyper_seed_1_test_0-2/search_optuna/seed_12_test_0-2/lg
b_acsf_xtb.pkl`
[OK] Finished target=ddg search=optuna split=seed_12_test_0-2 model=lgb descriptor=acsf_xtb
[INFO] Train target=ddg hyper=seed_1_test_0-2 search=optuna split=seed_12_test_0-2 model=lgb descriptor=rdkit_acsf
                           Metric                           
┏━━━━━━━━━━━━━━━━━━┳━━━━━━━━━━━━━┳━━━━━━━━━━━━┳━━━━━━━━━━━━┓
┃       name       ┃    Train    ┃   Valid    ┃    Test    ┃
┡━━━━━━━━━━━━━━━━━━╇━━━━━━━━━━━━━╇━━━━━━━━━━━━╇━━━━━━━━━━━━┩
│        R2        │   0.9647    │   0.0000   │   0.8556   │
│        R         │   0.9832    │   0.0000   │   0.9302   │
│    Spearmanr     │   0.9702    │   0.0000   │   0.8678   │
│       MSE        │   0.0313    │   0.0000   │   0.1052   │
│       MAE        │   0.1056    │   0.0000   │   0.2116   │
│       RMSE       │   0.1769    │   0.0000   │   0.3243   │
└──────────────────┴─────────────┴────────────┴────────────┘
Info[iaw]:> Result, 0.9646606285567372, 0.8556382191811012, 0.9832454652970906, 0.9301766155654769, 0.9701870797632604, 0.8678290397361806, 0.031303394447162854, 0.10517789609711954, 0.10562134725564619, 0.21159714088235326, 0.1769276531443371, 0.3243114183884366
Info[iaw]:> The model will be saved as 
`/home/iaw/DATA2/AAReact/train/output/pt/ddg/hyper_seed_1_test_0-2/search_optuna/seed_12_test_0-2/lg
b_rdkit_acsf.pkl`
[OK] Finished target=ddg search=optuna split=seed_12_test_0-2 model=lgb descriptor=rdkit_acsf
[INFO] Train target=ddg hyper=seed_1_test_0-2 search=optuna split=seed_12_test_0-2 model=lgb descriptor=rdkit_soap_xtb
                           Metric                           
┏━━━━━━━━━━━━━━━━━━┳━━━━━━━━━━━━━┳━━━━━━━━━━━━┳━━━━━━━━━━━━┓
┃       name       ┃    Train    ┃   Valid    ┃    Test    ┃
┡━━━━━━━━━━━━━━━━━━╇━━━━━━━━━━━━━╇━━━━━━━━━━━━╇━━━━━━━━━━━━┩
│        R2        │   0.9915    │   0.0000   │   0.8702   │
│        R         │   0.9958    │   0.0000   │   0.9344   │
│    Spearmanr     │   0.9895    │   0.0000   │   0.8723   │
│       MSE        │   0.0076    │   0.0000   │   0.0946   │
│       MAE        │   0.0498    │   0.0000   │   0.2028   │
│       RMSE       │   0.0870    │   0.0000   │   0.3076   │
└──────────────────┴─────────────┴────────────┴────────────┘
Info[iaw]:> Result, 0.9914508023913494, 0.8701603334747583, 0.9957830007147371, 0.934417123739634, 0.9895460469063215, 0.8722913333551008, 0.007572825831947572, 0.09459749580263377, 0.049764975701521906, 0.20279207633972277, 0.08702198476217128, 0.3075670590336907
Info[iaw]:> The model will be saved as 
`/home/iaw/DATA2/AAReact/train/output/pt/ddg/hyper_seed_1_test_0-2/search_optuna/seed_12_test_0-2/lg
b_rdkit_soap_xtb.pkl`
[OK] Finished target=ddg search=optuna split=seed_12_test_0-2 model=lgb descriptor=rdkit_soap_xtb
[INFO] Train target=ddg hyper=seed_1_test_0-2 search=optuna split=seed_12_test_0-2 model=lgb descriptor=rdkit_soap_acsf
                           Metric                           
┏━━━━━━━━━━━━━━━━━━┳━━━━━━━━━━━━━┳━━━━━━━━━━━━┳━━━━━━━━━━━━┓
┃       name       ┃    Train    ┃   Valid    ┃    Test    ┃
┡━━━━━━━━━━━━━━━━━━╇━━━━━━━━━━━━━╇━━━━━━━━━━━━╇━━━━━━━━━━━━┩
│        R2        │   0.9768    │   0.0000   │   0.8655   │
│        R         │   0.9890    │   0.0000   │   0.9341   │
│    Spearmanr     │   0.9792    │   0.0000   │   0.8800   │
│       MSE        │   0.0205    │   0.0000   │   0.0980   │
│       MAE        │   0.0903    │   0.0000   │   0.2064   │
│       RMSE       │   0.1433    │   0.0000   │   0.3131   │
└──────────────────┴─────────────┴────────────┴────────────┘
Info[iaw]:> Result, 0.9768098543430414, 0.8654592578928796, 0.9890025771618494, 0.9341437133341025, 0.9792046620571414, 0.8799751852940217, 0.02054168614607124, 0.09802256604138226, 0.09030705859775118, 0.20636243628174303, 0.1433237110392807, 0.31308555706289337
Info[iaw]:> The model will be saved as 
`/home/iaw/DATA2/AAReact/train/output/pt/ddg/hyper_seed_1_test_0-2/search_optuna/seed_12_test_0-2/lg
b_rdkit_soap_acsf.pkl`
[OK] Finished target=ddg search=optuna split=seed_12_test_0-2 model=lgb descriptor=rdkit_soap_acsf
[INFO] Train target=ddg hyper=seed_1_test_0-2 search=optuna split=seed_12_test_0-2 model=lgb descriptor=rdkit_xtb_acsf
                           Metric                           
┏━━━━━━━━━━━━━━━━━━┳━━━━━━━━━━━━━┳━━━━━━━━━━━━┳━━━━━━━━━━━━┓
┃       name       ┃    Train    ┃   Valid    ┃    Test    ┃
┡━━━━━━━━━━━━━━━━━━╇━━━━━━━━━━━━━╇━━━━━━━━━━━━╇━━━━━━━━━━━━┩
│        R2        │   0.9887    │   0.0000   │   0.8943   │
│        R         │   0.9946    │   0.0000   │   0.9478   │
│    Spearmanr     │   0.9873    │   0.0000   │   0.8992   │
│       MSE        │   0.0100    │   0.0000   │   0.0770   │
│       MAE        │   0.0584    │   0.0000   │   0.1740   │
│       RMSE       │   0.0999    │   0.0000   │   0.2775   │
└──────────────────┴─────────────┴────────────┴────────────┘
Info[iaw]:> Result, 0.988726818513128, 0.8942675670548742, 0.994591622039933, 0.9478377600287072, 0.9873279329439627, 0.8992392333561892, 0.009985713733606372, 0.0770336496496187, 0.05844606867492749, 0.17395336701845157, 0.09992854313761595, 0.27754936434735117
Info[iaw]:> The model will be saved as 
`/home/iaw/DATA2/AAReact/train/output/pt/ddg/hyper_seed_1_test_0-2/search_optuna/seed_12_test_0-2/lg
b_rdkit_xtb_acsf.pkl`
[OK] Finished target=ddg search=optuna split=seed_12_test_0-2 model=lgb descriptor=rdkit_xtb_acsf
[INFO] Train target=ddg hyper=seed_1_test_0-2 search=optuna split=seed_12_test_0-2 model=lgb descriptor=soap_xtb_acsf
                           Metric                           
┏━━━━━━━━━━━━━━━━━━┳━━━━━━━━━━━━━┳━━━━━━━━━━━━┳━━━━━━━━━━━━┓
┃       name       ┃    Train    ┃   Valid    ┃    Test    ┃
┡━━━━━━━━━━━━━━━━━━╇━━━━━━━━━━━━━╇━━━━━━━━━━━━╇━━━━━━━━━━━━┩
│        R2        │   0.9958    │   0.0000   │   0.8858   │
│        R         │   0.9979    │   0.0000   │   0.9417   │
│    Spearmanr     │   0.9890    │   0.0000   │   0.8804   │
│       MSE        │   0.0037    │   0.0000   │   0.0832   │
│       MAE        │   0.0404    │   0.0000   │   0.1942   │
│       RMSE       │   0.0607    │   0.0000   │   0.2885   │
└──────────────────┴─────────────┴────────────┴────────────┘
Info[iaw]:> Result, 0.99584146984051, 0.8857679656412139, 0.9979379638850149, 0.9417423851750748, 0.9889534183945171, 0.8803887637269948, 0.0036836000354996123, 0.08322621799618392, 0.040377605225162344, 0.19423630701689945, 0.06069266871294763, 0.2884895457311823
Info[iaw]:> The model will be saved as 
`/home/iaw/DATA2/AAReact/train/output/pt/ddg/hyper_seed_1_test_0-2/search_optuna/seed_12_test_0-2/lg
b_soap_xtb_acsf.pkl`
[OK] Finished target=ddg search=optuna split=seed_12_test_0-2 model=lgb descriptor=soap_xtb_acsf
[INFO] Train target=ddg hyper=seed_1_test_0-2 search=optuna split=seed_12_test_0-2 model=lgb descriptor=rdkit_soap_xtb_acsf
                           Metric                           
┏━━━━━━━━━━━━━━━━━━┳━━━━━━━━━━━━━┳━━━━━━━━━━━━┳━━━━━━━━━━━━┓
┃       name       ┃    Train    ┃   Valid    ┃    Test    ┃
┡━━━━━━━━━━━━━━━━━━╇━━━━━━━━━━━━━╇━━━━━━━━━━━━╇━━━━━━━━━━━━┩
│        R2        │   0.9926    │   0.0000   │   0.9007   │
│        R         │   0.9964    │   0.0000   │   0.9498   │
│    Spearmanr     │   0.9891    │   0.0000   │   0.8899   │
│       MSE        │   0.0065    │   0.0000   │   0.0723   │
│       MAE        │   0.0482    │   0.0000   │   0.1705   │
│       RMSE       │   0.0809    │   0.0000   │   0.2689   │
└──────────────────┴─────────────┴────────────┴────────────┘
Info[iaw]:> Result, 0.9926142362909253, 0.900736184161506, 0.9964178429638995, 0.9498499050223569, 0.9891009693857671, 0.8899010676853758, 0.006542263352077335, 0.0723207988239083, 0.04818026909851469, 0.17050674144356553, 0.08088425898824403, 0.2689252662430741
Info[iaw]:> The model will be saved as 
`/home/iaw/DATA2/AAReact/train/output/pt/ddg/hyper_seed_1_test_0-2/search_optuna/seed_12_test_0-2/lg
b_rdkit_soap_xtb_acsf.pkl`
[OK] Finished target=ddg search=optuna split=seed_12_test_0-2 model=lgb descriptor=rdkit_soap_xtb_acsf
[INFO] Train target=ddg hyper=seed_1_test_0-2 search=optuna split=seed_12_test_0-2 model=xgb descriptor=rdkit
                           Metric                           
┏━━━━━━━━━━━━━━━━━━┳━━━━━━━━━━━━━┳━━━━━━━━━━━━┳━━━━━━━━━━━━┓
┃       name       ┃    Train    ┃   Valid    ┃    Test    ┃
┡━━━━━━━━━━━━━━━━━━╇━━━━━━━━━━━━━╇━━━━━━━━━━━━╇━━━━━━━━━━━━┩
│        R2        │   0.9526    │   0.0000   │   0.8324   │
│        R         │   0.9774    │   0.0000   │   0.9167   │
│    Spearmanr     │   0.9614    │   0.0000   │   0.8599   │
│       MSE        │   0.0420    │   0.0000   │   0.1221   │
│       MAE        │   0.1149    │   0.0000   │   0.2265   │
│       RMSE       │   0.2048    │   0.0000   │   0.3494   │
└──────────────────┴─────────────┴────────────┴────────────┘
Info[iaw]:> Result, 0.9526348567519854, 0.8324084009073275, 0.9774327627513435, 0.9166515542858998, 0.961373505764793, 0.8599057476518541, 0.04195574798265508, 0.12210248236153391, 0.1148580466498714, 0.22648398270924058, 0.20483102299860506, 0.34943165620981437
Info[iaw]:> The model will be saved as 
`/home/iaw/DATA2/AAReact/train/output/pt/ddg/hyper_seed_1_test_0-2/search_optuna/seed_12_test_0-2/xg
b_rdkit.pkl`
[OK] Finished target=ddg search=optuna split=seed_12_test_0-2 model=xgb descriptor=rdkit
[INFO] Train target=ddg hyper=seed_1_test_0-2 search=optuna split=seed_12_test_0-2 model=xgb descriptor=xtb
                           Metric                           
┏━━━━━━━━━━━━━━━━━━┳━━━━━━━━━━━━━┳━━━━━━━━━━━━┳━━━━━━━━━━━━┓
┃       name       ┃    Train    ┃   Valid    ┃    Test    ┃
┡━━━━━━━━━━━━━━━━━━╇━━━━━━━━━━━━━╇━━━━━━━━━━━━╇━━━━━━━━━━━━┩
│        R2        │   0.9850    │   0.0000   │   0.8699   │
│        R         │   0.9926    │   0.0000   │   0.9351   │
│    Spearmanr     │   0.9830    │   0.0000   │   0.8724   │
│       MSE        │   0.0133    │   0.0000   │   0.0948   │
│       MAE        │   0.0742    │   0.0000   │   0.2048   │
│       RMSE       │   0.1154    │   0.0000   │   0.3079   │
└──────────────────┴─────────────┴────────────┴────────────┘
Info[iaw]:> Result, 0.984958654873912, 0.8698624915884985, 0.992611546194591, 0.935060746180378, 0.9830094687211814, 0.8723784024988845, 0.013323529544202083, 0.09481449494734295, 0.07423363251541422, 0.2048243391597624, 0.11542759437934277, 0.30791962416731894
Info[iaw]:> The model will be saved as 
`/home/iaw/DATA2/AAReact/train/output/pt/ddg/hyper_seed_1_test_0-2/search_optuna/seed_12_test_0-2/xg
b_xtb.pkl`
[OK] Finished target=ddg search=optuna split=seed_12_test_0-2 model=xgb descriptor=xtb
[INFO] Train target=ddg hyper=seed_1_test_0-2 search=optuna split=seed_12_test_0-2 model=xgb descriptor=soap
                           Metric                           
┏━━━━━━━━━━━━━━━━━━┳━━━━━━━━━━━━━┳━━━━━━━━━━━━┳━━━━━━━━━━━━┓
┃       name       ┃    Train    ┃   Valid    ┃    Test    ┃
┡━━━━━━━━━━━━━━━━━━╇━━━━━━━━━━━━━╇━━━━━━━━━━━━╇━━━━━━━━━━━━┩
│        R2        │   0.4902    │   0.0000   │   0.2552   │
│        R         │   0.7033    │   0.0000   │   0.5358   │
│    Spearmanr     │   0.6338    │   0.0000   │   0.4453   │
│       MSE        │   0.4516    │   0.0000   │   0.5426   │
│       MAE        │   0.4965    │   0.0000   │   0.5415   │
│       RMSE       │   0.6720    │   0.0000   │   0.7366   │
└──────────────────┴─────────────┴────────────┴────────────┘
Info[iaw]:> Result, 0.490179744971854, 0.25523600438090177, 0.7033472380960789, 0.5357854253655439, 0.633758004251616, 0.44528248495336364, 0.4515955968804221, 0.5426139086381117, 0.4965390494488796, 0.5414716967698114, 0.6720086285758704, 0.7366233152962997
Info[iaw]:> The model will be saved as 
`/home/iaw/DATA2/AAReact/train/output/pt/ddg/hyper_seed_1_test_0-2/search_optuna/seed_12_test_0-2/xg
b_soap.pkl`
[OK] Finished target=ddg search=optuna split=seed_12_test_0-2 model=xgb descriptor=soap
[INFO] Train target=ddg hyper=seed_1_test_0-2 search=optuna split=seed_12_test_0-2 model=xgb descriptor=acsf
                           Metric                           
┏━━━━━━━━━━━━━━━━━━┳━━━━━━━━━━━━━┳━━━━━━━━━━━━┳━━━━━━━━━━━━┓
┃       name       ┃    Train    ┃   Valid    ┃    Test    ┃
┡━━━━━━━━━━━━━━━━━━╇━━━━━━━━━━━━━╇━━━━━━━━━━━━╇━━━━━━━━━━━━┩
│        R2        │   0.9830    │   0.0000   │   0.8531   │
│        R         │   0.9916    │   0.0000   │   0.9274   │
│    Spearmanr     │   0.9839    │   0.0000   │   0.8793   │
│       MSE        │   0.0151    │   0.0000   │   0.1071   │
│       MAE        │   0.0772    │   0.0000   │   0.2112   │
│       RMSE       │   0.1228    │   0.0000   │   0.3272   │
└──────────────────┴─────────────┴────────────┴────────────┘
Info[iaw]:> Result, 0.9829643502608602, 0.8530608337136106, 0.9916342306001715, 0.9273825164853341, 0.9839179810452394, 0.8793003994296973, 0.015090072111332516, 0.10705570599503157, 0.07723563987720333, 0.21115336793319225, 0.12284165462632175, 0.3271936826942592
Info[iaw]:> The model will be saved as 
`/home/iaw/DATA2/AAReact/train/output/pt/ddg/hyper_seed_1_test_0-2/search_optuna/seed_12_test_0-2/xg
b_acsf.pkl`
[OK] Finished target=ddg search=optuna split=seed_12_test_0-2 model=xgb descriptor=acsf
[INFO] Train target=ddg hyper=seed_1_test_0-2 search=optuna split=seed_12_test_0-2 model=xgb descriptor=rdkit_soap
                           Metric                           
┏━━━━━━━━━━━━━━━━━━┳━━━━━━━━━━━━━┳━━━━━━━━━━━━┳━━━━━━━━━━━━┓
┃       name       ┃    Train    ┃   Valid    ┃    Test    ┃
┡━━━━━━━━━━━━━━━━━━╇━━━━━━━━━━━━━╇━━━━━━━━━━━━╇━━━━━━━━━━━━┩
│        R2        │   0.9884    │   0.0000   │   0.8876   │
│        R         │   0.9946    │   0.0000   │   0.9448   │
│    Spearmanr     │   0.9883    │   0.0000   │   0.8941   │
│       MSE        │   0.0102    │   0.0000   │   0.0819   │
│       MAE        │   0.0597    │   0.0000   │   0.1760   │
│       RMSE       │   0.1012    │   0.0000   │   0.2862   │
└──────────────────┴─────────────┴────────────┴────────────┘
Info[iaw]:> Result, 0.9884483326443163, 0.8876096623129247, 0.9945723275759707, 0.9448405239695896, 0.9882745452892354, 0.8941456884448364, 0.010232394776402273, 0.08188441007388753, 0.05972919202353857, 0.1760388901861337, 0.10115530028823143, 0.28615452132351066
Info[iaw]:> The model will be saved as 
`/home/iaw/DATA2/AAReact/train/output/pt/ddg/hyper_seed_1_test_0-2/search_optuna/seed_12_test_0-2/xg
b_rdkit_soap.pkl`
[OK] Finished target=ddg search=optuna split=seed_12_test_0-2 model=xgb descriptor=rdkit_soap
[INFO] Train target=ddg hyper=seed_1_test_0-2 search=optuna split=seed_12_test_0-2 model=xgb descriptor=soap_xtb
                           Metric                           
┏━━━━━━━━━━━━━━━━━━┳━━━━━━━━━━━━━┳━━━━━━━━━━━━┳━━━━━━━━━━━━┓
┃       name       ┃    Train    ┃   Valid    ┃    Test    ┃
┡━━━━━━━━━━━━━━━━━━╇━━━━━━━━━━━━━╇━━━━━━━━━━━━╇━━━━━━━━━━━━┩
│        R2        │   0.9922    │   0.0000   │   0.8786   │
│        R         │   0.9963    │   0.0000   │   0.9401   │
│    Spearmanr     │   0.9894    │   0.0000   │   0.8876   │
│       MSE        │   0.0069    │   0.0000   │   0.0885   │
│       MAE        │   0.0508    │   0.0000   │   0.1870   │
│       RMSE       │   0.0829    │   0.0000   │   0.2974   │
└──────────────────┴─────────────┴────────────┴────────────┘
Info[iaw]:> Result, 0.9922479148578048, 0.8785934465397078, 0.996253519001474, 0.9401438654228168, 0.9894334786618233, 0.887571968089159, 0.0068667485889986725, 0.08845336897980632, 0.05082311933805537, 0.18698967624961998, 0.08286584693948812, 0.2974111110564068
Info[iaw]:> The model will be saved as 
`/home/iaw/DATA2/AAReact/train/output/pt/ddg/hyper_seed_1_test_0-2/search_optuna/seed_12_test_0-2/xg
b_soap_xtb.pkl`
[OK] Finished target=ddg search=optuna split=seed_12_test_0-2 model=xgb descriptor=soap_xtb
[INFO] Train target=ddg hyper=seed_1_test_0-2 search=optuna split=seed_12_test_0-2 model=xgb descriptor=rdkit_xtb
                           Metric                           
┏━━━━━━━━━━━━━━━━━━┳━━━━━━━━━━━━━┳━━━━━━━━━━━━┳━━━━━━━━━━━━┓
┃       name       ┃    Train    ┃   Valid    ┃    Test    ┃
┡━━━━━━━━━━━━━━━━━━╇━━━━━━━━━━━━━╇━━━━━━━━━━━━╇━━━━━━━━━━━━┩
│        R2        │   0.9933    │   0.0000   │   0.8776   │
│        R         │   0.9967    │   0.0000   │   0.9382   │
│    Spearmanr     │   0.9907    │   0.0000   │   0.8713   │
│       MSE        │   0.0059    │   0.0000   │   0.0892   │
│       MAE        │   0.0449    │   0.0000   │   0.2004   │
│       RMSE       │   0.0768    │   0.0000   │   0.2986   │
└──────────────────┴─────────────┴────────────┴────────────┘
Info[iaw]:> Result, 0.9933348892340184, 0.8775856941058318, 0.9967173542778596, 0.9381849766666731, 0.9906679193491824, 0.871311805487533, 0.00590391347725369, 0.08918758880018113, 0.044907587557313, 0.2004272843518808, 0.07683692782284889, 0.29864291185323844
Info[iaw]:> The model will be saved as 
`/home/iaw/DATA2/AAReact/train/output/pt/ddg/hyper_seed_1_test_0-2/search_optuna/seed_12_test_0-2/xg
b_rdkit_xtb.pkl`
[OK] Finished target=ddg search=optuna split=seed_12_test_0-2 model=xgb descriptor=rdkit_xtb
[INFO] Train target=ddg hyper=seed_1_test_0-2 search=optuna split=seed_12_test_0-2 model=xgb descriptor=soap_acsf
                           Metric                           
┏━━━━━━━━━━━━━━━━━━┳━━━━━━━━━━━━━┳━━━━━━━━━━━━┳━━━━━━━━━━━━┓
┃       name       ┃    Train    ┃   Valid    ┃    Test    ┃
┡━━━━━━━━━━━━━━━━━━╇━━━━━━━━━━━━━╇━━━━━━━━━━━━╇━━━━━━━━━━━━┩
│        R2        │   0.9971    │   0.0000   │   0.8915   │
│        R         │   0.9986    │   0.0000   │   0.9465   │
│    Spearmanr     │   0.9908    │   0.0000   │   0.8837   │
│       MSE        │   0.0026    │   0.0000   │   0.0791   │
│       MAE        │   0.0346    │   0.0000   │   0.1737   │
│       RMSE       │   0.0511    │   0.0000   │   0.2812   │
└──────────────────┴─────────────┴────────────┴────────────┘
Info[iaw]:> Result, 0.9970533932010067, 0.8914722933244362, 0.9985590778166243, 0.9465343539397314, 0.9907791021383637, 0.8837409257626714, 0.002610085894076153, 0.07907020675161115, 0.034608877885403726, 0.17373987920020617, 0.051088999736500544, 0.28119425092204703
Info[iaw]:> The model will be saved as 
`/home/iaw/DATA2/AAReact/train/output/pt/ddg/hyper_seed_1_test_0-2/search_optuna/seed_12_test_0-2/xg
b_soap_acsf.pkl`
[OK] Finished target=ddg search=optuna split=seed_12_test_0-2 model=xgb descriptor=soap_acsf
[INFO] Train target=ddg hyper=seed_1_test_0-2 search=optuna split=seed_12_test_0-2 model=xgb descriptor=acsf_xtb
                           Metric                           
┏━━━━━━━━━━━━━━━━━━┳━━━━━━━━━━━━━┳━━━━━━━━━━━━┳━━━━━━━━━━━━┓
┃       name       ┃    Train    ┃   Valid    ┃    Test    ┃
┡━━━━━━━━━━━━━━━━━━╇━━━━━━━━━━━━━╇━━━━━━━━━━━━╇━━━━━━━━━━━━┩
│        R2        │   0.9928    │   0.0000   │   0.8789   │
│        R         │   0.9965    │   0.0000   │   0.9402   │
│    Spearmanr     │   0.9906    │   0.0000   │   0.8933   │
│       MSE        │   0.0064    │   0.0000   │   0.0882   │
│       MAE        │   0.0463    │   0.0000   │   0.1831   │
│       RMSE       │   0.0800    │   0.0000   │   0.2970   │
└──────────────────┴─────────────┴────────────┴────────────┘
Info[iaw]:> Result, 0.9927741531214077, 0.8789462682964924, 0.9964787004928278, 0.9402006130602459, 0.9906492157024042, 0.8932749970069983, 0.006400610022691744, 0.08819631306192162, 0.04632411793182885, 0.18313769787390727, 0.08000381255097624, 0.2969786407503436
Info[iaw]:> The model will be saved as 
`/home/iaw/DATA2/AAReact/train/output/pt/ddg/hyper_seed_1_test_0-2/search_optuna/seed_12_test_0-2/xg
b_acsf_xtb.pkl`
[OK] Finished target=ddg search=optuna split=seed_12_test_0-2 model=xgb descriptor=acsf_xtb
[INFO] Train target=ddg hyper=seed_1_test_0-2 search=optuna split=seed_12_test_0-2 model=xgb descriptor=rdkit_acsf
                           Metric                           
┏━━━━━━━━━━━━━━━━━━┳━━━━━━━━━━━━━┳━━━━━━━━━━━━┳━━━━━━━━━━━━┓
┃       name       ┃    Train    ┃   Valid    ┃    Test    ┃
┡━━━━━━━━━━━━━━━━━━╇━━━━━━━━━━━━━╇━━━━━━━━━━━━╇━━━━━━━━━━━━┩
│        R2        │   0.9895    │   0.0000   │   0.8799   │
│        R         │   0.9952    │   0.0000   │   0.9417   │
│    Spearmanr     │   0.9876    │   0.0000   │   0.8923   │
│       MSE        │   0.0093    │   0.0000   │   0.0875   │
│       MAE        │   0.0574    │   0.0000   │   0.1877   │
│       RMSE       │   0.0967    │   0.0000   │   0.2958   │
└──────────────────┴─────────────┴────────────┴────────────┘
Info[iaw]:> Result, 0.9894532127536582, 0.8798909365297829, 0.9951918826194948, 0.9417195316578706, 0.9876424313008992, 0.8923390037113224, 0.009342278253380935, 0.08750805459958019, 0.05741898504968332, 0.1877190395875898, 0.09665546158071428, 0.2958176035998875
Info[iaw]:> The model will be saved as 
`/home/iaw/DATA2/AAReact/train/output/pt/ddg/hyper_seed_1_test_0-2/search_optuna/seed_12_test_0-2/xg
b_rdkit_acsf.pkl`
[OK] Finished target=ddg search=optuna split=seed_12_test_0-2 model=xgb descriptor=rdkit_acsf
[INFO] Train target=ddg hyper=seed_1_test_0-2 search=optuna split=seed_12_test_0-2 model=xgb descriptor=rdkit_soap_xtb
                           Metric                           
┏━━━━━━━━━━━━━━━━━━┳━━━━━━━━━━━━━┳━━━━━━━━━━━━┳━━━━━━━━━━━━┓
┃       name       ┃    Train    ┃   Valid    ┃    Test    ┃
┡━━━━━━━━━━━━━━━━━━╇━━━━━━━━━━━━━╇━━━━━━━━━━━━╇━━━━━━━━━━━━┩
│        R2        │   0.9983    │   0.0000   │   0.8957   │
│        R         │   0.9992    │   0.0000   │   0.9484   │
│    Spearmanr     │   0.9935    │   0.0000   │   0.8819   │
│       MSE        │   0.0015    │   0.0000   │   0.0760   │
│       MAE        │   0.0224    │   0.0000   │   0.1748   │
│       RMSE       │   0.0390    │   0.0000   │   0.2757   │
└──────────────────┴─────────────┴────────────┴────────────┘
Info[iaw]:> Result, 0.9982832581728265, 0.8957074379604044, 0.9991596378962455, 0.9484182294186592, 0.9934558018106169, 0.8818907064572655, 0.0015206791854301888, 0.07598460057557664, 0.02241790818287188, 0.17483211595330048, 0.038995886775789426, 0.2756530438351382
Info[iaw]:> The model will be saved as 
`/home/iaw/DATA2/AAReact/train/output/pt/ddg/hyper_seed_1_test_0-2/search_optuna/seed_12_test_0-2/xg
b_rdkit_soap_xtb.pkl`
[OK] Finished target=ddg search=optuna split=seed_12_test_0-2 model=xgb descriptor=rdkit_soap_xtb
[INFO] Train target=ddg hyper=seed_1_test_0-2 search=optuna split=seed_12_test_0-2 model=xgb descriptor=rdkit_soap_acsf
                           Metric                           
┏━━━━━━━━━━━━━━━━━━┳━━━━━━━━━━━━━┳━━━━━━━━━━━━┳━━━━━━━━━━━━┓
┃       name       ┃    Train    ┃   Valid    ┃    Test    ┃
┡━━━━━━━━━━━━━━━━━━╇━━━━━━━━━━━━━╇━━━━━━━━━━━━╇━━━━━━━━━━━━┩
│        R2        │   0.9851    │   0.0000   │   0.8851   │
│        R         │   0.9932    │   0.0000   │   0.9450   │
│    Spearmanr     │   0.9881    │   0.0000   │   0.8936   │
│       MSE        │   0.0132    │   0.0000   │   0.0837   │
│       MAE        │   0.0634    │   0.0000   │   0.1804   │
│       RMSE       │   0.1147    │   0.0000   │   0.2893   │
└──────────────────┴─────────────┴────────────┴────────────┘
Info[iaw]:> Result, 0.9851361567151071, 0.8851016349492995, 0.9932232764223836, 0.9449717096959409, 0.988143273397959, 0.8936450408680795, 0.013166299522186876, 0.08371168762590817, 0.06339869562426656, 0.18041743303505461, 0.11474449669673434, 0.2893297212971874
Info[iaw]:> The model will be saved as 
`/home/iaw/DATA2/AAReact/train/output/pt/ddg/hyper_seed_1_test_0-2/search_optuna/seed_12_test_0-2/xg
b_rdkit_soap_acsf.pkl`
[OK] Finished target=ddg search=optuna split=seed_12_test_0-2 model=xgb descriptor=rdkit_soap_acsf
[INFO] Train target=ddg hyper=seed_1_test_0-2 search=optuna split=seed_12_test_0-2 model=xgb descriptor=rdkit_xtb_acsf
                           Metric                           
┏━━━━━━━━━━━━━━━━━━┳━━━━━━━━━━━━━┳━━━━━━━━━━━━┳━━━━━━━━━━━━┓
┃       name       ┃    Train    ┃   Valid    ┃    Test    ┃
┡━━━━━━━━━━━━━━━━━━╇━━━━━━━━━━━━━╇━━━━━━━━━━━━╇━━━━━━━━━━━━┩
│        R2        │   0.9921    │   0.0000   │   0.9034   │
│        R         │   0.9963    │   0.0000   │   0.9528   │
│    Spearmanr     │   0.9913    │   0.0000   │   0.8974   │
│       MSE        │   0.0070    │   0.0000   │   0.0704   │
│       MAE        │   0.0453    │   0.0000   │   0.1588   │
│       RMSE       │   0.0835    │   0.0000   │   0.2653   │
└──────────────────┴─────────────┴────────────┴────────────┘
Info[iaw]:> Result, 0.9921248893585709, 0.9033831053780399, 0.99627797857168, 0.9527645798512866, 0.9913239324417351, 0.8974107813367291, 0.00697572380763729, 0.0703923271528702, 0.0452538803515472, 0.15877258949048614, 0.08352079865301391, 0.26531552376909684
Info[iaw]:> The model will be saved as 
`/home/iaw/DATA2/AAReact/train/output/pt/ddg/hyper_seed_1_test_0-2/search_optuna/seed_12_test_0-2/xg
b_rdkit_xtb_acsf.pkl`
[OK] Finished target=ddg search=optuna split=seed_12_test_0-2 model=xgb descriptor=rdkit_xtb_acsf
[INFO] Train target=ddg hyper=seed_1_test_0-2 search=optuna split=seed_12_test_0-2 model=xgb descriptor=soap_xtb_acsf
                           Metric                           
┏━━━━━━━━━━━━━━━━━━┳━━━━━━━━━━━━━┳━━━━━━━━━━━━┳━━━━━━━━━━━━┓
┃       name       ┃    Train    ┃   Valid    ┃    Test    ┃
┡━━━━━━━━━━━━━━━━━━╇━━━━━━━━━━━━━╇━━━━━━━━━━━━╇━━━━━━━━━━━━┩
│        R2        │   0.9870    │   0.0000   │   0.8666   │
│        R         │   0.9936    │   0.0000   │   0.9320   │
│    Spearmanr     │   0.9850    │   0.0000   │   0.8685   │
│       MSE        │   0.0115    │   0.0000   │   0.0972   │
│       MAE        │   0.0651    │   0.0000   │   0.1961   │
│       RMSE       │   0.1074    │   0.0000   │   0.3117   │
└──────────────────┴─────────────┴────────────┴────────────┘
Info[iaw]:> Result, 0.9869838647698856, 0.8666158378037662, 0.9935955951879927, 0.9319675695101045, 0.9849944798264717, 0.8685473601723971, 0.011529611270535445, 0.09717991474541461, 0.06512311887622904, 0.19612629591736422, 0.1073760274481015, 0.31173693195612
Info[iaw]:> The model will be saved as 
`/home/iaw/DATA2/AAReact/train/output/pt/ddg/hyper_seed_1_test_0-2/search_optuna/seed_12_test_0-2/xg
b_soap_xtb_acsf.pkl`
[OK] Finished target=ddg search=optuna split=seed_12_test_0-2 model=xgb descriptor=soap_xtb_acsf
[INFO] Train target=ddg hyper=seed_1_test_0-2 search=optuna split=seed_12_test_0-2 model=xgb descriptor=rdkit_soap_xtb_acsf
                           Metric                           
┏━━━━━━━━━━━━━━━━━━┳━━━━━━━━━━━━━┳━━━━━━━━━━━━┳━━━━━━━━━━━━┓
┃       name       ┃    Train    ┃   Valid    ┃    Test    ┃
┡━━━━━━━━━━━━━━━━━━╇━━━━━━━━━━━━━╇━━━━━━━━━━━━╇━━━━━━━━━━━━┩
│        R2        │   0.9966    │   0.0000   │   0.9031   │
│        R         │   0.9984    │   0.0000   │   0.9526   │
│    Spearmanr     │   0.9922    │   0.0000   │   0.8951   │
│       MSE        │   0.0030    │   0.0000   │   0.0706   │
│       MAE        │   0.0337    │   0.0000   │   0.1606   │
│       RMSE       │   0.0548    │   0.0000   │   0.2657   │
└──────────────────┴─────────────┴────────────┴────────────┘
Info[iaw]:> Result, 0.9966149179670647, 0.9030853239612392, 0.9983680019454827, 0.9525584393142116, 0.9922355620402561, 0.8951034490264583, 0.002998484516995516, 0.07060928224124778, 0.033656568251183155, 0.16055744705005484, 0.05475841959914033, 0.2657240716255262
Info[iaw]:> The model will be saved as 
`/home/iaw/DATA2/AAReact/train/output/pt/ddg/hyper_seed_1_test_0-2/search_optuna/seed_12_test_0-2/xg
b_rdkit_soap_xtb_acsf.pkl`
[OK] Finished target=ddg search=optuna split=seed_12_test_0-2 model=xgb descriptor=rdkit_soap_xtb_acsf
[INFO] Train target=ddg hyper=seed_1_test_0-2 search=optuna split=seed_12_test_0-2 model=rf descriptor=rdkit
                           Metric                           
┏━━━━━━━━━━━━━━━━━━┳━━━━━━━━━━━━━┳━━━━━━━━━━━━┳━━━━━━━━━━━━┓
┃       name       ┃    Train    ┃   Valid    ┃    Test    ┃
┡━━━━━━━━━━━━━━━━━━╇━━━━━━━━━━━━━╇━━━━━━━━━━━━╇━━━━━━━━━━━━┩
│        R2        │   0.9404    │   0.0000   │   0.8200   │
│        R         │   0.9703    │   0.0000   │   0.9083   │
│    Spearmanr     │   0.9542    │   0.0000   │   0.8670   │
│       MSE        │   0.0528    │   0.0000   │   0.1312   │
│       MAE        │   0.1253    │   0.0000   │   0.2204   │
│       RMSE       │   0.2297    │   0.0000   │   0.3622   │
└──────────────────┴─────────────┴────────────┴────────────┘
Info[iaw]:> Result, 0.9404235736915092, 0.8199590279752514, 0.970264267841968, 0.908256449697821, 0.9541525126531036, 0.8669801155842886, 0.05277242622951505, 0.13117274213040458, 0.12525403684290773, 0.22042834029028802, 0.22972249830940603, 0.36217777696927317
Info[iaw]:> The model will be saved as 
`/home/iaw/DATA2/AAReact/train/output/pt/ddg/hyper_seed_1_test_0-2/search_optuna/seed_12_test_0-2/rf
_rdkit.pkl`
[OK] Finished target=ddg search=optuna split=seed_12_test_0-2 model=rf descriptor=rdkit
[INFO] Train target=ddg hyper=seed_1_test_0-2 search=optuna split=seed_12_test_0-2 model=rf descriptor=xtb
                           Metric                           
┏━━━━━━━━━━━━━━━━━━┳━━━━━━━━━━━━━┳━━━━━━━━━━━━┳━━━━━━━━━━━━┓
┃       name       ┃    Train    ┃   Valid    ┃    Test    ┃
┡━━━━━━━━━━━━━━━━━━╇━━━━━━━━━━━━━╇━━━━━━━━━━━━╇━━━━━━━━━━━━┩
│        R2        │   0.9883    │   0.0000   │   0.8350   │
│        R         │   0.9943    │   0.0000   │   0.9176   │
│    Spearmanr     │   0.9893    │   0.0000   │   0.8898   │
│       MSE        │   0.0104    │   0.0000   │   0.1202   │
│       MAE        │   0.0543    │   0.0000   │   0.2030   │
│       RMSE       │   0.1018    │   0.0000   │   0.3467   │
└──────────────────┴─────────────┴────────────┴────────────┘
Info[iaw]:> Result, 0.9883035968878146, 0.83497295189577, 0.99434385089116, 0.9175512005238468, 0.9893482731598339, 0.8897704639697, 0.010360600805297143, 0.12023402330077626, 0.05430836593027609, 0.2029646988007926, 0.10178703652871098, 0.34674778052754174
Info[iaw]:> The model will be saved as 
`/home/iaw/DATA2/AAReact/train/output/pt/ddg/hyper_seed_1_test_0-2/search_optuna/seed_12_test_0-2/rf
_xtb.pkl`
[OK] Finished target=ddg search=optuna split=seed_12_test_0-2 model=rf descriptor=xtb
[INFO] Train target=ddg hyper=seed_1_test_0-2 search=optuna split=seed_12_test_0-2 model=rf descriptor=soap
                           Metric                           
┏━━━━━━━━━━━━━━━━━━┳━━━━━━━━━━━━━┳━━━━━━━━━━━━┳━━━━━━━━━━━━┓
┃       name       ┃    Train    ┃   Valid    ┃    Test    ┃
┡━━━━━━━━━━━━━━━━━━╇━━━━━━━━━━━━━╇━━━━━━━━━━━━╇━━━━━━━━━━━━┩
│        R2        │   0.4359    │   0.0000   │   0.2189   │
│        R         │   0.6609    │   0.0000   │   0.5123   │
│    Spearmanr     │   0.5634    │   0.0000   │   0.3965   │
│       MSE        │   0.4997    │   0.0000   │   0.5691   │
│       MAE        │   0.4884    │   0.0000   │   0.5149   │
│       RMSE       │   0.7069    │   0.0000   │   0.7544   │
└──────────────────┴─────────────┴────────────┴────────────┘
Info[iaw]:> Result, 0.4359068918111747, 0.21886976867510433, 0.6608984350262194, 0.5123401367470097, 0.5633917677976888, 0.3965019971484856, 0.49967015114886193, 0.5691093157937359, 0.48844445362844247, 0.514876404234747, 0.7068735043477453, 0.7543933428880029
Info[iaw]:> The model will be saved as 
`/home/iaw/DATA2/AAReact/train/output/pt/ddg/hyper_seed_1_test_0-2/search_optuna/seed_12_test_0-2/rf
_soap.pkl`
[OK] Finished target=ddg search=optuna split=seed_12_test_0-2 model=rf descriptor=soap
[INFO] Train target=ddg hyper=seed_1_test_0-2 search=optuna split=seed_12_test_0-2 model=rf descriptor=acsf
                           Metric                           
┏━━━━━━━━━━━━━━━━━━┳━━━━━━━━━━━━━┳━━━━━━━━━━━━┳━━━━━━━━━━━━┓
┃       name       ┃    Train    ┃   Valid    ┃    Test    ┃
┡━━━━━━━━━━━━━━━━━━╇━━━━━━━━━━━━━╇━━━━━━━━━━━━╇━━━━━━━━━━━━┩
│        R2        │   0.9891    │   0.0000   │   0.8830   │
│        R         │   0.9946    │   0.0000   │   0.9432   │
│    Spearmanr     │   0.9885    │   0.0000   │   0.9126   │
│       MSE        │   0.0097    │   0.0000   │   0.0853   │
│       MAE        │   0.0510    │   0.0000   │   0.1633   │
│       RMSE       │   0.0983    │   0.0000   │   0.2920   │
└──────────────────┴─────────────┴────────────┴────────────┘
Info[iaw]:> Result, 0.9890964491697258, 0.8829694659177715, 0.9946366037963196, 0.9432383998409205, 0.988530508159033, 0.9125825796410576, 0.009658297207202626, 0.08526512546511633, 0.05095318117777926, 0.1632837712411689, 0.09827663612071094, 0.2920019271599356
Info[iaw]:> The model will be saved as 
`/home/iaw/DATA2/AAReact/train/output/pt/ddg/hyper_seed_1_test_0-2/search_optuna/seed_12_test_0-2/rf
_acsf.pkl`
[OK] Finished target=ddg search=optuna split=seed_12_test_0-2 model=rf descriptor=acsf
[INFO] Train target=ddg hyper=seed_1_test_0-2 search=optuna split=seed_12_test_0-2 model=rf descriptor=rdkit_soap
                           Metric                           
┏━━━━━━━━━━━━━━━━━━┳━━━━━━━━━━━━━┳━━━━━━━━━━━━┳━━━━━━━━━━━━┓
┃       name       ┃    Train    ┃   Valid    ┃    Test    ┃
┡━━━━━━━━━━━━━━━━━━╇━━━━━━━━━━━━━╇━━━━━━━━━━━━╇━━━━━━━━━━━━┩
│        R2        │   0.9812    │   0.0000   │   0.8995   │
│        R         │   0.9906    │   0.0000   │   0.9497   │
│    Spearmanr     │   0.9815    │   0.0000   │   0.9072   │
│       MSE        │   0.0167    │   0.0000   │   0.0732   │
│       MAE        │   0.0690    │   0.0000   │   0.1587   │
│       RMSE       │   0.1291    │   0.0000   │   0.2706   │
└──────────────────┴─────────────┴────────────┴────────────┘
Info[iaw]:> Result, 0.981198507398863, 0.8994836974562799, 0.990644409870647, 0.9496574447132181, 0.9814986296981006, 0.9071625254405156, 0.016654244686658274, 0.0732333250881178, 0.0689657722674916, 0.15870065357676374, 0.12905132578419437, 0.2706165646964683
Info[iaw]:> The model will be saved as 
`/home/iaw/DATA2/AAReact/train/output/pt/ddg/hyper_seed_1_test_0-2/search_optuna/seed_12_test_0-2/rf
_rdkit_soap.pkl`
[OK] Finished target=ddg search=optuna split=seed_12_test_0-2 model=rf descriptor=rdkit_soap
[INFO] Train target=ddg hyper=seed_1_test_0-2 search=optuna split=seed_12_test_0-2 model=rf descriptor=soap_xtb
                           Metric                           
┏━━━━━━━━━━━━━━━━━━┳━━━━━━━━━━━━━┳━━━━━━━━━━━━┳━━━━━━━━━━━━┓
┃       name       ┃    Train    ┃   Valid    ┃    Test    ┃
┡━━━━━━━━━━━━━━━━━━╇━━━━━━━━━━━━━╇━━━━━━━━━━━━╇━━━━━━━━━━━━┩
│        R2        │   0.9881    │   0.0000   │   0.9186   │
│        R         │   0.9941    │   0.0000   │   0.9596   │
│    Spearmanr     │   0.9875    │   0.0000   │   0.9124   │
│       MSE        │   0.0106    │   0.0000   │   0.0593   │
│       MAE        │   0.0561    │   0.0000   │   0.1378   │
│       RMSE       │   0.1028    │   0.0000   │   0.2435   │
└──────────────────┴─────────────┴────────────┴────────────┘
Info[iaw]:> Result, 0.9880639268013248, 0.9186390449092505, 0.9940837798936188, 0.959627088520838, 0.9875302094202303, 0.9124302086394359, 0.010572899070607865, 0.05927728261839913, 0.056102551271260445, 0.13776885152187857, 0.10282460343034572, 0.24346926421706525
Info[iaw]:> The model will be saved as 
`/home/iaw/DATA2/AAReact/train/output/pt/ddg/hyper_seed_1_test_0-2/search_optuna/seed_12_test_0-2/rf
_soap_xtb.pkl`
[OK] Finished target=ddg search=optuna split=seed_12_test_0-2 model=rf descriptor=soap_xtb
[INFO] Train target=ddg hyper=seed_1_test_0-2 search=optuna split=seed_12_test_0-2 model=rf descriptor=rdkit_xtb
                           Metric                           
┏━━━━━━━━━━━━━━━━━━┳━━━━━━━━━━━━━┳━━━━━━━━━━━━┳━━━━━━━━━━━━┓
┃       name       ┃    Train    ┃   Valid    ┃    Test    ┃
┡━━━━━━━━━━━━━━━━━━╇━━━━━━━━━━━━━╇━━━━━━━━━━━━╇━━━━━━━━━━━━┩
│        R2        │   0.9745    │   0.0000   │   0.9008   │
│        R         │   0.9875    │   0.0000   │   0.9513   │
│    Spearmanr     │   0.9757    │   0.0000   │   0.9070   │
│       MSE        │   0.0226    │   0.0000   │   0.0723   │
│       MAE        │   0.0905    │   0.0000   │   0.1705   │
│       RMSE       │   0.1502    │   0.0000   │   0.2689   │
└──────────────────┴─────────────┴────────────┴────────────┘
Info[iaw]:> Result, 0.9745394241046031, 0.9007559331480266, 0.9874606196734279, 0.9513002935974438, 0.9756516618969481, 0.9070101544388939, 0.022552819067116647, 0.07230641027286308, 0.09054225528186027, 0.1704824673620274, 0.1501759603502393, 0.2688985129614202
Info[iaw]:> The model will be saved as 
`/home/iaw/DATA2/AAReact/train/output/pt/ddg/hyper_seed_1_test_0-2/search_optuna/seed_12_test_0-2/rf
_rdkit_xtb.pkl`
[OK] Finished target=ddg search=optuna split=seed_12_test_0-2 model=rf descriptor=rdkit_xtb
[INFO] Train target=ddg hyper=seed_1_test_0-2 search=optuna split=seed_12_test_0-2 model=rf descriptor=soap_acsf
                           Metric                           
┏━━━━━━━━━━━━━━━━━━┳━━━━━━━━━━━━━┳━━━━━━━━━━━━┳━━━━━━━━━━━━┓
┃       name       ┃    Train    ┃   Valid    ┃    Test    ┃
┡━━━━━━━━━━━━━━━━━━╇━━━━━━━━━━━━━╇━━━━━━━━━━━━╇━━━━━━━━━━━━┩
│        R2        │   0.9868    │   0.0000   │   0.9175   │
│        R         │   0.9934    │   0.0000   │   0.9596   │
│    Spearmanr     │   0.9867    │   0.0000   │   0.9186   │
│       MSE        │   0.0117    │   0.0000   │   0.0601   │
│       MAE        │   0.0602    │   0.0000   │   0.1360   │
│       RMSE       │   0.1082    │   0.0000   │   0.2451   │
└──────────────────┴─────────────┴────────────┴────────────┘
Info[iaw]:> Result, 0.9867873840325282, 0.917522285945503, 0.9934344462709184, 0.95956941928736, 0.9867495053491564, 0.9186338851340322, 0.011703652680203548, 0.06009092150251567, 0.06020840994429623, 0.1359773847039497, 0.10818342146652392, 0.2451344967615037
Info[iaw]:> The model will be saved as 
`/home/iaw/DATA2/AAReact/train/output/pt/ddg/hyper_seed_1_test_0-2/search_optuna/seed_12_test_0-2/rf
_soap_acsf.pkl`
[OK] Finished target=ddg search=optuna split=seed_12_test_0-2 model=rf descriptor=soap_acsf
[INFO] Train target=ddg hyper=seed_1_test_0-2 search=optuna split=seed_12_test_0-2 model=rf descriptor=acsf_xtb
                           Metric                           
┏━━━━━━━━━━━━━━━━━━┳━━━━━━━━━━━━━┳━━━━━━━━━━━━┳━━━━━━━━━━━━┓
┃       name       ┃    Train    ┃   Valid    ┃    Test    ┃
┡━━━━━━━━━━━━━━━━━━╇━━━━━━━━━━━━━╇━━━━━━━━━━━━╇━━━━━━━━━━━━┩
│        R2        │   0.9761    │   0.0000   │   0.8277   │
│        R         │   0.9904    │   0.0000   │   0.9202   │
│    Spearmanr     │   0.9801    │   0.0000   │   0.8731   │
│       MSE        │   0.0212    │   0.0000   │   0.1255   │
│       MAE        │   0.0935    │   0.0000   │   0.2400   │
│       RMSE       │   0.1457    │   0.0000   │   0.3543   │
└──────────────────┴─────────────┴────────────┴────────────┘
Info[iaw]:> Result, 0.9760507986203107, 0.8277001788906688, 0.9904282269757938, 0.9202013284621428, 0.9801201016577838, 0.8731184902210469, 0.021214052963182267, 0.1255327592898264, 0.0935086168803987, 0.2400496993534146, 0.14565044786468137, 0.35430602491324703
Info[iaw]:> The model will be saved as 
`/home/iaw/DATA2/AAReact/train/output/pt/ddg/hyper_seed_1_test_0-2/search_optuna/seed_12_test_0-2/rf
_acsf_xtb.pkl`
[OK] Finished target=ddg search=optuna split=seed_12_test_0-2 model=rf descriptor=acsf_xtb
[INFO] Train target=ddg hyper=seed_1_test_0-2 search=optuna split=seed_12_test_0-2 model=rf descriptor=rdkit_acsf
                           Metric                           
┏━━━━━━━━━━━━━━━━━━┳━━━━━━━━━━━━━┳━━━━━━━━━━━━┳━━━━━━━━━━━━┓
┃       name       ┃    Train    ┃   Valid    ┃    Test    ┃
┡━━━━━━━━━━━━━━━━━━╇━━━━━━━━━━━━━╇━━━━━━━━━━━━╇━━━━━━━━━━━━┩
│        R2        │   0.9774    │   0.0000   │   0.8998   │
│        R         │   0.9888    │   0.0000   │   0.9506   │
│    Spearmanr     │   0.9774    │   0.0000   │   0.9094   │
│       MSE        │   0.0200    │   0.0000   │   0.0730   │
│       MAE        │   0.0848    │   0.0000   │   0.1683   │
│       RMSE       │   0.1414    │   0.0000   │   0.2703   │
└──────────────────┴─────────────┴────────────┴────────────┘
Info[iaw]:> Result, 0.9774270328737703, 0.899751820399744, 0.988806921815876, 0.9505578351246368, 0.9773571573920535, 0.9093827886070027, 0.019994993259279278, 0.07303797832161936, 0.08484377596626937, 0.16826685285271625, 0.14140365362775914, 0.2702553946207538
Info[iaw]:> The model will be saved as 
`/home/iaw/DATA2/AAReact/train/output/pt/ddg/hyper_seed_1_test_0-2/search_optuna/seed_12_test_0-2/rf
_rdkit_acsf.pkl`
[OK] Finished target=ddg search=optuna split=seed_12_test_0-2 model=rf descriptor=rdkit_acsf
[INFO] Train target=ddg hyper=seed_1_test_0-2 search=optuna split=seed_12_test_0-2 model=rf descriptor=rdkit_soap_xtb
                           Metric                           
┏━━━━━━━━━━━━━━━━━━┳━━━━━━━━━━━━━┳━━━━━━━━━━━━┳━━━━━━━━━━━━┓
┃       name       ┃    Train    ┃   Valid    ┃    Test    ┃
┡━━━━━━━━━━━━━━━━━━╇━━━━━━━━━━━━━╇━━━━━━━━━━━━╇━━━━━━━━━━━━┩
│        R2        │   0.9709    │   0.0000   │   0.8438   │
│        R         │   0.9873    │   0.0000   │   0.9280   │
│    Spearmanr     │   0.9767    │   0.0000   │   0.8633   │
│       MSE        │   0.0258    │   0.0000   │   0.1138   │
│       MAE        │   0.1000    │   0.0000   │   0.2309   │
│       RMSE       │   0.1606    │   0.0000   │   0.3374   │
└──────────────────┴─────────────┴────────────┴────────────┘
Info[iaw]:> Result, 0.9708691647781926, 0.8437923729084043, 0.9873492807583573, 0.9279922268978077, 0.9767485961441047, 0.8632579096875308, 0.025803911849071288, 0.11380844347180977, 0.10003926153802438, 0.23090760209954192, 0.16063596063481952, 0.33735507032177503
Info[iaw]:> The model will be saved as 
`/home/iaw/DATA2/AAReact/train/output/pt/ddg/hyper_seed_1_test_0-2/search_optuna/seed_12_test_0-2/rf
_rdkit_soap_xtb.pkl`
[OK] Finished target=ddg search=optuna split=seed_12_test_0-2 model=rf descriptor=rdkit_soap_xtb
[INFO] Train target=ddg hyper=seed_1_test_0-2 search=optuna split=seed_12_test_0-2 model=rf descriptor=rdkit_soap_acsf
                           Metric                           
┏━━━━━━━━━━━━━━━━━━┳━━━━━━━━━━━━━┳━━━━━━━━━━━━┳━━━━━━━━━━━━┓
┃       name       ┃    Train    ┃   Valid    ┃    Test    ┃
┡━━━━━━━━━━━━━━━━━━╇━━━━━━━━━━━━━╇━━━━━━━━━━━━╇━━━━━━━━━━━━┩
│        R2        │   0.9782    │   0.0000   │   0.8424   │
│        R         │   0.9906    │   0.0000   │   0.9267   │
│    Spearmanr     │   0.9817    │   0.0000   │   0.8641   │
│       MSE        │   0.0193    │   0.0000   │   0.1148   │
│       MAE        │   0.0862    │   0.0000   │   0.2289   │
│       RMSE       │   0.1389    │   0.0000   │   0.3388   │
└──────────────────┴─────────────┴────────────┴────────────┘
Info[iaw]:> Result, 0.9782253681326704, 0.8424288368433989, 0.9905793076873466, 0.9267074690095412, 0.9817002134467098, 0.8641068338394229, 0.019287832874422182, 0.11480187714765042, 0.08616347751564103, 0.22886513492447558, 0.13888064254755658, 0.33882425702368246
Info[iaw]:> The model will be saved as 
`/home/iaw/DATA2/AAReact/train/output/pt/ddg/hyper_seed_1_test_0-2/search_optuna/seed_12_test_0-2/rf
_rdkit_soap_acsf.pkl`
[OK] Finished target=ddg search=optuna split=seed_12_test_0-2 model=rf descriptor=rdkit_soap_acsf
[INFO] Train target=ddg hyper=seed_1_test_0-2 search=optuna split=seed_12_test_0-2 model=rf descriptor=rdkit_xtb_acsf
                           Metric                           
┏━━━━━━━━━━━━━━━━━━┳━━━━━━━━━━━━━┳━━━━━━━━━━━━┳━━━━━━━━━━━━┓
┃       name       ┃    Train    ┃   Valid    ┃    Test    ┃
┡━━━━━━━━━━━━━━━━━━╇━━━━━━━━━━━━━╇━━━━━━━━━━━━╇━━━━━━━━━━━━┩
│        R2        │   0.9764    │   0.0000   │   0.8439   │
│        R         │   0.9901    │   0.0000   │   0.9296   │
│    Spearmanr     │   0.9784    │   0.0000   │   0.8754   │
│       MSE        │   0.0209    │   0.0000   │   0.1137   │
│       MAE        │   0.0923    │   0.0000   │   0.2305   │
│       RMSE       │   0.1445    │   0.0000   │   0.3372   │
└──────────────────┴─────────────┴────────────┴────────────┘
Info[iaw]:> Result, 0.9764252562126542, 0.8438936310802746, 0.9901254795998587, 0.9296026824872075, 0.9783751206861467, 0.8754258225313178, 0.020882360767250554, 0.1137346696417867, 0.09234045666278333, 0.23053626570087815, 0.14450730350833674, 0.337245711079899
Info[iaw]:> The model will be saved as 
`/home/iaw/DATA2/AAReact/train/output/pt/ddg/hyper_seed_1_test_0-2/search_optuna/seed_12_test_0-2/rf
_rdkit_xtb_acsf.pkl`
[OK] Finished target=ddg search=optuna split=seed_12_test_0-2 model=rf descriptor=rdkit_xtb_acsf
[INFO] Train target=ddg hyper=seed_1_test_0-2 search=optuna split=seed_12_test_0-2 model=rf descriptor=soap_xtb_acsf
                           Metric                           
┏━━━━━━━━━━━━━━━━━━┳━━━━━━━━━━━━━┳━━━━━━━━━━━━┳━━━━━━━━━━━━┓
┃       name       ┃    Train    ┃   Valid    ┃    Test    ┃
┡━━━━━━━━━━━━━━━━━━╇━━━━━━━━━━━━━╇━━━━━━━━━━━━╇━━━━━━━━━━━━┩
│        R2        │   0.9778    │   0.0000   │   0.8376   │
│        R         │   0.9906    │   0.0000   │   0.9234   │
│    Spearmanr     │   0.9809    │   0.0000   │   0.8724   │
│       MSE        │   0.0197    │   0.0000   │   0.1183   │
│       MAE        │   0.0855    │   0.0000   │   0.2320   │
│       RMSE       │   0.1403    │   0.0000   │   0.3440   │
└──────────────────┴─────────────┴────────────┴────────────┘
Info[iaw]:> Result, 0.9777910836808035, 0.8376102434266885, 0.9905664054773281, 0.9233653554782574, 0.9808807166267627, 0.8723784024988845, 0.019672519328760688, 0.11831256754535903, 0.08551908295540502, 0.23196351816651212, 0.1402587584743309, 0.34396593951343357
Info[iaw]:> The model will be saved as 
`/home/iaw/DATA2/AAReact/train/output/pt/ddg/hyper_seed_1_test_0-2/search_optuna/seed_12_test_0-2/rf
_soap_xtb_acsf.pkl`
[OK] Finished target=ddg search=optuna split=seed_12_test_0-2 model=rf descriptor=soap_xtb_acsf
[INFO] Train target=ddg hyper=seed_1_test_0-2 search=optuna split=seed_12_test_0-2 model=rf descriptor=rdkit_soap_xtb_acsf
                           Metric                           
┏━━━━━━━━━━━━━━━━━━┳━━━━━━━━━━━━━┳━━━━━━━━━━━━┳━━━━━━━━━━━━┓
┃       name       ┃    Train    ┃   Valid    ┃    Test    ┃
┡━━━━━━━━━━━━━━━━━━╇━━━━━━━━━━━━━╇━━━━━━━━━━━━╇━━━━━━━━━━━━┩
│        R2        │   0.9678    │   0.0000   │   0.8395   │
│        R         │   0.9862    │   0.0000   │   0.9252   │
│    Spearmanr     │   0.9729    │   0.0000   │   0.8610   │
│       MSE        │   0.0285    │   0.0000   │   0.1169   │
│       MAE        │   0.1065    │   0.0000   │   0.2346   │
│       RMSE       │   0.1690    │   0.0000   │   0.3419   │
└──────────────────┴─────────────┴────────────┴────────────┘
Info[iaw]:> Result, 0.9677743700557911, 0.83952555522334, 0.9861793057649083, 0.9251532944983153, 0.972919890375848, 0.8609505773772599, 0.028545261679921267, 0.11691712573244237, 0.10648708415200746, 0.23462268819789492, 0.16895343050651937, 0.3419314635017409
Info[iaw]:> The model will be saved as 
`/home/iaw/DATA2/AAReact/train/output/pt/ddg/hyper_seed_1_test_0-2/search_optuna/seed_12_test_0-2/rf
_rdkit_soap_xtb_acsf.pkl`
[OK] Finished target=ddg search=optuna split=seed_12_test_0-2 model=rf descriptor=rdkit_soap_xtb_acsf
[INFO] Train target=ddg hyper=seed_1_test_0-2 search=optuna split=seed_12_test_0-3 model=lgb descriptor=rdkit
                           Metric                           
┏━━━━━━━━━━━━━━━━━━┳━━━━━━━━━━━━━┳━━━━━━━━━━━━┳━━━━━━━━━━━━┓
┃       name       ┃    Train    ┃   Valid    ┃    Test    ┃
┡━━━━━━━━━━━━━━━━━━╇━━━━━━━━━━━━━╇━━━━━━━━━━━━╇━━━━━━━━━━━━┩
│        R2        │   0.9505    │   0.0000   │   0.8336   │
│        R         │   0.9756    │   0.0000   │   0.9171   │
│    Spearmanr     │   0.9607    │   0.0000   │   0.8571   │
│       MSE        │   0.0436    │   0.0000   │   0.1329   │
│       MAE        │   0.1090    │   0.0000   │   0.2371   │
│       RMSE       │   0.2087    │   0.0000   │   0.3645   │
└──────────────────┴─────────────┴────────────┴────────────┘
Info[iaw]:> Result, 0.9504673073876146, 0.8335654879416675, 0.9755548103009313, 0.9170930173595048, 0.9606618733379296, 0.8571345655286272, 0.04356747825940745, 0.13286814079217957, 0.10896400919846623, 0.23713523640948567, 0.20872824020579353, 0.36451082397122253
Info[iaw]:> The model will be saved as 
`/home/iaw/DATA2/AAReact/train/output/pt/ddg/hyper_seed_1_test_0-2/search_optuna/seed_12_test_0-3/lg
b_rdkit.pkl`
[OK] Finished target=ddg search=optuna split=seed_12_test_0-3 model=lgb descriptor=rdkit
[INFO] Train target=ddg hyper=seed_1_test_0-2 search=optuna split=seed_12_test_0-3 model=lgb descriptor=xtb
                           Metric                           
┏━━━━━━━━━━━━━━━━━━┳━━━━━━━━━━━━━┳━━━━━━━━━━━━┳━━━━━━━━━━━━┓
┃       name       ┃    Train    ┃   Valid    ┃    Test    ┃
┡━━━━━━━━━━━━━━━━━━╇━━━━━━━━━━━━━╇━━━━━━━━━━━━╇━━━━━━━━━━━━┩
│        R2        │   0.9760    │   0.0000   │   0.7982   │
│        R         │   0.9882    │   0.0000   │   0.8973   │
│    Spearmanr     │   0.9714    │   0.0000   │   0.8319   │
│       MSE        │   0.0211    │   0.0000   │   0.1611   │
│       MAE        │   0.0967    │   0.0000   │   0.2854   │
│       RMSE       │   0.1453    │   0.0000   │   0.4014   │
└──────────────────┴─────────────┴────────────┴────────────┘
Info[iaw]:> Result, 0.9760136553111742, 0.798217634375467, 0.9881606956460564, 0.8972944698087286, 0.9713789546258041, 0.8318866001986303, 0.021097672983999418, 0.16108706922385718, 0.09666946554740447, 0.2853798475090763, 0.1452503803230801, 0.40135653629143403
Info[iaw]:> The model will be saved as 
`/home/iaw/DATA2/AAReact/train/output/pt/ddg/hyper_seed_1_test_0-2/search_optuna/seed_12_test_0-3/lg
b_xtb.pkl`
[OK] Finished target=ddg search=optuna split=seed_12_test_0-3 model=lgb descriptor=xtb
[INFO] Train target=ddg hyper=seed_1_test_0-2 search=optuna split=seed_12_test_0-3 model=lgb descriptor=soap
                           Metric                           
┏━━━━━━━━━━━━━━━━━━┳━━━━━━━━━━━━━┳━━━━━━━━━━━━┳━━━━━━━━━━━━┓
┃       name       ┃    Train    ┃   Valid    ┃    Test    ┃
┡━━━━━━━━━━━━━━━━━━╇━━━━━━━━━━━━━╇━━━━━━━━━━━━╇━━━━━━━━━━━━┩
│        R2        │   0.4855    │   0.0000   │   0.3277   │
│        R         │   0.6999    │   0.0000   │   0.5794   │
│    Spearmanr     │   0.6296    │   0.0000   │   0.5099   │
│       MSE        │   0.4525    │   0.0000   │   0.5367   │
│       MAE        │   0.4934    │   0.0000   │   0.5523   │
│       RMSE       │   0.6727    │   0.0000   │   0.7326   │
└──────────────────┴─────────────┴────────────┴────────────┘
Info[iaw]:> Result, 0.485532586003828, 0.3276858024889008, 0.6998743751955349, 0.5793674022474934, 0.6295966450154737, 0.5098799190001418, 0.4525101845330999, 0.536722440236299, 0.4934271141534018, 0.5523092724899192, 0.6726887724149259, 0.7326134316515764
Info[iaw]:> The model will be saved as 
`/home/iaw/DATA2/AAReact/train/output/pt/ddg/hyper_seed_1_test_0-2/search_optuna/seed_12_test_0-3/lg
b_soap.pkl`
[OK] Finished target=ddg search=optuna split=seed_12_test_0-3 model=lgb descriptor=soap
[INFO] Train target=ddg hyper=seed_1_test_0-2 search=optuna split=seed_12_test_0-3 model=lgb descriptor=acsf
                           Metric                           
┏━━━━━━━━━━━━━━━━━━┳━━━━━━━━━━━━━┳━━━━━━━━━━━━┳━━━━━━━━━━━━┓
┃       name       ┃    Train    ┃   Valid    ┃    Test    ┃
┡━━━━━━━━━━━━━━━━━━╇━━━━━━━━━━━━━╇━━━━━━━━━━━━╇━━━━━━━━━━━━┩
│        R2        │   0.9878    │   0.0000   │   0.8405   │
│        R         │   0.9940    │   0.0000   │   0.9186   │
│    Spearmanr     │   0.9867    │   0.0000   │   0.8676   │
│       MSE        │   0.0108    │   0.0000   │   0.1273   │
│       MAE        │   0.0649    │   0.0000   │   0.2298   │
│       RMSE       │   0.1037    │   0.0000   │   0.3569   │
└──────────────────┴─────────────┴────────────┴────────────┘
Info[iaw]:> Result, 0.9877678322219478, 0.8404877000122513, 0.9939970301585739, 0.9185503774243972, 0.9866645585696735, 0.8676077955914409, 0.01075904974328941, 0.1273419945824001, 0.06486386745361893, 0.22976286097952098, 0.10372583932313785, 0.35685010099816433
Info[iaw]:> The model will be saved as 
`/home/iaw/DATA2/AAReact/train/output/pt/ddg/hyper_seed_1_test_0-2/search_optuna/seed_12_test_0-3/lg
b_acsf.pkl`
[OK] Finished target=ddg search=optuna split=seed_12_test_0-3 model=lgb descriptor=acsf
[INFO] Train target=ddg hyper=seed_1_test_0-2 search=optuna split=seed_12_test_0-3 model=lgb descriptor=rdkit_soap
                           Metric                           
┏━━━━━━━━━━━━━━━━━━┳━━━━━━━━━━━━━┳━━━━━━━━━━━━┳━━━━━━━━━━━━┓
┃       name       ┃    Train    ┃   Valid    ┃    Test    ┃
┡━━━━━━━━━━━━━━━━━━╇━━━━━━━━━━━━━╇━━━━━━━━━━━━╇━━━━━━━━━━━━┩
│        R2        │   0.9899    │   0.0000   │   0.8670   │
│        R         │   0.9951    │   0.0000   │   0.9322   │
│    Spearmanr     │   0.9876    │   0.0000   │   0.8657   │
│       MSE        │   0.0089    │   0.0000   │   0.1062   │
│       MAE        │   0.0530    │   0.0000   │   0.2031   │
│       RMSE       │   0.0943    │   0.0000   │   0.3259   │
└──────────────────┴─────────────┴────────────┴────────────┘
Info[iaw]:> Result, 0.9898972749285795, 0.8669936506191767, 0.995075195998507, 0.9322498616645087, 0.9876168309081578, 0.8657053307709175, 0.00888605548570211, 0.10618174161853652, 0.052993803515324865, 0.203077292788869, 0.09426587657101647, 0.32585539986094525
Info[iaw]:> The model will be saved as 
`/home/iaw/DATA2/AAReact/train/output/pt/ddg/hyper_seed_1_test_0-2/search_optuna/seed_12_test_0-3/lg
b_rdkit_soap.pkl`
[OK] Finished target=ddg search=optuna split=seed_12_test_0-3 model=lgb descriptor=rdkit_soap
[INFO] Train target=ddg hyper=seed_1_test_0-2 search=optuna split=seed_12_test_0-3 model=lgb descriptor=soap_xtb
                           Metric                           
┏━━━━━━━━━━━━━━━━━━┳━━━━━━━━━━━━━┳━━━━━━━━━━━━┳━━━━━━━━━━━━┓
┃       name       ┃    Train    ┃   Valid    ┃    Test    ┃
┡━━━━━━━━━━━━━━━━━━╇━━━━━━━━━━━━━╇━━━━━━━━━━━━╇━━━━━━━━━━━━┩
│        R2        │   0.9984    │   0.0000   │   0.8770   │
│        R         │   0.9992    │   0.0000   │   0.9370   │
│    Spearmanr     │   0.9938    │   0.0000   │   0.8840   │
│       MSE        │   0.0014    │   0.0000   │   0.0982   │
│       MAE        │   0.0227    │   0.0000   │   0.1899   │
│       RMSE       │   0.0380    │   0.0000   │   0.3134   │
└──────────────────┴─────────────┴────────────┴────────────┘
Info[iaw]:> Result, 0.9983624190421996, 0.8769915730159841, 0.9991932204425974, 0.93701880939364, 0.9938037499935202, 0.8839883401478118, 0.0014403673415313654, 0.0982001917331215, 0.02272125989438384, 0.18993243337183485, 0.037952171763040984, 0.31336909824218706
Info[iaw]:> The model will be saved as 
`/home/iaw/DATA2/AAReact/train/output/pt/ddg/hyper_seed_1_test_0-2/search_optuna/seed_12_test_0-3/lg
b_soap_xtb.pkl`
[OK] Finished target=ddg search=optuna split=seed_12_test_0-3 model=lgb descriptor=soap_xtb
[INFO] Train target=ddg hyper=seed_1_test_0-2 search=optuna split=seed_12_test_0-3 model=lgb descriptor=rdkit_xtb
                           Metric                           
┏━━━━━━━━━━━━━━━━━━┳━━━━━━━━━━━━━┳━━━━━━━━━━━━┳━━━━━━━━━━━━┓
┃       name       ┃    Train    ┃   Valid    ┃    Test    ┃
┡━━━━━━━━━━━━━━━━━━╇━━━━━━━━━━━━━╇━━━━━━━━━━━━╇━━━━━━━━━━━━┩
│        R2        │   0.9850    │   0.0000   │   0.8464   │
│        R         │   0.9927    │   0.0000   │   0.9211   │
│    Spearmanr     │   0.9835    │   0.0000   │   0.8547   │
│       MSE        │   0.0132    │   0.0000   │   0.1226   │
│       MAE        │   0.0713    │   0.0000   │   0.2309   │
│       RMSE       │   0.1149    │   0.0000   │   0.3502   │
└──────────────────┴─────────────┴────────────┴────────────┘
Info[iaw]:> Result, 0.9849870139197738, 0.8463652668659278, 0.9927334576009476, 0.9210766237708171, 0.9834604239348494, 0.8546645857785918, 0.013204974536262003, 0.12264981042797407, 0.07128667618915496, 0.23091497156922222, 0.11491289978179997, 0.350213949505119
Info[iaw]:> The model will be saved as 
`/home/iaw/DATA2/AAReact/train/output/pt/ddg/hyper_seed_1_test_0-2/search_optuna/seed_12_test_0-3/lg
b_rdkit_xtb.pkl`
[OK] Finished target=ddg search=optuna split=seed_12_test_0-3 model=lgb descriptor=rdkit_xtb
[INFO] Train target=ddg hyper=seed_1_test_0-2 search=optuna split=seed_12_test_0-3 model=lgb descriptor=soap_acsf
                           Metric                           
┏━━━━━━━━━━━━━━━━━━┳━━━━━━━━━━━━━┳━━━━━━━━━━━━┳━━━━━━━━━━━━┓
┃       name       ┃    Train    ┃   Valid    ┃    Test    ┃
┡━━━━━━━━━━━━━━━━━━╇━━━━━━━━━━━━━╇━━━━━━━━━━━━╇━━━━━━━━━━━━┩
│        R2        │   0.9901    │   0.0000   │   0.8458   │
│        R         │   0.9951    │   0.0000   │   0.9213   │
│    Spearmanr     │   0.9859    │   0.0000   │   0.8640   │
│       MSE        │   0.0087    │   0.0000   │   0.1231   │
│       MAE        │   0.0593    │   0.0000   │   0.2249   │
│       RMSE       │   0.0934    │   0.0000   │   0.3508   │
└──────────────────┴─────────────┴────────────┴────────────┘
Info[iaw]:> Result, 0.990091574652995, 0.8458158097020603, 0.995128621806681, 0.9212856313130897, 0.9859144561887334, 0.8639705408159317, 0.008715155246429344, 0.12308845353693712, 0.05925982067678974, 0.22491516253752572, 0.0933549958300537, 0.35083964077187335
Info[iaw]:> The model will be saved as 
`/home/iaw/DATA2/AAReact/train/output/pt/ddg/hyper_seed_1_test_0-2/search_optuna/seed_12_test_0-3/lg
b_soap_acsf.pkl`
[OK] Finished target=ddg search=optuna split=seed_12_test_0-3 model=lgb descriptor=soap_acsf
[INFO] Train target=ddg hyper=seed_1_test_0-2 search=optuna split=seed_12_test_0-3 model=lgb descriptor=acsf_xtb
                           Metric                           
┏━━━━━━━━━━━━━━━━━━┳━━━━━━━━━━━━━┳━━━━━━━━━━━━┳━━━━━━━━━━━━┓
┃       name       ┃    Train    ┃   Valid    ┃    Test    ┃
┡━━━━━━━━━━━━━━━━━━╇━━━━━━━━━━━━━╇━━━━━━━━━━━━╇━━━━━━━━━━━━┩
│        R2        │   0.9864    │   0.0000   │   0.8513   │
│        R         │   0.9934    │   0.0000   │   0.9252   │
│    Spearmanr     │   0.9851    │   0.0000   │   0.8629   │
│       MSE        │   0.0119    │   0.0000   │   0.1187   │
│       MAE        │   0.0716    │   0.0000   │   0.2383   │
│       RMSE       │   0.1093    │   0.0000   │   0.3445   │
└──────────────────┴─────────────┴────────────┴────────────┘
Info[iaw]:> Result, 0.9864237188496322, 0.851332702718256, 0.99335506227913, 0.9251528201757792, 0.9851456919655586, 0.8629064503230965, 0.011941291754334312, 0.11868420282627694, 0.07164901639094935, 0.23827900522516302, 0.1092762176977878, 0.34450573700052795
Info[iaw]:> The model will be saved as 
`/home/iaw/DATA2/AAReact/train/output/pt/ddg/hyper_seed_1_test_0-2/search_optuna/seed_12_test_0-3/lg
b_acsf_xtb.pkl`
[OK] Finished target=ddg search=optuna split=seed_12_test_0-3 model=lgb descriptor=acsf_xtb
[INFO] Train target=ddg hyper=seed_1_test_0-2 search=optuna split=seed_12_test_0-3 model=lgb descriptor=rdkit_acsf
                           Metric                           
┏━━━━━━━━━━━━━━━━━━┳━━━━━━━━━━━━━┳━━━━━━━━━━━━┳━━━━━━━━━━━━┓
┃       name       ┃    Train    ┃   Valid    ┃    Test    ┃
┡━━━━━━━━━━━━━━━━━━╇━━━━━━━━━━━━━╇━━━━━━━━━━━━╇━━━━━━━━━━━━┩
│        R2        │   0.9661    │   0.0000   │   0.8468   │
│        R         │   0.9844    │   0.0000   │   0.9270   │
│    Spearmanr     │   0.9695    │   0.0000   │   0.8632   │
│       MSE        │   0.0298    │   0.0000   │   0.1223   │
│       MAE        │   0.1045    │   0.0000   │   0.2288   │
│       RMSE       │   0.1726    │   0.0000   │   0.3497   │
└──────────────────┴─────────────┴────────────┴────────────┘
Info[iaw]:> Result, 0.9661132601685496, 0.8468341606214158, 0.984381512445816, 0.9269524404513456, 0.9694935901755768, 0.8632160039210123, 0.02980576510229449, 0.1222754827675011, 0.10452434622793938, 0.22881813543895302, 0.17264346237924705, 0.3496791139995369
Info[iaw]:> The model will be saved as 
`/home/iaw/DATA2/AAReact/train/output/pt/ddg/hyper_seed_1_test_0-2/search_optuna/seed_12_test_0-3/lg
b_rdkit_acsf.pkl`
[OK] Finished target=ddg search=optuna split=seed_12_test_0-3 model=lgb descriptor=rdkit_acsf
[INFO] Train target=ddg hyper=seed_1_test_0-2 search=optuna split=seed_12_test_0-3 model=lgb descriptor=rdkit_soap_xtb
                           Metric                           
┏━━━━━━━━━━━━━━━━━━┳━━━━━━━━━━━━━┳━━━━━━━━━━━━┳━━━━━━━━━━━━┓
┃       name       ┃    Train    ┃   Valid    ┃    Test    ┃
┡━━━━━━━━━━━━━━━━━━╇━━━━━━━━━━━━━╇━━━━━━━━━━━━╇━━━━━━━━━━━━┩
│        R2        │   0.9923    │   0.0000   │   0.8346   │
│        R         │   0.9962    │   0.0000   │   0.9154   │
│    Spearmanr     │   0.9900    │   0.0000   │   0.8538   │
│       MSE        │   0.0068    │   0.0000   │   0.1321   │
│       MAE        │   0.0484    │   0.0000   │   0.2167   │
│       RMSE       │   0.0825    │   0.0000   │   0.3634   │
└──────────────────┴─────────────┴────────────┴────────────┘
Info[iaw]:> Result, 0.992268762968746, 0.8345874603708107, 0.996216986629674, 0.9154022299369832, 0.9900045099452067, 0.8538391095174833, 0.006800165375892816, 0.13205227889597906, 0.04844815719348038, 0.21669580128750282, 0.08246311524489489, 0.36338998183216203
Info[iaw]:> The model will be saved as 
`/home/iaw/DATA2/AAReact/train/output/pt/ddg/hyper_seed_1_test_0-2/search_optuna/seed_12_test_0-3/lg
b_rdkit_soap_xtb.pkl`
[OK] Finished target=ddg search=optuna split=seed_12_test_0-3 model=lgb descriptor=rdkit_soap_xtb
[INFO] Train target=ddg hyper=seed_1_test_0-2 search=optuna split=seed_12_test_0-3 model=lgb descriptor=rdkit_soap_acsf
                           Metric                           
┏━━━━━━━━━━━━━━━━━━┳━━━━━━━━━━━━━┳━━━━━━━━━━━━┳━━━━━━━━━━━━┓
┃       name       ┃    Train    ┃   Valid    ┃    Test    ┃
┡━━━━━━━━━━━━━━━━━━╇━━━━━━━━━━━━━╇━━━━━━━━━━━━╇━━━━━━━━━━━━┩
│        R2        │   0.9787    │   0.0000   │   0.8815   │
│        R         │   0.9900    │   0.0000   │   0.9436   │
│    Spearmanr     │   0.9792    │   0.0000   │   0.8943   │
│       MSE        │   0.0187    │   0.0000   │   0.0946   │
│       MAE        │   0.0834    │   0.0000   │   0.2048   │
│       RMSE       │   0.1368    │   0.0000   │   0.3076   │
└──────────────────┴─────────────┴────────────┴────────────┘
Info[iaw]:> Result, 0.9787220458527635, 0.8815089788901256, 0.9900111787268409, 0.9435671667491239, 0.9791567957616882, 0.8942552011453483, 0.018715453487836455, 0.09459385244520696, 0.08343998687783619, 0.20484542616230308, 0.13680443519066351, 0.3075611361098911
Info[iaw]:> The model will be saved as 
`/home/iaw/DATA2/AAReact/train/output/pt/ddg/hyper_seed_1_test_0-2/search_optuna/seed_12_test_0-3/lg
b_rdkit_soap_acsf.pkl`
[OK] Finished target=ddg search=optuna split=seed_12_test_0-3 model=lgb descriptor=rdkit_soap_acsf
[INFO] Train target=ddg hyper=seed_1_test_0-2 search=optuna split=seed_12_test_0-3 model=lgb descriptor=rdkit_xtb_acsf
                           Metric                           
┏━━━━━━━━━━━━━━━━━━┳━━━━━━━━━━━━━┳━━━━━━━━━━━━┳━━━━━━━━━━━━┓
┃       name       ┃    Train    ┃   Valid    ┃    Test    ┃
┡━━━━━━━━━━━━━━━━━━╇━━━━━━━━━━━━━╇━━━━━━━━━━━━╇━━━━━━━━━━━━┩
│        R2        │   0.9897    │   0.0000   │   0.8652   │
│        R         │   0.9950    │   0.0000   │   0.9330   │
│    Spearmanr     │   0.9887    │   0.0000   │   0.8718   │
│       MSE        │   0.0091    │   0.0000   │   0.1076   │
│       MAE        │   0.0557    │   0.0000   │   0.2016   │
│       RMSE       │   0.0953    │   0.0000   │   0.3281   │
└──────────────────┴─────────────┴────────────┴────────────┘
Info[iaw]:> Result, 0.9896772755164778, 0.8651754583753224, 0.9950331795636826, 0.9329676815265452, 0.9886670779183752, 0.8717867691633024, 0.009079560403329502, 0.10763324239236048, 0.05565115947632204, 0.20156059054396558, 0.09528672731986078, 0.32807505603498793
Info[iaw]:> The model will be saved as 
`/home/iaw/DATA2/AAReact/train/output/pt/ddg/hyper_seed_1_test_0-2/search_optuna/seed_12_test_0-3/lg
b_rdkit_xtb_acsf.pkl`
[OK] Finished target=ddg search=optuna split=seed_12_test_0-3 model=lgb descriptor=rdkit_xtb_acsf
[INFO] Train target=ddg hyper=seed_1_test_0-2 search=optuna split=seed_12_test_0-3 model=lgb descriptor=soap_xtb_acsf
                           Metric                           
┏━━━━━━━━━━━━━━━━━━┳━━━━━━━━━━━━━┳━━━━━━━━━━━━┳━━━━━━━━━━━━┓
┃       name       ┃    Train    ┃   Valid    ┃    Test    ┃
┡━━━━━━━━━━━━━━━━━━╇━━━━━━━━━━━━━╇━━━━━━━━━━━━╇━━━━━━━━━━━━┩
│        R2        │   0.9968    │   0.0000   │   0.8481   │
│        R         │   0.9984    │   0.0000   │   0.9210   │
│    Spearmanr     │   0.9911    │   0.0000   │   0.8578   │
│       MSE        │   0.0028    │   0.0000   │   0.1213   │
│       MAE        │   0.0347    │   0.0000   │   0.2141   │
│       RMSE       │   0.0532    │   0.0000   │   0.3483   │
└──────────────────┴─────────────┴────────────┴────────────┘
Info[iaw]:> Result, 0.996782579497142, 0.8480715073166234, 0.998410034834781, 0.9210395627894029, 0.9910760107201916, 0.857792366924198, 0.0028299470595423894, 0.12128768310459247, 0.034727043959274444, 0.21406765740952788, 0.053197246728965114, 0.34826381251085
Info[iaw]:> The model will be saved as 
`/home/iaw/DATA2/AAReact/train/output/pt/ddg/hyper_seed_1_test_0-2/search_optuna/seed_12_test_0-3/lg
b_soap_xtb_acsf.pkl`
[OK] Finished target=ddg search=optuna split=seed_12_test_0-3 model=lgb descriptor=soap_xtb_acsf
[INFO] Train target=ddg hyper=seed_1_test_0-2 search=optuna split=seed_12_test_0-3 model=lgb descriptor=rdkit_soap_xtb_acsf
                           Metric                           
┏━━━━━━━━━━━━━━━━━━┳━━━━━━━━━━━━━┳━━━━━━━━━━━━┳━━━━━━━━━━━━┓
┃       name       ┃    Train    ┃   Valid    ┃    Test    ┃
┡━━━━━━━━━━━━━━━━━━╇━━━━━━━━━━━━━╇━━━━━━━━━━━━╇━━━━━━━━━━━━┩
│        R2        │   0.9914    │   0.0000   │   0.8711   │
│        R         │   0.9958    │   0.0000   │   0.9351   │
│    Spearmanr     │   0.9903    │   0.0000   │   0.8820   │
│       MSE        │   0.0075    │   0.0000   │   0.1029   │
│       MAE        │   0.0484    │   0.0000   │   0.1952   │
│       RMSE       │   0.0868    │   0.0000   │   0.3208   │
└──────────────────┴─────────────┴────────────┴────────────┘
Info[iaw]:> Result, 0.991435084827555, 0.8711228413222079, 0.9958411274577853, 0.9350711722964692, 0.9902782169646513, 0.8820213849943893, 0.007533443790129481, 0.10288532259520423, 0.04839987177972881, 0.19523089922933964, 0.08679541341643279, 0.3207574201716996
Info[iaw]:> The model will be saved as 
`/home/iaw/DATA2/AAReact/train/output/pt/ddg/hyper_seed_1_test_0-2/search_optuna/seed_12_test_0-3/lg
b_rdkit_soap_xtb_acsf.pkl`
[OK] Finished target=ddg search=optuna split=seed_12_test_0-3 model=lgb descriptor=rdkit_soap_xtb_acsf
[INFO] Train target=ddg hyper=seed_1_test_0-2 search=optuna split=seed_12_test_0-3 model=xgb descriptor=rdkit
                           Metric                           
┏━━━━━━━━━━━━━━━━━━┳━━━━━━━━━━━━━┳━━━━━━━━━━━━┳━━━━━━━━━━━━┓
┃       name       ┃    Train    ┃   Valid    ┃    Test    ┃
┡━━━━━━━━━━━━━━━━━━╇━━━━━━━━━━━━━╇━━━━━━━━━━━━╇━━━━━━━━━━━━┩
│        R2        │   0.9490    │   0.0000   │   0.8476   │
│        R         │   0.9758    │   0.0000   │   0.9273   │
│    Spearmanr     │   0.9612    │   0.0000   │   0.8727   │
│       MSE        │   0.0449    │   0.0000   │   0.1216   │
│       MAE        │   0.1177    │   0.0000   │   0.2204   │
│       RMSE       │   0.2118    │   0.0000   │   0.3488   │
└──────────────────┴─────────────┴────────────┴────────────┘
Info[iaw]:> Result, 0.94899197829169, 0.8476431275119357, 0.975801561378504, 0.9273249727294102, 0.961223283758495, 0.8726960828571797, 0.044865133705178604, 0.12162966763350933, 0.11774969301138848, 0.2203652640127672, 0.2118139129169248, 0.3487544517759011
Info[iaw]:> The model will be saved as 
`/home/iaw/DATA2/AAReact/train/output/pt/ddg/hyper_seed_1_test_0-2/search_optuna/seed_12_test_0-3/xg
b_rdkit.pkl`
[OK] Finished target=ddg search=optuna split=seed_12_test_0-3 model=xgb descriptor=rdkit
[INFO] Train target=ddg hyper=seed_1_test_0-2 search=optuna split=seed_12_test_0-3 model=xgb descriptor=xtb
                           Metric                           
┏━━━━━━━━━━━━━━━━━━┳━━━━━━━━━━━━━┳━━━━━━━━━━━━┳━━━━━━━━━━━━┓
┃       name       ┃    Train    ┃   Valid    ┃    Test    ┃
┡━━━━━━━━━━━━━━━━━━╇━━━━━━━━━━━━━╇━━━━━━━━━━━━╇━━━━━━━━━━━━┩
│        R2        │   0.9839    │   0.0000   │   0.8341   │
│        R         │   0.9921    │   0.0000   │   0.9164   │
│    Spearmanr     │   0.9842    │   0.0000   │   0.8469   │
│       MSE        │   0.0141    │   0.0000   │   0.1325   │
│       MAE        │   0.0748    │   0.0000   │   0.2451   │
│       RMSE       │   0.1189    │   0.0000   │   0.3640   │
└──────────────────┴─────────────┴────────────┴────────────┘
Info[iaw]:> Result, 0.9839222283329829, 0.8340599772455966, 0.9921392712134238, 0.9164297406932812, 0.9841918644735547, 0.8469063987308303, 0.014141528162903415, 0.13247337967177172, 0.07477839770977548, 0.2451217247136822, 0.11891815741468338, 0.3639689267942687
Info[iaw]:> The model will be saved as 
`/home/iaw/DATA2/AAReact/train/output/pt/ddg/hyper_seed_1_test_0-2/search_optuna/seed_12_test_0-3/xg
b_xtb.pkl`
[OK] Finished target=ddg search=optuna split=seed_12_test_0-3 model=xgb descriptor=xtb
[INFO] Train target=ddg hyper=seed_1_test_0-2 search=optuna split=seed_12_test_0-3 model=xgb descriptor=soap
                           Metric                           
┏━━━━━━━━━━━━━━━━━━┳━━━━━━━━━━━━━┳━━━━━━━━━━━━┳━━━━━━━━━━━━┓
┃       name       ┃    Train    ┃   Valid    ┃    Test    ┃
┡━━━━━━━━━━━━━━━━━━╇━━━━━━━━━━━━━╇━━━━━━━━━━━━╇━━━━━━━━━━━━┩
│        R2        │   0.4891    │   0.0000   │   0.3246   │
│        R         │   0.7028    │   0.0000   │   0.5759   │
│    Spearmanr     │   0.6277    │   0.0000   │   0.5084   │
│       MSE        │   0.4494    │   0.0000   │   0.5392   │
│       MAE        │   0.4923    │   0.0000   │   0.5493   │
│       RMSE       │   0.6704    │   0.0000   │   0.7343   │
└──────────────────┴─────────────┴────────────┴────────────┘
Info[iaw]:> Result, 0.48906647905222544, 0.32460840718389183, 0.7027757433329059, 0.5759118162701029, 0.6276739568807768, 0.5083901923101727, 0.44940187766672474, 0.5391791890656272, 0.4923052955787764, 0.5493380015309558, 0.6703744309464112, 0.734288219342805
Info[iaw]:> The model will be saved as 
`/home/iaw/DATA2/AAReact/train/output/pt/ddg/hyper_seed_1_test_0-2/search_optuna/seed_12_test_0-3/xg
b_soap.pkl`
[OK] Finished target=ddg search=optuna split=seed_12_test_0-3 model=xgb descriptor=soap
[INFO] Train target=ddg hyper=seed_1_test_0-2 search=optuna split=seed_12_test_0-3 model=xgb descriptor=acsf
                           Metric                           
┏━━━━━━━━━━━━━━━━━━┳━━━━━━━━━━━━━┳━━━━━━━━━━━━┳━━━━━━━━━━━━┓
┃       name       ┃    Train    ┃   Valid    ┃    Test    ┃
┡━━━━━━━━━━━━━━━━━━╇━━━━━━━━━━━━━╇━━━━━━━━━━━━╇━━━━━━━━━━━━┩
│        R2        │   0.9806    │   0.0000   │   0.7961   │
│        R         │   0.9905    │   0.0000   │   0.8943   │
│    Spearmanr     │   0.9811    │   0.0000   │   0.8358   │
│       MSE        │   0.0171    │   0.0000   │   0.1628   │
│       MAE        │   0.0822    │   0.0000   │   0.2632   │
│       RMSE       │   0.1306    │   0.0000   │   0.4035   │
└──────────────────┴─────────────┴────────────┴────────────┘
Info[iaw]:> Result, 0.9806105672416051, 0.79607619254886, 0.9905141144193542, 0.8942798353852076, 0.9811406532681551, 0.8358205105054752, 0.017054366431765257, 0.16279662687867916, 0.08215018915581156, 0.263239295398306, 0.13059236743303668, 0.40348064002957956
Info[iaw]:> The model will be saved as 
`/home/iaw/DATA2/AAReact/train/output/pt/ddg/hyper_seed_1_test_0-2/search_optuna/seed_12_test_0-3/xg
b_acsf.pkl`
[OK] Finished target=ddg search=optuna split=seed_12_test_0-3 model=xgb descriptor=acsf
[INFO] Train target=ddg hyper=seed_1_test_0-2 search=optuna split=seed_12_test_0-3 model=xgb descriptor=rdkit_soap
                           Metric                           
┏━━━━━━━━━━━━━━━━━━┳━━━━━━━━━━━━━┳━━━━━━━━━━━━┳━━━━━━━━━━━━┓
┃       name       ┃    Train    ┃   Valid    ┃    Test    ┃
┡━━━━━━━━━━━━━━━━━━╇━━━━━━━━━━━━━╇━━━━━━━━━━━━╇━━━━━━━━━━━━┩
│        R2        │   0.9881    │   0.0000   │   0.8832   │
│        R         │   0.9944    │   0.0000   │   0.9440   │
│    Spearmanr     │   0.9871    │   0.0000   │   0.8857   │
│       MSE        │   0.0105    │   0.0000   │   0.0932   │
│       MAE        │   0.0568    │   0.0000   │   0.1870   │
│       RMSE       │   0.1025    │   0.0000   │   0.3053   │
└──────────────────┴─────────────┴────────────┴────────────┘
Info[iaw]:> Result, 0.9880540563706942, 0.8832294959387923, 0.9943922056770879, 0.9439704700888977, 0.9871274759339993, 0.8857424772026673, 0.010507295523598324, 0.09322032781602742, 0.05675651708863199, 0.18704371447698456, 0.10250509998823631, 0.3053200416219469
Info[iaw]:> The model will be saved as 
`/home/iaw/DATA2/AAReact/train/output/pt/ddg/hyper_seed_1_test_0-2/search_optuna/seed_12_test_0-3/xg
b_rdkit_soap.pkl`
[OK] Finished target=ddg search=optuna split=seed_12_test_0-3 model=xgb descriptor=rdkit_soap
[INFO] Train target=ddg hyper=seed_1_test_0-2 search=optuna split=seed_12_test_0-3 model=xgb descriptor=soap_xtb
                           Metric                           
┏━━━━━━━━━━━━━━━━━━┳━━━━━━━━━━━━━┳━━━━━━━━━━━━┳━━━━━━━━━━━━┓
┃       name       ┃    Train    ┃   Valid    ┃    Test    ┃
┡━━━━━━━━━━━━━━━━━━╇━━━━━━━━━━━━━╇━━━━━━━━━━━━╇━━━━━━━━━━━━┩
│        R2        │   0.9919    │   0.0000   │   0.8712   │
│        R         │   0.9960    │   0.0000   │   0.9359   │
│    Spearmanr     │   0.9901    │   0.0000   │   0.8834   │
│       MSE        │   0.0072    │   0.0000   │   0.1028   │
│       MAE        │   0.0489    │   0.0000   │   0.1947   │
│       RMSE       │   0.0847    │   0.0000   │   0.3206   │
└──────────────────┴─────────────┴────────────┴────────────┘
Info[iaw]:> Result, 0.9918521659320638, 0.8712295967922803, 0.996047617757473, 0.9359235669618813, 0.9901475840690074, 0.8834466213514595, 0.0071665916972037565, 0.10280009747781425, 0.048907834137931046, 0.19470358535111223, 0.08465572453888606, 0.3206245428500667
Info[iaw]:> The model will be saved as 
`/home/iaw/DATA2/AAReact/train/output/pt/ddg/hyper_seed_1_test_0-2/search_optuna/seed_12_test_0-3/xg
b_soap_xtb.pkl`
[OK] Finished target=ddg search=optuna split=seed_12_test_0-3 model=xgb descriptor=soap_xtb
[INFO] Train target=ddg hyper=seed_1_test_0-2 search=optuna split=seed_12_test_0-3 model=xgb descriptor=rdkit_xtb
                           Metric                           
┏━━━━━━━━━━━━━━━━━━┳━━━━━━━━━━━━━┳━━━━━━━━━━━━┳━━━━━━━━━━━━┓
┃       name       ┃    Train    ┃   Valid    ┃    Test    ┃
┡━━━━━━━━━━━━━━━━━━╇━━━━━━━━━━━━━╇━━━━━━━━━━━━╇━━━━━━━━━━━━┩
│        R2        │   0.9920    │   0.0000   │   0.8393   │
│        R         │   0.9961    │   0.0000   │   0.9177   │
│    Spearmanr     │   0.9907    │   0.0000   │   0.8615   │
│       MSE        │   0.0071    │   0.0000   │   0.1283   │
│       MAE        │   0.0493    │   0.0000   │   0.2307   │
│       RMSE       │   0.0841    │   0.0000   │   0.3581   │
└──────────────────┴─────────────┴────────────┴────────────┘
Info[iaw]:> Result, 0.9919595394856443, 0.8393418716428275, 0.9960541836606946, 0.9177442543136037, 0.9906861855712856, 0.8614747649327366, 0.007072149123732941, 0.12825673325786732, 0.049339303716473805, 0.2306888142326944, 0.08409607079842044, 0.3581294923039253
Info[iaw]:> The model will be saved as 
`/home/iaw/DATA2/AAReact/train/output/pt/ddg/hyper_seed_1_test_0-2/search_optuna/seed_12_test_0-3/xg
b_rdkit_xtb.pkl`
[OK] Finished target=ddg search=optuna split=seed_12_test_0-3 model=xgb descriptor=rdkit_xtb
[INFO] Train target=ddg hyper=seed_1_test_0-2 search=optuna split=seed_12_test_0-3 model=xgb descriptor=soap_acsf
                           Metric                           
┏━━━━━━━━━━━━━━━━━━┳━━━━━━━━━━━━━┳━━━━━━━━━━━━┳━━━━━━━━━━━━┓
┃       name       ┃    Train    ┃   Valid    ┃    Test    ┃
┡━━━━━━━━━━━━━━━━━━╇━━━━━━━━━━━━━╇━━━━━━━━━━━━╇━━━━━━━━━━━━┩
│        R2        │   0.9974    │   0.0000   │   0.8886   │
│        R         │   0.9987    │   0.0000   │   0.9455   │
│    Spearmanr     │   0.9909    │   0.0000   │   0.8869   │
│       MSE        │   0.0023    │   0.0000   │   0.0889   │
│       MAE        │   0.0318    │   0.0000   │   0.1870   │
│       RMSE       │   0.0477    │   0.0000   │   0.2982   │
└──────────────────┴─────────────┴────────────┴────────────┘
Info[iaw]:> Result, 0.9974112067224484, 0.8885837369220295, 0.9987466768398, 0.9455289675078109, 0.9909407123639888, 0.8869484464278805, 0.002277025311755917, 0.08894592561423711, 0.0317551478857633, 0.18702883824072827, 0.0477181863837669, 0.2982380351568812
Info[iaw]:> The model will be saved as 
`/home/iaw/DATA2/AAReact/train/output/pt/ddg/hyper_seed_1_test_0-2/search_optuna/seed_12_test_0-3/xg
b_soap_acsf.pkl`
[OK] Finished target=ddg search=optuna split=seed_12_test_0-3 model=xgb descriptor=soap_acsf
[INFO] Train target=ddg hyper=seed_1_test_0-2 search=optuna split=seed_12_test_0-3 model=xgb descriptor=acsf_xtb
                           Metric                           
┏━━━━━━━━━━━━━━━━━━┳━━━━━━━━━━━━━┳━━━━━━━━━━━━┳━━━━━━━━━━━━┓
┃       name       ┃    Train    ┃   Valid    ┃    Test    ┃
┡━━━━━━━━━━━━━━━━━━╇━━━━━━━━━━━━━╇━━━━━━━━━━━━╇━━━━━━━━━━━━┩
│        R2        │   0.9917    │   0.0000   │   0.8584   │
│        R         │   0.9960    │   0.0000   │   0.9301   │
│    Spearmanr     │   0.9894    │   0.0000   │   0.8786   │
│       MSE        │   0.0073    │   0.0000   │   0.1130   │
│       MAE        │   0.0487    │   0.0000   │   0.2115   │
│       RMSE       │   0.0854    │   0.0000   │   0.3362   │
└──────────────────┴─────────────┴────────────┴────────────┘
Info[iaw]:> Result, 0.991700639676929, 0.8584289001670441, 0.9959939604737252, 0.9301454392940294, 0.9893855588444173, 0.8786291934838968, 0.00729986966934996, 0.113019160461841, 0.04874093732353911, 0.21151085087815605, 0.08543927474733128, 0.33618322453959687
Info[iaw]:> The model will be saved as 
`/home/iaw/DATA2/AAReact/train/output/pt/ddg/hyper_seed_1_test_0-2/search_optuna/seed_12_test_0-3/xg
b_acsf_xtb.pkl`
[OK] Finished target=ddg search=optuna split=seed_12_test_0-3 model=xgb descriptor=acsf_xtb
[INFO] Train target=ddg hyper=seed_1_test_0-2 search=optuna split=seed_12_test_0-3 model=xgb descriptor=rdkit_acsf
                           Metric                           
┏━━━━━━━━━━━━━━━━━━┳━━━━━━━━━━━━━┳━━━━━━━━━━━━┳━━━━━━━━━━━━┓
┃       name       ┃    Train    ┃   Valid    ┃    Test    ┃
┡━━━━━━━━━━━━━━━━━━╇━━━━━━━━━━━━━╇━━━━━━━━━━━━╇━━━━━━━━━━━━┩
│        R2        │   0.9904    │   0.0000   │   0.8885   │
│        R         │   0.9957    │   0.0000   │   0.9467   │
│    Spearmanr     │   0.9886    │   0.0000   │   0.9019   │
│       MSE        │   0.0085    │   0.0000   │   0.0890   │
│       MAE        │   0.0553    │   0.0000   │   0.1890   │
│       RMSE       │   0.0919    │   0.0000   │   0.2983   │
└──────────────────┴─────────────┴────────────┴────────────┘
Info[iaw]:> Result, 0.9903898599167312, 0.8885276278743344, 0.9956635950256604, 0.9466515779902986, 0.9886214600818011, 0.9018779584940217, 0.008452792429922985, 0.08899071863677, 0.055250248096491816, 0.1890261558234641, 0.09193906911603458, 0.2983131217978351
Info[iaw]:> The model will be saved as 
`/home/iaw/DATA2/AAReact/train/output/pt/ddg/hyper_seed_1_test_0-2/search_optuna/seed_12_test_0-3/xg
b_rdkit_acsf.pkl`
[OK] Finished target=ddg search=optuna split=seed_12_test_0-3 model=xgb descriptor=rdkit_acsf
[INFO] Train target=ddg hyper=seed_1_test_0-2 search=optuna split=seed_12_test_0-3 model=xgb descriptor=rdkit_soap_xtb
                           Metric                           
┏━━━━━━━━━━━━━━━━━━┳━━━━━━━━━━━━━┳━━━━━━━━━━━━┳━━━━━━━━━━━━┓
┃       name       ┃    Train    ┃   Valid    ┃    Test    ┃
┡━━━━━━━━━━━━━━━━━━╇━━━━━━━━━━━━━╇━━━━━━━━━━━━╇━━━━━━━━━━━━┩
│        R2        │   0.9986    │   0.0000   │   0.8747   │
│        R         │   0.9993    │   0.0000   │   0.9384   │
│    Spearmanr     │   0.9941    │   0.0000   │   0.8700   │
│       MSE        │   0.0012    │   0.0000   │   0.1001   │
│       MAE        │   0.0205    │   0.0000   │   0.2019   │
│       RMSE       │   0.0351    │   0.0000   │   0.3163   │
└──────────────────┴─────────────┴────────────┴────────────┘
Info[iaw]:> Result, 0.998597746919183, 0.8746696540905412, 0.9993167652990458, 0.9384484113829356, 0.9940582767862234, 0.8700455301750267, 0.0012333799636283724, 0.10005382801851906, 0.020496847752247336, 0.20190808083896328, 0.03511950972932812, 0.3163128641369476
Info[iaw]:> The model will be saved as 
`/home/iaw/DATA2/AAReact/train/output/pt/ddg/hyper_seed_1_test_0-2/search_optuna/seed_12_test_0-3/xg
b_rdkit_soap_xtb.pkl`
[OK] Finished target=ddg search=optuna split=seed_12_test_0-3 model=xgb descriptor=rdkit_soap_xtb
[INFO] Train target=ddg hyper=seed_1_test_0-2 search=optuna split=seed_12_test_0-3 model=xgb descriptor=rdkit_soap_acsf
                           Metric                           
┏━━━━━━━━━━━━━━━━━━┳━━━━━━━━━━━━━┳━━━━━━━━━━━━┳━━━━━━━━━━━━┓
┃       name       ┃    Train    ┃   Valid    ┃    Test    ┃
┡━━━━━━━━━━━━━━━━━━╇━━━━━━━━━━━━━╇━━━━━━━━━━━━╇━━━━━━━━━━━━┩
│        R2        │   0.9844    │   0.0000   │   0.8829   │
│        R         │   0.9929    │   0.0000   │   0.9436   │
│    Spearmanr     │   0.9863    │   0.0000   │   0.8855   │
│       MSE        │   0.0137    │   0.0000   │   0.0935   │
│       MAE        │   0.0648    │   0.0000   │   0.1890   │
│       RMSE       │   0.1171    │   0.0000   │   0.3057   │
└──────────────────┴─────────────┴────────────┴────────────┘
Info[iaw]:> Result, 0.9844140415148644, 0.8829323655331642, 0.9929319651099414, 0.9436170520925616, 0.9863452337136548, 0.8855425571706801, 0.01370894396488713, 0.09345753321339591, 0.06478731244329443, 0.18897759882681098, 0.1170851995979301, 0.30570824852037587
Info[iaw]:> The model will be saved as 
`/home/iaw/DATA2/AAReact/train/output/pt/ddg/hyper_seed_1_test_0-2/search_optuna/seed_12_test_0-3/xg
b_rdkit_soap_acsf.pkl`
[OK] Finished target=ddg search=optuna split=seed_12_test_0-3 model=xgb descriptor=rdkit_soap_acsf
[INFO] Train target=ddg hyper=seed_1_test_0-2 search=optuna split=seed_12_test_0-3 model=xgb descriptor=rdkit_xtb_acsf
                           Metric                           
┏━━━━━━━━━━━━━━━━━━┳━━━━━━━━━━━━━┳━━━━━━━━━━━━┳━━━━━━━━━━━━┓
┃       name       ┃    Train    ┃   Valid    ┃    Test    ┃
┡━━━━━━━━━━━━━━━━━━╇━━━━━━━━━━━━━╇━━━━━━━━━━━━╇━━━━━━━━━━━━┩
│        R2        │   0.9914    │   0.0000   │   0.8842   │
│        R         │   0.9960    │   0.0000   │   0.9436   │
│    Spearmanr     │   0.9891    │   0.0000   │   0.8887   │
│       MSE        │   0.0075    │   0.0000   │   0.0924   │
│       MAE        │   0.0467    │   0.0000   │   0.1852   │
│       RMSE       │   0.0868    │   0.0000   │   0.3040   │
└──────────────────┴─────────────┴────────────┴────────────┘
Info[iaw]:> Result, 0.9914244540550886, 0.8842330921166838, 0.995967315286571, 0.9435811728996677, 0.9891346607432597, 0.8886767873495763, 0.007542794300345748, 0.09241913606430804, 0.04674976793096004, 0.1851639690650506, 0.08684926194473819, 0.3040051579567492
Info[iaw]:> The model will be saved as 
`/home/iaw/DATA2/AAReact/train/output/pt/ddg/hyper_seed_1_test_0-2/search_optuna/seed_12_test_0-3/xg
b_rdkit_xtb_acsf.pkl`
[OK] Finished target=ddg search=optuna split=seed_12_test_0-3 model=xgb descriptor=rdkit_xtb_acsf
[INFO] Train target=ddg hyper=seed_1_test_0-2 search=optuna split=seed_12_test_0-3 model=xgb descriptor=soap_xtb_acsf
                           Metric                           
┏━━━━━━━━━━━━━━━━━━┳━━━━━━━━━━━━━┳━━━━━━━━━━━━┳━━━━━━━━━━━━┓
┃       name       ┃    Train    ┃   Valid    ┃    Test    ┃
┡━━━━━━━━━━━━━━━━━━╇━━━━━━━━━━━━━╇━━━━━━━━━━━━╇━━━━━━━━━━━━┩
│        R2        │   0.9879    │   0.0000   │   0.8512   │
│        R         │   0.9940    │   0.0000   │   0.9245   │
│    Spearmanr     │   0.9849    │   0.0000   │   0.8706   │
│       MSE        │   0.0107    │   0.0000   │   0.1188   │
│       MAE        │   0.0631    │   0.0000   │   0.2249   │
│       RMSE       │   0.1033    │   0.0000   │   0.3447   │
└──────────────────┴─────────────┴────────────┴────────────┘
Info[iaw]:> Result, 0.9878672407399367, 0.8511668506100246, 0.9940220738020863, 0.9244581579576097, 0.9848688746390748, 0.8706259431711186, 0.010671612977430993, 0.11881660602195218, 0.06308680048218347, 0.2248787008090026, 0.10330349934746157, 0.3446978474286606
Info[iaw]:> The model will be saved as 
`/home/iaw/DATA2/AAReact/train/output/pt/ddg/hyper_seed_1_test_0-2/search_optuna/seed_12_test_0-3/xg
b_soap_xtb_acsf.pkl`
[OK] Finished target=ddg search=optuna split=seed_12_test_0-3 model=xgb descriptor=soap_xtb_acsf
[INFO] Train target=ddg hyper=seed_1_test_0-2 search=optuna split=seed_12_test_0-3 model=xgb descriptor=rdkit_soap_xtb_acsf
                           Metric                           
┏━━━━━━━━━━━━━━━━━━┳━━━━━━━━━━━━━┳━━━━━━━━━━━━┳━━━━━━━━━━━━┓
┃       name       ┃    Train    ┃   Valid    ┃    Test    ┃
┡━━━━━━━━━━━━━━━━━━╇━━━━━━━━━━━━━╇━━━━━━━━━━━━╇━━━━━━━━━━━━┩
│        R2        │   0.9965    │   0.0000   │   0.8858   │
│        R         │   0.9983    │   0.0000   │   0.9437   │
│    Spearmanr     │   0.9912    │   0.0000   │   0.8856   │
│       MSE        │   0.0031    │   0.0000   │   0.0912   │
│       MAE        │   0.0336    │   0.0000   │   0.1810   │
│       RMSE       │   0.0555    │   0.0000   │   0.3020   │
└──────────────────┴─────────────┴────────────┴────────────┘
Info[iaw]:> Result, 0.996494615082588, 0.8857604436508001, 0.9983151497330415, 0.9437135312637521, 0.9912133826144204, 0.88555545523726, 0.003083231965104539, 0.09119981949249628, 0.0336245228961448, 0.18098863730123968, 0.055526858051798134, 0.3019930785506454
Info[iaw]:> The model will be saved as 
`/home/iaw/DATA2/AAReact/train/output/pt/ddg/hyper_seed_1_test_0-2/search_optuna/seed_12_test_0-3/xg
b_rdkit_soap_xtb_acsf.pkl`
[OK] Finished target=ddg search=optuna split=seed_12_test_0-3 model=xgb descriptor=rdkit_soap_xtb_acsf
[INFO] Train target=ddg hyper=seed_1_test_0-2 search=optuna split=seed_12_test_0-3 model=rf descriptor=rdkit
                           Metric                           
┏━━━━━━━━━━━━━━━━━━┳━━━━━━━━━━━━━┳━━━━━━━━━━━━┳━━━━━━━━━━━━┓
┃       name       ┃    Train    ┃   Valid    ┃    Test    ┃
┡━━━━━━━━━━━━━━━━━━╇━━━━━━━━━━━━━╇━━━━━━━━━━━━╇━━━━━━━━━━━━┩
│        R2        │   0.9259    │   0.0000   │   0.8013   │
│        R         │   0.9631    │   0.0000   │   0.8971   │
│    Spearmanr     │   0.9421    │   0.0000   │   0.8607   │
│       MSE        │   0.0652    │   0.0000   │   0.1587   │
│       MAE        │   0.1404    │   0.0000   │   0.2534   │
│       RMSE       │   0.2553    │   0.0000   │   0.3983   │
└──────────────────┴─────────────┴────────────┴────────────┘
Info[iaw]:> Result, 0.9258807072724315, 0.801255749654417, 0.9630938763392961, 0.8970587452350633, 0.9421145940790122, 0.8607202280378171, 0.0651931180035134, 0.15866167845823928, 0.1403680112746402, 0.2533547575303549, 0.25532943035128836, 0.3983235851142125
Info[iaw]:> The model will be saved as 
`/home/iaw/DATA2/AAReact/train/output/pt/ddg/hyper_seed_1_test_0-2/search_optuna/seed_12_test_0-3/rf
_rdkit.pkl`
[OK] Finished target=ddg search=optuna split=seed_12_test_0-3 model=rf descriptor=rdkit
[INFO] Train target=ddg hyper=seed_1_test_0-2 search=optuna split=seed_12_test_0-3 model=rf descriptor=xtb
                           Metric                           
┏━━━━━━━━━━━━━━━━━━┳━━━━━━━━━━━━━┳━━━━━━━━━━━━┳━━━━━━━━━━━━┓
┃       name       ┃    Train    ┃   Valid    ┃    Test    ┃
┡━━━━━━━━━━━━━━━━━━╇━━━━━━━━━━━━━╇━━━━━━━━━━━━╇━━━━━━━━━━━━┩
│        R2        │   0.9867    │   0.0000   │   0.8555   │
│        R         │   0.9936    │   0.0000   │   0.9297   │
│    Spearmanr     │   0.9883    │   0.0000   │   0.8781   │
│       MSE        │   0.0117    │   0.0000   │   0.1154   │
│       MAE        │   0.0568    │   0.0000   │   0.2168   │
│       RMSE       │   0.1081    │   0.0000   │   0.3397   │
└──────────────────┴─────────────┴────────────┴────────────┘
Info[iaw]:> Result, 0.9867168677690404, 0.8554597068239375, 0.9935960407940045, 0.9296565879280088, 0.9883228706060433, 0.8781068217874141, 0.011683446713019243, 0.11538952940919504, 0.056767407372339186, 0.21680107011487124, 0.10808999358413915, 0.3396903434146974
Info[iaw]:> The model will be saved as 
`/home/iaw/DATA2/AAReact/train/output/pt/ddg/hyper_seed_1_test_0-2/search_optuna/seed_12_test_0-3/rf
_xtb.pkl`
[OK] Finished target=ddg search=optuna split=seed_12_test_0-3 model=rf descriptor=xtb
[INFO] Train target=ddg hyper=seed_1_test_0-2 search=optuna split=seed_12_test_0-3 model=rf descriptor=soap
                           Metric                           
┏━━━━━━━━━━━━━━━━━━┳━━━━━━━━━━━━━┳━━━━━━━━━━━━┳━━━━━━━━━━━━┓
┃       name       ┃    Train    ┃   Valid    ┃    Test    ┃
┡━━━━━━━━━━━━━━━━━━╇━━━━━━━━━━━━━╇━━━━━━━━━━━━╇━━━━━━━━━━━━┩
│        R2        │   0.4446    │   0.0000   │   0.3020   │
│        R         │   0.6684    │   0.0000   │   0.5607   │
│    Spearmanr     │   0.5793    │   0.0000   │   0.4895   │
│       MSE        │   0.4885    │   0.0000   │   0.5572   │
│       MAE        │   0.4900    │   0.0000   │   0.5289   │
│       RMSE       │   0.6989    │   0.0000   │   0.7465   │
└──────────────────┴─────────────┴────────────┴────────────┘
Info[iaw]:> Result, 0.4445852196717296, 0.30203483830722877, 0.6683647768310903, 0.5606593032799666, 0.5792817264277605, 0.4895332189704763, 0.4885262660010316, 0.5572001397121807, 0.4899997058052517, 0.5289105575235751, 0.6989465401595687, 0.746458397844234
Info[iaw]:> The model will be saved as 
`/home/iaw/DATA2/AAReact/train/output/pt/ddg/hyper_seed_1_test_0-2/search_optuna/seed_12_test_0-3/rf
_soap.pkl`
[OK] Finished target=ddg search=optuna split=seed_12_test_0-3 model=rf descriptor=soap
[INFO] Train target=ddg hyper=seed_1_test_0-2 search=optuna split=seed_12_test_0-3 model=rf descriptor=acsf
                           Metric                           
┏━━━━━━━━━━━━━━━━━━┳━━━━━━━━━━━━━┳━━━━━━━━━━━━┳━━━━━━━━━━━━┓
┃       name       ┃    Train    ┃   Valid    ┃    Test    ┃
┡━━━━━━━━━━━━━━━━━━╇━━━━━━━━━━━━━╇━━━━━━━━━━━━╇━━━━━━━━━━━━┩
│        R2        │   0.9851    │   0.0000   │   0.8574   │
│        R         │   0.9927    │   0.0000   │   0.9308   │
│    Spearmanr     │   0.9844    │   0.0000   │   0.8950   │
│       MSE        │   0.0131    │   0.0000   │   0.1138   │
│       MAE        │   0.0580    │   0.0000   │   0.2126   │
│       RMSE       │   0.1145    │   0.0000   │   0.3374   │
└──────────────────┴─────────────┴────────────┴────────────┘
Info[iaw]:> Result, 0.9850979913066954, 0.8574302708430883, 0.9927062688538885, 0.9307918619123073, 0.9843935160465924, 0.8949581457739485, 0.013107362138530488, 0.1138163870705149, 0.057950243909871225, 0.21255909180658042, 0.1144873885566899, 0.33736684346644813
Info[iaw]:> The model will be saved as 
`/home/iaw/DATA2/AAReact/train/output/pt/ddg/hyper_seed_1_test_0-2/search_optuna/seed_12_test_0-3/rf
_acsf.pkl`
[OK] Finished target=ddg search=optuna split=seed_12_test_0-3 model=rf descriptor=acsf
[INFO] Train target=ddg hyper=seed_1_test_0-2 search=optuna split=seed_12_test_0-3 model=rf descriptor=rdkit_soap
                           Metric                           
┏━━━━━━━━━━━━━━━━━━┳━━━━━━━━━━━━━┳━━━━━━━━━━━━┳━━━━━━━━━━━━┓
┃       name       ┃    Train    ┃   Valid    ┃    Test    ┃
┡━━━━━━━━━━━━━━━━━━╇━━━━━━━━━━━━━╇━━━━━━━━━━━━╇━━━━━━━━━━━━┩
│        R2        │   0.9767    │   0.0000   │   0.8780   │
│        R         │   0.9884    │   0.0000   │   0.9387   │
│    Spearmanr     │   0.9794    │   0.0000   │   0.9070   │
│       MSE        │   0.0205    │   0.0000   │   0.0974   │
│       MAE        │   0.0737    │   0.0000   │   0.1880   │
│       RMSE       │   0.1430    │   0.0000   │   0.3120   │
└──────────────────┴─────────────┴────────────┴────────────┘
Info[iaw]:> Result, 0.976749666801256, 0.8780263157086727, 0.9884191862328972, 0.938712168681946, 0.9794025100177806, 0.9070307360926597, 0.020450299241494843, 0.09737413506929896, 0.07365978328858516, 0.18800262623930933, 0.14300454273027427, 0.3120482896432841
Info[iaw]:> The model will be saved as 
`/home/iaw/DATA2/AAReact/train/output/pt/ddg/hyper_seed_1_test_0-2/search_optuna/seed_12_test_0-3/rf
_rdkit_soap.pkl`
[OK] Finished target=ddg search=optuna split=seed_12_test_0-3 model=rf descriptor=rdkit_soap
[INFO] Train target=ddg hyper=seed_1_test_0-2 search=optuna split=seed_12_test_0-3 model=rf descriptor=soap_xtb
                           Metric                           
┏━━━━━━━━━━━━━━━━━━┳━━━━━━━━━━━━━┳━━━━━━━━━━━━┳━━━━━━━━━━━━┓
┃       name       ┃    Train    ┃   Valid    ┃    Test    ┃
┡━━━━━━━━━━━━━━━━━━╇━━━━━━━━━━━━━╇━━━━━━━━━━━━╇━━━━━━━━━━━━┩
│        R2        │   0.9887    │   0.0000   │   0.8540   │
│        R         │   0.9945    │   0.0000   │   0.9272   │
│    Spearmanr     │   0.9889    │   0.0000   │   0.8806   │
│       MSE        │   0.0099    │   0.0000   │   0.1165   │
│       MAE        │   0.0493    │   0.0000   │   0.2050   │
│       RMSE       │   0.0995    │   0.0000   │   0.3414   │
└──────────────────┴─────────────┴────────────┴────────────┘
Info[iaw]:> Result, 0.9887365096408605, 0.854036596291077, 0.9945161402500541, 0.9271515781039584, 0.9889174576350263, 0.8806348428370587, 0.00990702999303848, 0.11652562821649455, 0.049319598626303994, 0.20500519776633622, 0.09953406448567485, 0.3413585039463563
Info[iaw]:> The model will be saved as 
`/home/iaw/DATA2/AAReact/train/output/pt/ddg/hyper_seed_1_test_0-2/search_optuna/seed_12_test_0-3/rf
_soap_xtb.pkl`
[OK] Finished target=ddg search=optuna split=seed_12_test_0-3 model=rf descriptor=soap_xtb
[INFO] Train target=ddg hyper=seed_1_test_0-2 search=optuna split=seed_12_test_0-3 model=rf descriptor=rdkit_xtb
                           Metric                           
┏━━━━━━━━━━━━━━━━━━┳━━━━━━━━━━━━━┳━━━━━━━━━━━━┳━━━━━━━━━━━━┓
┃       name       ┃    Train    ┃   Valid    ┃    Test    ┃
┡━━━━━━━━━━━━━━━━━━╇━━━━━━━━━━━━━╇━━━━━━━━━━━━╇━━━━━━━━━━━━┩
│        R2        │   0.9712    │   0.0000   │   0.8750   │
│        R         │   0.9858    │   0.0000   │   0.9369   │
│    Spearmanr     │   0.9713    │   0.0000   │   0.8878   │
│       MSE        │   0.0253    │   0.0000   │   0.0998   │
│       MAE        │   0.0944    │   0.0000   │   0.1968   │
│       RMSE       │   0.1591    │   0.0000   │   0.3159   │
└──────────────────┴─────────────┴────────────┴────────────┘
Info[iaw]:> Result, 0.9712211156867722, 0.874999584838928, 0.9857572296907444, 0.9368750488188151, 0.9713437044793605, 0.8877997188221486, 0.02531304781789808, 0.09979043742370683, 0.09440834032358277, 0.19683681279521276, 0.15910074738321653, 0.3158962447128912
Info[iaw]:> The model will be saved as 
`/home/iaw/DATA2/AAReact/train/output/pt/ddg/hyper_seed_1_test_0-2/search_optuna/seed_12_test_0-3/rf
_rdkit_xtb.pkl`
[OK] Finished target=ddg search=optuna split=seed_12_test_0-3 model=rf descriptor=rdkit_xtb
[INFO] Train target=ddg hyper=seed_1_test_0-2 search=optuna split=seed_12_test_0-3 model=rf descriptor=soap_acsf
                           Metric                           
┏━━━━━━━━━━━━━━━━━━┳━━━━━━━━━━━━━┳━━━━━━━━━━━━┳━━━━━━━━━━━━┓
┃       name       ┃    Train    ┃   Valid    ┃    Test    ┃
┡━━━━━━━━━━━━━━━━━━╇━━━━━━━━━━━━━╇━━━━━━━━━━━━╇━━━━━━━━━━━━┩
│        R2        │   0.9862    │   0.0000   │   0.8123   │
│        R         │   0.9932    │   0.0000   │   0.9033   │
│    Spearmanr     │   0.9848    │   0.0000   │   0.8726   │
│       MSE        │   0.0121    │   0.0000   │   0.1499   │
│       MAE        │   0.0562    │   0.0000   │   0.2148   │
│       RMSE       │   0.1100    │   0.0000   │   0.3871   │
└──────────────────┴─────────────┴────────────┴────────────┘
Info[iaw]:> Result, 0.9862334495564686, 0.8122687967474489, 0.9932288845603366, 0.9033446015370987, 0.9847548300476395, 0.8726122454244108, 0.012108646946554634, 0.1498697333645738, 0.05617560816248401, 0.2148059461677575, 0.11003929728308262, 0.3871301245893605
Info[iaw]:> The model will be saved as 
`/home/iaw/DATA2/AAReact/train/output/pt/ddg/hyper_seed_1_test_0-2/search_optuna/seed_12_test_0-3/rf
_soap_acsf.pkl`
[OK] Finished target=ddg search=optuna split=seed_12_test_0-3 model=rf descriptor=soap_acsf
[INFO] Train target=ddg hyper=seed_1_test_0-2 search=optuna split=seed_12_test_0-3 model=rf descriptor=acsf_xtb
                           Metric                           
┏━━━━━━━━━━━━━━━━━━┳━━━━━━━━━━━━━┳━━━━━━━━━━━━┳━━━━━━━━━━━━┓
┃       name       ┃    Train    ┃   Valid    ┃    Test    ┃
┡━━━━━━━━━━━━━━━━━━╇━━━━━━━━━━━━━╇━━━━━━━━━━━━╇━━━━━━━━━━━━┩
│        R2        │   0.9716    │   0.0000   │   0.8215   │
│        R         │   0.9898    │   0.0000   │   0.9241   │
│    Spearmanr     │   0.9776    │   0.0000   │   0.8604   │
│       MSE        │   0.0249    │   0.0000   │   0.1425   │
│       MAE        │   0.1064    │   0.0000   │   0.2663   │
│       RMSE       │   0.1579    │   0.0000   │   0.3775   │
└──────────────────┴─────────────┴────────────┴────────────┘
Info[iaw]:> Result, 0.9716499623288687, 0.8215255911924146, 0.9897507040077205, 0.9241004403578232, 0.9776109731632341, 0.8603526331402923, 0.02493584710921932, 0.14247984137410194, 0.1064437774742573, 0.266335626727859, 0.1579108834413237, 0.37746502006689564
Info[iaw]:> The model will be saved as 
`/home/iaw/DATA2/AAReact/train/output/pt/ddg/hyper_seed_1_test_0-2/search_optuna/seed_12_test_0-3/rf
_acsf_xtb.pkl`
[OK] Finished target=ddg search=optuna split=seed_12_test_0-3 model=rf descriptor=acsf_xtb
[INFO] Train target=ddg hyper=seed_1_test_0-2 search=optuna split=seed_12_test_0-3 model=rf descriptor=rdkit_acsf
                           Metric                           
┏━━━━━━━━━━━━━━━━━━┳━━━━━━━━━━━━━┳━━━━━━━━━━━━┳━━━━━━━━━━━━┓
┃       name       ┃    Train    ┃   Valid    ┃    Test    ┃
┡━━━━━━━━━━━━━━━━━━╇━━━━━━━━━━━━━╇━━━━━━━━━━━━╇━━━━━━━━━━━━┩
│        R2        │   0.9760    │   0.0000   │   0.8779   │
│        R         │   0.9881    │   0.0000   │   0.9383   │
│    Spearmanr     │   0.9739    │   0.0000   │   0.8932   │
│       MSE        │   0.0211    │   0.0000   │   0.0975   │
│       MAE        │   0.0871    │   0.0000   │   0.1873   │
│       RMSE       │   0.1451    │   0.0000   │   0.3122   │
└──────────────────┴─────────────┴────────────┴────────────┘
Info[iaw]:> Result, 0.9760468905182302, 0.8779235471811637, 0.9881161036617336, 0.9383075642845804, 0.9738946746359645, 0.8932298048522527, 0.02106844028768328, 0.09745617732732101, 0.0871150453539407, 0.18728038932240715, 0.14514971680193964, 0.3121797195964546
Info[iaw]:> The model will be saved as 
`/home/iaw/DATA2/AAReact/train/output/pt/ddg/hyper_seed_1_test_0-2/search_optuna/seed_12_test_0-3/rf
_rdkit_acsf.pkl`
[OK] Finished target=ddg search=optuna split=seed_12_test_0-3 model=rf descriptor=rdkit_acsf
[INFO] Train target=ddg hyper=seed_1_test_0-2 search=optuna split=seed_12_test_0-3 model=rf descriptor=rdkit_soap_xtb
                           Metric                           
┏━━━━━━━━━━━━━━━━━━┳━━━━━━━━━━━━━┳━━━━━━━━━━━━┳━━━━━━━━━━━━┓
┃       name       ┃    Train    ┃   Valid    ┃    Test    ┃
┡━━━━━━━━━━━━━━━━━━╇━━━━━━━━━━━━━╇━━━━━━━━━━━━╇━━━━━━━━━━━━┩
│        R2        │   0.9638    │   0.0000   │   0.8328   │
│        R         │   0.9849    │   0.0000   │   0.9238   │
│    Spearmanr     │   0.9741    │   0.0000   │   0.8608   │
│       MSE        │   0.0318    │   0.0000   │   0.1335   │
│       MAE        │   0.1138    │   0.0000   │   0.2465   │
│       RMSE       │   0.1783    │   0.0000   │   0.3654   │
└──────────────────┴─────────────┴────────────┴────────────┘
Info[iaw]:> Result, 0.9638393104238427, 0.8327631387489117, 0.9849184909223782, 0.9238118897748765, 0.9740999549005479, 0.8607589222375566, 0.03180586343817069, 0.13350867288008092, 0.11376845398611249, 0.2464984816590681, 0.17834198450777286, 0.36538838635085397
Info[iaw]:> The model will be saved as 
`/home/iaw/DATA2/AAReact/train/output/pt/ddg/hyper_seed_1_test_0-2/search_optuna/seed_12_test_0-3/rf
_rdkit_soap_xtb.pkl`
[OK] Finished target=ddg search=optuna split=seed_12_test_0-3 model=rf descriptor=rdkit_soap_xtb
[INFO] Train target=ddg hyper=seed_1_test_0-2 search=optuna split=seed_12_test_0-3 model=rf descriptor=rdkit_soap_acsf
                           Metric                           
┏━━━━━━━━━━━━━━━━━━┳━━━━━━━━━━━━━┳━━━━━━━━━━━━┳━━━━━━━━━━━━┓
┃       name       ┃    Train    ┃   Valid    ┃    Test    ┃
┡━━━━━━━━━━━━━━━━━━╇━━━━━━━━━━━━━╇━━━━━━━━━━━━╇━━━━━━━━━━━━┩
│        R2        │   0.9715    │   0.0000   │   0.8264   │
│        R         │   0.9887    │   0.0000   │   0.9208   │
│    Spearmanr     │   0.9767    │   0.0000   │   0.8586   │
│       MSE        │   0.0251    │   0.0000   │   0.1386   │
│       MAE        │   0.1021    │   0.0000   │   0.2514   │
│       RMSE       │   0.1584    │   0.0000   │   0.3722   │
└──────────────────┴─────────────┴────────────┴────────────┘
Info[iaw]:> Result, 0.9714712233126691, 0.8264274919155136, 0.9886804103291171, 0.9208319235648854, 0.976664921438828, 0.8585920470521469, 0.0250930606139104, 0.13856655183234076, 0.10212549556859066, 0.2514001956151083, 0.15840789315532985, 0.372245284499805
Info[iaw]:> The model will be saved as 
`/home/iaw/DATA2/AAReact/train/output/pt/ddg/hyper_seed_1_test_0-2/search_optuna/seed_12_test_0-3/rf
_rdkit_soap_acsf.pkl`
[OK] Finished target=ddg search=optuna split=seed_12_test_0-3 model=rf descriptor=rdkit_soap_acsf
[INFO] Train target=ddg hyper=seed_1_test_0-2 search=optuna split=seed_12_test_0-3 model=rf descriptor=rdkit_xtb_acsf
                           Metric                           
┏━━━━━━━━━━━━━━━━━━┳━━━━━━━━━━━━━┳━━━━━━━━━━━━┳━━━━━━━━━━━━┓
┃       name       ┃    Train    ┃   Valid    ┃    Test    ┃
┡━━━━━━━━━━━━━━━━━━╇━━━━━━━━━━━━━╇━━━━━━━━━━━━╇━━━━━━━━━━━━┩
│        R2        │   0.9725    │   0.0000   │   0.8294   │
│        R         │   0.9892    │   0.0000   │   0.9249   │
│    Spearmanr     │   0.9744    │   0.0000   │   0.8599   │
│       MSE        │   0.0242    │   0.0000   │   0.1362   │
│       MAE        │   0.1037    │   0.0000   │   0.2482   │
│       RMSE       │   0.1555    │   0.0000   │   0.3691   │
└──────────────────┴─────────────┴────────────┴────────────┘
Info[iaw]:> Result, 0.972520287863437, 0.8293750039457475, 0.9891699365484229, 0.9248574879839738, 0.974384029610123, 0.8598560575769693, 0.02417033474140523, 0.13621349152906365, 0.10369249199236545, 0.24817276309724887, 0.15546811487055867, 0.3690711198794396
Info[iaw]:> The model will be saved as 
`/home/iaw/DATA2/AAReact/train/output/pt/ddg/hyper_seed_1_test_0-2/search_optuna/seed_12_test_0-3/rf
_rdkit_xtb_acsf.pkl`
[OK] Finished target=ddg search=optuna split=seed_12_test_0-3 model=rf descriptor=rdkit_xtb_acsf
[INFO] Train target=ddg hyper=seed_1_test_0-2 search=optuna split=seed_12_test_0-3 model=rf descriptor=soap_xtb_acsf
                           Metric                           
┏━━━━━━━━━━━━━━━━━━┳━━━━━━━━━━━━━┳━━━━━━━━━━━━┳━━━━━━━━━━━━┓
┃       name       ┃    Train    ┃   Valid    ┃    Test    ┃
┡━━━━━━━━━━━━━━━━━━╇━━━━━━━━━━━━━╇━━━━━━━━━━━━╇━━━━━━━━━━━━┩
│        R2        │   0.9741    │   0.0000   │   0.8260   │
│        R         │   0.9895    │   0.0000   │   0.9182   │
│    Spearmanr     │   0.9786    │   0.0000   │   0.8421   │
│       MSE        │   0.0228    │   0.0000   │   0.1389   │
│       MAE        │   0.0952    │   0.0000   │   0.2478   │
│       RMSE       │   0.1511    │   0.0000   │   0.3727   │
└──────────────────┴─────────────┴────────────┴────────────┘
Info[iaw]:> Result, 0.9740524106791925, 0.8259736774760927, 0.9895305532570862, 0.9182263826016022, 0.9785642822707314, 0.8420631747301079, 0.022822725234518147, 0.1389288413604247, 0.09519586308324993, 0.24782670945992152, 0.15107192073485445, 0.3727315942611046
Info[iaw]:> The model will be saved as 
`/home/iaw/DATA2/AAReact/train/output/pt/ddg/hyper_seed_1_test_0-2/search_optuna/seed_12_test_0-3/rf
_soap_xtb_acsf.pkl`
[OK] Finished target=ddg search=optuna split=seed_12_test_0-3 model=rf descriptor=soap_xtb_acsf
[INFO] Train target=ddg hyper=seed_1_test_0-2 search=optuna split=seed_12_test_0-3 model=rf descriptor=rdkit_soap_xtb_acsf
                           Metric                           
┏━━━━━━━━━━━━━━━━━━┳━━━━━━━━━━━━━┳━━━━━━━━━━━━┳━━━━━━━━━━━━┓
┃       name       ┃    Train    ┃   Valid    ┃    Test    ┃
┡━━━━━━━━━━━━━━━━━━╇━━━━━━━━━━━━━╇━━━━━━━━━━━━╇━━━━━━━━━━━━┩
│        R2        │   0.9644    │   0.0000   │   0.8258   │
│        R         │   0.9850    │   0.0000   │   0.9203   │
│    Spearmanr     │   0.9691    │   0.0000   │   0.8524   │
│       MSE        │   0.0313    │   0.0000   │   0.1391   │
│       MAE        │   0.1140    │   0.0000   │   0.2525   │
│       RMSE       │   0.1768    │   0.0000   │   0.3729   │
└──────────────────┴─────────────┴────────────┴────────────┘
Info[iaw]:> Result, 0.9644471647088259, 0.8257843014957299, 0.9850222309349624, 0.920346961013621, 0.9691410887111406, 0.8523880770272536, 0.03127121294878323, 0.13908002415364662, 0.11398263723362846, 0.2524699740127191, 0.17683668439773245, 0.37293434295281336
Info[iaw]:> The model will be saved as 
`/home/iaw/DATA2/AAReact/train/output/pt/ddg/hyper_seed_1_test_0-2/search_optuna/seed_12_test_0-3/rf
_rdkit_soap_xtb_acsf.pkl`
[OK] Finished target=ddg search=optuna split=seed_12_test_0-3 model=rf descriptor=rdkit_soap_xtb_acsf
[INFO] Train target=ddg hyper=seed_1_test_0-2 search=optuna split=seed_42_test_0-15 model=lgb descriptor=rdkit
                           Metric                           
┏━━━━━━━━━━━━━━━━━━┳━━━━━━━━━━━━━┳━━━━━━━━━━━━┳━━━━━━━━━━━━┓
┃       name       ┃    Train    ┃   Valid    ┃    Test    ┃
┡━━━━━━━━━━━━━━━━━━╇━━━━━━━━━━━━━╇━━━━━━━━━━━━╇━━━━━━━━━━━━┩
│        R2        │   0.9645    │   0.0000   │   0.7676   │
│        R         │   0.9826    │   0.0000   │   0.8779   │
│    Spearmanr     │   0.9675    │   0.0000   │   0.8671   │
│       MSE        │   0.0314    │   0.0000   │   0.1554   │
│       MAE        │   0.0912    │   0.0000   │   0.2275   │
│       RMSE       │   0.1771    │   0.0000   │   0.3942   │
└──────────────────┴─────────────┴────────────┴────────────┘
Info[iaw]:> Result, 0.9645038299715246, 0.7676357687498754, 0.9826346581814525, 0.8779003650292508, 0.9675379314890206, 0.8670897232504847, 0.0313776988314227, 0.15541216044612105, 0.09118752212263163, 0.2274880574544378, 0.17713751390211702, 0.39422349047985594
Info[iaw]:> The model will be saved as 
`/home/iaw/DATA2/AAReact/train/output/pt/ddg/hyper_seed_1_test_0-2/search_optuna/seed_42_test_0-15/l
gb_rdkit.pkl`
[OK] Finished target=ddg search=optuna split=seed_42_test_0-15 model=lgb descriptor=rdkit
[INFO] Train target=ddg hyper=seed_1_test_0-2 search=optuna split=seed_42_test_0-15 model=lgb descriptor=xtb
                           Metric                           
┏━━━━━━━━━━━━━━━━━━┳━━━━━━━━━━━━━┳━━━━━━━━━━━━┳━━━━━━━━━━━━┓
┃       name       ┃    Train    ┃   Valid    ┃    Test    ┃
┡━━━━━━━━━━━━━━━━━━╇━━━━━━━━━━━━━╇━━━━━━━━━━━━╇━━━━━━━━━━━━┩
│        R2        │   0.9790    │   0.0000   │   0.9002   │
│        R         │   0.9896    │   0.0000   │   0.9488   │
│    Spearmanr     │   0.9700    │   0.0000   │   0.9386   │
│       MSE        │   0.0185    │   0.0000   │   0.0667   │
│       MAE        │   0.0914    │   0.0000   │   0.1798   │
│       RMSE       │   0.1362    │   0.0000   │   0.2583   │
└──────────────────┴─────────────┴────────────┴────────────┘
Info[iaw]:> Result, 0.9790176586978674, 0.9002292525628037, 0.9896210195713426, 0.9488383153580399, 0.9699833346973629, 0.9385560675883257, 0.018547848560232876, 0.06672966542706922, 0.09143578156047283, 0.17981591520005497, 0.1361904863058829, 0.25832085751458245
Info[iaw]:> The model will be saved as 
`/home/iaw/DATA2/AAReact/train/output/pt/ddg/hyper_seed_1_test_0-2/search_optuna/seed_42_test_0-15/l
gb_xtb.pkl`
[OK] Finished target=ddg search=optuna split=seed_42_test_0-15 model=lgb descriptor=xtb
[INFO] Train target=ddg hyper=seed_1_test_0-2 search=optuna split=seed_42_test_0-15 model=lgb descriptor=soap
                           Metric                           
┏━━━━━━━━━━━━━━━━━━┳━━━━━━━━━━━━━┳━━━━━━━━━━━━┳━━━━━━━━━━━━┓
┃       name       ┃    Train    ┃   Valid    ┃    Test    ┃
┡━━━━━━━━━━━━━━━━━━╇━━━━━━━━━━━━━╇━━━━━━━━━━━━╇━━━━━━━━━━━━┩
│        R2        │   0.5133    │   0.0000   │   0.0994   │
│        R         │   0.7189    │   0.0000   │   0.4272   │
│    Spearmanr     │   0.6400    │   0.0000   │   0.4487   │
│       MSE        │   0.4302    │   0.0000   │   0.6023   │
│       MAE        │   0.4805    │   0.0000   │   0.5906   │
│       RMSE       │   0.6559    │   0.0000   │   0.7761   │
└──────────────────┴─────────────┴────────────┴────────────┘
Info[iaw]:> Result, 0.513341697699075, 0.09944019771274137, 0.7189054957295552, 0.4271767004574266, 0.6399547190473328, 0.44866661630278765, 0.43019338793903533, 0.6023213802374732, 0.48046513902607374, 0.5905619821864441, 0.655891292775743, 0.7760936671803689
Info[iaw]:> The model will be saved as 
`/home/iaw/DATA2/AAReact/train/output/pt/ddg/hyper_seed_1_test_0-2/search_optuna/seed_42_test_0-15/l
gb_soap.pkl`
[OK] Finished target=ddg search=optuna split=seed_42_test_0-15 model=lgb descriptor=soap
[INFO] Train target=ddg hyper=seed_1_test_0-2 search=optuna split=seed_42_test_0-15 model=lgb descriptor=acsf
                           Metric                           
┏━━━━━━━━━━━━━━━━━━┳━━━━━━━━━━━━━┳━━━━━━━━━━━━┳━━━━━━━━━━━━┓
┃       name       ┃    Train    ┃   Valid    ┃    Test    ┃
┡━━━━━━━━━━━━━━━━━━╇━━━━━━━━━━━━━╇━━━━━━━━━━━━╇━━━━━━━━━━━━┩
│        R2        │   0.9888    │   0.0000   │   0.8637   │
│        R         │   0.9945    │   0.0000   │   0.9295   │
│    Spearmanr     │   0.9846    │   0.0000   │   0.8894   │
│       MSE        │   0.0099    │   0.0000   │   0.0912   │
│       MAE        │   0.0630    │   0.0000   │   0.2072   │
│       RMSE       │   0.0996    │   0.0000   │   0.3020   │
└──────────────────┴─────────────┴────────────┴────────────┘
Info[iaw]:> Result, 0.98878491750817, 0.8636675484038969, 0.9944960619515891, 0.9295002220280342, 0.9846259142921086, 0.8894009216589862, 0.009913843677103849, 0.09118322870725926, 0.06302964275696271, 0.20716699164902128, 0.09956828650280093, 0.3019656084842432
Info[iaw]:> The model will be saved as 
`/home/iaw/DATA2/AAReact/train/output/pt/ddg/hyper_seed_1_test_0-2/search_optuna/seed_42_test_0-15/l
gb_acsf.pkl`
[OK] Finished target=ddg search=optuna split=seed_42_test_0-15 model=lgb descriptor=acsf
[INFO] Train target=ddg hyper=seed_1_test_0-2 search=optuna split=seed_42_test_0-15 model=lgb descriptor=rdkit_soap
                           Metric                           
┏━━━━━━━━━━━━━━━━━━┳━━━━━━━━━━━━━┳━━━━━━━━━━━━┳━━━━━━━━━━━━┓
┃       name       ┃    Train    ┃   Valid    ┃    Test    ┃
┡━━━━━━━━━━━━━━━━━━╇━━━━━━━━━━━━━╇━━━━━━━━━━━━╇━━━━━━━━━━━━┩
│        R2        │   0.9892    │   0.0000   │   0.8672   │
│        R         │   0.9947    │   0.0000   │   0.9316   │
│    Spearmanr     │   0.9841    │   0.0000   │   0.9071   │
│       MSE        │   0.0096    │   0.0000   │   0.0888   │
│       MAE        │   0.0590    │   0.0000   │   0.1898   │
│       RMSE       │   0.0978    │   0.0000   │   0.2980   │
└──────────────────┴─────────────┴────────────┴────────────┘
Info[iaw]:> Result, 0.9891688275039582, 0.8672345021848687, 0.9947425261430922, 0.9315942914484114, 0.9840734461108137, 0.9070786431970991, 0.009574477142163541, 0.08879754313797054, 0.058965845565259106, 0.1898223843136438, 0.09784925723869109, 0.29798916614194304
Info[iaw]:> The model will be saved as 
`/home/iaw/DATA2/AAReact/train/output/pt/ddg/hyper_seed_1_test_0-2/search_optuna/seed_42_test_0-15/l
gb_rdkit_soap.pkl`
[OK] Finished target=ddg search=optuna split=seed_42_test_0-15 model=lgb descriptor=rdkit_soap
[INFO] Train target=ddg hyper=seed_1_test_0-2 search=optuna split=seed_42_test_0-15 model=lgb descriptor=soap_xtb
                           Metric                           
┏━━━━━━━━━━━━━━━━━━┳━━━━━━━━━━━━━┳━━━━━━━━━━━━┳━━━━━━━━━━━━┓
┃       name       ┃    Train    ┃   Valid    ┃    Test    ┃
┡━━━━━━━━━━━━━━━━━━╇━━━━━━━━━━━━━╇━━━━━━━━━━━━╇━━━━━━━━━━━━┩
│        R2        │   0.9984    │   0.0000   │   0.8813   │
│        R         │   0.9992    │   0.0000   │   0.9390   │
│    Spearmanr     │   0.9926    │   0.0000   │   0.9206   │
│       MSE        │   0.0014    │   0.0000   │   0.0794   │
│       MAE        │   0.0249    │   0.0000   │   0.1886   │
│       RMSE       │   0.0377    │   0.0000   │   0.2818   │
└──────────────────┴─────────────┴────────────┴────────────┘
Info[iaw]:> Result, 0.9983922504532894, 0.8812819646463815, 0.9992024331586596, 0.9390267134247243, 0.9926385860059259, 0.9206265266550829, 0.001421209134184665, 0.07940217932408186, 0.024855637960629614, 0.18858413088273152, 0.03769892749382488, 0.28178392311145406
Info[iaw]:> The model will be saved as 
`/home/iaw/DATA2/AAReact/train/output/pt/ddg/hyper_seed_1_test_0-2/search_optuna/seed_42_test_0-15/l
gb_soap_xtb.pkl`
[OK] Finished target=ddg search=optuna split=seed_42_test_0-15 model=lgb descriptor=soap_xtb
[INFO] Train target=ddg hyper=seed_1_test_0-2 search=optuna split=seed_42_test_0-15 model=lgb descriptor=rdkit_xtb
                           Metric                           
┏━━━━━━━━━━━━━━━━━━┳━━━━━━━━━━━━━┳━━━━━━━━━━━━┳━━━━━━━━━━━━┓
┃       name       ┃    Train    ┃   Valid    ┃    Test    ┃
┡━━━━━━━━━━━━━━━━━━╇━━━━━━━━━━━━━╇━━━━━━━━━━━━╇━━━━━━━━━━━━┩
│        R2        │   0.9844    │   0.0000   │   0.8850   │
│        R         │   0.9924    │   0.0000   │   0.9408   │
│    Spearmanr     │   0.9779    │   0.0000   │   0.9169   │
│       MSE        │   0.0138    │   0.0000   │   0.0769   │
│       MAE        │   0.0745    │   0.0000   │   0.1847   │
│       RMSE       │   0.1176    │   0.0000   │   0.2774   │
└──────────────────┴─────────────┴────────────┴────────────┘
Info[iaw]:> Result, 0.9843525912089934, 0.8849572425898917, 0.9924274968946962, 0.9407561264676082, 0.9778578169395088, 0.9168995996071617, 0.013831905812443703, 0.07694404330905101, 0.07446386680332454, 0.18466544917960512, 0.1176091229983614, 0.2773878932272478
Info[iaw]:> The model will be saved as 
`/home/iaw/DATA2/AAReact/train/output/pt/ddg/hyper_seed_1_test_0-2/search_optuna/seed_42_test_0-15/l
gb_rdkit_xtb.pkl`
[OK] Finished target=ddg search=optuna split=seed_42_test_0-15 model=lgb descriptor=rdkit_xtb
[INFO] Train target=ddg hyper=seed_1_test_0-2 search=optuna split=seed_42_test_0-15 model=lgb descriptor=soap_acsf
                           Metric                           
┏━━━━━━━━━━━━━━━━━━┳━━━━━━━━━━━━━┳━━━━━━━━━━━━┳━━━━━━━━━━━━┓
┃       name       ┃    Train    ┃   Valid    ┃    Test    ┃
┡━━━━━━━━━━━━━━━━━━╇━━━━━━━━━━━━━╇━━━━━━━━━━━━╇━━━━━━━━━━━━┩
│        R2        │   0.9923    │   0.0000   │   0.8986   │
│        R         │   0.9963    │   0.0000   │   0.9482   │
│    Spearmanr     │   0.9864    │   0.0000   │   0.9151   │
│       MSE        │   0.0068    │   0.0000   │   0.0678   │
│       MAE        │   0.0522    │   0.0000   │   0.1697   │
│       RMSE       │   0.0823    │   0.0000   │   0.2604   │
└──────────────────┴─────────────┴────────────┴────────────┘
Info[iaw]:> Result, 0.9923440173943134, 0.8985835247897054, 0.9962516656225013, 0.9481990835771946, 0.9864107892081845, 0.915136863841253, 0.006767691169698853, 0.06783037747447589, 0.05219143361948459, 0.16973259668381244, 0.08226597820301448, 0.2604426567873932
Info[iaw]:> The model will be saved as 
`/home/iaw/DATA2/AAReact/train/output/pt/ddg/hyper_seed_1_test_0-2/search_optuna/seed_42_test_0-15/l
gb_soap_acsf.pkl`
[OK] Finished target=ddg search=optuna split=seed_42_test_0-15 model=lgb descriptor=soap_acsf
[INFO] Train target=ddg hyper=seed_1_test_0-2 search=optuna split=seed_42_test_0-15 model=lgb descriptor=acsf_xtb
                           Metric                           
┏━━━━━━━━━━━━━━━━━━┳━━━━━━━━━━━━━┳━━━━━━━━━━━━┳━━━━━━━━━━━━┓
┃       name       ┃    Train    ┃   Valid    ┃    Test    ┃
┡━━━━━━━━━━━━━━━━━━╇━━━━━━━━━━━━━╇━━━━━━━━━━━━╇━━━━━━━━━━━━┩
│        R2        │   0.9874    │   0.0000   │   0.8581   │
│        R         │   0.9938    │   0.0000   │   0.9266   │
│    Spearmanr     │   0.9820    │   0.0000   │   0.8997   │
│       MSE        │   0.0112    │   0.0000   │   0.0949   │
│       MAE        │   0.0706    │   0.0000   │   0.2000   │
│       RMSE       │   0.1057    │   0.0000   │   0.3081   │
└──────────────────┴─────────────┴────────────┴────────────┘
Info[iaw]:> Result, 0.9873643324132695, 0.8580620364756559, 0.9937675656937882, 0.9265884103251013, 0.9820063981435678, 0.8997255168593085, 0.011169604263004725, 0.09493236304901036, 0.07055055282524257, 0.19998046092271518, 0.10568634851769988, 0.30811095898882007
Info[iaw]:> The model will be saved as 
`/home/iaw/DATA2/AAReact/train/output/pt/ddg/hyper_seed_1_test_0-2/search_optuna/seed_42_test_0-15/l
gb_acsf_xtb.pkl`
[OK] Finished target=ddg search=optuna split=seed_42_test_0-15 model=lgb descriptor=acsf_xtb
[INFO] Train target=ddg hyper=seed_1_test_0-2 search=optuna split=seed_42_test_0-15 model=lgb descriptor=rdkit_acsf
                           Metric                           
┏━━━━━━━━━━━━━━━━━━┳━━━━━━━━━━━━━┳━━━━━━━━━━━━┳━━━━━━━━━━━━┓
┃       name       ┃    Train    ┃   Valid    ┃    Test    ┃
┡━━━━━━━━━━━━━━━━━━╇━━━━━━━━━━━━━╇━━━━━━━━━━━━╇━━━━━━━━━━━━┩
│        R2        │   0.9648    │   0.0000   │   0.8249   │
│        R         │   0.9834    │   0.0000   │   0.9084   │
│    Spearmanr     │   0.9655    │   0.0000   │   0.8919   │
│       MSE        │   0.0311    │   0.0000   │   0.1171   │
│       MAE        │   0.1065    │   0.0000   │   0.2246   │
│       RMSE       │   0.1764    │   0.0000   │   0.3422   │
└──────────────────┴─────────────┴────────────┴────────────┘
Info[iaw]:> Result, 0.9647934642127268, 0.8248925649303086, 0.9834009333518112, 0.9084090818894293, 0.965524189313782, 0.8919191156102843, 0.031121669632091616, 0.11711709951204034, 0.10654255126038895, 0.22456517427622652, 0.1764133487922374, 0.34222375649863984
Info[iaw]:> The model will be saved as 
`/home/iaw/DATA2/AAReact/train/output/pt/ddg/hyper_seed_1_test_0-2/search_optuna/seed_42_test_0-15/l
gb_rdkit_acsf.pkl`
[OK] Finished target=ddg search=optuna split=seed_42_test_0-15 model=lgb descriptor=rdkit_acsf
[INFO] Train target=ddg hyper=seed_1_test_0-2 search=optuna split=seed_42_test_0-15 model=lgb descriptor=rdkit_soap_xtb
                           Metric                           
┏━━━━━━━━━━━━━━━━━━┳━━━━━━━━━━━━━┳━━━━━━━━━━━━┳━━━━━━━━━━━━┓
┃       name       ┃    Train    ┃   Valid    ┃    Test    ┃
┡━━━━━━━━━━━━━━━━━━╇━━━━━━━━━━━━━╇━━━━━━━━━━━━╇━━━━━━━━━━━━┩
│        R2        │   0.9928    │   0.0000   │   0.8981   │
│        R         │   0.9965    │   0.0000   │   0.9478   │
│    Spearmanr     │   0.9877    │   0.0000   │   0.9358   │
│       MSE        │   0.0064    │   0.0000   │   0.0682   │
│       MAE        │   0.0482    │   0.0000   │   0.1708   │
│       RMSE       │   0.0800    │   0.0000   │   0.2611   │
└──────────────────┴─────────────┴────────────┴────────────┘
Info[iaw]:> Result, 0.9927537059246886, 0.898098724047128, 0.9964738599522056, 0.9477750202071982, 0.98771736052315, 0.9357860542418978, 0.006405537075032139, 0.06815462673773164, 0.04819600508953107, 0.17076825596619644, 0.08003459923703085, 0.2610644110899294
Info[iaw]:> The model will be saved as 
`/home/iaw/DATA2/AAReact/train/output/pt/ddg/hyper_seed_1_test_0-2/search_optuna/seed_42_test_0-15/l
gb_rdkit_soap_xtb.pkl`
[OK] Finished target=ddg search=optuna split=seed_42_test_0-15 model=lgb descriptor=rdkit_soap_xtb
[INFO] Train target=ddg hyper=seed_1_test_0-2 search=optuna split=seed_42_test_0-15 model=lgb descriptor=rdkit_soap_acsf
                           Metric                           
┏━━━━━━━━━━━━━━━━━━┳━━━━━━━━━━━━━┳━━━━━━━━━━━━┳━━━━━━━━━━━━┓
┃       name       ┃    Train    ┃   Valid    ┃    Test    ┃
┡━━━━━━━━━━━━━━━━━━╇━━━━━━━━━━━━━╇━━━━━━━━━━━━╇━━━━━━━━━━━━┩
│        R2        │   0.9762    │   0.0000   │   0.8536   │
│        R         │   0.9887    │   0.0000   │   0.9243   │
│    Spearmanr     │   0.9720    │   0.0000   │   0.8964   │
│       MSE        │   0.0210    │   0.0000   │   0.0979   │
│       MAE        │   0.0897    │   0.0000   │   0.2041   │
│       RMSE       │   0.1449    │   0.0000   │   0.3129   │
└──────────────────┴─────────────┴────────────┴────────────┘
Info[iaw]:> Result, 0.9762371117609742, 0.8536151030056418, 0.9886858111954233, 0.9242782566834516, 0.9719579666447697, 0.8964015008435949, 0.02100578033998484, 0.09790660540213365, 0.08973472855339322, 0.2040760112900716, 0.14493371015738485, 0.31290031224358605
Info[iaw]:> The model will be saved as 
`/home/iaw/DATA2/AAReact/train/output/pt/ddg/hyper_seed_1_test_0-2/search_optuna/seed_42_test_0-15/l
gb_rdkit_soap_acsf.pkl`
[OK] Finished target=ddg search=optuna split=seed_42_test_0-15 model=lgb descriptor=rdkit_soap_acsf
[INFO] Train target=ddg hyper=seed_1_test_0-2 search=optuna split=seed_42_test_0-15 model=lgb descriptor=rdkit_xtb_acsf
                           Metric                           
┏━━━━━━━━━━━━━━━━━━┳━━━━━━━━━━━━━┳━━━━━━━━━━━━┳━━━━━━━━━━━━┓
┃       name       ┃    Train    ┃   Valid    ┃    Test    ┃
┡━━━━━━━━━━━━━━━━━━╇━━━━━━━━━━━━━╇━━━━━━━━━━━━╇━━━━━━━━━━━━┩
│        R2        │   0.9888    │   0.0000   │   0.9182   │
│        R         │   0.9946    │   0.0000   │   0.9584   │
│    Spearmanr     │   0.9853    │   0.0000   │   0.9432   │
│       MSE        │   0.0099    │   0.0000   │   0.0547   │
│       MAE        │   0.0615    │   0.0000   │   0.1567   │
│       RMSE       │   0.0993    │   0.0000   │   0.2339   │
└──────────────────┴─────────────┴────────────┴────────────┘
Info[iaw]:> Result, 0.9888362908409178, 0.9182107443156985, 0.994643756796332, 0.9584441504595295, 0.985315123418118, 0.9431895444587142, 0.0098684309759128, 0.05470310494344067, 0.06150203786948701, 0.1567324033232325, 0.09933997672595257, 0.23388694906608334
Info[iaw]:> The model will be saved as 
`/home/iaw/DATA2/AAReact/train/output/pt/ddg/hyper_seed_1_test_0-2/search_optuna/seed_42_test_0-15/l
gb_rdkit_xtb_acsf.pkl`
[OK] Finished target=ddg search=optuna split=seed_42_test_0-15 model=lgb descriptor=rdkit_xtb_acsf
[INFO] Train target=ddg hyper=seed_1_test_0-2 search=optuna split=seed_42_test_0-15 model=lgb descriptor=soap_xtb_acsf
                           Metric                           
┏━━━━━━━━━━━━━━━━━━┳━━━━━━━━━━━━━┳━━━━━━━━━━━━┳━━━━━━━━━━━━┓
┃       name       ┃    Train    ┃   Valid    ┃    Test    ┃
┡━━━━━━━━━━━━━━━━━━╇━━━━━━━━━━━━━╇━━━━━━━━━━━━╇━━━━━━━━━━━━┩
│        R2        │   0.9963    │   0.0000   │   0.8843   │
│        R         │   0.9982    │   0.0000   │   0.9410   │
│    Spearmanr     │   0.9878    │   0.0000   │   0.9168   │
│       MSE        │   0.0033    │   0.0000   │   0.0774   │
│       MAE        │   0.0404    │   0.0000   │   0.1994   │
│       RMSE       │   0.0571    │   0.0000   │   0.2782   │
└──────────────────┴─────────────┴────────────┴────────────┘
Info[iaw]:> Result, 0.996312022575559, 0.8842830146966199, 0.9981667740661847, 0.9409735635502315, 0.9877874692278554, 0.9167988718491098, 0.003260076927408339, 0.07739498712670607, 0.04040335403674959, 0.19936788657980498, 0.05709708335290288, 0.278199545518511
Info[iaw]:> The model will be saved as 
`/home/iaw/DATA2/AAReact/train/output/pt/ddg/hyper_seed_1_test_0-2/search_optuna/seed_42_test_0-15/l
gb_soap_xtb_acsf.pkl`
[OK] Finished target=ddg search=optuna split=seed_42_test_0-15 model=lgb descriptor=soap_xtb_acsf
[INFO] Train target=ddg hyper=seed_1_test_0-2 search=optuna split=seed_42_test_0-15 model=lgb descriptor=rdkit_soap_xtb_acsf
                           Metric                           
┏━━━━━━━━━━━━━━━━━━┳━━━━━━━━━━━━━┳━━━━━━━━━━━━┳━━━━━━━━━━━━┓
┃       name       ┃    Train    ┃   Valid    ┃    Test    ┃
┡━━━━━━━━━━━━━━━━━━╇━━━━━━━━━━━━━╇━━━━━━━━━━━━╇━━━━━━━━━━━━┩
│        R2        │   0.9930    │   0.0000   │   0.9129   │
│        R         │   0.9966    │   0.0000   │   0.9556   │
│    Spearmanr     │   0.9876    │   0.0000   │   0.9471   │
│       MSE        │   0.0062    │   0.0000   │   0.0582   │
│       MAE        │   0.0476    │   0.0000   │   0.1613   │
│       RMSE       │   0.0786    │   0.0000   │   0.2413   │
└──────────────────┴─────────────┴────────────┴────────────┘
Info[iaw]:> Result, 0.99301922069815, 0.9129417408764805, 0.9966148017118966, 0.9555537864913975, 0.9875951048480024, 0.9471179270227393, 0.006170828863124159, 0.05822717232455772, 0.047565769276152074, 0.1613333693657098, 0.07855462343569701, 0.2413030715191121
Info[iaw]:> The model will be saved as 
`/home/iaw/DATA2/AAReact/train/output/pt/ddg/hyper_seed_1_test_0-2/search_optuna/seed_42_test_0-15/l
gb_rdkit_soap_xtb_acsf.pkl`
[OK] Finished target=ddg search=optuna split=seed_42_test_0-15 model=lgb descriptor=rdkit_soap_xtb_acsf
[INFO] Train target=ddg hyper=seed_1_test_0-2 search=optuna split=seed_42_test_0-15 model=xgb descriptor=rdkit
                           Metric                           
┏━━━━━━━━━━━━━━━━━━┳━━━━━━━━━━━━━┳━━━━━━━━━━━━┳━━━━━━━━━━━━┓
┃       name       ┃    Train    ┃   Valid    ┃    Test    ┃
┡━━━━━━━━━━━━━━━━━━╇━━━━━━━━━━━━━╇━━━━━━━━━━━━╇━━━━━━━━━━━━┩
│        R2        │   0.9629    │   0.0000   │   0.7792   │
│        R         │   0.9825    │   0.0000   │   0.8838   │
│    Spearmanr     │   0.9688    │   0.0000   │   0.8703   │
│       MSE        │   0.0328    │   0.0000   │   0.1477   │
│       MAE        │   0.1042    │   0.0000   │   0.2294   │
│       RMSE       │   0.1812    │   0.0000   │   0.3843   │
└──────────────────┴─────────────┴────────────┴────────────┘
Info[iaw]:> Result, 0.9628518089125456, 0.7792257954658707, 0.9825011356240978, 0.8837915150170641, 0.9687535353111038, 0.8702626476291204, 0.032838042840656, 0.14766040329369515, 0.10417800323890136, 0.22935351188672443, 0.18121270055008837, 0.3842660579516426
Info[iaw]:> The model will be saved as 
`/home/iaw/DATA2/AAReact/train/output/pt/ddg/hyper_seed_1_test_0-2/search_optuna/seed_42_test_0-15/x
gb_rdkit.pkl`
[OK] Finished target=ddg search=optuna split=seed_42_test_0-15 model=xgb descriptor=rdkit
[INFO] Train target=ddg hyper=seed_1_test_0-2 search=optuna split=seed_42_test_0-15 model=xgb descriptor=xtb
                           Metric                           
┏━━━━━━━━━━━━━━━━━━┳━━━━━━━━━━━━━┳━━━━━━━━━━━━┳━━━━━━━━━━━━┓
┃       name       ┃    Train    ┃   Valid    ┃    Test    ┃
┡━━━━━━━━━━━━━━━━━━╇━━━━━━━━━━━━━╇━━━━━━━━━━━━╇━━━━━━━━━━━━┩
│        R2        │   0.9862    │   0.0000   │   0.8908   │
│        R         │   0.9933    │   0.0000   │   0.9445   │
│    Spearmanr     │   0.9802    │   0.0000   │   0.9282   │
│       MSE        │   0.0122    │   0.0000   │   0.0730   │
│       MAE        │   0.0716    │   0.0000   │   0.1805   │
│       RMSE       │   0.1104    │   0.0000   │   0.2702   │
└──────────────────┴─────────────┴────────────┴────────────┘
Info[iaw]:> Result, 0.986212006937981, 0.8908122097360123, 0.9932956924506636, 0.9445305203087145, 0.98020819677949, 0.9282314723880033, 0.012188230263792276, 0.0730280658428799, 0.07156722625855369, 0.18053107534428628, 0.11040031822323827, 0.27023705490343086
Info[iaw]:> The model will be saved as 
`/home/iaw/DATA2/AAReact/train/output/pt/ddg/hyper_seed_1_test_0-2/search_optuna/seed_42_test_0-15/x
gb_xtb.pkl`
[OK] Finished target=ddg search=optuna split=seed_42_test_0-15 model=xgb descriptor=xtb
[INFO] Train target=ddg hyper=seed_1_test_0-2 search=optuna split=seed_42_test_0-15 model=xgb descriptor=soap
                           Metric                           
┏━━━━━━━━━━━━━━━━━━┳━━━━━━━━━━━━━┳━━━━━━━━━━━━┳━━━━━━━━━━━━┓
┃       name       ┃    Train    ┃   Valid    ┃    Test    ┃
┡━━━━━━━━━━━━━━━━━━╇━━━━━━━━━━━━━╇━━━━━━━━━━━━╇━━━━━━━━━━━━┩
│        R2        │   0.5158    │   0.0000   │   0.1214   │
│        R         │   0.7216    │   0.0000   │   0.4359   │
│    Spearmanr     │   0.6451    │   0.0000   │   0.4689   │
│       MSE        │   0.4280    │   0.0000   │   0.5876   │
│       MAE        │   0.4741    │   0.0000   │   0.5807   │
│       RMSE       │   0.6542    │   0.0000   │   0.7666   │
└──────────────────┴─────────────┴────────────┴────────────┘
Info[iaw]:> Result, 0.5157849334882619, 0.12140498851261494, 0.7215672007582102, 0.43591517247718803, 0.6450538236403945, 0.4688625317921986, 0.42803363051433957, 0.5876306699952375, 0.47413557898832287, 0.5806974500154919, 0.6542427917175241, 0.7665707208048306
Info[iaw]:> The model will be saved as 
`/home/iaw/DATA2/AAReact/train/output/pt/ddg/hyper_seed_1_test_0-2/search_optuna/seed_42_test_0-15/x
gb_soap.pkl`
[OK] Finished target=ddg search=optuna split=seed_42_test_0-15 model=xgb descriptor=soap
[INFO] Train target=ddg hyper=seed_1_test_0-2 search=optuna split=seed_42_test_0-15 model=xgb descriptor=acsf
                           Metric                           
┏━━━━━━━━━━━━━━━━━━┳━━━━━━━━━━━━━┳━━━━━━━━━━━━┳━━━━━━━━━━━━┓
┃       name       ┃    Train    ┃   Valid    ┃    Test    ┃
┡━━━━━━━━━━━━━━━━━━╇━━━━━━━━━━━━━╇━━━━━━━━━━━━╇━━━━━━━━━━━━┩
│        R2        │   0.9831    │   0.0000   │   0.8294   │
│        R         │   0.9918    │   0.0000   │   0.9112   │
│    Spearmanr     │   0.9793    │   0.0000   │   0.8676   │
│       MSE        │   0.0149    │   0.0000   │   0.1141   │
│       MAE        │   0.0765    │   0.0000   │   0.2188   │
│       RMSE       │   0.1221    │   0.0000   │   0.3378   │
└──────────────────┴─────────────┴────────────┴────────────┘
Info[iaw]:> Result, 0.983148001649724, 0.8294247367977521, 0.9917695865377183, 0.9111991029773849, 0.9793066336016246, 0.8676437259197703, 0.014896731915539098, 0.114085847164624, 0.07649943409716939, 0.21879953872727914, 0.12205216882767425, 0.33776596507733575
Info[iaw]:> The model will be saved as 
`/home/iaw/DATA2/AAReact/train/output/pt/ddg/hyper_seed_1_test_0-2/search_optuna/seed_42_test_0-15/x
gb_acsf.pkl`
[OK] Finished target=ddg search=optuna split=seed_42_test_0-15 model=xgb descriptor=acsf
[INFO] Train target=ddg hyper=seed_1_test_0-2 search=optuna split=seed_42_test_0-15 model=xgb descriptor=rdkit_soap
                           Metric                           
┏━━━━━━━━━━━━━━━━━━┳━━━━━━━━━━━━━┳━━━━━━━━━━━━┳━━━━━━━━━━━━┓
┃       name       ┃    Train    ┃   Valid    ┃    Test    ┃
┡━━━━━━━━━━━━━━━━━━╇━━━━━━━━━━━━━╇━━━━━━━━━━━━╇━━━━━━━━━━━━┩
│        R2        │   0.9879    │   0.0000   │   0.9018   │
│        R         │   0.9942    │   0.0000   │   0.9497   │
│    Spearmanr     │   0.9863    │   0.0000   │   0.9322   │
│       MSE        │   0.0107    │   0.0000   │   0.0657   │
│       MAE        │   0.0603    │   0.0000   │   0.1609   │
│       RMSE       │   0.1036    │   0.0000   │   0.2563   │
└──────────────────┴─────────────┴────────────┴────────────┘
Info[iaw]:> Result, 0.987863898502413, 0.9018178568329996, 0.9942394523055393, 0.9496907897119726, 0.9862636188693813, 0.9322102188310544, 0.0107280007243987, 0.06566715929005833, 0.060290242823407586, 0.1609431299897454, 0.1035760625067332, 0.2562560424459457
Info[iaw]:> The model will be saved as 
`/home/iaw/DATA2/AAReact/train/output/pt/ddg/hyper_seed_1_test_0-2/search_optuna/seed_42_test_0-15/x
gb_rdkit_soap.pkl`
[OK] Finished target=ddg search=optuna split=seed_42_test_0-15 model=xgb descriptor=rdkit_soap
[INFO] Train target=ddg hyper=seed_1_test_0-2 search=optuna split=seed_42_test_0-15 model=xgb descriptor=soap_xtb
                           Metric                           
┏━━━━━━━━━━━━━━━━━━┳━━━━━━━━━━━━━┳━━━━━━━━━━━━┳━━━━━━━━━━━━┓
┃       name       ┃    Train    ┃   Valid    ┃    Test    ┃
┡━━━━━━━━━━━━━━━━━━╇━━━━━━━━━━━━━╇━━━━━━━━━━━━╇━━━━━━━━━━━━┩
│        R2        │   0.9925    │   0.0000   │   0.9160   │
│        R         │   0.9964    │   0.0000   │   0.9577   │
│    Spearmanr     │   0.9872    │   0.0000   │   0.9493   │
│       MSE        │   0.0066    │   0.0000   │   0.0562   │
│       MAE        │   0.0500    │   0.0000   │   0.1563   │
│       RMSE       │   0.0812    │   0.0000   │   0.2370   │
└──────────────────┴─────────────┴────────────┴────────────┘
Info[iaw]:> Result, 0.9925340923658214, 0.9160432636672252, 0.996387345458473, 0.9576904401960441, 0.9872387672166482, 0.9492835738208557, 0.006599669797066756, 0.056152780947755596, 0.05000800289640764, 0.15625529854284934, 0.08123835176237118, 0.23696578011973712
Info[iaw]:> The model will be saved as 
`/home/iaw/DATA2/AAReact/train/output/pt/ddg/hyper_seed_1_test_0-2/search_optuna/seed_42_test_0-15/x
gb_soap_xtb.pkl`
[OK] Finished target=ddg search=optuna split=seed_42_test_0-15 model=xgb descriptor=soap_xtb
[INFO] Train target=ddg hyper=seed_1_test_0-2 search=optuna split=seed_42_test_0-15 model=xgb descriptor=rdkit_xtb
                           Metric                           
┏━━━━━━━━━━━━━━━━━━┳━━━━━━━━━━━━━┳━━━━━━━━━━━━┳━━━━━━━━━━━━┓
┃       name       ┃    Train    ┃   Valid    ┃    Test    ┃
┡━━━━━━━━━━━━━━━━━━╇━━━━━━━━━━━━━╇━━━━━━━━━━━━╇━━━━━━━━━━━━┩
│        R2        │   0.9937    │   0.0000   │   0.9265   │
│        R         │   0.9969    │   0.0000   │   0.9627   │
│    Spearmanr     │   0.9869    │   0.0000   │   0.9502   │
│       MSE        │   0.0056    │   0.0000   │   0.0492   │
│       MAE        │   0.0467    │   0.0000   │   0.1403   │
│       RMSE       │   0.0748    │   0.0000   │   0.2217   │
└──────────────────┴─────────────┴────────────┴────────────┘
Info[iaw]:> Result, 0.993667457468873, 0.9265014077426037, 0.9968973134879737, 0.9627236519624238, 0.9869342868503447, 0.950240487522349, 0.005597804276333987, 0.049158060821223655, 0.046665995614968765, 0.1403249715695349, 0.07481847550126898, 0.22171617176296288
Info[iaw]:> The model will be saved as 
`/home/iaw/DATA2/AAReact/train/output/pt/ddg/hyper_seed_1_test_0-2/search_optuna/seed_42_test_0-15/x
gb_rdkit_xtb.pkl`
[OK] Finished target=ddg search=optuna split=seed_42_test_0-15 model=xgb descriptor=rdkit_xtb
[INFO] Train target=ddg hyper=seed_1_test_0-2 search=optuna split=seed_42_test_0-15 model=xgb descriptor=soap_acsf
                           Metric                           
┏━━━━━━━━━━━━━━━━━━┳━━━━━━━━━━━━━┳━━━━━━━━━━━━┳━━━━━━━━━━━━┓
┃       name       ┃    Train    ┃   Valid    ┃    Test    ┃
┡━━━━━━━━━━━━━━━━━━╇━━━━━━━━━━━━━╇━━━━━━━━━━━━╇━━━━━━━━━━━━┩
│        R2        │   0.9973    │   0.0000   │   0.8914   │
│        R         │   0.9987    │   0.0000   │   0.9447   │
│    Spearmanr     │   0.9882    │   0.0000   │   0.9204   │
│       MSE        │   0.0024    │   0.0000   │   0.0726   │
│       MAE        │   0.0328    │   0.0000   │   0.1611   │
│       RMSE       │   0.0486    │   0.0000   │   0.2695   │
└──────────────────┴─────────────┴────────────┴────────────┘
Info[iaw]:> Result, 0.9973236192201146, 0.8914393309822054, 0.9986931064755985, 0.9447139127968837, 0.9881533671371241, 0.9203747072599532, 0.0023658515834830986, 0.07260862836229956, 0.03284621201289286, 0.1611397945539372, 0.048640020389419024, 0.26945988265843873
Info[iaw]:> The model will be saved as 
`/home/iaw/DATA2/AAReact/train/output/pt/ddg/hyper_seed_1_test_0-2/search_optuna/seed_42_test_0-15/x
gb_soap_acsf.pkl`
[OK] Finished target=ddg search=optuna split=seed_42_test_0-15 model=xgb descriptor=soap_acsf
[INFO] Train target=ddg hyper=seed_1_test_0-2 search=optuna split=seed_42_test_0-15 model=xgb descriptor=acsf_xtb
                           Metric                           
┏━━━━━━━━━━━━━━━━━━┳━━━━━━━━━━━━━┳━━━━━━━━━━━━┳━━━━━━━━━━━━┓
┃       name       ┃    Train    ┃   Valid    ┃    Test    ┃
┡━━━━━━━━━━━━━━━━━━╇━━━━━━━━━━━━━╇━━━━━━━━━━━━╇━━━━━━━━━━━━┩
│        R2        │   0.9937    │   0.0000   │   0.9029   │
│        R         │   0.9970    │   0.0000   │   0.9504   │
│    Spearmanr     │   0.9883    │   0.0000   │   0.9354   │
│       MSE        │   0.0055    │   0.0000   │   0.0649   │
│       MAE        │   0.0454    │   0.0000   │   0.1712   │
│       RMSE       │   0.0744    │   0.0000   │   0.2548   │
└──────────────────┴─────────────┴────────────┴────────────┘
Info[iaw]:> Result, 0.9937375271023431, 0.9029491713663963, 0.996966271788017, 0.9503873012754559, 0.9883439932846291, 0.935433507088716, 0.005535864527496567, 0.0649105022312961, 0.04539927867592405, 0.17122237162275683, 0.07440339056452043, 0.2547753956552636
Info[iaw]:> The model will be saved as 
`/home/iaw/DATA2/AAReact/train/output/pt/ddg/hyper_seed_1_test_0-2/search_optuna/seed_42_test_0-15/x
gb_acsf_xtb.pkl`
[OK] Finished target=ddg search=optuna split=seed_42_test_0-15 model=xgb descriptor=acsf_xtb
[INFO] Train target=ddg hyper=seed_1_test_0-2 search=optuna split=seed_42_test_0-15 model=xgb descriptor=rdkit_acsf
                           Metric                           
┏━━━━━━━━━━━━━━━━━━┳━━━━━━━━━━━━━┳━━━━━━━━━━━━┳━━━━━━━━━━━━┓
┃       name       ┃    Train    ┃   Valid    ┃    Test    ┃
┡━━━━━━━━━━━━━━━━━━╇━━━━━━━━━━━━━╇━━━━━━━━━━━━╇━━━━━━━━━━━━┩
│        R2        │   0.9916    │   0.0000   │   0.9036   │
│        R         │   0.9961    │   0.0000   │   0.9508   │
│    Spearmanr     │   0.9859    │   0.0000   │   0.9429   │
│       MSE        │   0.0074    │   0.0000   │   0.0644   │
│       MAE        │   0.0535    │   0.0000   │   0.1639   │
│       RMSE       │   0.0861    │   0.0000   │   0.2539   │
└──────────────────┴─────────────┴────────────┴────────────┘
Info[iaw]:> Result, 0.9916067384305022, 0.9036380706119896, 0.996124178131266, 0.9507925481660706, 0.9858942444954165, 0.9428873611845584, 0.007419426758711822, 0.06444974577359447, 0.053511099059959384, 0.16386769688915523, 0.08613609440131252, 0.2538695447933731
Info[iaw]:> The model will be saved as 
`/home/iaw/DATA2/AAReact/train/output/pt/ddg/hyper_seed_1_test_0-2/search_optuna/seed_42_test_0-15/x
gb_rdkit_acsf.pkl`
[OK] Finished target=ddg search=optuna split=seed_42_test_0-15 model=xgb descriptor=rdkit_acsf
[INFO] Train target=ddg hyper=seed_1_test_0-2 search=optuna split=seed_42_test_0-15 model=xgb descriptor=rdkit_soap_xtb
                           Metric                           
┏━━━━━━━━━━━━━━━━━━┳━━━━━━━━━━━━━┳━━━━━━━━━━━━┳━━━━━━━━━━━━┓
┃       name       ┃    Train    ┃   Valid    ┃    Test    ┃
┡━━━━━━━━━━━━━━━━━━╇━━━━━━━━━━━━━╇━━━━━━━━━━━━╇━━━━━━━━━━━━┩
│        R2        │   0.9985    │   0.0000   │   0.9275   │
│        R         │   0.9993    │   0.0000   │   0.9633   │
│    Spearmanr     │   0.9921    │   0.0000   │   0.9500   │
│       MSE        │   0.0013    │   0.0000   │   0.0485   │
│       MAE        │   0.0225    │   0.0000   │   0.1468   │
│       RMSE       │   0.0361    │   0.0000   │   0.2202   │
└──────────────────┴─────────────┴────────────┴────────────┘
Info[iaw]:> Result, 0.9985278290863099, 0.9274820447423944, 0.9992764583311481, 0.9633266612568129, 0.9920522222938438, 0.9500390320062451, 0.0013013611192726202, 0.04850218141185437, 0.022507232383289895, 0.14682562469529709, 0.03607438314472779, 0.2202321080402546
Info[iaw]:> The model will be saved as 
`/home/iaw/DATA2/AAReact/train/output/pt/ddg/hyper_seed_1_test_0-2/search_optuna/seed_42_test_0-15/x
gb_rdkit_soap_xtb.pkl`
[OK] Finished target=ddg search=optuna split=seed_42_test_0-15 model=xgb descriptor=rdkit_soap_xtb
[INFO] Train target=ddg hyper=seed_1_test_0-2 search=optuna split=seed_42_test_0-15 model=xgb descriptor=rdkit_soap_acsf
                           Metric                           
┏━━━━━━━━━━━━━━━━━━┳━━━━━━━━━━━━━┳━━━━━━━━━━━━┳━━━━━━━━━━━━┓
┃       name       ┃    Train    ┃   Valid    ┃    Test    ┃
┡━━━━━━━━━━━━━━━━━━╇━━━━━━━━━━━━━╇━━━━━━━━━━━━╇━━━━━━━━━━━━┩
│        R2        │   0.9834    │   0.0000   │   0.8865   │
│        R         │   0.9923    │   0.0000   │   0.9419   │
│    Spearmanr     │   0.9823    │   0.0000   │   0.9244   │
│       MSE        │   0.0147    │   0.0000   │   0.0759   │
│       MAE        │   0.0695    │   0.0000   │   0.1663   │
│       RMSE       │   0.1211    │   0.0000   │   0.2755   │
└──────────────────┴─────────────┴────────────┴────────────┘
Info[iaw]:> Result, 0.9834058798730606, 0.8865137909908769, 0.992340157770657, 0.9418818998104643, 0.9822900197216945, 0.9243534537030043, 0.014668774216988902, 0.07590297709789358, 0.06953542483259673, 0.1663085391177455, 0.121114715113354, 0.27550494931651154
Info[iaw]:> The model will be saved as 
`/home/iaw/DATA2/AAReact/train/output/pt/ddg/hyper_seed_1_test_0-2/search_optuna/seed_42_test_0-15/x
gb_rdkit_soap_acsf.pkl`
[OK] Finished target=ddg search=optuna split=seed_42_test_0-15 model=xgb descriptor=rdkit_soap_acsf
[INFO] Train target=ddg hyper=seed_1_test_0-2 search=optuna split=seed_42_test_0-15 model=xgb descriptor=rdkit_xtb_acsf
                           Metric                           
┏━━━━━━━━━━━━━━━━━━┳━━━━━━━━━━━━━┳━━━━━━━━━━━━┳━━━━━━━━━━━━┓
┃       name       ┃    Train    ┃   Valid    ┃    Test    ┃
┡━━━━━━━━━━━━━━━━━━╇━━━━━━━━━━━━━╇━━━━━━━━━━━━╇━━━━━━━━━━━━┩
│        R2        │   0.9926    │   0.0000   │   0.9278   │
│        R         │   0.9965    │   0.0000   │   0.9639   │
│    Spearmanr     │   0.9877    │   0.0000   │   0.9488   │
│       MSE        │   0.0065    │   0.0000   │   0.0483   │
│       MAE        │   0.0465    │   0.0000   │   0.1381   │
│       RMSE       │   0.0809    │   0.0000   │   0.2197   │
└──────────────────┴─────────────┴────────────┴────────────┘
Info[iaw]:> Result, 0.9926020660281577, 0.9278255275261404, 0.9965264770880958, 0.963863110096254, 0.9877002679050606, 0.9487799350305961, 0.006539582832654901, 0.04827244983393109, 0.046543550944472926, 0.13809360274119678, 0.08086768719738992, 0.21970992201976472
Info[iaw]:> The model will be saved as 
`/home/iaw/DATA2/AAReact/train/output/pt/ddg/hyper_seed_1_test_0-2/search_optuna/seed_42_test_0-15/x
gb_rdkit_xtb_acsf.pkl`
[OK] Finished target=ddg search=optuna split=seed_42_test_0-15 model=xgb descriptor=rdkit_xtb_acsf
[INFO] Train target=ddg hyper=seed_1_test_0-2 search=optuna split=seed_42_test_0-15 model=xgb descriptor=soap_xtb_acsf
                           Metric                           
┏━━━━━━━━━━━━━━━━━━┳━━━━━━━━━━━━━┳━━━━━━━━━━━━┳━━━━━━━━━━━━┓
┃       name       ┃    Train    ┃   Valid    ┃    Test    ┃
┡━━━━━━━━━━━━━━━━━━╇━━━━━━━━━━━━━╇━━━━━━━━━━━━╇━━━━━━━━━━━━┩
│        R2        │   0.9891    │   0.0000   │   0.8801   │
│        R         │   0.9946    │   0.0000   │   0.9382   │
│    Spearmanr     │   0.9827    │   0.0000   │   0.9155   │
│       MSE        │   0.0096    │   0.0000   │   0.0802   │
│       MAE        │   0.0615    │   0.0000   │   0.1851   │
│       RMSE       │   0.0981    │   0.0000   │   0.2832   │
└──────────────────┴─────────────┴────────────┴────────────┘
Info[iaw]:> Result, 0.989112244137179, 0.8801238586573784, 0.9946489674515244, 0.9381906542013639, 0.9826761970083573, 0.9154894109944348, 0.009624495379067429, 0.08017675531113565, 0.061527821714405025, 0.18512419065836805, 0.09810451253162328, 0.2831550022710806
Info[iaw]:> The model will be saved as 
`/home/iaw/DATA2/AAReact/train/output/pt/ddg/hyper_seed_1_test_0-2/search_optuna/seed_42_test_0-15/x
gb_soap_xtb_acsf.pkl`
[OK] Finished target=ddg search=optuna split=seed_42_test_0-15 model=xgb descriptor=soap_xtb_acsf
[INFO] Train target=ddg hyper=seed_1_test_0-2 search=optuna split=seed_42_test_0-15 model=xgb descriptor=rdkit_soap_xtb_acsf
                           Metric                           
┏━━━━━━━━━━━━━━━━━━┳━━━━━━━━━━━━━┳━━━━━━━━━━━━┳━━━━━━━━━━━━┓
┃       name       ┃    Train    ┃   Valid    ┃    Test    ┃
┡━━━━━━━━━━━━━━━━━━╇━━━━━━━━━━━━━╇━━━━━━━━━━━━╇━━━━━━━━━━━━┩
│        R2        │   0.9967    │   0.0000   │   0.9272   │
│        R         │   0.9984    │   0.0000   │   0.9632   │
│    Spearmanr     │   0.9915    │   0.0000   │   0.9542   │
│       MSE        │   0.0029    │   0.0000   │   0.0487   │
│       MAE        │   0.0333    │   0.0000   │   0.1442   │
│       RMSE       │   0.0536    │   0.0000   │   0.2207   │
└──────────────────┴─────────────┴────────────┴────────────┘
Info[iaw]:> Result, 0.9967488327096662, 0.9272030358850949, 0.9984274493020441, 0.9632209633537768, 0.9915211923115086, 0.9541688700863741, 0.002873948034529674, 0.048688790895866745, 0.03329009587806263, 0.14424156055471132, 0.05360921594772371, 0.22065536679597608
Info[iaw]:> The model will be saved as 
`/home/iaw/DATA2/AAReact/train/output/pt/ddg/hyper_seed_1_test_0-2/search_optuna/seed_42_test_0-15/x
gb_rdkit_soap_xtb_acsf.pkl`
[OK] Finished target=ddg search=optuna split=seed_42_test_0-15 model=xgb descriptor=rdkit_soap_xtb_acsf
[INFO] Train target=ddg hyper=seed_1_test_0-2 search=optuna split=seed_42_test_0-15 model=rf descriptor=rdkit
                           Metric                           
┏━━━━━━━━━━━━━━━━━━┳━━━━━━━━━━━━━┳━━━━━━━━━━━━┳━━━━━━━━━━━━┓
┃       name       ┃    Train    ┃   Valid    ┃    Test    ┃
┡━━━━━━━━━━━━━━━━━━╇━━━━━━━━━━━━━╇━━━━━━━━━━━━╇━━━━━━━━━━━━┩
│        R2        │   0.9434    │   0.0000   │   0.7771   │
│        R         │   0.9718    │   0.0000   │   0.8823   │
│    Spearmanr     │   0.9518    │   0.0000   │   0.8613   │
│       MSE        │   0.0501    │   0.0000   │   0.1491   │
│       MAE        │   0.1247    │   0.0000   │   0.2347   │
│       RMSE       │   0.2238    │   0.0000   │   0.3861   │
└──────────────────┴─────────────┴────────────┴────────────┘
Info[iaw]:> Result, 0.9433622359897318, 0.7771077648533229, 0.971780296806284, 0.8823124507255737, 0.9517938919963815, 0.861348241041525, 0.05006632265322501, 0.1490770056322571, 0.12471181755078467, 0.23469701422986103, 0.2237550505647303, 0.3861049153174006
Info[iaw]:> The model will be saved as 
`/home/iaw/DATA2/AAReact/train/output/pt/ddg/hyper_seed_1_test_0-2/search_optuna/seed_42_test_0-15/r
f_rdkit.pkl`
[OK] Finished target=ddg search=optuna split=seed_42_test_0-15 model=rf descriptor=rdkit
[INFO] Train target=ddg hyper=seed_1_test_0-2 search=optuna split=seed_42_test_0-15 model=rf descriptor=xtb
                           Metric                           
┏━━━━━━━━━━━━━━━━━━┳━━━━━━━━━━━━━┳━━━━━━━━━━━━┳━━━━━━━━━━━━┓
┃       name       ┃    Train    ┃   Valid    ┃    Test    ┃
┡━━━━━━━━━━━━━━━━━━╇━━━━━━━━━━━━━╇━━━━━━━━━━━━╇━━━━━━━━━━━━┩
│        R2        │   0.9896    │   0.0000   │   0.8750   │
│        R         │   0.9950    │   0.0000   │   0.9372   │
│    Spearmanr     │   0.9868    │   0.0000   │   0.9277   │
│       MSE        │   0.0092    │   0.0000   │   0.0836   │
│       MAE        │   0.0542    │   0.0000   │   0.1897   │
│       RMSE       │   0.0958    │   0.0000   │   0.2892   │
└──────────────────┴─────────────┴────────────┴────────────┘
Info[iaw]:> Result, 0.9896192087888995, 0.8749795564164631, 0.9950139519105148, 0.9371775868938903, 0.9867868268061502, 0.9277278335977437, 0.009176351701958001, 0.08361741879426819, 0.05417712052197347, 0.1897205704631592, 0.09579327587027182, 0.2891667664069787
Info[iaw]:> The model will be saved as 
`/home/iaw/DATA2/AAReact/train/output/pt/ddg/hyper_seed_1_test_0-2/search_optuna/seed_42_test_0-15/r
f_xtb.pkl`
[OK] Finished target=ddg search=optuna split=seed_42_test_0-15 model=rf descriptor=xtb
[INFO] Train target=ddg hyper=seed_1_test_0-2 search=optuna split=seed_42_test_0-15 model=rf descriptor=soap
                           Metric                           
┏━━━━━━━━━━━━━━━━━━┳━━━━━━━━━━━━━┳━━━━━━━━━━━━┳━━━━━━━━━━━━┓
┃       name       ┃    Train    ┃   Valid    ┃    Test    ┃
┡━━━━━━━━━━━━━━━━━━╇━━━━━━━━━━━━━╇━━━━━━━━━━━━╇━━━━━━━━━━━━┩
│        R2        │   0.4353    │   0.0000   │   0.2122   │
│        R         │   0.6606    │   0.0000   │   0.4821   │
│    Spearmanr     │   0.5832    │   0.0000   │   0.4230   │
│       MSE        │   0.4992    │   0.0000   │   0.5269   │
│       MAE        │   0.4881    │   0.0000   │   0.5241   │
│       RMSE       │   0.7065    │   0.0000   │   0.7259   │
└──────────────────┴─────────────┴────────────┴────────────┘
Info[iaw]:> Result, 0.43528280364323, 0.21215057977146579, 0.660560853156061, 0.4820629683213322, 0.5831742005760792, 0.4229810379995467, 0.49919543708499586, 0.5269372994509658, 0.48808761328543243, 0.5240637194544644, 0.7065376402464315, 0.7259044699207781
Info[iaw]:> The model will be saved as 
`/home/iaw/DATA2/AAReact/train/output/pt/ddg/hyper_seed_1_test_0-2/search_optuna/seed_42_test_0-15/r
f_soap.pkl`
[OK] Finished target=ddg search=optuna split=seed_42_test_0-15 model=rf descriptor=soap
[INFO] Train target=ddg hyper=seed_1_test_0-2 search=optuna split=seed_42_test_0-15 model=rf descriptor=acsf
                           Metric                           
┏━━━━━━━━━━━━━━━━━━┳━━━━━━━━━━━━━┳━━━━━━━━━━━━┳━━━━━━━━━━━━┓
┃       name       ┃    Train    ┃   Valid    ┃    Test    ┃
┡━━━━━━━━━━━━━━━━━━╇━━━━━━━━━━━━━╇━━━━━━━━━━━━╇━━━━━━━━━━━━┩
│        R2        │   0.9852    │   0.0000   │   0.9116   │
│        R         │   0.9927    │   0.0000   │   0.9553   │
│    Spearmanr     │   0.9846    │   0.0000   │   0.9469   │
│       MSE        │   0.0130    │   0.0000   │   0.0591   │
│       MAE        │   0.0589    │   0.0000   │   0.1543   │
│       RMSE       │   0.1142    │   0.0000   │   0.2432   │
└──────────────────┴─────────────┴────────────┴────────────┘
Info[iaw]:> Result, 0.9852396048632888, 0.9115957423076312, 0.9927105060763374, 0.9553486018843799, 0.9846073731470624, 0.9468661076276095, 0.013047808618816641, 0.059127416499045536, 0.058881550330484096, 0.1542593168075139, 0.1142270047703985, 0.2431612972885396
Info[iaw]:> The model will be saved as 
`/home/iaw/DATA2/AAReact/train/output/pt/ddg/hyper_seed_1_test_0-2/search_optuna/seed_42_test_0-15/r
f_acsf.pkl`
[OK] Finished target=ddg search=optuna split=seed_42_test_0-15 model=rf descriptor=acsf
[INFO] Train target=ddg hyper=seed_1_test_0-2 search=optuna split=seed_42_test_0-15 model=rf descriptor=rdkit_soap
                           Metric                           
┏━━━━━━━━━━━━━━━━━━┳━━━━━━━━━━━━━┳━━━━━━━━━━━━┳━━━━━━━━━━━━┓
┃       name       ┃    Train    ┃   Valid    ┃    Test    ┃
┡━━━━━━━━━━━━━━━━━━╇━━━━━━━━━━━━━╇━━━━━━━━━━━━╇━━━━━━━━━━━━┩
│        R2        │   0.9773    │   0.0000   │   0.9126   │
│        R         │   0.9887    │   0.0000   │   0.9555   │
│    Spearmanr     │   0.9706    │   0.0000   │   0.9440   │
│       MSE        │   0.0201    │   0.0000   │   0.0584   │
│       MAE        │   0.0744    │   0.0000   │   0.1540   │
│       RMSE       │   0.1417    │   0.0000   │   0.2417   │
└──────────────────┴─────────────┴────────────┴────────────┘
Info[iaw]:> Result, 0.9773007139725072, 0.9126239771677515, 0.9886787083442647, 0.9554984251737361, 0.9705540543183123, 0.9439953665231297, 0.020065583416115473, 0.05843970221446057, 0.07438637194515918, 0.15396110433436713, 0.14165303885238564, 0.24174304998171214
Info[iaw]:> The model will be saved as 
`/home/iaw/DATA2/AAReact/train/output/pt/ddg/hyper_seed_1_test_0-2/search_optuna/seed_42_test_0-15/r
f_rdkit_soap.pkl`
[OK] Finished target=ddg search=optuna split=seed_42_test_0-15 model=rf descriptor=rdkit_soap
[INFO] Train target=ddg hyper=seed_1_test_0-2 search=optuna split=seed_42_test_0-15 model=rf descriptor=soap_xtb
                           Metric                           
┏━━━━━━━━━━━━━━━━━━┳━━━━━━━━━━━━━┳━━━━━━━━━━━━┳━━━━━━━━━━━━┓
┃       name       ┃    Train    ┃   Valid    ┃    Test    ┃
┡━━━━━━━━━━━━━━━━━━╇━━━━━━━━━━━━━╇━━━━━━━━━━━━╇━━━━━━━━━━━━┩
│        R2        │   0.9866    │   0.0000   │   0.9014   │
│        R         │   0.9934    │   0.0000   │   0.9500   │
│    Spearmanr     │   0.9860    │   0.0000   │   0.9320   │
│       MSE        │   0.0118    │   0.0000   │   0.0660   │
│       MAE        │   0.0570    │   0.0000   │   0.1645   │
│       RMSE       │   0.1086    │   0.0000   │   0.2568   │
└──────────────────┴─────────────┴────────────┴────────────┘
Info[iaw]:> Result, 0.9866487154773853, 0.9013906829293672, 0.9934341301960636, 0.9499572977718378, 0.9859527649844682, 0.9320087633149505, 0.011802191178010636, 0.06595286599669108, 0.05704138813230257, 0.1644851818901886, 0.1086378901581333, 0.2568129007598549
Info[iaw]:> The model will be saved as 
`/home/iaw/DATA2/AAReact/train/output/pt/ddg/hyper_seed_1_test_0-2/search_optuna/seed_42_test_0-15/r
f_soap_xtb.pkl`
[OK] Finished target=ddg search=optuna split=seed_42_test_0-15 model=rf descriptor=soap_xtb
[INFO] Train target=ddg hyper=seed_1_test_0-2 search=optuna split=seed_42_test_0-15 model=rf descriptor=rdkit_xtb
                           Metric                           
┏━━━━━━━━━━━━━━━━━━┳━━━━━━━━━━━━━┳━━━━━━━━━━━━┳━━━━━━━━━━━━┓
┃       name       ┃    Train    ┃   Valid    ┃    Test    ┃
┡━━━━━━━━━━━━━━━━━━╇━━━━━━━━━━━━━╇━━━━━━━━━━━━╇━━━━━━━━━━━━┩
│        R2        │   0.9690    │   0.0000   │   0.9078   │
│        R         │   0.9847    │   0.0000   │   0.9529   │
│    Spearmanr     │   0.9624    │   0.0000   │   0.9410   │
│       MSE        │   0.0274    │   0.0000   │   0.0616   │
│       MAE        │   0.0991    │   0.0000   │   0.1731   │
│       RMSE       │   0.1656    │   0.0000   │   0.2483   │
└──────────────────┴─────────────┴────────────┴────────────┘
Info[iaw]:> Result, 0.9689777322940385, 0.907842466343878, 0.9847045881359394, 0.9529227071350908, 0.9623750917098629, 0.9410238976605978, 0.027422884563730418, 0.061637719927155714, 0.09912283478517338, 0.17311629624249272, 0.16559856449779514, 0.24826945024943306
Info[iaw]:> The model will be saved as 
`/home/iaw/DATA2/AAReact/train/output/pt/ddg/hyper_seed_1_test_0-2/search_optuna/seed_42_test_0-15/r
f_rdkit_xtb.pkl`
[OK] Finished target=ddg search=optuna split=seed_42_test_0-15 model=rf descriptor=rdkit_xtb
[INFO] Train target=ddg hyper=seed_1_test_0-2 search=optuna split=seed_42_test_0-15 model=rf descriptor=soap_acsf
                           Metric                           
┏━━━━━━━━━━━━━━━━━━┳━━━━━━━━━━━━━┳━━━━━━━━━━━━┳━━━━━━━━━━━━┓
┃       name       ┃    Train    ┃   Valid    ┃    Test    ┃
┡━━━━━━━━━━━━━━━━━━╇━━━━━━━━━━━━━╇━━━━━━━━━━━━╇━━━━━━━━━━━━┩
│        R2        │   0.9848    │   0.0000   │   0.9123   │
│        R         │   0.9925    │   0.0000   │   0.9556   │
│    Spearmanr     │   0.9785    │   0.0000   │   0.9402   │
│       MSE        │   0.0135    │   0.0000   │   0.0587   │
│       MAE        │   0.0641    │   0.0000   │   0.1473   │
│       RMSE       │   0.1160    │   0.0000   │   0.2423   │
└──────────────────┴─────────────┴────────────┴────────────┘
Info[iaw]:> Result, 0.984775703366645, 0.9122547661322438, 0.9924752812883341, 0.9555753444289742, 0.9785261672773415, 0.9401677117171564, 0.013457885577470418, 0.058686641618086066, 0.0640593581859964, 0.14725941743098084, 0.1160081272043921, 0.24225325925173033
Info[iaw]:> The model will be saved as 
`/home/iaw/DATA2/AAReact/train/output/pt/ddg/hyper_seed_1_test_0-2/search_optuna/seed_42_test_0-15/r
f_soap_acsf.pkl`
[OK] Finished target=ddg search=optuna split=seed_42_test_0-15 model=rf descriptor=soap_acsf
[INFO] Train target=ddg hyper=seed_1_test_0-2 search=optuna split=seed_42_test_0-15 model=rf descriptor=acsf_xtb
                           Metric                           
┏━━━━━━━━━━━━━━━━━━┳━━━━━━━━━━━━━┳━━━━━━━━━━━━┳━━━━━━━━━━━━┓
┃       name       ┃    Train    ┃   Valid    ┃    Test    ┃
┡━━━━━━━━━━━━━━━━━━╇━━━━━━━━━━━━━╇━━━━━━━━━━━━╇━━━━━━━━━━━━┩
│        R2        │   0.9760    │   0.0000   │   0.8477   │
│        R         │   0.9903    │   0.0000   │   0.9251   │
│    Spearmanr     │   0.9765    │   0.0000   │   0.9034   │
│       MSE        │   0.0212    │   0.0000   │   0.1018   │
│       MAE        │   0.0925    │   0.0000   │   0.2174   │
│       RMSE       │   0.1456    │   0.0000   │   0.3191   │
└──────────────────┴─────────────┴────────────┴────────────┘
Info[iaw]:> Result, 0.9760101807032682, 0.8477238537157736, 0.9902850595724239, 0.9251054139799253, 0.9764993883594926, 0.9034020800282038, 0.021206381542269035, 0.10184684945320516, 0.09254103161061843, 0.21743123950106458, 0.14562411044284196, 0.3191345319034046
Info[iaw]:> The model will be saved as 
`/home/iaw/DATA2/AAReact/train/output/pt/ddg/hyper_seed_1_test_0-2/search_optuna/seed_42_test_0-15/r
f_acsf_xtb.pkl`
[OK] Finished target=ddg search=optuna split=seed_42_test_0-15 model=rf descriptor=acsf_xtb
[INFO] Train target=ddg hyper=seed_1_test_0-2 search=optuna split=seed_42_test_0-15 model=rf descriptor=rdkit_acsf
                           Metric                           
┏━━━━━━━━━━━━━━━━━━┳━━━━━━━━━━━━━┳━━━━━━━━━━━━┳━━━━━━━━━━━━┓
┃       name       ┃    Train    ┃   Valid    ┃    Test    ┃
┡━━━━━━━━━━━━━━━━━━╇━━━━━━━━━━━━━╇━━━━━━━━━━━━╇━━━━━━━━━━━━┩
│        R2        │   0.9743    │   0.0000   │   0.9096   │
│        R         │   0.9872    │   0.0000   │   0.9538   │
│    Spearmanr     │   0.9689    │   0.0000   │   0.9398   │
│       MSE        │   0.0227    │   0.0000   │   0.0604   │
│       MAE        │   0.0897    │   0.0000   │   0.1656   │
│       RMSE       │   0.1506    │   0.0000   │   0.2458   │
└──────────────────┴─────────────┴────────────┴────────────┘
Info[iaw]:> Result, 0.9743310062006543, 0.909649318024927, 0.9872349572114132, 0.9538358177928588, 0.9689366291184337, 0.9397648006849487, 0.02269072849536718, 0.06042924338217815, 0.08973277009158563, 0.16558633402248416, 0.15063442002200952, 0.24582360216663116
Info[iaw]:> The model will be saved as 
`/home/iaw/DATA2/AAReact/train/output/pt/ddg/hyper_seed_1_test_0-2/search_optuna/seed_42_test_0-15/r
f_rdkit_acsf.pkl`
[OK] Finished target=ddg search=optuna split=seed_42_test_0-15 model=rf descriptor=rdkit_acsf
[INFO] Train target=ddg hyper=seed_1_test_0-2 search=optuna split=seed_42_test_0-15 model=rf descriptor=rdkit_soap_xtb
                           Metric                           
┏━━━━━━━━━━━━━━━━━━┳━━━━━━━━━━━━━┳━━━━━━━━━━━━┳━━━━━━━━━━━━┓
┃       name       ┃    Train    ┃   Valid    ┃    Test    ┃
┡━━━━━━━━━━━━━━━━━━╇━━━━━━━━━━━━━╇━━━━━━━━━━━━╇━━━━━━━━━━━━┩
│        R2        │   0.9697    │   0.0000   │   0.8604   │
│        R         │   0.9867    │   0.0000   │   0.9301   │
│    Spearmanr     │   0.9693    │   0.0000   │   0.9093   │
│       MSE        │   0.0268    │   0.0000   │   0.0933   │
│       MAE        │   0.0994    │   0.0000   │   0.1942   │
│       RMSE       │   0.1637    │   0.0000   │   0.3055   │
└──────────────────┴─────────────┴────────────┴────────────┘
Info[iaw]:> Result, 0.969687426443021, 0.860442308076352, 0.98670926971953, 0.9300848295722628, 0.9692529874057824, 0.9092946538742414, 0.026795533239592346, 0.09334036607975854, 0.09939660365467838, 0.19422341242829266, 0.1636934123280236, 0.30551655614673084
Info[iaw]:> The model will be saved as 
`/home/iaw/DATA2/AAReact/train/output/pt/ddg/hyper_seed_1_test_0-2/search_optuna/seed_42_test_0-15/r
f_rdkit_soap_xtb.pkl`
[OK] Finished target=ddg search=optuna split=seed_42_test_0-15 model=rf descriptor=rdkit_soap_xtb
[INFO] Train target=ddg hyper=seed_1_test_0-2 search=optuna split=seed_42_test_0-15 model=rf descriptor=rdkit_soap_acsf
                           Metric                           
┏━━━━━━━━━━━━━━━━━━┳━━━━━━━━━━━━━┳━━━━━━━━━━━━┳━━━━━━━━━━━━┓
┃       name       ┃    Train    ┃   Valid    ┃    Test    ┃
┡━━━━━━━━━━━━━━━━━━╇━━━━━━━━━━━━━╇━━━━━━━━━━━━╇━━━━━━━━━━━━┩
│        R2        │   0.9791    │   0.0000   │   0.8562   │
│        R         │   0.9911    │   0.0000   │   0.9278   │
│    Spearmanr     │   0.9768    │   0.0000   │   0.9006   │
│       MSE        │   0.0185    │   0.0000   │   0.0962   │
│       MAE        │   0.0835    │   0.0000   │   0.1936   │
│       RMSE       │   0.1361    │   0.0000   │   0.3102   │
└──────────────────┴─────────────┴────────────┴────────────┘
Info[iaw]:> Result, 0.9790569673634463, 0.8561534814109655, 0.9910833802957073, 0.9278222682808153, 0.9767728702489221, 0.9005817028027499, 0.018513100713662082, 0.09620886186441822, 0.08350045579452359, 0.1935936116089892, 0.1360628557456519, 0.31017553395523995
Info[iaw]:> The model will be saved as 
`/home/iaw/DATA2/AAReact/train/output/pt/ddg/hyper_seed_1_test_0-2/search_optuna/seed_42_test_0-15/r
f_rdkit_soap_acsf.pkl`
[OK] Finished target=ddg search=optuna split=seed_42_test_0-15 model=rf descriptor=rdkit_soap_acsf
[INFO] Train target=ddg hyper=seed_1_test_0-2 search=optuna split=seed_42_test_0-15 model=rf descriptor=rdkit_xtb_acsf
                           Metric                           
┏━━━━━━━━━━━━━━━━━━┳━━━━━━━━━━━━━┳━━━━━━━━━━━━┳━━━━━━━━━━━━┓
┃       name       ┃    Train    ┃   Valid    ┃    Test    ┃
┡━━━━━━━━━━━━━━━━━━╇━━━━━━━━━━━━━╇━━━━━━━━━━━━╇━━━━━━━━━━━━┩
│        R2        │   0.9764    │   0.0000   │   0.8749   │
│        R         │   0.9900    │   0.0000   │   0.9376   │
│    Spearmanr     │   0.9742    │   0.0000   │   0.9198   │
│       MSE        │   0.0208    │   0.0000   │   0.0837   │
│       MAE        │   0.0881    │   0.0000   │   0.1858   │
│       RMSE       │   0.1443    │   0.0000   │   0.2892   │
└──────────────────┴─────────────┴────────────┴────────────┘
Info[iaw]:> Result, 0.9764431904249837, 0.874916168341888, 0.989984394425339, 0.9375524504471339, 0.9741973893198659, 0.9198207045906676, 0.02082361211592896, 0.0836598146379109, 0.08806803928534958, 0.1858240412557614, 0.14430388808320085, 0.28924006402625296
Info[iaw]:> The model will be saved as 
`/home/iaw/DATA2/AAReact/train/output/pt/ddg/hyper_seed_1_test_0-2/search_optuna/seed_42_test_0-15/r
f_rdkit_xtb_acsf.pkl`
[OK] Finished target=ddg search=optuna split=seed_42_test_0-15 model=rf descriptor=rdkit_xtb_acsf
[INFO] Train target=ddg hyper=seed_1_test_0-2 search=optuna split=seed_42_test_0-15 model=rf descriptor=soap_xtb_acsf
                           Metric                           
┏━━━━━━━━━━━━━━━━━━┳━━━━━━━━━━━━━┳━━━━━━━━━━━━┳━━━━━━━━━━━━┓
┃       name       ┃    Train    ┃   Valid    ┃    Test    ┃
┡━━━━━━━━━━━━━━━━━━╇━━━━━━━━━━━━━╇━━━━━━━━━━━━╇━━━━━━━━━━━━┩
│        R2        │   0.9776    │   0.0000   │   0.8627   │
│        R         │   0.9904    │   0.0000   │   0.9301   │
│    Spearmanr     │   0.9791    │   0.0000   │   0.8964   │
│       MSE        │   0.0198    │   0.0000   │   0.0919   │
│       MAE        │   0.0855    │   0.0000   │   0.1942   │
│       RMSE       │   0.1407    │   0.0000   │   0.3031   │
└──────────────────┴─────────────┴────────────┴────────────┘
Info[iaw]:> Result, 0.9776148986297429, 0.8626605502868617, 0.9903576832806538, 0.9301148481152088, 0.9790551693219373, 0.896351136964569, 0.019787852282184982, 0.09185673922172893, 0.0854563081178233, 0.19420273262608256, 0.1406693011363353, 0.30307876735549943
Info[iaw]:> The model will be saved as 
`/home/iaw/DATA2/AAReact/train/output/pt/ddg/hyper_seed_1_test_0-2/search_optuna/seed_42_test_0-15/r
f_soap_xtb_acsf.pkl`
[OK] Finished target=ddg search=optuna split=seed_42_test_0-15 model=rf descriptor=soap_xtb_acsf
[INFO] Train target=ddg hyper=seed_1_test_0-2 search=optuna split=seed_42_test_0-15 model=rf descriptor=rdkit_soap_xtb_acsf
                           Metric                           
┏━━━━━━━━━━━━━━━━━━┳━━━━━━━━━━━━━┳━━━━━━━━━━━━┳━━━━━━━━━━━━┓
┃       name       ┃    Train    ┃   Valid    ┃    Test    ┃
┡━━━━━━━━━━━━━━━━━━╇━━━━━━━━━━━━━╇━━━━━━━━━━━━╇━━━━━━━━━━━━┩
│        R2        │   0.9700    │   0.0000   │   0.8662   │
│        R         │   0.9867    │   0.0000   │   0.9325   │
│    Spearmanr     │   0.9669    │   0.0000   │   0.9078   │
│       MSE        │   0.0265    │   0.0000   │   0.0895   │
│       MAE        │   0.1010    │   0.0000   │   0.1894   │
│       RMSE       │   0.1628    │   0.0000   │   0.2992   │
└──────────────────┴─────────────┴────────────┴────────────┘
Info[iaw]:> Result, 0.9700270097721205, 0.8661824385251023, 0.9867305096292633, 0.9325100544099026, 0.9669365030965885, 0.9078341013824884, 0.026495350334785738, 0.08950119483776744, 0.10103310437564209, 0.18940765356394368, 0.1627739240013146, 0.2991675029774582
Info[iaw]:> The model will be saved as 
`/home/iaw/DATA2/AAReact/train/output/pt/ddg/hyper_seed_1_test_0-2/search_optuna/seed_42_test_0-15/r
f_rdkit_soap_xtb_acsf.pkl`
[OK] Finished target=ddg search=optuna split=seed_42_test_0-15 model=rf descriptor=rdkit_soap_xtb_acsf
[INFO] Train target=ddg hyper=seed_1_test_0-2 search=optuna split=seed_42_test_0-2 model=lgb descriptor=rdkit
                           Metric                           
┏━━━━━━━━━━━━━━━━━━┳━━━━━━━━━━━━━┳━━━━━━━━━━━━┳━━━━━━━━━━━━┓
┃       name       ┃    Train    ┃   Valid    ┃    Test    ┃
┡━━━━━━━━━━━━━━━━━━╇━━━━━━━━━━━━━╇━━━━━━━━━━━━╇━━━━━━━━━━━━┩
│        R2        │   0.9820    │   0.0000   │   0.5097   │
│        R         │   0.9912    │   0.0000   │   0.7441   │
│    Spearmanr     │   0.9778    │   0.0000   │   0.7022   │
│       MSE        │   0.0158    │   0.0000   │   0.3647   │
│       MAE        │   0.0784    │   0.0000   │   0.3144   │
│       RMSE       │   0.1257    │   0.0000   │   0.6039   │
└──────────────────┴─────────────┴────────────┴────────────┘
Info[iaw]:> Result, 0.9819590710598388, 0.5097404492233715, 0.9912277483519043, 0.7440562422135294, 0.9777890730870975, 0.7022017609734331, 0.015800228695455096, 0.36470636446905313, 0.07843559724213314, 0.31444669624023736, 0.12569896059814933, 0.6039092352904144
Info[iaw]:> The model will be saved as 
`/home/iaw/DATA2/AAReact/train/output/pt/ddg/hyper_seed_1_test_0-2/search_optuna/seed_42_test_0-2/lg
b_rdkit.pkl`
[OK] Finished target=ddg search=optuna split=seed_42_test_0-2 model=lgb descriptor=rdkit
[INFO] Train target=ddg hyper=seed_1_test_0-2 search=optuna split=seed_42_test_0-2 model=lgb descriptor=xtb
                           Metric                           
┏━━━━━━━━━━━━━━━━━━┳━━━━━━━━━━━━━┳━━━━━━━━━━━━┳━━━━━━━━━━━━┓
┃       name       ┃    Train    ┃   Valid    ┃    Test    ┃
┡━━━━━━━━━━━━━━━━━━╇━━━━━━━━━━━━━╇━━━━━━━━━━━━╇━━━━━━━━━━━━┩
│        R2        │   0.9834    │   0.0000   │   0.6211   │
│        R         │   0.9918    │   0.0000   │   0.7987   │
│    Spearmanr     │   0.9721    │   0.0000   │   0.7591   │
│       MSE        │   0.0146    │   0.0000   │   0.2819   │
│       MAE        │   0.0890    │   0.0000   │   0.2969   │
│       RMSE       │   0.1207    │   0.0000   │   0.5309   │
└──────────────────┴─────────────┴────────────┴────────────┘
Info[iaw]:> Result, 0.9833557526858279, 0.6210983271506507, 0.9918271119839316, 0.7987126274237769, 0.9720945053708041, 0.7591232137220972, 0.014577016233471417, 0.2818667201428774, 0.08903928754873437, 0.2969383945260889, 0.12073531477356332, 0.530911216817725
Info[iaw]:> The model will be saved as 
`/home/iaw/DATA2/AAReact/train/output/pt/ddg/hyper_seed_1_test_0-2/search_optuna/seed_42_test_0-2/lg
b_xtb.pkl`
[OK] Finished target=ddg search=optuna split=seed_42_test_0-2 model=lgb descriptor=xtb
[INFO] Train target=ddg hyper=seed_1_test_0-2 search=optuna split=seed_42_test_0-2 model=lgb descriptor=soap
                           Metric                           
┏━━━━━━━━━━━━━━━━━━┳━━━━━━━━━━━━━┳━━━━━━━━━━━━┳━━━━━━━━━━━━┓
┃       name       ┃    Train    ┃   Valid    ┃    Test    ┃
┡━━━━━━━━━━━━━━━━━━╇━━━━━━━━━━━━━╇━━━━━━━━━━━━╇━━━━━━━━━━━━┩
│        R2        │   0.5176    │   0.0000   │   0.1209   │
│        R         │   0.7234    │   0.0000   │   0.4367   │
│    Spearmanr     │   0.6542    │   0.0000   │   0.3634   │
│       MSE        │   0.4225    │   0.0000   │   0.6540   │
│       MAE        │   0.4756    │   0.0000   │   0.6067   │
│       RMSE       │   0.6500    │   0.0000   │   0.8087   │
└──────────────────┴─────────────┴────────────┴────────────┘
Info[iaw]:> Result, 0.5176207373188753, 0.12090834065609724, 0.7234007047468697, 0.43669573875547474, 0.6541664537972299, 0.36339395522469287, 0.42246730717618336, 0.653960382019071, 0.47562312454905475, 0.6066780902825601, 0.6499748511874773, 0.8086781696194544
Info[iaw]:> The model will be saved as 
`/home/iaw/DATA2/AAReact/train/output/pt/ddg/hyper_seed_1_test_0-2/search_optuna/seed_42_test_0-2/lg
b_soap.pkl`
[OK] Finished target=ddg search=optuna split=seed_42_test_0-2 model=lgb descriptor=soap
[INFO] Train target=ddg hyper=seed_1_test_0-2 search=optuna split=seed_42_test_0-2 model=lgb descriptor=acsf
                           Metric                           
┏━━━━━━━━━━━━━━━━━━┳━━━━━━━━━━━━━┳━━━━━━━━━━━━┳━━━━━━━━━━━━┓
┃       name       ┃    Train    ┃   Valid    ┃    Test    ┃
┡━━━━━━━━━━━━━━━━━━╇━━━━━━━━━━━━━╇━━━━━━━━━━━━╇━━━━━━━━━━━━┩
│        R2        │   0.9921    │   0.0000   │   0.4622   │
│        R         │   0.9961    │   0.0000   │   0.7214   │
│    Spearmanr     │   0.9827    │   0.0000   │   0.6847   │
│       MSE        │   0.0070    │   0.0000   │   0.4001   │
│       MAE        │   0.0582    │   0.0000   │   0.3317   │
│       RMSE       │   0.0834    │   0.0000   │   0.6325   │
└──────────────────┴─────────────┴────────────┴────────────┘
Info[iaw]:> Result, 0.9920530036049675, 0.4622027050339843, 0.9960908922791893, 0.7213704373089436, 0.982650635794104, 0.6846573285009959, 0.006959972011416192, 0.4000699139009957, 0.05815944532429588, 0.33166488728038596, 0.08342644671455325, 0.6325108014105338
Info[iaw]:> The model will be saved as 
`/home/iaw/DATA2/AAReact/train/output/pt/ddg/hyper_seed_1_test_0-2/search_optuna/seed_42_test_0-2/lg
b_acsf.pkl`
[OK] Finished target=ddg search=optuna split=seed_42_test_0-2 model=lgb descriptor=acsf
[INFO] Train target=ddg hyper=seed_1_test_0-2 search=optuna split=seed_42_test_0-2 model=lgb descriptor=rdkit_soap
                           Metric                           
┏━━━━━━━━━━━━━━━━━━┳━━━━━━━━━━━━━┳━━━━━━━━━━━━┳━━━━━━━━━━━━┓
┃       name       ┃    Train    ┃   Valid    ┃    Test    ┃
┡━━━━━━━━━━━━━━━━━━╇━━━━━━━━━━━━━╇━━━━━━━━━━━━╇━━━━━━━━━━━━┩
│        R2        │   0.9929    │   0.0000   │   0.4747   │
│        R         │   0.9965    │   0.0000   │   0.7251   │
│    Spearmanr     │   0.9887    │   0.0000   │   0.6758   │
│       MSE        │   0.0062    │   0.0000   │   0.3908   │
│       MAE        │   0.0530    │   0.0000   │   0.3243   │
│       RMSE       │   0.0790    │   0.0000   │   0.6251   │
└──────────────────┴─────────────┴────────────┴────────────┘
Info[iaw]:> Result, 0.9928685577699093, 0.47468064242954544, 0.9965260375366423, 0.725080770682749, 0.9886988409800365, 0.6758198104069395, 0.006245710436396867, 0.3907875181243126, 0.05302580871397599, 0.3243184395864088, 0.07902980726534051, 0.6251300009792464
Info[iaw]:> The model will be saved as 
`/home/iaw/DATA2/AAReact/train/output/pt/ddg/hyper_seed_1_test_0-2/search_optuna/seed_42_test_0-2/lg
b_rdkit_soap.pkl`
[OK] Finished target=ddg search=optuna split=seed_42_test_0-2 model=lgb descriptor=rdkit_soap
[INFO] Train target=ddg hyper=seed_1_test_0-2 search=optuna split=seed_42_test_0-2 model=lgb descriptor=soap_xtb
                           Metric                           
┏━━━━━━━━━━━━━━━━━━┳━━━━━━━━━━━━━┳━━━━━━━━━━━━┳━━━━━━━━━━━━┓
┃       name       ┃    Train    ┃   Valid    ┃    Test    ┃
┡━━━━━━━━━━━━━━━━━━╇━━━━━━━━━━━━━╇━━━━━━━━━━━━╇━━━━━━━━━━━━┩
│        R2        │   0.9989    │   0.0000   │   0.6280   │
│        R         │   0.9994    │   0.0000   │   0.8087   │
│    Spearmanr     │   0.9925    │   0.0000   │   0.7716   │
│       MSE        │   0.0010    │   0.0000   │   0.2767   │
│       MAE        │   0.0217    │   0.0000   │   0.2830   │
│       RMSE       │   0.0313    │   0.0000   │   0.5260   │
└──────────────────┴─────────────┴────────────┴────────────┘
Info[iaw]:> Result, 0.9988782064745918, 0.6280247886360153, 0.9994450786982307, 0.8087038600664522, 0.9924658939866909, 0.7715958685691275, 0.0009824657205468432, 0.2767140931660841, 0.021683926769053685, 0.28302153960641324, 0.03134430922108259, 0.5260362089876363
Info[iaw]:> The model will be saved as 
`/home/iaw/DATA2/AAReact/train/output/pt/ddg/hyper_seed_1_test_0-2/search_optuna/seed_42_test_0-2/lg
b_soap_xtb.pkl`
[OK] Finished target=ddg search=optuna split=seed_42_test_0-2 model=lgb descriptor=soap_xtb
[INFO] Train target=ddg hyper=seed_1_test_0-2 search=optuna split=seed_42_test_0-2 model=lgb descriptor=rdkit_xtb
                           Metric                           
┏━━━━━━━━━━━━━━━━━━┳━━━━━━━━━━━━━┳━━━━━━━━━━━━┳━━━━━━━━━━━━┓
┃       name       ┃    Train    ┃   Valid    ┃    Test    ┃
┡━━━━━━━━━━━━━━━━━━╇━━━━━━━━━━━━━╇━━━━━━━━━━━━╇━━━━━━━━━━━━┩
│        R2        │   0.9895    │   0.0000   │   0.5931   │
│        R         │   0.9949    │   0.0000   │   0.7841   │
│    Spearmanr     │   0.9837    │   0.0000   │   0.7379   │
│       MSE        │   0.0092    │   0.0000   │   0.3027   │
│       MAE        │   0.0682    │   0.0000   │   0.2843   │
│       RMSE       │   0.0957    │   0.0000   │   0.5502   │
└──────────────────┴─────────────┴────────────┴────────────┘
Info[iaw]:> Result, 0.9895326930650152, 0.5931162929824212, 0.9949259093735565, 0.7841009794742876, 0.9836803754583909, 0.7378783426388482, 0.009167257625526969, 0.30268268575900364, 0.06820655280062436, 0.28425205275752485, 0.09574579690789026, 0.5501660528958541
Info[iaw]:> The model will be saved as 
`/home/iaw/DATA2/AAReact/train/output/pt/ddg/hyper_seed_1_test_0-2/search_optuna/seed_42_test_0-2/lg
b_rdkit_xtb.pkl`
[OK] Finished target=ddg search=optuna split=seed_42_test_0-2 model=lgb descriptor=rdkit_xtb
[INFO] Train target=ddg hyper=seed_1_test_0-2 search=optuna split=seed_42_test_0-2 model=lgb descriptor=soap_acsf
                           Metric                           
┏━━━━━━━━━━━━━━━━━━┳━━━━━━━━━━━━━┳━━━━━━━━━━━━┳━━━━━━━━━━━━┓
┃       name       ┃    Train    ┃   Valid    ┃    Test    ┃
┡━━━━━━━━━━━━━━━━━━╇━━━━━━━━━━━━━╇━━━━━━━━━━━━╇━━━━━━━━━━━━┩
│        R2        │   0.9941    │   0.0000   │   0.6777   │
│        R         │   0.9971    │   0.0000   │   0.8311   │
│    Spearmanr     │   0.9879    │   0.0000   │   0.7865   │
│       MSE        │   0.0052    │   0.0000   │   0.2397   │
│       MAE        │   0.0497    │   0.0000   │   0.2709   │
│       RMSE       │   0.0722    │   0.0000   │   0.4896   │
└──────────────────┴─────────────┴────────────┴────────────┘
Info[iaw]:> Result, 0.9940530969133332, 0.6777459034848308, 0.9970738594644721, 0.8310823557035599, 0.9878845396175278, 0.7864629248702126, 0.005208292162266166, 0.23972632412592154, 0.049728511034638316, 0.27086990588982895, 0.07216849840661899, 0.4896185496138004
Info[iaw]:> The model will be saved as 
`/home/iaw/DATA2/AAReact/train/output/pt/ddg/hyper_seed_1_test_0-2/search_optuna/seed_42_test_0-2/lg
b_soap_acsf.pkl`
[OK] Finished target=ddg search=optuna split=seed_42_test_0-2 model=lgb descriptor=soap_acsf
[INFO] Train target=ddg hyper=seed_1_test_0-2 search=optuna split=seed_42_test_0-2 model=lgb descriptor=acsf_xtb
                           Metric                           
┏━━━━━━━━━━━━━━━━━━┳━━━━━━━━━━━━━┳━━━━━━━━━━━━┳━━━━━━━━━━━━┓
┃       name       ┃    Train    ┃   Valid    ┃    Test    ┃
┡━━━━━━━━━━━━━━━━━━╇━━━━━━━━━━━━━╇━━━━━━━━━━━━╇━━━━━━━━━━━━┩
│        R2        │   0.9909    │   0.0000   │   0.5828   │
│        R         │   0.9956    │   0.0000   │   0.7816   │
│    Spearmanr     │   0.9822    │   0.0000   │   0.7460   │
│       MSE        │   0.0080    │   0.0000   │   0.3103   │
│       MAE        │   0.0649    │   0.0000   │   0.3166   │
│       RMSE       │   0.0892    │   0.0000   │   0.5571   │
└──────────────────┴─────────────┴────────────┴────────────┘
Info[iaw]:> Result, 0.990907698209958, 0.5828363200278509, 0.9955620541605562, 0.7815782788763453, 0.982209368275671, 0.7460193075826341, 0.007963029405373554, 0.3103300055453544, 0.064880683326988, 0.3165641834785097, 0.08923580786530458, 0.5570727111835172
Info[iaw]:> The model will be saved as 
`/home/iaw/DATA2/AAReact/train/output/pt/ddg/hyper_seed_1_test_0-2/search_optuna/seed_42_test_0-2/lg
b_acsf_xtb.pkl`
[OK] Finished target=ddg search=optuna split=seed_42_test_0-2 model=lgb descriptor=acsf_xtb
[INFO] Train target=ddg hyper=seed_1_test_0-2 search=optuna split=seed_42_test_0-2 model=lgb descriptor=rdkit_acsf
                           Metric                           
┏━━━━━━━━━━━━━━━━━━┳━━━━━━━━━━━━━┳━━━━━━━━━━━━┳━━━━━━━━━━━━┓
┃       name       ┃    Train    ┃   Valid    ┃    Test    ┃
┡━━━━━━━━━━━━━━━━━━╇━━━━━━━━━━━━━╇━━━━━━━━━━━━╇━━━━━━━━━━━━┩
│        R2        │   0.9736    │   0.0000   │   0.4889   │
│        R         │   0.9878    │   0.0000   │   0.7250   │
│    Spearmanr     │   0.9732    │   0.0000   │   0.6850   │
│       MSE        │   0.0231    │   0.0000   │   0.3802   │
│       MAE        │   0.1015    │   0.0000   │   0.3379   │
│       RMSE       │   0.1521    │   0.0000   │   0.6166   │
└──────────────────┴─────────────┴────────────┴────────────┘
Info[iaw]:> Result, 0.9735835019903031, 0.48886109596046756, 0.9877804704901518, 0.7250392294558777, 0.9732091041732512, 0.685049139648023, 0.023135544254436653, 0.38023861266068143, 0.1014532691674445, 0.3378793614470063, 0.15210372860136157, 0.6166349103486449
Info[iaw]:> The model will be saved as 
`/home/iaw/DATA2/AAReact/train/output/pt/ddg/hyper_seed_1_test_0-2/search_optuna/seed_42_test_0-2/lg
b_rdkit_acsf.pkl`
[OK] Finished target=ddg search=optuna split=seed_42_test_0-2 model=lgb descriptor=rdkit_acsf
[INFO] Train target=ddg hyper=seed_1_test_0-2 search=optuna split=seed_42_test_0-2 model=lgb descriptor=rdkit_soap_xtb
                           Metric                           
┏━━━━━━━━━━━━━━━━━━┳━━━━━━━━━━━━━┳━━━━━━━━━━━━┳━━━━━━━━━━━━┓
┃       name       ┃    Train    ┃   Valid    ┃    Test    ┃
┡━━━━━━━━━━━━━━━━━━╇━━━━━━━━━━━━━╇━━━━━━━━━━━━╇━━━━━━━━━━━━┩
│        R2        │   0.9951    │   0.0000   │   0.6656   │
│        R         │   0.9976    │   0.0000   │   0.8237   │
│    Spearmanr     │   0.9894    │   0.0000   │   0.8010   │
│       MSE        │   0.0043    │   0.0000   │   0.2488   │
│       MAE        │   0.0441    │   0.0000   │   0.2635   │
│       RMSE       │   0.0657    │   0.0000   │   0.4988   │
└──────────────────┴─────────────┴────────────┴────────────┘
Info[iaw]:> Result, 0.9950647526336178, 0.6655897780203298, 0.9975889698815833, 0.8237052758461424, 0.9894189313809959, 0.8010034718821085, 0.004322285028455071, 0.24876932250742126, 0.04406220279434069, 0.26352956281610296, 0.06574408740301345, 0.49876780420093403
Info[iaw]:> The model will be saved as 
`/home/iaw/DATA2/AAReact/train/output/pt/ddg/hyper_seed_1_test_0-2/search_optuna/seed_42_test_0-2/lg
b_rdkit_soap_xtb.pkl`
[OK] Finished target=ddg search=optuna split=seed_42_test_0-2 model=lgb descriptor=rdkit_soap_xtb
[INFO] Train target=ddg hyper=seed_1_test_0-2 search=optuna split=seed_42_test_0-2 model=lgb descriptor=rdkit_soap_acsf
                           Metric                           
┏━━━━━━━━━━━━━━━━━━┳━━━━━━━━━━━━━┳━━━━━━━━━━━━┳━━━━━━━━━━━━┓
┃       name       ┃    Train    ┃   Valid    ┃    Test    ┃
┡━━━━━━━━━━━━━━━━━━╇━━━━━━━━━━━━━╇━━━━━━━━━━━━╇━━━━━━━━━━━━┩
│        R2        │   0.9806    │   0.0000   │   0.5469   │
│        R         │   0.9909    │   0.0000   │   0.7578   │
│    Spearmanr     │   0.9774    │   0.0000   │   0.7115   │
│       MSE        │   0.0169    │   0.0000   │   0.3371   │
│       MAE        │   0.0862    │   0.0000   │   0.3226   │
│       RMSE       │   0.1302    │   0.0000   │   0.5806   │
└──────────────────┴─────────────┴────────────┴────────────┘
Info[iaw]:> Result, 0.980647376494434, 0.5468866343646381, 0.9909207787720381, 0.7578054680580963, 0.9774219274281187, 0.7115181593583005, 0.01694900956925174, 0.3370731442384529, 0.08620286457345419, 0.322642022600369, 0.13018836188097513, 0.5805800067505364
Info[iaw]:> The model will be saved as 
`/home/iaw/DATA2/AAReact/train/output/pt/ddg/hyper_seed_1_test_0-2/search_optuna/seed_42_test_0-2/lg
b_rdkit_soap_acsf.pkl`
[OK] Finished target=ddg search=optuna split=seed_42_test_0-2 model=lgb descriptor=rdkit_soap_acsf
[INFO] Train target=ddg hyper=seed_1_test_0-2 search=optuna split=seed_42_test_0-2 model=lgb descriptor=rdkit_xtb_acsf
                           Metric                           
┏━━━━━━━━━━━━━━━━━━┳━━━━━━━━━━━━━┳━━━━━━━━━━━━┳━━━━━━━━━━━━┓
┃       name       ┃    Train    ┃   Valid    ┃    Test    ┃
┡━━━━━━━━━━━━━━━━━━╇━━━━━━━━━━━━━╇━━━━━━━━━━━━╇━━━━━━━━━━━━┩
│        R2        │   0.9929    │   0.0000   │   0.6604   │
│        R         │   0.9966    │   0.0000   │   0.8206   │
│    Spearmanr     │   0.9874    │   0.0000   │   0.7655   │
│       MSE        │   0.0062    │   0.0000   │   0.2526   │
│       MAE        │   0.0531    │   0.0000   │   0.2656   │
│       RMSE       │   0.0787    │   0.0000   │   0.5026   │
└──────────────────┴─────────────┴────────────┴────────────┘
Info[iaw]:> Result, 0.9929344467807713, 0.6604424057366498, 0.9965737040245395, 0.8205912824711713, 0.9873892393417355, 0.765501028504261, 0.0061880049022977465, 0.2525984767363922, 0.0531414757736417, 0.26564454651282393, 0.07866387291697344, 0.5025917595189879
Info[iaw]:> The model will be saved as 
`/home/iaw/DATA2/AAReact/train/output/pt/ddg/hyper_seed_1_test_0-2/search_optuna/seed_42_test_0-2/lg
b_rdkit_xtb_acsf.pkl`
[OK] Finished target=ddg search=optuna split=seed_42_test_0-2 model=lgb descriptor=rdkit_xtb_acsf
[INFO] Train target=ddg hyper=seed_1_test_0-2 search=optuna split=seed_42_test_0-2 model=lgb descriptor=soap_xtb_acsf
                           Metric                           
┏━━━━━━━━━━━━━━━━━━┳━━━━━━━━━━━━━┳━━━━━━━━━━━━┳━━━━━━━━━━━━┓
┃       name       ┃    Train    ┃   Valid    ┃    Test    ┃
┡━━━━━━━━━━━━━━━━━━╇━━━━━━━━━━━━━╇━━━━━━━━━━━━╇━━━━━━━━━━━━┩
│        R2        │   0.9975    │   0.0000   │   0.5913   │
│        R         │   0.9987    │   0.0000   │   0.7890   │
│    Spearmanr     │   0.9899    │   0.0000   │   0.7638   │
│       MSE        │   0.0022    │   0.0000   │   0.3040   │
│       MAE        │   0.0341    │   0.0000   │   0.3128   │
│       RMSE       │   0.0473    │   0.0000   │   0.5514   │
└──────────────────┴─────────────┴────────────┴────────────┘
Info[iaw]:> Result, 0.9974506324714498, 0.5913145273793825, 0.998736642226908, 0.7889806833789315, 0.9899000307397898, 0.7637596456285849, 0.002232733697553195, 0.30402302758746713, 0.03409980520450963, 0.3127515294124845, 0.04725181157959126, 0.5513828321479253
Info[iaw]:> The model will be saved as 
`/home/iaw/DATA2/AAReact/train/output/pt/ddg/hyper_seed_1_test_0-2/search_optuna/seed_42_test_0-2/lg
b_soap_xtb_acsf.pkl`
[OK] Finished target=ddg search=optuna split=seed_42_test_0-2 model=lgb descriptor=soap_xtb_acsf
[INFO] Train target=ddg hyper=seed_1_test_0-2 search=optuna split=seed_42_test_0-2 model=lgb descriptor=rdkit_soap_xtb_acsf
                           Metric                           
┏━━━━━━━━━━━━━━━━━━┳━━━━━━━━━━━━━┳━━━━━━━━━━━━┳━━━━━━━━━━━━┓
┃       name       ┃    Train    ┃   Valid    ┃    Test    ┃
┡━━━━━━━━━━━━━━━━━━╇━━━━━━━━━━━━━╇━━━━━━━━━━━━╇━━━━━━━━━━━━┩
│        R2        │   0.9951    │   0.0000   │   0.6623   │
│        R         │   0.9976    │   0.0000   │   0.8211   │
│    Spearmanr     │   0.9887    │   0.0000   │   0.7748   │
│       MSE        │   0.0043    │   0.0000   │   0.2512   │
│       MAE        │   0.0447    │   0.0000   │   0.2648   │
│       RMSE       │   0.0655    │   0.0000   │   0.5012   │
└──────────────────┴─────────────┴────────────┴────────────┘
Info[iaw]:> Result, 0.9950998175257035, 0.6623320932799941, 0.99763126601759, 0.8210950751042589, 0.9887272428140329, 0.7747521250312907, 0.0042915752287561275, 0.2511927293668125, 0.04467145660365661, 0.26484591271142055, 0.06551011546895737, 0.5011913101469463
Info[iaw]:> The model will be saved as 
`/home/iaw/DATA2/AAReact/train/output/pt/ddg/hyper_seed_1_test_0-2/search_optuna/seed_42_test_0-2/lg
b_rdkit_soap_xtb_acsf.pkl`
[OK] Finished target=ddg search=optuna split=seed_42_test_0-2 model=lgb descriptor=rdkit_soap_xtb_acsf
[INFO] Train target=ddg hyper=seed_1_test_0-2 search=optuna split=seed_42_test_0-2 model=xgb descriptor=rdkit
                           Metric                           
┏━━━━━━━━━━━━━━━━━━┳━━━━━━━━━━━━━┳━━━━━━━━━━━━┳━━━━━━━━━━━━┓
┃       name       ┃    Train    ┃   Valid    ┃    Test    ┃
┡━━━━━━━━━━━━━━━━━━╇━━━━━━━━━━━━━╇━━━━━━━━━━━━╇━━━━━━━━━━━━┩
│        R2        │   0.9733    │   0.0000   │   0.5435   │
│        R         │   0.9874    │   0.0000   │   0.7564   │
│    Spearmanr     │   0.9714    │   0.0000   │   0.6853   │
│       MSE        │   0.0234    │   0.0000   │   0.3396   │
│       MAE        │   0.0961    │   0.0000   │   0.3209   │
│       RMSE       │   0.1530    │   0.0000   │   0.5827   │
└──────────────────┴─────────────┴────────────┴────────────┘
Info[iaw]:> Result, 0.9732637049409022, 0.543543561929971, 0.9874448979254834, 0.7563819031789282, 0.9713695658762356, 0.6852885797934286, 0.023415622211254986, 0.3395600714015704, 0.09614241088011692, 0.32087440265929484, 0.15302163968293828, 0.5827178317175221
Info[iaw]:> The model will be saved as 
`/home/iaw/DATA2/AAReact/train/output/pt/ddg/hyper_seed_1_test_0-2/search_optuna/seed_42_test_0-2/xg
b_rdkit.pkl`
[OK] Finished target=ddg search=optuna split=seed_42_test_0-2 model=xgb descriptor=rdkit
[INFO] Train target=ddg hyper=seed_1_test_0-2 search=optuna split=seed_42_test_0-2 model=xgb descriptor=xtb
                           Metric                           
┏━━━━━━━━━━━━━━━━━━┳━━━━━━━━━━━━━┳━━━━━━━━━━━━┳━━━━━━━━━━━━┓
┃       name       ┃    Train    ┃   Valid    ┃    Test    ┃
┡━━━━━━━━━━━━━━━━━━╇━━━━━━━━━━━━━╇━━━━━━━━━━━━╇━━━━━━━━━━━━┩
│        R2        │   0.9889    │   0.0000   │   0.6196   │
│        R         │   0.9946    │   0.0000   │   0.7977   │
│    Spearmanr     │   0.9795    │   0.0000   │   0.7536   │
│       MSE        │   0.0097    │   0.0000   │   0.2830   │
│       MAE        │   0.0682    │   0.0000   │   0.2937   │
│       RMSE       │   0.0987    │   0.0000   │   0.5320   │
└──────────────────┴─────────────┴────────────┴────────────┘
Info[iaw]:> Result, 0.9888826433405467, 0.6195788099700845, 0.9946117706310743, 0.797677130508151, 0.9794772503907417, 0.7536378576637173, 0.009736570566345474, 0.2829970960545647, 0.06821891794060969, 0.2936938721810318, 0.09867406227750773, 0.5319747137360616
Info[iaw]:> The model will be saved as 
`/home/iaw/DATA2/AAReact/train/output/pt/ddg/hyper_seed_1_test_0-2/search_optuna/seed_42_test_0-2/xg
b_xtb.pkl`
[OK] Finished target=ddg search=optuna split=seed_42_test_0-2 model=xgb descriptor=xtb
[INFO] Train target=ddg hyper=seed_1_test_0-2 search=optuna split=seed_42_test_0-2 model=xgb descriptor=soap
                           Metric                           
┏━━━━━━━━━━━━━━━━━━┳━━━━━━━━━━━━━┳━━━━━━━━━━━━┳━━━━━━━━━━━━┓
┃       name       ┃    Train    ┃   Valid    ┃    Test    ┃
┡━━━━━━━━━━━━━━━━━━╇━━━━━━━━━━━━━╇━━━━━━━━━━━━╇━━━━━━━━━━━━┩
│        R2        │   0.5180    │   0.0000   │   0.1256   │
│        R         │   0.7225    │   0.0000   │   0.4403   │
│    Spearmanr     │   0.6541    │   0.0000   │   0.3554   │
│       MSE        │   0.4221    │   0.0000   │   0.6505   │
│       MAE        │   0.4757    │   0.0000   │   0.6004   │
│       RMSE       │   0.6497    │   0.0000   │   0.8065   │
└──────────────────┴─────────────┴────────────┴────────────┘
Info[iaw]:> Result, 0.5179965541816529, 0.125575635580206, 0.7225106743895972, 0.44031314909517294, 0.6540961419398972, 0.35536182671063665, 0.4221381671191946, 0.6504883595750818, 0.4756762428318371, 0.6003798271102494, 0.6497216073975027, 0.8065285857147791
Info[iaw]:> The model will be saved as 
`/home/iaw/DATA2/AAReact/train/output/pt/ddg/hyper_seed_1_test_0-2/search_optuna/seed_42_test_0-2/xg
b_soap.pkl`
[OK] Finished target=ddg search=optuna split=seed_42_test_0-2 model=xgb descriptor=soap
[INFO] Train target=ddg hyper=seed_1_test_0-2 search=optuna split=seed_42_test_0-2 model=xgb descriptor=acsf
                           Metric                           
┏━━━━━━━━━━━━━━━━━━┳━━━━━━━━━━━━━┳━━━━━━━━━━━━┳━━━━━━━━━━━━┓
┃       name       ┃    Train    ┃   Valid    ┃    Test    ┃
┡━━━━━━━━━━━━━━━━━━╇━━━━━━━━━━━━━╇━━━━━━━━━━━━╇━━━━━━━━━━━━┩
│        R2        │   0.9865    │   0.0000   │   0.5340   │
│        R         │   0.9934    │   0.0000   │   0.7563   │
│    Spearmanr     │   0.9793    │   0.0000   │   0.7005   │
│       MSE        │   0.0118    │   0.0000   │   0.3466   │
│       MAE        │   0.0740    │   0.0000   │   0.3208   │
│       RMSE       │   0.1086    │   0.0000   │   0.5888   │
└──────────────────┴─────────────┴────────────┴────────────┘
Info[iaw]:> Result, 0.9865377832370806, 0.5340139258528331, 0.9934255472106662, 0.7563089623596345, 0.9793276212165164, 0.7005039126696488, 0.011790196852247794, 0.346649212088173, 0.07399019521514583, 0.3207781411129999, 0.10858267289143234, 0.5887692350048302
Info[iaw]:> The model will be saved as 
`/home/iaw/DATA2/AAReact/train/output/pt/ddg/hyper_seed_1_test_0-2/search_optuna/seed_42_test_0-2/xg
b_acsf.pkl`
[OK] Finished target=ddg search=optuna split=seed_42_test_0-2 model=xgb descriptor=acsf
[INFO] Train target=ddg hyper=seed_1_test_0-2 search=optuna split=seed_42_test_0-2 model=xgb descriptor=rdkit_soap
                           Metric                           
┏━━━━━━━━━━━━━━━━━━┳━━━━━━━━━━━━━┳━━━━━━━━━━━━┳━━━━━━━━━━━━┓
┃       name       ┃    Train    ┃   Valid    ┃    Test    ┃
┡━━━━━━━━━━━━━━━━━━╇━━━━━━━━━━━━━╇━━━━━━━━━━━━╇━━━━━━━━━━━━┩
│        R2        │   0.9895    │   0.0000   │   0.6304   │
│        R         │   0.9951    │   0.0000   │   0.8024   │
│    Spearmanr     │   0.9854    │   0.0000   │   0.7593   │
│       MSE        │   0.0092    │   0.0000   │   0.2749   │
│       MAE        │   0.0632    │   0.0000   │   0.2771   │
│       RMSE       │   0.0961    │   0.0000   │   0.5243   │
└──────────────────┴─────────────┴────────────┴────────────┘
Info[iaw]:> Result, 0.9894546740650676, 0.6304306888975527, 0.9950727408452119, 0.8024278081090774, 0.9854018036896407, 0.7593191192956108, 0.009235586592724346, 0.2749243327498505, 0.06319976974221304, 0.2770588349780256, 0.09610195935944463, 0.5243322732293431
Info[iaw]:> The model will be saved as 
`/home/iaw/DATA2/AAReact/train/output/pt/ddg/hyper_seed_1_test_0-2/search_optuna/seed_42_test_0-2/xg
b_rdkit_soap.pkl`
[OK] Finished target=ddg search=optuna split=seed_42_test_0-2 model=xgb descriptor=rdkit_soap
[INFO] Train target=ddg hyper=seed_1_test_0-2 search=optuna split=seed_42_test_0-2 model=xgb descriptor=soap_xtb
                           Metric                           
┏━━━━━━━━━━━━━━━━━━┳━━━━━━━━━━━━━┳━━━━━━━━━━━━┳━━━━━━━━━━━━┓
┃       name       ┃    Train    ┃   Valid    ┃    Test    ┃
┡━━━━━━━━━━━━━━━━━━╇━━━━━━━━━━━━━╇━━━━━━━━━━━━╇━━━━━━━━━━━━┩
│        R2        │   0.9935    │   0.0000   │   0.5948   │
│        R         │   0.9969    │   0.0000   │   0.7834   │
│    Spearmanr     │   0.9890    │   0.0000   │   0.7497   │
│       MSE        │   0.0057    │   0.0000   │   0.3014   │
│       MAE        │   0.0509    │   0.0000   │   0.2707   │
│       RMSE       │   0.0755    │   0.0000   │   0.5490   │
└──────────────────┴─────────────┴────────────┴────────────┘
Info[iaw]:> Result, 0.993483332961806, 0.5948155369991884, 0.9968878270490367, 0.7834081275984108, 0.9890230375241913, 0.7497415134793919, 0.005707290898219063, 0.3014186102163258, 0.05091875828361431, 0.2707141280348735, 0.0755466140751461, 0.5490160382141179
Info[iaw]:> The model will be saved as 
`/home/iaw/DATA2/AAReact/train/output/pt/ddg/hyper_seed_1_test_0-2/search_optuna/seed_42_test_0-2/xg
b_soap_xtb.pkl`
[OK] Finished target=ddg search=optuna split=seed_42_test_0-2 model=xgb descriptor=soap_xtb
[INFO] Train target=ddg hyper=seed_1_test_0-2 search=optuna split=seed_42_test_0-2 model=xgb descriptor=rdkit_xtb
                           Metric                           
┏━━━━━━━━━━━━━━━━━━┳━━━━━━━━━━━━━┳━━━━━━━━━━━━┳━━━━━━━━━━━━┓
┃       name       ┃    Train    ┃   Valid    ┃    Test    ┃
┡━━━━━━━━━━━━━━━━━━╇━━━━━━━━━━━━━╇━━━━━━━━━━━━╇━━━━━━━━━━━━┩
│        R2        │   0.9961    │   0.0000   │   0.6399   │
│        R         │   0.9981    │   0.0000   │   0.8128   │
│    Spearmanr     │   0.9900    │   0.0000   │   0.7865   │
│       MSE        │   0.0034    │   0.0000   │   0.2679   │
│       MAE        │   0.0414    │   0.0000   │   0.2635   │
│       RMSE       │   0.0583    │   0.0000   │   0.5176   │
└──────────────────┴─────────────┴────────────┴────────────┘
Info[iaw]:> Result, 0.9961242799478637, 0.6398760077065321, 0.9980912046407668, 0.8128344766444813, 0.9900468890033813, 0.7864629248702126, 0.0033943519974181506, 0.2678979160719559, 0.041418339511302006, 0.26353047233992066, 0.05826106759593537, 0.5175885586756684
Info[iaw]:> The model will be saved as 
`/home/iaw/DATA2/AAReact/train/output/pt/ddg/hyper_seed_1_test_0-2/search_optuna/seed_42_test_0-2/xg
b_rdkit_xtb.pkl`
[OK] Finished target=ddg search=optuna split=seed_42_test_0-2 model=xgb descriptor=rdkit_xtb
[INFO] Train target=ddg hyper=seed_1_test_0-2 search=optuna split=seed_42_test_0-2 model=xgb descriptor=soap_acsf
                           Metric                           
┏━━━━━━━━━━━━━━━━━━┳━━━━━━━━━━━━━┳━━━━━━━━━━━━┳━━━━━━━━━━━━┓
┃       name       ┃    Train    ┃   Valid    ┃    Test    ┃
┡━━━━━━━━━━━━━━━━━━╇━━━━━━━━━━━━━╇━━━━━━━━━━━━╇━━━━━━━━━━━━┩
│        R2        │   0.9978    │   0.0000   │   0.5445   │
│        R         │   0.9989    │   0.0000   │   0.7636   │
│    Spearmanr     │   0.9895    │   0.0000   │   0.7190   │
│       MSE        │   0.0019    │   0.0000   │   0.3389   │
│       MAE        │   0.0320    │   0.0000   │   0.3012   │
│       RMSE       │   0.0439    │   0.0000   │   0.5821   │
└──────────────────┴─────────────┴────────────┴────────────┘
Info[iaw]:> Result, 0.9978038844525151, 0.5444724893031638, 0.99892718864086, 0.7636249849531702, 0.9895245723489096, 0.7190061057237079, 0.0019233559428672603, 0.3388690379997809, 0.031967373923537185, 0.3011706684854551, 0.04385608216504593, 0.5821245897570217
Info[iaw]:> The model will be saved as 
`/home/iaw/DATA2/AAReact/train/output/pt/ddg/hyper_seed_1_test_0-2/search_optuna/seed_42_test_0-2/xg
b_soap_acsf.pkl`
[OK] Finished target=ddg search=optuna split=seed_42_test_0-2 model=xgb descriptor=soap_acsf
[INFO] Train target=ddg hyper=seed_1_test_0-2 search=optuna split=seed_42_test_0-2 model=xgb descriptor=acsf_xtb
                           Metric                           
┏━━━━━━━━━━━━━━━━━━┳━━━━━━━━━━━━━┳━━━━━━━━━━━━┳━━━━━━━━━━━━┓
┃       name       ┃    Train    ┃   Valid    ┃    Test    ┃
┡━━━━━━━━━━━━━━━━━━╇━━━━━━━━━━━━━╇━━━━━━━━━━━━╇━━━━━━━━━━━━┩
│        R2        │   0.9952    │   0.0000   │   0.5986   │
│        R         │   0.9977    │   0.0000   │   0.7907   │
│    Spearmanr     │   0.9899    │   0.0000   │   0.7546   │
│       MSE        │   0.0042    │   0.0000   │   0.2986   │
│       MAE        │   0.0425    │   0.0000   │   0.2936   │
│       RMSE       │   0.0647    │   0.0000   │   0.5465   │
└──────────────────┴─────────────┴────────────┴────────────┘
Info[iaw]:> Result, 0.9952184281186914, 0.5985750657383104, 0.9976721936439799, 0.7906618597164099, 0.9899492144035399, 0.7545738509593932, 0.004187696182331868, 0.2986218792676068, 0.042485341390571314, 0.29359225431192065, 0.0647124113469114, 0.5464630630405012
Info[iaw]:> The model will be saved as 
`/home/iaw/DATA2/AAReact/train/output/pt/ddg/hyper_seed_1_test_0-2/search_optuna/seed_42_test_0-2/xg
b_acsf_xtb.pkl`
[OK] Finished target=ddg search=optuna split=seed_42_test_0-2 model=xgb descriptor=acsf_xtb
[INFO] Train target=ddg hyper=seed_1_test_0-2 search=optuna split=seed_42_test_0-2 model=xgb descriptor=rdkit_acsf
                           Metric                           
┏━━━━━━━━━━━━━━━━━━┳━━━━━━━━━━━━━┳━━━━━━━━━━━━┳━━━━━━━━━━━━┓
┃       name       ┃    Train    ┃   Valid    ┃    Test    ┃
┡━━━━━━━━━━━━━━━━━━╇━━━━━━━━━━━━━╇━━━━━━━━━━━━╇━━━━━━━━━━━━┩
│        R2        │   0.9922    │   0.0000   │   0.5919   │
│        R         │   0.9964    │   0.0000   │   0.7834   │
│    Spearmanr     │   0.9865    │   0.0000   │   0.7365   │
│       MSE        │   0.0068    │   0.0000   │   0.3036   │
│       MAE        │   0.0567    │   0.0000   │   0.2822   │
│       RMSE       │   0.0826    │   0.0000   │   0.5510   │
└──────────────────┴─────────────┴────────────┴────────────┘
Info[iaw]:> Result, 0.992207475197201, 0.5919221554736749, 0.9964197850248213, 0.783352189963953, 0.9865018552112603, 0.7365287709101992, 0.006824685935386817, 0.30357101021653055, 0.056707829861440115, 0.2822251853716504, 0.08261165738191444, 0.5509727853683252
Info[iaw]:> The model will be saved as 
`/home/iaw/DATA2/AAReact/train/output/pt/ddg/hyper_seed_1_test_0-2/search_optuna/seed_42_test_0-2/xg
b_rdkit_acsf.pkl`
[OK] Finished target=ddg search=optuna split=seed_42_test_0-2 model=xgb descriptor=rdkit_acsf
[INFO] Train target=ddg hyper=seed_1_test_0-2 search=optuna split=seed_42_test_0-2 model=xgb descriptor=rdkit_soap_xtb
                           Metric                           
┏━━━━━━━━━━━━━━━━━━┳━━━━━━━━━━━━━┳━━━━━━━━━━━━┳━━━━━━━━━━━━┓
┃       name       ┃    Train    ┃   Valid    ┃    Test    ┃
┡━━━━━━━━━━━━━━━━━━╇━━━━━━━━━━━━━╇━━━━━━━━━━━━╇━━━━━━━━━━━━┩
│        R2        │   0.9987    │   0.0000   │   0.6618   │
│        R         │   0.9993    │   0.0000   │   0.8228   │
│    Spearmanr     │   0.9910    │   0.0000   │   0.7657   │
│       MSE        │   0.0012    │   0.0000   │   0.2516   │
│       MAE        │   0.0225    │   0.0000   │   0.2535   │
│       RMSE       │   0.0340    │   0.0000   │   0.5016   │
└──────────────────┴─────────────┴────────────┴────────────┘
Info[iaw]:> Result, 0.9986805922222671, 0.6617560474950313, 0.9993489232348846, 0.822793871544251, 0.9910281377315767, 0.7656533995058827, 0.0011555360979408269, 0.25162125251066303, 0.02252529449655244, 0.2535129932684535, 0.033993177226332154, 0.5016186325393656
Info[iaw]:> The model will be saved as 
`/home/iaw/DATA2/AAReact/train/output/pt/ddg/hyper_seed_1_test_0-2/search_optuna/seed_42_test_0-2/xg
b_rdkit_soap_xtb.pkl`
[OK] Finished target=ddg search=optuna split=seed_42_test_0-2 model=xgb descriptor=rdkit_soap_xtb
[INFO] Train target=ddg hyper=seed_1_test_0-2 search=optuna split=seed_42_test_0-2 model=xgb descriptor=rdkit_soap_acsf
                           Metric                           
┏━━━━━━━━━━━━━━━━━━┳━━━━━━━━━━━━━┳━━━━━━━━━━━━┳━━━━━━━━━━━━┓
┃       name       ┃    Train    ┃   Valid    ┃    Test    ┃
┡━━━━━━━━━━━━━━━━━━╇━━━━━━━━━━━━━╇━━━━━━━━━━━━╇━━━━━━━━━━━━┩
│        R2        │   0.9855    │   0.0000   │   0.5694   │
│        R         │   0.9933    │   0.0000   │   0.7723   │
│    Spearmanr     │   0.9812    │   0.0000   │   0.7165   │
│       MSE        │   0.0127    │   0.0000   │   0.3204   │
│       MAE        │   0.0687    │   0.0000   │   0.2958   │
│       RMSE       │   0.1129    │   0.0000   │   0.5660   │
└──────────────────┴─────────────┴────────────┴────────────┘
Info[iaw]:> Result, 0.9854559127236213, 0.5693560654197881, 0.993301307042776, 0.7723281435911071, 0.9811630031475813, 0.7164593332680316, 0.0127376980362625, 0.32035802976729094, 0.0687349411190572, 0.2958277760468601, 0.11286141074903548, 0.5660017930778055
Info[iaw]:> The model will be saved as 
`/home/iaw/DATA2/AAReact/train/output/pt/ddg/hyper_seed_1_test_0-2/search_optuna/seed_42_test_0-2/xg
b_rdkit_soap_acsf.pkl`
[OK] Finished target=ddg search=optuna split=seed_42_test_0-2 model=xgb descriptor=rdkit_soap_acsf
[INFO] Train target=ddg hyper=seed_1_test_0-2 search=optuna split=seed_42_test_0-2 model=xgb descriptor=rdkit_xtb_acsf
                           Metric                           
┏━━━━━━━━━━━━━━━━━━┳━━━━━━━━━━━━━┳━━━━━━━━━━━━┳━━━━━━━━━━━━┓
┃       name       ┃    Train    ┃   Valid    ┃    Test    ┃
┡━━━━━━━━━━━━━━━━━━╇━━━━━━━━━━━━━╇━━━━━━━━━━━━╇━━━━━━━━━━━━┩
│        R2        │   0.9938    │   0.0000   │   0.6574   │
│        R         │   0.9971    │   0.0000   │   0.8194   │
│    Spearmanr     │   0.9876    │   0.0000   │   0.7643   │
│       MSE        │   0.0054    │   0.0000   │   0.2548   │
│       MAE        │   0.0456    │   0.0000   │   0.2599   │
│       RMSE       │   0.0734    │   0.0000   │   0.5048   │
└──────────────────┴─────────────┴────────────┴────────────┘
Info[iaw]:> Result, 0.9938418588334682, 0.657429221859945, 0.9970919826636419, 0.8194273932445969, 0.9876181858328534, 0.7643255950631797, 0.005393294275080177, 0.254839998263936, 0.04563245912459873, 0.2598580638284481, 0.07343905143096674, 0.5048167967331674
Info[iaw]:> The model will be saved as 
`/home/iaw/DATA2/AAReact/train/output/pt/ddg/hyper_seed_1_test_0-2/search_optuna/seed_42_test_0-2/xg
b_rdkit_xtb_acsf.pkl`
[OK] Finished target=ddg search=optuna split=seed_42_test_0-2 model=xgb descriptor=rdkit_xtb_acsf
[INFO] Train target=ddg hyper=seed_1_test_0-2 search=optuna split=seed_42_test_0-2 model=xgb descriptor=soap_xtb_acsf
                           Metric                           
┏━━━━━━━━━━━━━━━━━━┳━━━━━━━━━━━━━┳━━━━━━━━━━━━┳━━━━━━━━━━━━┓
┃       name       ┃    Train    ┃   Valid    ┃    Test    ┃
┡━━━━━━━━━━━━━━━━━━╇━━━━━━━━━━━━━╇━━━━━━━━━━━━╇━━━━━━━━━━━━┩
│        R2        │   0.9926    │   0.0000   │   0.6574   │
│        R         │   0.9964    │   0.0000   │   0.8197   │
│    Spearmanr     │   0.9856    │   0.0000   │   0.7825   │
│       MSE        │   0.0064    │   0.0000   │   0.2549   │
│       MAE        │   0.0559    │   0.0000   │   0.2855   │
│       RMSE       │   0.0803    │   0.0000   │   0.5049   │
└──────────────────┴─────────────┴────────────┴────────────┘
Info[iaw]:> Result, 0.9926460078683977, 0.6573541360823376, 0.9963799285799895, 0.8197136985760805, 0.9856092756233467, 0.7825448133999413, 0.006440619432031052, 0.25489585492380346, 0.05589874104469487, 0.28547587011499265, 0.08025346990648474, 0.5048721173958842
Info[iaw]:> The model will be saved as 
`/home/iaw/DATA2/AAReact/train/output/pt/ddg/hyper_seed_1_test_0-2/search_optuna/seed_42_test_0-2/xg
b_soap_xtb_acsf.pkl`
[OK] Finished target=ddg search=optuna split=seed_42_test_0-2 model=xgb descriptor=soap_xtb_acsf
[INFO] Train target=ddg hyper=seed_1_test_0-2 search=optuna split=seed_42_test_0-2 model=xgb descriptor=rdkit_soap_xtb_acsf
                           Metric                           
┏━━━━━━━━━━━━━━━━━━┳━━━━━━━━━━━━━┳━━━━━━━━━━━━┳━━━━━━━━━━━━┓
┃       name       ┃    Train    ┃   Valid    ┃    Test    ┃
┡━━━━━━━━━━━━━━━━━━╇━━━━━━━━━━━━━╇━━━━━━━━━━━━╇━━━━━━━━━━━━┩
│        R2        │   0.9973    │   0.0000   │   0.6465   │
│        R         │   0.9987    │   0.0000   │   0.8166   │
│    Spearmanr     │   0.9898    │   0.0000   │   0.7675   │
│       MSE        │   0.0024    │   0.0000   │   0.2630   │
│       MAE        │   0.0339    │   0.0000   │   0.2636   │
│       RMSE       │   0.0488    │   0.0000   │   0.5128   │
└──────────────────┴─────────────┴────────────┴────────────┘
Info[iaw]:> Result, 0.9972794388454151, 0.6465089877031356, 0.9986757613656503, 0.816629843067979, 0.9898338752484078, 0.7674818515253427, 0.0023826649151486414, 0.26296361134229773, 0.03394961116965456, 0.26355698517117165, 0.048812548746696695, 0.5127997770497739
Info[iaw]:> The model will be saved as 
`/home/iaw/DATA2/AAReact/train/output/pt/ddg/hyper_seed_1_test_0-2/search_optuna/seed_42_test_0-2/xg
b_rdkit_soap_xtb_acsf.pkl`
[OK] Finished target=ddg search=optuna split=seed_42_test_0-2 model=xgb descriptor=rdkit_soap_xtb_acsf
[INFO] Train target=ddg hyper=seed_1_test_0-2 search=optuna split=seed_42_test_0-2 model=rf descriptor=rdkit
                           Metric                           
┏━━━━━━━━━━━━━━━━━━┳━━━━━━━━━━━━━┳━━━━━━━━━━━━┳━━━━━━━━━━━━┓
┃       name       ┃    Train    ┃   Valid    ┃    Test    ┃
┡━━━━━━━━━━━━━━━━━━╇━━━━━━━━━━━━━╇━━━━━━━━━━━━╇━━━━━━━━━━━━┩
│        R2        │   0.9535    │   0.0000   │   0.5712   │
│        R         │   0.9771    │   0.0000   │   0.7745   │
│    Spearmanr     │   0.9578    │   0.0000   │   0.7501   │
│       MSE        │   0.0407    │   0.0000   │   0.3190   │
│       MAE        │   0.1149    │   0.0000   │   0.3144   │
│       RMSE       │   0.2018    │   0.0000   │   0.5648   │
└──────────────────┴─────────────┴────────────┴────────────┘
Info[iaw]:> Result, 0.953512191847711, 0.5711918958530771, 0.9770813055724759, 0.7744898434997654, 0.9578402483428655, 0.7501333246264191, 0.04071397890834139, 0.31899234695285966, 0.11486819582324018, 0.3144232613713504, 0.20177705248204364, 0.564794074820956
Info[iaw]:> The model will be saved as 
`/home/iaw/DATA2/AAReact/train/output/pt/ddg/hyper_seed_1_test_0-2/search_optuna/seed_42_test_0-2/rf
_rdkit.pkl`
[OK] Finished target=ddg search=optuna split=seed_42_test_0-2 model=rf descriptor=rdkit
[INFO] Train target=ddg hyper=seed_1_test_0-2 search=optuna split=seed_42_test_0-2 model=rf descriptor=xtb
                           Metric                           
┏━━━━━━━━━━━━━━━━━━┳━━━━━━━━━━━━━┳━━━━━━━━━━━━┳━━━━━━━━━━━━┓
┃       name       ┃    Train    ┃   Valid    ┃    Test    ┃
┡━━━━━━━━━━━━━━━━━━╇━━━━━━━━━━━━━╇━━━━━━━━━━━━╇━━━━━━━━━━━━┩
│        R2        │   0.9909    │   0.0000   │   0.6379   │
│        R         │   0.9956    │   0.0000   │   0.8094   │
│    Spearmanr     │   0.9861    │   0.0000   │   0.7639   │
│       MSE        │   0.0080    │   0.0000   │   0.2693   │
│       MAE        │   0.0510    │   0.0000   │   0.2656   │
│       RMSE       │   0.0894    │   0.0000   │   0.5190   │
└──────────────────┴─────────────┴────────────┴────────────┘
Info[iaw]:> Result, 0.9908705860068969, 0.6379378745402702, 0.9955922015823544, 0.8094189184817245, 0.9861378268267444, 0.7638902493442606, 0.007995532238110298, 0.26933970236618415, 0.05101641065502982, 0.2655930812571734, 0.08941774006376083, 0.5189794816427564
Info[iaw]:> The model will be saved as 
`/home/iaw/DATA2/AAReact/train/output/pt/ddg/hyper_seed_1_test_0-2/search_optuna/seed_42_test_0-2/rf
_xtb.pkl`
[OK] Finished target=ddg search=optuna split=seed_42_test_0-2 model=rf descriptor=xtb
[INFO] Train target=ddg hyper=seed_1_test_0-2 search=optuna split=seed_42_test_0-2 model=rf descriptor=soap
                           Metric                           
┏━━━━━━━━━━━━━━━━━━┳━━━━━━━━━━━━━┳━━━━━━━━━━━━┳━━━━━━━━━━━━┓
┃       name       ┃    Train    ┃   Valid    ┃    Test    ┃
┡━━━━━━━━━━━━━━━━━━╇━━━━━━━━━━━━━╇━━━━━━━━━━━━╇━━━━━━━━━━━━┩
│        R2        │   0.4208    │   0.0000   │   0.1778   │
│        R         │   0.6490    │   0.0000   │   0.4757   │
│    Spearmanr     │   0.5843    │   0.0000   │   0.3610   │
│       MSE        │   0.5073    │   0.0000   │   0.6116   │
│       MAE        │   0.4941    │   0.0000   │   0.5518   │
│       RMSE       │   0.7122    │   0.0000   │   0.7821   │
└──────────────────┴─────────────┴────────────┴────────────┘
Info[iaw]:> Result, 0.4207817310894263, 0.1778184191212978, 0.6490241261061755, 0.4756845184325626, 0.5842764676084876, 0.36104308834253007, 0.5072788182763553, 0.6116247094435695, 0.4940694442436202, 0.5518413449926968, 0.7122350863839518, 0.7820643895764399
Info[iaw]:> The model will be saved as 
`/home/iaw/DATA2/AAReact/train/output/pt/ddg/hyper_seed_1_test_0-2/search_optuna/seed_42_test_0-2/rf
_soap.pkl`
[OK] Finished target=ddg search=optuna split=seed_42_test_0-2 model=rf descriptor=soap
[INFO] Train target=ddg hyper=seed_1_test_0-2 search=optuna split=seed_42_test_0-2 model=rf descriptor=acsf
                           Metric                           
┏━━━━━━━━━━━━━━━━━━┳━━━━━━━━━━━━━┳━━━━━━━━━━━━┳━━━━━━━━━━━━┓
┃       name       ┃    Train    ┃   Valid    ┃    Test    ┃
┡━━━━━━━━━━━━━━━━━━╇━━━━━━━━━━━━━╇━━━━━━━━━━━━╇━━━━━━━━━━━━┩
│        R2        │   0.9928    │   0.0000   │   0.7582   │
│        R         │   0.9965    │   0.0000   │   0.8761   │
│    Spearmanr     │   0.9884    │   0.0000   │   0.8655   │
│       MSE        │   0.0063    │   0.0000   │   0.1799   │
│       MAE        │   0.0472    │   0.0000   │   0.2305   │
│       RMSE       │   0.0793    │   0.0000   │   0.4241   │
└──────────────────┴─────────────┴────────────┴────────────┘
Info[iaw]:> Result, 0.9928270086815404, 0.7582090388276087, 0.9965025615877684, 0.8760887028223521, 0.9883788008018323, 0.8654999401399638, 0.006282099089137224, 0.1798694227801766, 0.04717322989981062, 0.23049186830086166, 0.07925969397579846, 0.4241101540639844
Info[iaw]:> The model will be saved as 
`/home/iaw/DATA2/AAReact/train/output/pt/ddg/hyper_seed_1_test_0-2/search_optuna/seed_42_test_0-2/rf
_acsf.pkl`
[OK] Finished target=ddg search=optuna split=seed_42_test_0-2 model=rf descriptor=acsf
[INFO] Train target=ddg hyper=seed_1_test_0-2 search=optuna split=seed_42_test_0-2 model=rf descriptor=rdkit_soap
                           Metric                           
┏━━━━━━━━━━━━━━━━━━┳━━━━━━━━━━━━━┳━━━━━━━━━━━━┳━━━━━━━━━━━━┓
┃       name       ┃    Train    ┃   Valid    ┃    Test    ┃
┡━━━━━━━━━━━━━━━━━━╇━━━━━━━━━━━━━╇━━━━━━━━━━━━╇━━━━━━━━━━━━┩
│        R2        │   0.9836    │   0.0000   │   0.7530   │
│        R         │   0.9918    │   0.0000   │   0.8716   │
│    Spearmanr     │   0.9830    │   0.0000   │   0.8414   │
│       MSE        │   0.0144    │   0.0000   │   0.1837   │
│       MAE        │   0.0649    │   0.0000   │   0.2244   │
│       RMSE       │   0.1200    │   0.0000   │   0.4286   │
└──────────────────┴─────────────┴────────────┴────────────┘
Info[iaw]:> Result, 0.983557911552186, 0.7530114804034825, 0.9918044190002109, 0.8716464691616284, 0.9829592459659438, 0.8414253218837411, 0.014399965687356726, 0.18373591071289655, 0.06489398011480904, 0.22444990610859658, 0.11999985703056786, 0.42864427059380666
Info[iaw]:> The model will be saved as 
`/home/iaw/DATA2/AAReact/train/output/pt/ddg/hyper_seed_1_test_0-2/search_optuna/seed_42_test_0-2/rf
_rdkit_soap.pkl`
[OK] Finished target=ddg search=optuna split=seed_42_test_0-2 model=rf descriptor=rdkit_soap
[INFO] Train target=ddg hyper=seed_1_test_0-2 search=optuna split=seed_42_test_0-2 model=rf descriptor=soap_xtb
                           Metric                           
┏━━━━━━━━━━━━━━━━━━┳━━━━━━━━━━━━━┳━━━━━━━━━━━━┳━━━━━━━━━━━━┓
┃       name       ┃    Train    ┃   Valid    ┃    Test    ┃
┡━━━━━━━━━━━━━━━━━━╇━━━━━━━━━━━━━╇━━━━━━━━━━━━╇━━━━━━━━━━━━┩
│        R2        │   0.9909    │   0.0000   │   0.6075   │
│        R         │   0.9955    │   0.0000   │   0.7948   │
│    Spearmanr     │   0.9866    │   0.0000   │   0.7562   │
│       MSE        │   0.0079    │   0.0000   │   0.2920   │
│       MAE        │   0.0512    │   0.0000   │   0.2715   │
│       RMSE       │   0.0891    │   0.0000   │   0.5403   │
└──────────────────┴─────────────┴────────────┴────────────┘
Info[iaw]:> Result, 0.9909309024841881, 0.6075209341997605, 0.9955119619067071, 0.7947616477495434, 0.9866064570876864, 0.7562063974053397, 0.007942707123701471, 0.2919670060307153, 0.051216237359433224, 0.2715209173877974, 0.08912186669780582, 0.5403397135420599
Info[iaw]:> The model will be saved as 
`/home/iaw/DATA2/AAReact/train/output/pt/ddg/hyper_seed_1_test_0-2/search_optuna/seed_42_test_0-2/rf
_soap_xtb.pkl`
[OK] Finished target=ddg search=optuna split=seed_42_test_0-2 model=rf descriptor=soap_xtb
[INFO] Train target=ddg hyper=seed_1_test_0-2 search=optuna split=seed_42_test_0-2 model=rf descriptor=rdkit_xtb
                           Metric                           
┏━━━━━━━━━━━━━━━━━━┳━━━━━━━━━━━━━┳━━━━━━━━━━━━┳━━━━━━━━━━━━┓
┃       name       ┃    Train    ┃   Valid    ┃    Test    ┃
┡━━━━━━━━━━━━━━━━━━╇━━━━━━━━━━━━━╇━━━━━━━━━━━━╇━━━━━━━━━━━━┩
│        R2        │   0.9759    │   0.0000   │   0.7449   │
│        R         │   0.9881    │   0.0000   │   0.8674   │
│    Spearmanr     │   0.9720    │   0.0000   │   0.8474   │
│       MSE        │   0.0211    │   0.0000   │   0.1898   │
│       MAE        │   0.0891    │   0.0000   │   0.2472   │
│       RMSE       │   0.1454    │   0.0000   │   0.4357   │
└──────────────────┴─────────────┴────────────┴────────────┘
Info[iaw]:> Result, 0.9758675975567351, 0.7448701489636727, 0.9881416066614319, 0.8673529179129901, 0.971974317122063, 0.8474330928048238, 0.021135135493246828, 0.1897922851101869, 0.08912243674048899, 0.24724533852119857, 0.1453792815130369, 0.4356515638789638
Info[iaw]:> The model will be saved as 
`/home/iaw/DATA2/AAReact/train/output/pt/ddg/hyper_seed_1_test_0-2/search_optuna/seed_42_test_0-2/rf
_rdkit_xtb.pkl`
[OK] Finished target=ddg search=optuna split=seed_42_test_0-2 model=rf descriptor=rdkit_xtb
[INFO] Train target=ddg hyper=seed_1_test_0-2 search=optuna split=seed_42_test_0-2 model=rf descriptor=soap_acsf
                           Metric                           
┏━━━━━━━━━━━━━━━━━━┳━━━━━━━━━━━━━┳━━━━━━━━━━━━┳━━━━━━━━━━━━┓
┃       name       ┃    Train    ┃   Valid    ┃    Test    ┃
┡━━━━━━━━━━━━━━━━━━╇━━━━━━━━━━━━━╇━━━━━━━━━━━━╇━━━━━━━━━━━━┩
│        R2        │   0.9913    │   0.0000   │   0.6359   │
│        R         │   0.9957    │   0.0000   │   0.8116   │
│    Spearmanr     │   0.9848    │   0.0000   │   0.7787   │
│       MSE        │   0.0076    │   0.0000   │   0.2708   │
│       MAE        │   0.0539    │   0.0000   │   0.2641   │
│       RMSE       │   0.0872    │   0.0000   │   0.5204   │
└──────────────────┴─────────────┴────────────┴────────────┘
Info[iaw]:> Result, 0.9913177350551085, 0.6359178568952601, 0.9957062830930997, 0.811577791421547, 0.9847807733438397, 0.7787355383593998, 0.007603919519822332, 0.2708424029057411, 0.053868989568625854, 0.264095569366309, 0.08720045596109192, 0.5204252135568963
Info[iaw]:> The model will be saved as 
`/home/iaw/DATA2/AAReact/train/output/pt/ddg/hyper_seed_1_test_0-2/search_optuna/seed_42_test_0-2/rf
_soap_acsf.pkl`
[OK] Finished target=ddg search=optuna split=seed_42_test_0-2 model=rf descriptor=soap_acsf
[INFO] Train target=ddg hyper=seed_1_test_0-2 search=optuna split=seed_42_test_0-2 model=rf descriptor=acsf_xtb
                           Metric                           
┏━━━━━━━━━━━━━━━━━━┳━━━━━━━━━━━━━┳━━━━━━━━━━━━┳━━━━━━━━━━━━┓
┃       name       ┃    Train    ┃   Valid    ┃    Test    ┃
┡━━━━━━━━━━━━━━━━━━╇━━━━━━━━━━━━━╇━━━━━━━━━━━━╇━━━━━━━━━━━━┩
│        R2        │   0.9778    │   0.0000   │   0.6433   │
│        R         │   0.9918    │   0.0000   │   0.8091   │
│    Spearmanr     │   0.9798    │   0.0000   │   0.7703   │
│       MSE        │   0.0194    │   0.0000   │   0.2653   │
│       MAE        │   0.0931    │   0.0000   │   0.3184   │
│       RMSE       │   0.1393    │   0.0000   │   0.5151   │
└──────────────────┴─────────────┴────────────┴────────────┘
Info[iaw]:> Result, 0.9778471088617896, 0.6433165979300519, 0.9917967035892905, 0.8091449382065868, 0.9797997151157505, 0.7702680641264246, 0.019401481343350235, 0.2653384449712706, 0.09305433330410431, 0.3183604519996585, 0.13928920038305279, 0.5151101289736697
Info[iaw]:> The model will be saved as 
`/home/iaw/DATA2/AAReact/train/output/pt/ddg/hyper_seed_1_test_0-2/search_optuna/seed_42_test_0-2/rf
_acsf_xtb.pkl`
[OK] Finished target=ddg search=optuna split=seed_42_test_0-2 model=rf descriptor=acsf_xtb
[INFO] Train target=ddg hyper=seed_1_test_0-2 search=optuna split=seed_42_test_0-2 model=rf descriptor=rdkit_acsf
                           Metric                           
┏━━━━━━━━━━━━━━━━━━┳━━━━━━━━━━━━━┳━━━━━━━━━━━━┳━━━━━━━━━━━━┓
┃       name       ┃    Train    ┃   Valid    ┃    Test    ┃
┡━━━━━━━━━━━━━━━━━━╇━━━━━━━━━━━━━╇━━━━━━━━━━━━╇━━━━━━━━━━━━┩
│        R2        │   0.9806    │   0.0000   │   0.6995   │
│        R         │   0.9904    │   0.0000   │   0.8407   │
│    Spearmanr     │   0.9751    │   0.0000   │   0.8147   │
│       MSE        │   0.0170    │   0.0000   │   0.2235   │
│       MAE        │   0.0844    │   0.0000   │   0.2620   │
│       RMSE       │   0.1305    │   0.0000   │   0.4728   │
└──────────────────┴─────────────┴────────────┴────────────┘
Info[iaw]:> Result, 0.9805623342908909, 0.6995394303564612, 0.9903755875860799, 0.8407087652570715, 0.9751106415956982, 0.8147386293140041, 0.017023489451590608, 0.22351401792664408, 0.08440436960783264, 0.2619902514444346, 0.13047409494451612, 0.472772691604162
Info[iaw]:> The model will be saved as 
`/home/iaw/DATA2/AAReact/train/output/pt/ddg/hyper_seed_1_test_0-2/search_optuna/seed_42_test_0-2/rf
_rdkit_acsf.pkl`
[OK] Finished target=ddg search=optuna split=seed_42_test_0-2 model=rf descriptor=rdkit_acsf
[INFO] Train target=ddg hyper=seed_1_test_0-2 search=optuna split=seed_42_test_0-2 model=rf descriptor=rdkit_soap_xtb
                           Metric                           
┏━━━━━━━━━━━━━━━━━━┳━━━━━━━━━━━━━┳━━━━━━━━━━━━┳━━━━━━━━━━━━┓
┃       name       ┃    Train    ┃   Valid    ┃    Test    ┃
┡━━━━━━━━━━━━━━━━━━╇━━━━━━━━━━━━━╇━━━━━━━━━━━━╇━━━━━━━━━━━━┩
│        R2        │   0.9738    │   0.0000   │   0.6372   │
│        R         │   0.9890    │   0.0000   │   0.8096   │
│    Spearmanr     │   0.9738    │   0.0000   │   0.7622   │
│       MSE        │   0.0230    │   0.0000   │   0.2699   │
│       MAE        │   0.0970    │   0.0000   │   0.3094   │
│       RMSE       │   0.1516    │   0.0000   │   0.5195   │
└──────────────────┴─────────────┴────────────┴────────────┘
Info[iaw]:> Result, 0.973774907655408, 0.637158330054423, 0.9890139899511897, 0.8095953368500886, 0.9737740235787177, 0.7622141683264223, 0.022967911351924043, 0.26991960914194174, 0.09699725859474309, 0.3094024394208696, 0.15155167881592088, 0.5195378803724919
Info[iaw]:> The model will be saved as 
`/home/iaw/DATA2/AAReact/train/output/pt/ddg/hyper_seed_1_test_0-2/search_optuna/seed_42_test_0-2/rf
_rdkit_soap_xtb.pkl`
[OK] Finished target=ddg search=optuna split=seed_42_test_0-2 model=rf descriptor=rdkit_soap_xtb
[INFO] Train target=ddg hyper=seed_1_test_0-2 search=optuna split=seed_42_test_0-2 model=rf descriptor=rdkit_soap_acsf
                           Metric                           
┏━━━━━━━━━━━━━━━━━━┳━━━━━━━━━━━━━┳━━━━━━━━━━━━┳━━━━━━━━━━━━┓
┃       name       ┃    Train    ┃   Valid    ┃    Test    ┃
┡━━━━━━━━━━━━━━━━━━╇━━━━━━━━━━━━━╇━━━━━━━━━━━━╇━━━━━━━━━━━━┩
│        R2        │   0.9811    │   0.0000   │   0.6359   │
│        R         │   0.9926    │   0.0000   │   0.8062   │
│    Spearmanr     │   0.9775    │   0.0000   │   0.7673   │
│       MSE        │   0.0165    │   0.0000   │   0.2709   │
│       MAE        │   0.0836    │   0.0000   │   0.2984   │
│       RMSE       │   0.1286    │   0.0000   │   0.5204   │
└──────────────────┴─────────────┴────────────┴────────────┘
Info[iaw]:> Result, 0.9811227119877152, 0.6359057430317936, 0.9925943751621277, 0.806196933697207, 0.977462451996138, 0.7672859459518291, 0.016532711188729336, 0.2708514144652253, 0.0836159059258364, 0.2984122042384959, 0.1285795908716828, 0.5204338713662143
Info[iaw]:> The model will be saved as 
`/home/iaw/DATA2/AAReact/train/output/pt/ddg/hyper_seed_1_test_0-2/search_optuna/seed_42_test_0-2/rf
_rdkit_soap_acsf.pkl`
[OK] Finished target=ddg search=optuna split=seed_42_test_0-2 model=rf descriptor=rdkit_soap_acsf
[INFO] Train target=ddg hyper=seed_1_test_0-2 search=optuna split=seed_42_test_0-2 model=rf descriptor=rdkit_xtb_acsf
                           Metric                           
┏━━━━━━━━━━━━━━━━━━┳━━━━━━━━━━━━━┳━━━━━━━━━━━━┳━━━━━━━━━━━━┓
┃       name       ┃    Train    ┃   Valid    ┃    Test    ┃
┡━━━━━━━━━━━━━━━━━━╇━━━━━━━━━━━━━╇━━━━━━━━━━━━╇━━━━━━━━━━━━┩
│        R2        │   0.9808    │   0.0000   │   0.6695   │
│        R         │   0.9919    │   0.0000   │   0.8264   │
│    Spearmanr     │   0.9749    │   0.0000   │   0.7927   │
│       MSE        │   0.0168    │   0.0000   │   0.2459   │
│       MAE        │   0.0843    │   0.0000   │   0.2855   │
│       RMSE       │   0.1297    │   0.0000   │   0.4958   │
└──────────────────┴─────────────┴────────────┴────────────┘
Info[iaw]:> Result, 0.9807988240421605, 0.6695122060320031, 0.9918919329963712, 0.8264096213154243, 0.9748851587428725, 0.7926666013648089, 0.016816371948573727, 0.2458514100307284, 0.08426459386631154, 0.28553322210045606, 0.12967795475166058, 0.49583405493242233
Info[iaw]:> The model will be saved as 
`/home/iaw/DATA2/AAReact/train/output/pt/ddg/hyper_seed_1_test_0-2/search_optuna/seed_42_test_0-2/rf
_rdkit_xtb_acsf.pkl`
[OK] Finished target=ddg search=optuna split=seed_42_test_0-2 model=rf descriptor=rdkit_xtb_acsf
[INFO] Train target=ddg hyper=seed_1_test_0-2 search=optuna split=seed_42_test_0-2 model=rf descriptor=soap_xtb_acsf
                           Metric                           
┏━━━━━━━━━━━━━━━━━━┳━━━━━━━━━━━━━┳━━━━━━━━━━━━┳━━━━━━━━━━━━┓
┃       name       ┃    Train    ┃   Valid    ┃    Test    ┃
┡━━━━━━━━━━━━━━━━━━╇━━━━━━━━━━━━━╇━━━━━━━━━━━━╇━━━━━━━━━━━━┩
│        R2        │   0.9801    │   0.0000   │   0.6339   │
│        R         │   0.9919    │   0.0000   │   0.8047   │
│    Spearmanr     │   0.9777    │   0.0000   │   0.7572   │
│       MSE        │   0.0174    │   0.0000   │   0.2723   │
│       MAE        │   0.0847    │   0.0000   │   0.3002   │
│       RMSE       │   0.1320    │   0.0000   │   0.5219   │
└──────────────────┴─────────────┴────────────┴────────────┘
Info[iaw]:> Result, 0.9801158094171315, 0.6339183396709568, 0.9918999006332664, 0.8047345783441556, 0.9777333085105923, 0.7572076925588535, 0.01741455551847703, 0.27232985308680074, 0.08468641441369171, 0.3002308063062526, 0.13196422059966492, 0.5218523288122807
Info[iaw]:> The model will be saved as 
`/home/iaw/DATA2/AAReact/train/output/pt/ddg/hyper_seed_1_test_0-2/search_optuna/seed_42_test_0-2/rf
_soap_xtb_acsf.pkl`
[OK] Finished target=ddg search=optuna split=seed_42_test_0-2 model=rf descriptor=soap_xtb_acsf
[INFO] Train target=ddg hyper=seed_1_test_0-2 search=optuna split=seed_42_test_0-2 model=rf descriptor=rdkit_soap_xtb_acsf
                           Metric                           
┏━━━━━━━━━━━━━━━━━━┳━━━━━━━━━━━━━┳━━━━━━━━━━━━┳━━━━━━━━━━━━┓
┃       name       ┃    Train    ┃   Valid    ┃    Test    ┃
┡━━━━━━━━━━━━━━━━━━╇━━━━━━━━━━━━━╇━━━━━━━━━━━━╇━━━━━━━━━━━━┩
│        R2        │   0.9748    │   0.0000   │   0.6598   │
│        R         │   0.9892    │   0.0000   │   0.8220   │
│    Spearmanr     │   0.9706    │   0.0000   │   0.7820   │
│       MSE        │   0.0221    │   0.0000   │   0.2531   │
│       MAE        │   0.0972    │   0.0000   │   0.3005   │
│       RMSE       │   0.1485    │   0.0000   │   0.5031   │
└──────────────────┴─────────────┴────────────┴────────────┘
Info[iaw]:> Result, 0.974806067396617, 0.6597826136000556, 0.989196463618073, 0.8219741067506762, 0.970556996332873, 0.7820441658231845, 0.022064822614825803, 0.2530892991814855, 0.09719447900703226, 0.3004822010839239, 0.14854232600449543, 0.5030798139276565
Info[iaw]:> The model will be saved as 
`/home/iaw/DATA2/AAReact/train/output/pt/ddg/hyper_seed_1_test_0-2/search_optuna/seed_42_test_0-2/rf
_rdkit_soap_xtb_acsf.pkl`
[OK] Finished target=ddg search=optuna split=seed_42_test_0-2 model=rf descriptor=rdkit_soap_xtb_acsf
[INFO] Train target=ddg hyper=seed_1_test_0-2 search=optuna split=seed_42_test_0-3 model=lgb descriptor=rdkit
                           Metric                           
┏━━━━━━━━━━━━━━━━━━┳━━━━━━━━━━━━━┳━━━━━━━━━━━━┳━━━━━━━━━━━━┓
┃       name       ┃    Train    ┃   Valid    ┃    Test    ┃
┡━━━━━━━━━━━━━━━━━━╇━━━━━━━━━━━━━╇━━━━━━━━━━━━╇━━━━━━━━━━━━┩
│        R2        │   0.9864    │   0.0000   │   0.6599   │
│        R         │   0.9936    │   0.0000   │   0.8197   │
│    Spearmanr     │   0.9827    │   0.0000   │   0.7714   │
│       MSE        │   0.0119    │   0.0000   │   0.2746   │
│       MAE        │   0.0761    │   0.0000   │   0.2859   │
│       RMSE       │   0.1090    │   0.0000   │   0.5240   │
└──────────────────┴─────────────┴────────────┴────────────┘
Info[iaw]:> Result, 0.9864343387972224, 0.659897246319188, 0.9935554846836957, 0.8196609275503219, 0.9827315753186768, 0.771388218905986, 0.01189093664595478, 0.2746188987500902, 0.07611027760952577, 0.28594820166626733, 0.10904557141835142, 0.5240409323231251
Info[iaw]:> The model will be saved as 
`/home/iaw/DATA2/AAReact/train/output/pt/ddg/hyper_seed_1_test_0-2/search_optuna/seed_42_test_0-3/lg
b_rdkit.pkl`
[OK] Finished target=ddg search=optuna split=seed_42_test_0-3 model=lgb descriptor=rdkit
[INFO] Train target=ddg hyper=seed_1_test_0-2 search=optuna split=seed_42_test_0-3 model=lgb descriptor=xtb
                           Metric                           
┏━━━━━━━━━━━━━━━━━━┳━━━━━━━━━━━━━┳━━━━━━━━━━━━┳━━━━━━━━━━━━┓
┃       name       ┃    Train    ┃   Valid    ┃    Test    ┃
┡━━━━━━━━━━━━━━━━━━╇━━━━━━━━━━━━━╇━━━━━━━━━━━━╇━━━━━━━━━━━━┩
│        R2        │   0.9853    │   0.0000   │   0.7392   │
│        R         │   0.9929    │   0.0000   │   0.8617   │
│    Spearmanr     │   0.9740    │   0.0000   │   0.8144   │
│       MSE        │   0.0128    │   0.0000   │   0.2106   │
│       MAE        │   0.0832    │   0.0000   │   0.2867   │
│       RMSE       │   0.1133    │   0.0000   │   0.4589   │
└──────────────────┴─────────────┴────────────┴────────────┘
Info[iaw]:> Result, 0.9853463024431912, 0.7391609667635701, 0.9928983815866155, 0.8617408098090538, 0.9739573991612539, 0.8143516786833653, 0.012844651408610932, 0.21061672474917054, 0.08319695826733617, 0.2867377514996801, 0.11333424640686032, 0.4589299780458567
Info[iaw]:> The model will be saved as 
`/home/iaw/DATA2/AAReact/train/output/pt/ddg/hyper_seed_1_test_0-2/search_optuna/seed_42_test_0-3/lg
b_xtb.pkl`
[OK] Finished target=ddg search=optuna split=seed_42_test_0-3 model=lgb descriptor=xtb
[INFO] Train target=ddg hyper=seed_1_test_0-2 search=optuna split=seed_42_test_0-3 model=lgb descriptor=soap
                           Metric                           
┏━━━━━━━━━━━━━━━━━━┳━━━━━━━━━━━━━┳━━━━━━━━━━━━┳━━━━━━━━━━━━┓
┃       name       ┃    Train    ┃   Valid    ┃    Test    ┃
┡━━━━━━━━━━━━━━━━━━╇━━━━━━━━━━━━━╇━━━━━━━━━━━━╇━━━━━━━━━━━━┩
│        R2        │   0.5232    │   0.0000   │   0.2787   │
│        R         │   0.7274    │   0.0000   │   0.5374   │
│    Spearmanr     │   0.6683    │   0.0000   │   0.4713   │
│       MSE        │   0.4180    │   0.0000   │   0.5824   │
│       MAE        │   0.4720    │   0.0000   │   0.5783   │
│       RMSE       │   0.6465    │   0.0000   │   0.7632   │
└──────────────────┴─────────────┴────────────┴────────────┘
Info[iaw]:> Result, 0.5231706712251221, 0.2786671346670797, 0.72741190598751, 0.5373886931548058, 0.6682681292021544, 0.4712953528266113, 0.4179632127503161, 0.5824464370432108, 0.4720249459241298, 0.5782934822964872, 0.6465007445860492, 0.7631817850572763
Info[iaw]:> The model will be saved as 
`/home/iaw/DATA2/AAReact/train/output/pt/ddg/hyper_seed_1_test_0-2/search_optuna/seed_42_test_0-3/lg
b_soap.pkl`
[OK] Finished target=ddg search=optuna split=seed_42_test_0-3 model=lgb descriptor=soap
[INFO] Train target=ddg hyper=seed_1_test_0-2 search=optuna split=seed_42_test_0-3 model=lgb descriptor=acsf
                           Metric                           
┏━━━━━━━━━━━━━━━━━━┳━━━━━━━━━━━━━┳━━━━━━━━━━━━┳━━━━━━━━━━━━┓
┃       name       ┃    Train    ┃   Valid    ┃    Test    ┃
┡━━━━━━━━━━━━━━━━━━╇━━━━━━━━━━━━━╇━━━━━━━━━━━━╇━━━━━━━━━━━━┩
│        R2        │   0.9925    │   0.0000   │   0.6872   │
│        R         │   0.9963    │   0.0000   │   0.8360   │
│    Spearmanr     │   0.9830    │   0.0000   │   0.7807   │
│       MSE        │   0.0066    │   0.0000   │   0.2526   │
│       MAE        │   0.0571    │   0.0000   │   0.2817   │
│       RMSE       │   0.0810    │   0.0000   │   0.5026   │
└──────────────────┴─────────────┴────────────┴────────────┘
Info[iaw]:> Result, 0.9925072635652368, 0.6871947187379469, 0.9963248015491505, 0.835979451392903, 0.9830415692535781, 0.7806619287768763, 0.006567733995329674, 0.25257731945333467, 0.05706116583223912, 0.28172668204363654, 0.08104155721190008, 0.5025707108988094
Info[iaw]:> The model will be saved as 
`/home/iaw/DATA2/AAReact/train/output/pt/ddg/hyper_seed_1_test_0-2/search_optuna/seed_42_test_0-3/lg
b_acsf.pkl`
[OK] Finished target=ddg search=optuna split=seed_42_test_0-3 model=lgb descriptor=acsf
[INFO] Train target=ddg hyper=seed_1_test_0-2 search=optuna split=seed_42_test_0-3 model=lgb descriptor=rdkit_soap
                           Metric                           
┏━━━━━━━━━━━━━━━━━━┳━━━━━━━━━━━━━┳━━━━━━━━━━━━┳━━━━━━━━━━━━┓
┃       name       ┃    Train    ┃   Valid    ┃    Test    ┃
┡━━━━━━━━━━━━━━━━━━╇━━━━━━━━━━━━━╇━━━━━━━━━━━━╇━━━━━━━━━━━━┩
│        R2        │   0.9943    │   0.0000   │   0.7270   │
│        R         │   0.9972    │   0.0000   │   0.8550   │
│    Spearmanr     │   0.9906    │   0.0000   │   0.8078   │
│       MSE        │   0.0050    │   0.0000   │   0.2204   │
│       MAE        │   0.0473    │   0.0000   │   0.2638   │
│       RMSE       │   0.0706    │   0.0000   │   0.4695   │
└──────────────────┴─────────────┴────────────┴────────────┘
Info[iaw]:> Result, 0.9943203275363399, 0.7270300893575279, 0.9972453671150151, 0.8550234173100173, 0.9905918395910983, 0.807799460860817, 0.004978498609513252, 0.22041190622907764, 0.04725782146709605, 0.26384475415603004, 0.07055847652488857, 0.4694804641612659
Info[iaw]:> The model will be saved as 
`/home/iaw/DATA2/AAReact/train/output/pt/ddg/hyper_seed_1_test_0-2/search_optuna/seed_42_test_0-3/lg
b_rdkit_soap.pkl`
[OK] Finished target=ddg search=optuna split=seed_42_test_0-3 model=lgb descriptor=rdkit_soap
[INFO] Train target=ddg hyper=seed_1_test_0-2 search=optuna split=seed_42_test_0-3 model=lgb descriptor=soap_xtb
                           Metric                           
┏━━━━━━━━━━━━━━━━━━┳━━━━━━━━━━━━━┳━━━━━━━━━━━━┳━━━━━━━━━━━━┓
┃       name       ┃    Train    ┃   Valid    ┃    Test    ┃
┡━━━━━━━━━━━━━━━━━━╇━━━━━━━━━━━━━╇━━━━━━━━━━━━╇━━━━━━━━━━━━┩
│        R2        │   0.9990    │   0.0000   │   0.7422   │
│        R         │   0.9995    │   0.0000   │   0.8663   │
│    Spearmanr     │   0.9952    │   0.0000   │   0.8061   │
│       MSE        │   0.0009    │   0.0000   │   0.2082   │
│       MAE        │   0.0207    │   0.0000   │   0.2406   │
│       RMSE       │   0.0302    │   0.0000   │   0.4563   │
└──────────────────┴─────────────┴────────────┴────────────┘
Info[iaw]:> Result, 0.998957670590294, 0.7421514235411582, 0.9994849770815889, 0.8662553231218147, 0.9952298257709673, 0.8061420593053101, 0.000913650487784041, 0.20820205465863761, 0.020691679902096884, 0.24060186142162, 0.030226651944666994, 0.45629163334279715
Info[iaw]:> The model will be saved as 
`/home/iaw/DATA2/AAReact/train/output/pt/ddg/hyper_seed_1_test_0-2/search_optuna/seed_42_test_0-3/lg
b_soap_xtb.pkl`
[OK] Finished target=ddg search=optuna split=seed_42_test_0-3 model=lgb descriptor=soap_xtb
[INFO] Train target=ddg hyper=seed_1_test_0-2 search=optuna split=seed_42_test_0-3 model=lgb descriptor=rdkit_xtb
                           Metric                           
┏━━━━━━━━━━━━━━━━━━┳━━━━━━━━━━━━━┳━━━━━━━━━━━━┳━━━━━━━━━━━━┓
┃       name       ┃    Train    ┃   Valid    ┃    Test    ┃
┡━━━━━━━━━━━━━━━━━━╇━━━━━━━━━━━━━╇━━━━━━━━━━━━╇━━━━━━━━━━━━┩
│        R2        │   0.9906    │   0.0000   │   0.7319   │
│        R         │   0.9955    │   0.0000   │   0.8575   │
│    Spearmanr     │   0.9851    │   0.0000   │   0.8060   │
│       MSE        │   0.0082    │   0.0000   │   0.2165   │
│       MAE        │   0.0645    │   0.0000   │   0.2650   │
│       RMSE       │   0.0906    │   0.0000   │   0.4653   │
└──────────────────┴─────────────┴────────────┴────────────┘
Info[iaw]:> Result, 0.9906335764073828, 0.731884492201003, 0.9954877261724018, 0.8575324242273914, 0.9851109602036214, 0.8059743844397724, 0.008210108440286175, 0.21649217682807553, 0.06450034388627626, 0.2649528544759012, 0.09060964871516816, 0.4652871982207071
Info[iaw]:> The model will be saved as 
`/home/iaw/DATA2/AAReact/train/output/pt/ddg/hyper_seed_1_test_0-2/search_optuna/seed_42_test_0-3/lg
b_rdkit_xtb.pkl`
[OK] Finished target=ddg search=optuna split=seed_42_test_0-3 model=lgb descriptor=rdkit_xtb
[INFO] Train target=ddg hyper=seed_1_test_0-2 search=optuna split=seed_42_test_0-3 model=lgb descriptor=soap_acsf
                           Metric                           
┏━━━━━━━━━━━━━━━━━━┳━━━━━━━━━━━━━┳━━━━━━━━━━━━┳━━━━━━━━━━━━┓
┃       name       ┃    Train    ┃   Valid    ┃    Test    ┃
┡━━━━━━━━━━━━━━━━━━╇━━━━━━━━━━━━━╇━━━━━━━━━━━━╇━━━━━━━━━━━━┩
│        R2        │   0.9937    │   0.0000   │   0.7076   │
│        R         │   0.9969    │   0.0000   │   0.8491   │
│    Spearmanr     │   0.9848    │   0.0000   │   0.7982   │
│       MSE        │   0.0055    │   0.0000   │   0.2361   │
│       MAE        │   0.0499    │   0.0000   │   0.2600   │
│       RMSE       │   0.0744    │   0.0000   │   0.4859   │
└──────────────────┴─────────────┴────────────┴────────────┘
Info[iaw]:> Result, 0.9936851642653103, 0.7075801114079106, 0.9968991866144428, 0.849074388856744, 0.9848367347996703, 0.7982226464253008, 0.0055352489295127675, 0.2361169585035156, 0.04986414056548199, 0.26001104037255646, 0.07439925355480906, 0.48591867478366746
Info[iaw]:> The model will be saved as 
`/home/iaw/DATA2/AAReact/train/output/pt/ddg/hyper_seed_1_test_0-2/search_optuna/seed_42_test_0-3/lg
b_soap_acsf.pkl`
[OK] Finished target=ddg search=optuna split=seed_42_test_0-3 model=lgb descriptor=soap_acsf
[INFO] Train target=ddg hyper=seed_1_test_0-2 search=optuna split=seed_42_test_0-3 model=lgb descriptor=acsf_xtb
                           Metric                           
┏━━━━━━━━━━━━━━━━━━┳━━━━━━━━━━━━━┳━━━━━━━━━━━━┳━━━━━━━━━━━━┓
┃       name       ┃    Train    ┃   Valid    ┃    Test    ┃
┡━━━━━━━━━━━━━━━━━━╇━━━━━━━━━━━━━╇━━━━━━━━━━━━╇━━━━━━━━━━━━┩
│        R2        │   0.9917    │   0.0000   │   0.6785   │
│        R         │   0.9960    │   0.0000   │   0.8309   │
│    Spearmanr     │   0.9799    │   0.0000   │   0.7869   │
│       MSE        │   0.0073    │   0.0000   │   0.2596   │
│       MAE        │   0.0622    │   0.0000   │   0.2895   │
│       RMSE       │   0.0854    │   0.0000   │   0.5095   │
└──────────────────┴─────────────┴────────────┴────────────┘
Info[iaw]:> Result, 0.9916811151693863, 0.6785026114460406, 0.9959636562667011, 0.8309265014113485, 0.9798540229229629, 0.786917491068089, 0.007291891711520043, 0.25959583637649125, 0.06222521573180753, 0.2895301273431977, 0.08539257410056242, 0.5095054821849233
Info[iaw]:> The model will be saved as 
`/home/iaw/DATA2/AAReact/train/output/pt/ddg/hyper_seed_1_test_0-2/search_optuna/seed_42_test_0-3/lg
b_acsf_xtb.pkl`
[OK] Finished target=ddg search=optuna split=seed_42_test_0-3 model=lgb descriptor=acsf_xtb
[INFO] Train target=ddg hyper=seed_1_test_0-2 search=optuna split=seed_42_test_0-3 model=lgb descriptor=rdkit_acsf
                           Metric                           
┏━━━━━━━━━━━━━━━━━━┳━━━━━━━━━━━━━┳━━━━━━━━━━━━┳━━━━━━━━━━━━┓
┃       name       ┃    Train    ┃   Valid    ┃    Test    ┃
┡━━━━━━━━━━━━━━━━━━╇━━━━━━━━━━━━━╇━━━━━━━━━━━━╇━━━━━━━━━━━━┩
│        R2        │   0.9757    │   0.0000   │   0.6466   │
│        R         │   0.9889    │   0.0000   │   0.8083   │
│    Spearmanr     │   0.9794    │   0.0000   │   0.7509   │
│       MSE        │   0.0213    │   0.0000   │   0.2853   │
│       MAE        │   0.0961    │   0.0000   │   0.2958   │
│       RMSE       │   0.1459    │   0.0000   │   0.5342   │
└──────────────────┴─────────────┴────────────┴────────────┘
Info[iaw]:> Result, 0.975718131163798, 0.6466440737904764, 0.9888684239287681, 0.8082610186640277, 0.9793698517938696, 0.7508802930440727, 0.021284193940914815, 0.2853202870963765, 0.0960700815235567, 0.29583920643152806, 0.14589103447749904, 0.534153804719555
Info[iaw]:> The model will be saved as 
`/home/iaw/DATA2/AAReact/train/output/pt/ddg/hyper_seed_1_test_0-2/search_optuna/seed_42_test_0-3/lg
b_rdkit_acsf.pkl`
[OK] Finished target=ddg search=optuna split=seed_42_test_0-3 model=lgb descriptor=rdkit_acsf
[INFO] Train target=ddg hyper=seed_1_test_0-2 search=optuna split=seed_42_test_0-3 model=lgb descriptor=rdkit_soap_xtb
                           Metric                           
┏━━━━━━━━━━━━━━━━━━┳━━━━━━━━━━━━━┳━━━━━━━━━━━━┳━━━━━━━━━━━━┓
┃       name       ┃    Train    ┃   Valid    ┃    Test    ┃
┡━━━━━━━━━━━━━━━━━━╇━━━━━━━━━━━━━╇━━━━━━━━━━━━╇━━━━━━━━━━━━┩
│        R2        │   0.9951    │   0.0000   │   0.7052   │
│        R         │   0.9976    │   0.0000   │   0.8466   │
│    Spearmanr     │   0.9890    │   0.0000   │   0.7873   │
│       MSE        │   0.0043    │   0.0000   │   0.2380   │
│       MAE        │   0.0429    │   0.0000   │   0.2748   │
│       RMSE       │   0.0655    │   0.0000   │   0.4879   │
└──────────────────┴─────────────┴────────────┴────────────┘
Info[iaw]:> Result, 0.9951055440836166, 0.7052140630194959, 0.9976174135014212, 0.8465651302945809, 0.9889718880082112, 0.7873302291986432, 0.004290219573389969, 0.23802744466037185, 0.04288194748823941, 0.27478653513399975, 0.06549976773538949, 0.48788056392971
Info[iaw]:> The model will be saved as 
`/home/iaw/DATA2/AAReact/train/output/pt/ddg/hyper_seed_1_test_0-2/search_optuna/seed_42_test_0-3/lg
b_rdkit_soap_xtb.pkl`
[OK] Finished target=ddg search=optuna split=seed_42_test_0-3 model=lgb descriptor=rdkit_soap_xtb
[INFO] Train target=ddg hyper=seed_1_test_0-2 search=optuna split=seed_42_test_0-3 model=lgb descriptor=rdkit_soap_acsf
                           Metric                           
┏━━━━━━━━━━━━━━━━━━┳━━━━━━━━━━━━━┳━━━━━━━━━━━━┳━━━━━━━━━━━━┓
┃       name       ┃    Train    ┃   Valid    ┃    Test    ┃
┡━━━━━━━━━━━━━━━━━━╇━━━━━━━━━━━━━╇━━━━━━━━━━━━╇━━━━━━━━━━━━┩
│        R2        │   0.9841    │   0.0000   │   0.6859   │
│        R         │   0.9926    │   0.0000   │   0.8330   │
│    Spearmanr     │   0.9818    │   0.0000   │   0.7733   │
│       MSE        │   0.0139    │   0.0000   │   0.2536   │
│       MAE        │   0.0773    │   0.0000   │   0.2853   │
│       RMSE       │   0.1181    │   0.0000   │   0.5036   │
└──────────────────┴─────────────┴────────────┴────────────┘
Info[iaw]:> Result, 0.9840942355510515, 0.6859332075286801, 0.9926017299650242, 0.8329841319887212, 0.9817938177463752, 0.7733422759928287, 0.013942146611268863, 0.2535959375483086, 0.07731978285195176, 0.2853353299965867, 0.11807686738421232, 0.5035830989502216
Info[iaw]:> The model will be saved as 
`/home/iaw/DATA2/AAReact/train/output/pt/ddg/hyper_seed_1_test_0-2/search_optuna/seed_42_test_0-3/lg
b_rdkit_soap_acsf.pkl`
[OK] Finished target=ddg search=optuna split=seed_42_test_0-3 model=lgb descriptor=rdkit_soap_acsf
[INFO] Train target=ddg hyper=seed_1_test_0-2 search=optuna split=seed_42_test_0-3 model=lgb descriptor=rdkit_xtb_acsf
                           Metric                           
┏━━━━━━━━━━━━━━━━━━┳━━━━━━━━━━━━━┳━━━━━━━━━━━━┳━━━━━━━━━━━━┓
┃       name       ┃    Train    ┃   Valid    ┃    Test    ┃
┡━━━━━━━━━━━━━━━━━━╇━━━━━━━━━━━━━╇━━━━━━━━━━━━╇━━━━━━━━━━━━┩
│        R2        │   0.9935    │   0.0000   │   0.7047   │
│        R         │   0.9969    │   0.0000   │   0.8438   │
│    Spearmanr     │   0.9868    │   0.0000   │   0.7785   │
│       MSE        │   0.0057    │   0.0000   │   0.2384   │
│       MAE        │   0.0510    │   0.0000   │   0.2533   │
│       RMSE       │   0.0756    │   0.0000   │   0.4883   │
└──────────────────┴─────────────┴────────────┴────────────┘
Info[iaw]:> Result, 0.9934845054550455, 0.7047295931003192, 0.9968788700780707, 0.843835062440487, 0.9868180003836046, 0.778469257458307, 0.005711135763530231, 0.23841863407075417, 0.0510097032055222, 0.253328235956943, 0.07557205676392717, 0.488281306288449
Info[iaw]:> The model will be saved as 
`/home/iaw/DATA2/AAReact/train/output/pt/ddg/hyper_seed_1_test_0-2/search_optuna/seed_42_test_0-3/lg
b_rdkit_xtb_acsf.pkl`
[OK] Finished target=ddg search=optuna split=seed_42_test_0-3 model=lgb descriptor=rdkit_xtb_acsf
[INFO] Train target=ddg hyper=seed_1_test_0-2 search=optuna split=seed_42_test_0-3 model=lgb descriptor=soap_xtb_acsf
                           Metric                           
┏━━━━━━━━━━━━━━━━━━┳━━━━━━━━━━━━━┳━━━━━━━━━━━━┳━━━━━━━━━━━━┓
┃       name       ┃    Train    ┃   Valid    ┃    Test    ┃
┡━━━━━━━━━━━━━━━━━━╇━━━━━━━━━━━━━╇━━━━━━━━━━━━╇━━━━━━━━━━━━┩
│        R2        │   0.9980    │   0.0000   │   0.6836   │
│        R         │   0.9990    │   0.0000   │   0.8383   │
│    Spearmanr     │   0.9892    │   0.0000   │   0.8024   │
│       MSE        │   0.0017    │   0.0000   │   0.2555   │
│       MAE        │   0.0300    │   0.0000   │   0.2821   │
│       RMSE       │   0.0415    │   0.0000   │   0.5055   │
└──────────────────┴─────────────┴────────────┴────────────┘
Info[iaw]:> Result, 0.9980355775154405, 0.683559911625848, 0.9990283358107446, 0.8382885644156439, 0.9892238228783818, 0.8023500277308432, 0.0017219082034131505, 0.25551227577312513, 0.030026208462534076, 0.2820940762819084, 0.04149588176449743, 0.5054822210257499
Info[iaw]:> The model will be saved as 
`/home/iaw/DATA2/AAReact/train/output/pt/ddg/hyper_seed_1_test_0-2/search_optuna/seed_42_test_0-3/lg
b_soap_xtb_acsf.pkl`
[OK] Finished target=ddg search=optuna split=seed_42_test_0-3 model=lgb descriptor=soap_xtb_acsf
[INFO] Train target=ddg hyper=seed_1_test_0-2 search=optuna split=seed_42_test_0-3 model=lgb descriptor=rdkit_soap_xtb_acsf
                           Metric                           
┏━━━━━━━━━━━━━━━━━━┳━━━━━━━━━━━━━┳━━━━━━━━━━━━┳━━━━━━━━━━━━┓
┃       name       ┃    Train    ┃   Valid    ┃    Test    ┃
┡━━━━━━━━━━━━━━━━━━╇━━━━━━━━━━━━━╇━━━━━━━━━━━━╇━━━━━━━━━━━━┩
│        R2        │   0.9954    │   0.0000   │   0.7142   │
│        R         │   0.9978    │   0.0000   │   0.8510   │
│    Spearmanr     │   0.9903    │   0.0000   │   0.7919   │
│       MSE        │   0.0040    │   0.0000   │   0.2308   │
│       MAE        │   0.0419    │   0.0000   │   0.2499   │
│       RMSE       │   0.0633    │   0.0000   │   0.4804   │
└──────────────────┴─────────────┴────────────┴────────────┘
Info[iaw]:> Result, 0.9954267336255395, 0.7142122049950339, 0.9978028415183453, 0.8510079003305225, 0.9903207244941863, 0.7919412880009287, 0.004008681914645686, 0.23076181739515325, 0.04189457142636617, 0.24993383158071678, 0.06331415256201164, 0.4803767452689121
Info[iaw]:> The model will be saved as 
`/home/iaw/DATA2/AAReact/train/output/pt/ddg/hyper_seed_1_test_0-2/search_optuna/seed_42_test_0-3/lg
b_rdkit_soap_xtb_acsf.pkl`
[OK] Finished target=ddg search=optuna split=seed_42_test_0-3 model=lgb descriptor=rdkit_soap_xtb_acsf
[INFO] Train target=ddg hyper=seed_1_test_0-2 search=optuna split=seed_42_test_0-3 model=xgb descriptor=rdkit
                           Metric                           
┏━━━━━━━━━━━━━━━━━━┳━━━━━━━━━━━━━┳━━━━━━━━━━━━┳━━━━━━━━━━━━┓
┃       name       ┃    Train    ┃   Valid    ┃    Test    ┃
┡━━━━━━━━━━━━━━━━━━╇━━━━━━━━━━━━━╇━━━━━━━━━━━━╇━━━━━━━━━━━━┩
│        R2        │   0.9788    │   0.0000   │   0.6494   │
│        R         │   0.9904    │   0.0000   │   0.8113   │
│    Spearmanr     │   0.9759    │   0.0000   │   0.7377   │
│       MSE        │   0.0186    │   0.0000   │   0.2831   │
│       MAE        │   0.0942    │   0.0000   │   0.2876   │
│       RMSE       │   0.1363    │   0.0000   │   0.5321   │
└──────────────────┴─────────────┴────────────┴────────────┘
Info[iaw]:> Result, 0.9788020966199572, 0.6493934716957459, 0.9904088748294321, 0.8112592995050509, 0.9758883814480552, 0.7376533257664676, 0.01858095395066703, 0.28310026206923566, 0.09423390991377739, 0.28759352033254126, 0.13631197288084063, 0.5320716700494734
Info[iaw]:> The model will be saved as 
`/home/iaw/DATA2/AAReact/train/output/pt/ddg/hyper_seed_1_test_0-2/search_optuna/seed_42_test_0-3/xg
b_rdkit.pkl`
[OK] Finished target=ddg search=optuna split=seed_42_test_0-3 model=xgb descriptor=rdkit
[INFO] Train target=ddg hyper=seed_1_test_0-2 search=optuna split=seed_42_test_0-3 model=xgb descriptor=xtb
                           Metric                           
┏━━━━━━━━━━━━━━━━━━┳━━━━━━━━━━━━━┳━━━━━━━━━━━━┳━━━━━━━━━━━━┓
┃       name       ┃    Train    ┃   Valid    ┃    Test    ┃
┡━━━━━━━━━━━━━━━━━━╇━━━━━━━━━━━━━╇━━━━━━━━━━━━╇━━━━━━━━━━━━┩
│        R2        │   0.9897    │   0.0000   │   0.7480   │
│        R         │   0.9950    │   0.0000   │   0.8665   │
│    Spearmanr     │   0.9823    │   0.0000   │   0.8212   │
│       MSE        │   0.0091    │   0.0000   │   0.2035   │
│       MAE        │   0.0655    │   0.0000   │   0.2677   │
│       RMSE       │   0.0952    │   0.0000   │   0.4511   │
└──────────────────┴─────────────┴────────────┴────────────┘
Info[iaw]:> Result, 0.989667229278848, 0.7480031827500022, 0.9950045975811177, 0.8665251233190253, 0.9823261986345753, 0.8212070010705396, 0.009057156904172033, 0.20347700126729804, 0.0655027134613519, 0.2676601728105898, 0.09516909637152195, 0.4510842507418077
Info[iaw]:> The model will be saved as 
`/home/iaw/DATA2/AAReact/train/output/pt/ddg/hyper_seed_1_test_0-2/search_optuna/seed_42_test_0-3/xg
b_xtb.pkl`
[OK] Finished target=ddg search=optuna split=seed_42_test_0-3 model=xgb descriptor=xtb
[INFO] Train target=ddg hyper=seed_1_test_0-2 search=optuna split=seed_42_test_0-3 model=xgb descriptor=soap
                           Metric                           
┏━━━━━━━━━━━━━━━━━━┳━━━━━━━━━━━━━┳━━━━━━━━━━━━┳━━━━━━━━━━━━┓
┃       name       ┃    Train    ┃   Valid    ┃    Test    ┃
┡━━━━━━━━━━━━━━━━━━╇━━━━━━━━━━━━━╇━━━━━━━━━━━━╇━━━━━━━━━━━━┩
│        R2        │   0.5261    │   0.0000   │   0.2731   │
│        R         │   0.7289    │   0.0000   │   0.5350   │
│    Spearmanr     │   0.6691    │   0.0000   │   0.4565   │
│       MSE        │   0.4154    │   0.0000   │   0.5870   │
│       MAE        │   0.4689    │   0.0000   │   0.5791   │
│       RMSE       │   0.6445    │   0.0000   │   0.7661   │
└──────────────────┴─────────────┴────────────┴────────────┘
Info[iaw]:> Result, 0.5260993208244802, 0.27307833111198176, 0.7289328859120022, 0.5350378377803373, 0.6691130959477883, 0.45645612722652873, 0.4153961143742311, 0.586959164626334, 0.4688969159678051, 0.5791227924144716, 0.6445123073877108, 0.7661326025084261
Info[iaw]:> The model will be saved as 
`/home/iaw/DATA2/AAReact/train/output/pt/ddg/hyper_seed_1_test_0-2/search_optuna/seed_42_test_0-3/xg
b_soap.pkl`
[OK] Finished target=ddg search=optuna split=seed_42_test_0-3 model=xgb descriptor=soap
[INFO] Train target=ddg hyper=seed_1_test_0-2 search=optuna split=seed_42_test_0-3 model=xgb descriptor=acsf
                           Metric                           
┏━━━━━━━━━━━━━━━━━━┳━━━━━━━━━━━━━┳━━━━━━━━━━━━┳━━━━━━━━━━━━┓
┃       name       ┃    Train    ┃   Valid    ┃    Test    ┃
┡━━━━━━━━━━━━━━━━━━╇━━━━━━━━━━━━━╇━━━━━━━━━━━━╇━━━━━━━━━━━━┩
│        R2        │   0.9880    │   0.0000   │   0.6950   │
│        R         │   0.9941    │   0.0000   │   0.8388   │
│    Spearmanr     │   0.9801    │   0.0000   │   0.7762   │
│       MSE        │   0.0105    │   0.0000   │   0.2463   │
│       MAE        │   0.0713    │   0.0000   │   0.2801   │
│       RMSE       │   0.1025    │   0.0000   │   0.4963   │
└──────────────────┴─────────────┴────────────┴────────────┘
Info[iaw]:> Result, 0.9880112288708237, 0.6949614084102382, 0.9941363274290987, 0.8387940043703696, 0.9800805569523138, 0.7762249938734184, 0.010508718729515282, 0.24630603896043976, 0.07126945687853971, 0.28011455351935904, 0.10251204187565129, 0.4962922918607942
Info[iaw]:> The model will be saved as 
`/home/iaw/DATA2/AAReact/train/output/pt/ddg/hyper_seed_1_test_0-2/search_optuna/seed_42_test_0-3/xg
b_acsf.pkl`
[OK] Finished target=ddg search=optuna split=seed_42_test_0-3 model=xgb descriptor=acsf
[INFO] Train target=ddg hyper=seed_1_test_0-2 search=optuna split=seed_42_test_0-3 model=xgb descriptor=rdkit_soap
                           Metric                           
┏━━━━━━━━━━━━━━━━━━┳━━━━━━━━━━━━━┳━━━━━━━━━━━━┳━━━━━━━━━━━━┓
┃       name       ┃    Train    ┃   Valid    ┃    Test    ┃
┡━━━━━━━━━━━━━━━━━━╇━━━━━━━━━━━━━╇━━━━━━━━━━━━╇━━━━━━━━━━━━┩
│        R2        │   0.9918    │   0.0000   │   0.6884   │
│        R         │   0.9962    │   0.0000   │   0.8372   │
│    Spearmanr     │   0.9877    │   0.0000   │   0.7723   │
│       MSE        │   0.0072    │   0.0000   │   0.2516   │
│       MAE        │   0.0544    │   0.0000   │   0.2618   │
│       RMSE       │   0.0848    │   0.0000   │   0.5016   │
└──────────────────┴─────────────┴────────────┴────────────┘
Info[iaw]:> Result, 0.9917872477591414, 0.6884147487853385, 0.9962124496408651, 0.8372024868506515, 0.9876702245123298, 0.7723426758328926, 0.007198861531716393, 0.2515921956799143, 0.05435085813291655, 0.26176018329664924, 0.08484610498848132, 0.5015896686335498
Info[iaw]:> The model will be saved as 
`/home/iaw/DATA2/AAReact/train/output/pt/ddg/hyper_seed_1_test_0-2/search_optuna/seed_42_test_0-3/xg
b_rdkit_soap.pkl`
[OK] Finished target=ddg search=optuna split=seed_42_test_0-3 model=xgb descriptor=rdkit_soap
[INFO] Train target=ddg hyper=seed_1_test_0-2 search=optuna split=seed_42_test_0-3 model=xgb descriptor=soap_xtb
                           Metric                           
┏━━━━━━━━━━━━━━━━━━┳━━━━━━━━━━━━━┳━━━━━━━━━━━━┳━━━━━━━━━━━━┓
┃       name       ┃    Train    ┃   Valid    ┃    Test    ┃
┡━━━━━━━━━━━━━━━━━━╇━━━━━━━━━━━━━╇━━━━━━━━━━━━╇━━━━━━━━━━━━┩
│        R2        │   0.9931    │   0.0000   │   0.6923   │
│        R         │   0.9967    │   0.0000   │   0.8355   │
│    Spearmanr     │   0.9860    │   0.0000   │   0.7974   │
│       MSE        │   0.0061    │   0.0000   │   0.2485   │
│       MAE        │   0.0510    │   0.0000   │   0.2518   │
│       RMSE       │   0.0778    │   0.0000   │   0.4985   │
└──────────────────┴─────────────┴────────────┴────────────┘
Info[iaw]:> Result, 0.9930917178078648, 0.6922787236695414, 0.9967498602768659, 0.835495497366459, 0.9859761439450098, 0.7974423133972217, 0.006055432510892906, 0.2484721958680526, 0.051016064404389654, 0.2517866349486976, 0.07781665959736968, 0.49846985452287146
Info[iaw]:> The model will be saved as 
`/home/iaw/DATA2/AAReact/train/output/pt/ddg/hyper_seed_1_test_0-2/search_optuna/seed_42_test_0-3/xg
b_soap_xtb.pkl`
[OK] Finished target=ddg search=optuna split=seed_42_test_0-3 model=xgb descriptor=soap_xtb
[INFO] Train target=ddg hyper=seed_1_test_0-2 search=optuna split=seed_42_test_0-3 model=xgb descriptor=rdkit_xtb
                           Metric                           
┏━━━━━━━━━━━━━━━━━━┳━━━━━━━━━━━━━┳━━━━━━━━━━━━┳━━━━━━━━━━━━┓
┃       name       ┃    Train    ┃   Valid    ┃    Test    ┃
┡━━━━━━━━━━━━━━━━━━╇━━━━━━━━━━━━━╇━━━━━━━━━━━━╇━━━━━━━━━━━━┩
│        R2        │   0.9963    │   0.0000   │   0.7461   │
│        R         │   0.9982    │   0.0000   │   0.8684   │
│    Spearmanr     │   0.9911    │   0.0000   │   0.8193   │
│       MSE        │   0.0032    │   0.0000   │   0.2050   │
│       MAE        │   0.0406    │   0.0000   │   0.2477   │
│       RMSE       │   0.0570    │   0.0000   │   0.4528   │
└──────────────────┴─────────────┴────────────┴────────────┘
Info[iaw]:> Result, 0.9962953143752606, 0.7460970422317502, 0.9981753242065372, 0.8683545440249523, 0.9910718636441394, 0.8193496794830455, 0.003247330255301973, 0.2050161308518722, 0.04064743541219944, 0.2477383167629524, 0.0569853512343477, 0.452787070102352
Info[iaw]:> The model will be saved as 
`/home/iaw/DATA2/AAReact/train/output/pt/ddg/hyper_seed_1_test_0-2/search_optuna/seed_42_test_0-3/xg
b_rdkit_xtb.pkl`
[OK] Finished target=ddg search=optuna split=seed_42_test_0-3 model=xgb descriptor=rdkit_xtb
[INFO] Train target=ddg hyper=seed_1_test_0-2 search=optuna split=seed_42_test_0-3 model=xgb descriptor=soap_acsf
                           Metric                           
┏━━━━━━━━━━━━━━━━━━┳━━━━━━━━━━━━━┳━━━━━━━━━━━━┳━━━━━━━━━━━━┓
┃       name       ┃    Train    ┃   Valid    ┃    Test    ┃
┡━━━━━━━━━━━━━━━━━━╇━━━━━━━━━━━━━╇━━━━━━━━━━━━╇━━━━━━━━━━━━┩
│        R2        │   0.9977    │   0.0000   │   0.6698   │
│        R         │   0.9989    │   0.0000   │   0.8270   │
│    Spearmanr     │   0.9905    │   0.0000   │   0.7745   │
│       MSE        │   0.0020    │   0.0000   │   0.2666   │
│       MAE        │   0.0317    │   0.0000   │   0.2644   │
│       RMSE       │   0.0452    │   0.0000   │   0.5163   │
└──────────────────┴─────────────┴────────────┴────────────┘
Info[iaw]:> Result, 0.9976696426124835, 0.6698151638854253, 0.9988645706816812, 0.8270447881882704, 0.9905436298319916, 0.7745224490848822, 0.0020426672642921283, 0.2666105907594692, 0.031671104880177145, 0.264382052630006, 0.04519587662931352, 0.5163434813759821
Info[iaw]:> The model will be saved as 
`/home/iaw/DATA2/AAReact/train/output/pt/ddg/hyper_seed_1_test_0-2/search_optuna/seed_42_test_0-3/xg
b_soap_acsf.pkl`
[OK] Finished target=ddg search=optuna split=seed_42_test_0-3 model=xgb descriptor=soap_acsf
[INFO] Train target=ddg hyper=seed_1_test_0-2 search=optuna split=seed_42_test_0-3 model=xgb descriptor=acsf_xtb
                           Metric                           
┏━━━━━━━━━━━━━━━━━━┳━━━━━━━━━━━━━┳━━━━━━━━━━━━┳━━━━━━━━━━━━┓
┃       name       ┃    Train    ┃   Valid    ┃    Test    ┃
┡━━━━━━━━━━━━━━━━━━╇━━━━━━━━━━━━━╇━━━━━━━━━━━━╇━━━━━━━━━━━━┩
│        R2        │   0.9950    │   0.0000   │   0.7087   │
│        R         │   0.9976    │   0.0000   │   0.8468   │
│    Spearmanr     │   0.9892    │   0.0000   │   0.7882   │
│       MSE        │   0.0044    │   0.0000   │   0.2352   │
│       MAE        │   0.0413    │   0.0000   │   0.2562   │
│       RMSE       │   0.0660    │   0.0000   │   0.4850   │
└──────────────────┴─────────────┴────────────┴────────────┘
Info[iaw]:> Result, 0.9950312140599794, 0.7087029872177806, 0.9975828634580234, 0.8467696164426302, 0.9892481869501885, 0.7881750525596213, 0.004355373316267027, 0.23521028275625294, 0.0412800173500092, 0.2562111494896614, 0.06599525222519441, 0.4849848273464366
Info[iaw]:> The model will be saved as 
`/home/iaw/DATA2/AAReact/train/output/pt/ddg/hyper_seed_1_test_0-2/search_optuna/seed_42_test_0-3/xg
b_acsf_xtb.pkl`
[OK] Finished target=ddg search=optuna split=seed_42_test_0-3 model=xgb descriptor=acsf_xtb
[INFO] Train target=ddg hyper=seed_1_test_0-2 search=optuna split=seed_42_test_0-3 model=xgb descriptor=rdkit_acsf
                           Metric                           
┏━━━━━━━━━━━━━━━━━━┳━━━━━━━━━━━━━┳━━━━━━━━━━━━┳━━━━━━━━━━━━┓
┃       name       ┃    Train    ┃   Valid    ┃    Test    ┃
┡━━━━━━━━━━━━━━━━━━╇━━━━━━━━━━━━━╇━━━━━━━━━━━━╇━━━━━━━━━━━━┩
│        R2        │   0.9936    │   0.0000   │   0.6400   │
│        R         │   0.9971    │   0.0000   │   0.8116   │
│    Spearmanr     │   0.9873    │   0.0000   │   0.7588   │
│       MSE        │   0.0056    │   0.0000   │   0.2907   │
│       MAE        │   0.0521    │   0.0000   │   0.2598   │
│       RMSE       │   0.0750    │   0.0000   │   0.5392   │
└──────────────────┴─────────────┴────────────┴────────────┘
Info[iaw]:> Result, 0.9935880533928951, 0.6399826731432987, 0.9970928473649909, 0.8115626067222481, 0.987338976812661, 0.758799705924082, 0.005620371152031831, 0.29069909244288633, 0.05211273099013659, 0.2597957757780164, 0.07496913466241845, 0.539165181037209
Info[iaw]:> The model will be saved as 
`/home/iaw/DATA2/AAReact/train/output/pt/ddg/hyper_seed_1_test_0-2/search_optuna/seed_42_test_0-3/xg
b_rdkit_acsf.pkl`
[OK] Finished target=ddg search=optuna split=seed_42_test_0-3 model=xgb descriptor=rdkit_acsf
[INFO] Train target=ddg hyper=seed_1_test_0-2 search=optuna split=seed_42_test_0-3 model=xgb descriptor=rdkit_soap_xtb
                           Metric                           
┏━━━━━━━━━━━━━━━━━━┳━━━━━━━━━━━━━┳━━━━━━━━━━━━┳━━━━━━━━━━━━┓
┃       name       ┃    Train    ┃   Valid    ┃    Test    ┃
┡━━━━━━━━━━━━━━━━━━╇━━━━━━━━━━━━━╇━━━━━━━━━━━━╇━━━━━━━━━━━━┩
│        R2        │   0.9991    │   0.0000   │   0.7114   │
│        R         │   0.9995    │   0.0000   │   0.8507   │
│    Spearmanr     │   0.9933    │   0.0000   │   0.7969   │
│       MSE        │   0.0008    │   0.0000   │   0.2331   │
│       MAE        │   0.0190    │   0.0000   │   0.2468   │
│       RMSE       │   0.0288    │   0.0000   │   0.4828   │
└──────────────────┴─────────────┴────────────┴────────────┘
Info[iaw]:> Result, 0.9990529690750287, 0.7113743628209347, 0.9995357674609686, 0.8507439917551352, 0.9933465348587661, 0.7969005946008694, 0.0008301169078502394, 0.2330532575091874, 0.01896431621654081, 0.24680026259378446, 0.02881174947569549, 0.482755898471668
Info[iaw]:> The model will be saved as 
`/home/iaw/DATA2/AAReact/train/output/pt/ddg/hyper_seed_1_test_0-2/search_optuna/seed_42_test_0-3/xg
b_rdkit_soap_xtb.pkl`
[OK] Finished target=ddg search=optuna split=seed_42_test_0-3 model=xgb descriptor=rdkit_soap_xtb
[INFO] Train target=ddg hyper=seed_1_test_0-2 search=optuna split=seed_42_test_0-3 model=xgb descriptor=rdkit_soap_acsf
                           Metric                           
┏━━━━━━━━━━━━━━━━━━┳━━━━━━━━━━━━━┳━━━━━━━━━━━━┳━━━━━━━━━━━━┓
┃       name       ┃    Train    ┃   Valid    ┃    Test    ┃
┡━━━━━━━━━━━━━━━━━━╇━━━━━━━━━━━━━╇━━━━━━━━━━━━╇━━━━━━━━━━━━┩
│        R2        │   0.9856    │   0.0000   │   0.6598   │
│        R         │   0.9934    │   0.0000   │   0.8198   │
│    Spearmanr     │   0.9854    │   0.0000   │   0.7687   │
│       MSE        │   0.0127    │   0.0000   │   0.2747   │
│       MAE        │   0.0674    │   0.0000   │   0.2779   │
│       RMSE       │   0.1125    │   0.0000   │   0.5241   │
└──────────────────┴─────────────┴────────────┴────────────┘
Info[iaw]:> Result, 0.9855535491175287, 0.6598096197064469, 0.9934325232570946, 0.8197670293194325, 0.9853665237653377, 0.7686602778243541, 0.012662990003553386, 0.27468965361352987, 0.06741212598143026, 0.27793039366218875, 0.11252995158424883, 0.5241084368845152
Info[iaw]:> The model will be saved as 
`/home/iaw/DATA2/AAReact/train/output/pt/ddg/hyper_seed_1_test_0-2/search_optuna/seed_42_test_0-3/xg
b_rdkit_soap_acsf.pkl`
[OK] Finished target=ddg search=optuna split=seed_42_test_0-3 model=xgb descriptor=rdkit_soap_acsf
[INFO] Train target=ddg hyper=seed_1_test_0-2 search=optuna split=seed_42_test_0-3 model=xgb descriptor=rdkit_xtb_acsf
                           Metric                           
┏━━━━━━━━━━━━━━━━━━┳━━━━━━━━━━━━━┳━━━━━━━━━━━━┳━━━━━━━━━━━━┓
┃       name       ┃    Train    ┃   Valid    ┃    Test    ┃
┡━━━━━━━━━━━━━━━━━━╇━━━━━━━━━━━━━╇━━━━━━━━━━━━╇━━━━━━━━━━━━┩
│        R2        │   0.9932    │   0.0000   │   0.6960   │
│        R         │   0.9968    │   0.0000   │   0.8396   │
│    Spearmanr     │   0.9894    │   0.0000   │   0.7748   │
│       MSE        │   0.0060    │   0.0000   │   0.2455   │
│       MAE        │   0.0475    │   0.0000   │   0.2569   │
│       RMSE       │   0.0775    │   0.0000   │   0.4954   │
└──────────────────┴─────────────┴────────────┴────────────┘
Info[iaw]:> Result, 0.9931536296841404, 0.6960163088287793, 0.9967624305451768, 0.839577716534142, 0.9893658602331693, 0.7748191046162181, 0.006001163855099332, 0.24545425052857464, 0.0475108733798856, 0.2568661762524697, 0.07746717921222723, 0.4954333966625329
Info[iaw]:> The model will be saved as 
`/home/iaw/DATA2/AAReact/train/output/pt/ddg/hyper_seed_1_test_0-2/search_optuna/seed_42_test_0-3/xg
b_rdkit_xtb_acsf.pkl`
[OK] Finished target=ddg search=optuna split=seed_42_test_0-3 model=xgb descriptor=rdkit_xtb_acsf
[INFO] Train target=ddg hyper=seed_1_test_0-2 search=optuna split=seed_42_test_0-3 model=xgb descriptor=soap_xtb_acsf
                           Metric                           
┏━━━━━━━━━━━━━━━━━━┳━━━━━━━━━━━━━┳━━━━━━━━━━━━┳━━━━━━━━━━━━┓
┃       name       ┃    Train    ┃   Valid    ┃    Test    ┃
┡━━━━━━━━━━━━━━━━━━╇━━━━━━━━━━━━━╇━━━━━━━━━━━━╇━━━━━━━━━━━━┩
│        R2        │   0.9934    │   0.0000   │   0.7265   │
│        R         │   0.9968    │   0.0000   │   0.8581   │
│    Spearmanr     │   0.9857    │   0.0000   │   0.7994   │
│       MSE        │   0.0058    │   0.0000   │   0.2209   │
│       MAE        │   0.0524    │   0.0000   │   0.2579   │
│       RMSE       │   0.0761    │   0.0000   │   0.4700   │
└──────────────────┴─────────────┴────────────┴────────────┘
Info[iaw]:> Result, 0.9933979677665664, 0.726469811893089, 0.996786698042238, 0.8580775125972498, 0.9857257642283588, 0.799357676284325, 0.005786990095715862, 0.22086430709503216, 0.052367688710425374, 0.25787160018045335, 0.07607226890080157, 0.46996202729053776
Info[iaw]:> The model will be saved as 
`/home/iaw/DATA2/AAReact/train/output/pt/ddg/hyper_seed_1_test_0-2/search_optuna/seed_42_test_0-3/xg
b_soap_xtb_acsf.pkl`
[OK] Finished target=ddg search=optuna split=seed_42_test_0-3 model=xgb descriptor=soap_xtb_acsf
[INFO] Train target=ddg hyper=seed_1_test_0-2 search=optuna split=seed_42_test_0-3 model=xgb descriptor=rdkit_soap_xtb_acsf
                           Metric                           
┏━━━━━━━━━━━━━━━━━━┳━━━━━━━━━━━━━┳━━━━━━━━━━━━┳━━━━━━━━━━━━┓
┃       name       ┃    Train    ┃   Valid    ┃    Test    ┃
┡━━━━━━━━━━━━━━━━━━╇━━━━━━━━━━━━━╇━━━━━━━━━━━━╇━━━━━━━━━━━━┩
│        R2        │   0.9972    │   0.0000   │   0.6935   │
│        R         │   0.9987    │   0.0000   │   0.8419   │
│    Spearmanr     │   0.9922    │   0.0000   │   0.7942   │
│       MSE        │   0.0024    │   0.0000   │   0.2475   │
│       MAE        │   0.0338    │   0.0000   │   0.2491   │
│       RMSE       │   0.0492    │   0.0000   │   0.4975   │
└──────────────────┴─────────────┴────────────┴────────────┘
Info[iaw]:> Result, 0.9972377715219246, 0.6934827545005897, 0.9986687844666013, 0.8419271534924428, 0.9921957212542831, 0.7942435928854265, 0.002421222478099465, 0.24749999079971613, 0.03378689044554926, 0.24913504455800078, 0.049205919136822, 0.4974937093066767
Info[iaw]:> The model will be saved as 
`/home/iaw/DATA2/AAReact/train/output/pt/ddg/hyper_seed_1_test_0-2/search_optuna/seed_42_test_0-3/xg
b_rdkit_soap_xtb_acsf.pkl`
[OK] Finished target=ddg search=optuna split=seed_42_test_0-3 model=xgb descriptor=rdkit_soap_xtb_acsf
[INFO] Train target=ddg hyper=seed_1_test_0-2 search=optuna split=seed_42_test_0-3 model=rf descriptor=rdkit
                           Metric                           
┏━━━━━━━━━━━━━━━━━━┳━━━━━━━━━━━━━┳━━━━━━━━━━━━┳━━━━━━━━━━━━┓
┃       name       ┃    Train    ┃   Valid    ┃    Test    ┃
┡━━━━━━━━━━━━━━━━━━╇━━━━━━━━━━━━━╇━━━━━━━━━━━━╇━━━━━━━━━━━━┩
│        R2        │   0.9589    │   0.0000   │   0.6656   │
│        R         │   0.9800    │   0.0000   │   0.8208   │
│    Spearmanr     │   0.9682    │   0.0000   │   0.7618   │
│       MSE        │   0.0360    │   0.0000   │   0.2700   │
│       MAE        │   0.1116    │   0.0000   │   0.2878   │
│       RMSE       │   0.1897    │   0.0000   │   0.5197   │
└──────────────────┴─────────────┴────────────┴────────────┘
Info[iaw]:> Result, 0.9589467225998481, 0.6655698832892734, 0.9800280553538355, 0.8207923675524138, 0.9681639339163431, 0.7617727102707305, 0.03598511811381981, 0.2700384791537352, 0.11155666482140267, 0.28777880392797267, 0.18969743834279842, 0.5196522675344881
Info[iaw]:> The model will be saved as 
`/home/iaw/DATA2/AAReact/train/output/pt/ddg/hyper_seed_1_test_0-2/search_optuna/seed_42_test_0-3/rf
_rdkit.pkl`
[OK] Finished target=ddg search=optuna split=seed_42_test_0-3 model=rf descriptor=rdkit
[INFO] Train target=ddg hyper=seed_1_test_0-2 search=optuna split=seed_42_test_0-3 model=rf descriptor=xtb
                           Metric                           
┏━━━━━━━━━━━━━━━━━━┳━━━━━━━━━━━━━┳━━━━━━━━━━━━┳━━━━━━━━━━━━┓
┃       name       ┃    Train    ┃   Valid    ┃    Test    ┃
┡━━━━━━━━━━━━━━━━━━╇━━━━━━━━━━━━━╇━━━━━━━━━━━━╇━━━━━━━━━━━━┩
│        R2        │   0.9894    │   0.0000   │   0.7721   │
│        R         │   0.9948    │   0.0000   │   0.8794   │
│    Spearmanr     │   0.9863    │   0.0000   │   0.8405   │
│       MSE        │   0.0093    │   0.0000   │   0.1841   │
│       MAE        │   0.0558    │   0.0000   │   0.2372   │
│       RMSE       │   0.0962    │   0.0000   │   0.4290   │
└──────────────────┴─────────────┴────────────┴────────────┘
Info[iaw]:> Result, 0.9894338018579285, 0.7720626145111349, 0.9948285268477686, 0.8794162635176418, 0.9863431601756286, 0.8405412028736893, 0.009261766958344223, 0.1840500057981697, 0.05582506961712819, 0.2371502171595262, 0.09623807436947304, 0.42901049613986103
Info[iaw]:> The model will be saved as 
`/home/iaw/DATA2/AAReact/train/output/pt/ddg/hyper_seed_1_test_0-2/search_optuna/seed_42_test_0-3/rf
_xtb.pkl`
[OK] Finished target=ddg search=optuna split=seed_42_test_0-3 model=rf descriptor=xtb
[INFO] Train target=ddg hyper=seed_1_test_0-2 search=optuna split=seed_42_test_0-3 model=rf descriptor=soap
                           Metric                           
┏━━━━━━━━━━━━━━━━━━┳━━━━━━━━━━━━━┳━━━━━━━━━━━━┳━━━━━━━━━━━━┓
┃       name       ┃    Train    ┃   Valid    ┃    Test    ┃
┡━━━━━━━━━━━━━━━━━━╇━━━━━━━━━━━━━╇━━━━━━━━━━━━╇━━━━━━━━━━━━┩
│        R2        │   0.4347    │   0.0000   │   0.2827   │
│        R         │   0.6596    │   0.0000   │   0.5419   │
│    Spearmanr     │   0.6015    │   0.0000   │   0.4208   │
│       MSE        │   0.4955    │   0.0000   │   0.5792   │
│       MAE        │   0.5073    │   0.0000   │   0.5603   │
│       RMSE       │   0.7039    │   0.0000   │   0.7611   │
└──────────────────┴─────────────┴────────────┴────────────┘
Info[iaw]:> Result, 0.4347031076682566, 0.28268855896263145, 0.6595855632635995, 0.5418876087107494, 0.6014970944548409, 0.4208381163663567, 0.49550917072111356, 0.5791993033475874, 0.507276762608087, 0.5602590502355058, 0.7039241228435872, 0.7610514459270066
Info[iaw]:> The model will be saved as 
`/home/iaw/DATA2/AAReact/train/output/pt/ddg/hyper_seed_1_test_0-2/search_optuna/seed_42_test_0-3/rf
_soap.pkl`
[OK] Finished target=ddg search=optuna split=seed_42_test_0-3 model=rf descriptor=soap
[INFO] Train target=ddg hyper=seed_1_test_0-2 search=optuna split=seed_42_test_0-3 model=rf descriptor=acsf
                           Metric                           
┏━━━━━━━━━━━━━━━━━━┳━━━━━━━━━━━━━┳━━━━━━━━━━━━┳━━━━━━━━━━━━┓
┃       name       ┃    Train    ┃   Valid    ┃    Test    ┃
┡━━━━━━━━━━━━━━━━━━╇━━━━━━━━━━━━━╇━━━━━━━━━━━━╇━━━━━━━━━━━━┩
│        R2        │   0.9923    │   0.0000   │   0.7489   │
│        R         │   0.9963    │   0.0000   │   0.8676   │
│    Spearmanr     │   0.9863    │   0.0000   │   0.7921   │
│       MSE        │   0.0067    │   0.0000   │   0.2027   │
│       MAE        │   0.0483    │   0.0000   │   0.2372   │
│       RMSE       │   0.0821    │   0.0000   │   0.4503   │
└──────────────────┴─────────────┴────────────┴────────────┘
Info[iaw]:> Result, 0.9923090348618233, 0.7489223016695875, 0.9962617676241967, 0.8676386164135893, 0.9862845827263915, 0.7920896157665965, 0.00674149072701165, 0.20273485077664433, 0.048284696896910576, 0.23717372410011878, 0.08210658150849814, 0.4502608696929418
Info[iaw]:> The model will be saved as 
`/home/iaw/DATA2/AAReact/train/output/pt/ddg/hyper_seed_1_test_0-2/search_optuna/seed_42_test_0-3/rf
_acsf.pkl`
[OK] Finished target=ddg search=optuna split=seed_42_test_0-3 model=rf descriptor=acsf
[INFO] Train target=ddg hyper=seed_1_test_0-2 search=optuna split=seed_42_test_0-3 model=rf descriptor=rdkit_soap
                           Metric                           
┏━━━━━━━━━━━━━━━━━━┳━━━━━━━━━━━━━┳━━━━━━━━━━━━┳━━━━━━━━━━━━┓
┃       name       ┃    Train    ┃   Valid    ┃    Test    ┃
┡━━━━━━━━━━━━━━━━━━╇━━━━━━━━━━━━━╇━━━━━━━━━━━━╇━━━━━━━━━━━━┩
│        R2        │   0.9880    │   0.0000   │   0.7698   │
│        R         │   0.9941    │   0.0000   │   0.8799   │
│    Spearmanr     │   0.9844    │   0.0000   │   0.8217   │
│       MSE        │   0.0105    │   0.0000   │   0.1859   │
│       MAE        │   0.0591    │   0.0000   │   0.2376   │
│       RMSE       │   0.1025    │   0.0000   │   0.4311   │
└──────────────────┴─────────────┴────────────┴────────────┘
Info[iaw]:> Result, 0.9880254271010487, 0.7698084124438374, 0.9940691598828505, 0.8798973035297585, 0.984416843349386, 0.8216584334008332, 0.01049627331652974, 0.18587018067938335, 0.059142816475430196, 0.23761711611632938, 0.10245132169244933, 0.4311266411153263
Info[iaw]:> The model will be saved as 
`/home/iaw/DATA2/AAReact/train/output/pt/ddg/hyper_seed_1_test_0-2/search_optuna/seed_42_test_0-3/rf
_rdkit_soap.pkl`
[OK] Finished target=ddg search=optuna split=seed_42_test_0-3 model=rf descriptor=rdkit_soap
[INFO] Train target=ddg hyper=seed_1_test_0-2 search=optuna split=seed_42_test_0-3 model=rf descriptor=soap_xtb
                           Metric                           
┏━━━━━━━━━━━━━━━━━━┳━━━━━━━━━━━━━┳━━━━━━━━━━━━┳━━━━━━━━━━━━┓
┃       name       ┃    Train    ┃   Valid    ┃    Test    ┃
┡━━━━━━━━━━━━━━━━━━╇━━━━━━━━━━━━━╇━━━━━━━━━━━━╇━━━━━━━━━━━━┩
│        R2        │   0.9887    │   0.0000   │   0.7676   │
│        R         │   0.9944    │   0.0000   │   0.8775   │
│    Spearmanr     │   0.9855    │   0.0000   │   0.8245   │
│       MSE        │   0.0099    │   0.0000   │   0.1876   │
│       MAE        │   0.0565    │   0.0000   │   0.2363   │
│       RMSE       │   0.0996    │   0.0000   │   0.4332   │
└──────────────────┴─────────────┴────────────┴────────────┘
Info[iaw]:> Result, 0.9886727211530983, 0.7676077835813641, 0.9943713762269909, 0.8775000836774669, 0.9855458848045949, 0.8244573138486541, 0.009928889799488238, 0.18764709741478053, 0.056542866840531586, 0.23625991817511396, 0.09964381465744995, 0.43318252205598107
Info[iaw]:> The model will be saved as 
`/home/iaw/DATA2/AAReact/train/output/pt/ddg/hyper_seed_1_test_0-2/search_optuna/seed_42_test_0-3/rf
_soap_xtb.pkl`
[OK] Finished target=ddg search=optuna split=seed_42_test_0-3 model=rf descriptor=soap_xtb
[INFO] Train target=ddg hyper=seed_1_test_0-2 search=optuna split=seed_42_test_0-3 model=rf descriptor=rdkit_xtb
                           Metric                           
┏━━━━━━━━━━━━━━━━━━┳━━━━━━━━━━━━━┳━━━━━━━━━━━━┳━━━━━━━━━━━━┓
┃       name       ┃    Train    ┃   Valid    ┃    Test    ┃
┡━━━━━━━━━━━━━━━━━━╇━━━━━━━━━━━━━╇━━━━━━━━━━━━╇━━━━━━━━━━━━┩
│        R2        │   0.9796    │   0.0000   │   0.7638   │
│        R         │   0.9900    │   0.0000   │   0.8750   │
│    Spearmanr     │   0.9731    │   0.0000   │   0.8159   │
│       MSE        │   0.0179    │   0.0000   │   0.1907   │
│       MAE        │   0.0841    │   0.0000   │   0.2512   │
│       RMSE       │   0.1336    │   0.0000   │   0.4367   │
└──────────────────┴─────────────┴────────────┴────────────┘
Info[iaw]:> Result, 0.9796350462120785, 0.7637910486467765, 0.9900229854617457, 0.8749986111619932, 0.9731119140311134, 0.8158672015064942, 0.017850834667785236, 0.19072895292231085, 0.08414973510125932, 0.2511971421809061, 0.13360701578803874, 0.4367252602292554
Info[iaw]:> The model will be saved as 
`/home/iaw/DATA2/AAReact/train/output/pt/ddg/hyper_seed_1_test_0-2/search_optuna/seed_42_test_0-3/rf
_rdkit_xtb.pkl`
[OK] Finished target=ddg search=optuna split=seed_42_test_0-3 model=rf descriptor=rdkit_xtb
[INFO] Train target=ddg hyper=seed_1_test_0-2 search=optuna split=seed_42_test_0-3 model=rf descriptor=soap_acsf
                           Metric                           
┏━━━━━━━━━━━━━━━━━━┳━━━━━━━━━━━━━┳━━━━━━━━━━━━┳━━━━━━━━━━━━┓
┃       name       ┃    Train    ┃   Valid    ┃    Test    ┃
┡━━━━━━━━━━━━━━━━━━╇━━━━━━━━━━━━━╇━━━━━━━━━━━━╇━━━━━━━━━━━━┩
│        R2        │   0.9900    │   0.0000   │   0.7922   │
│        R         │   0.9950    │   0.0000   │   0.8914   │
│    Spearmanr     │   0.9855    │   0.0000   │   0.8474   │
│       MSE        │   0.0088    │   0.0000   │   0.1678   │
│       MAE        │   0.0567    │   0.0000   │   0.2188   │
│       RMSE       │   0.0938    │   0.0000   │   0.4096   │
└──────────────────┴─────────────┴────────────┴────────────┘
Info[iaw]:> Result, 0.9899694649169727, 0.7922365835992069, 0.9950318288464431, 0.8914345122804898, 0.9854613881300316, 0.847357831061124, 0.008792233228770567, 0.1677603606411529, 0.056733245174199795, 0.2187501562350306, 0.0937669090285617, 0.4095855962325249
Info[iaw]:> The model will be saved as 
`/home/iaw/DATA2/AAReact/train/output/pt/ddg/hyper_seed_1_test_0-2/search_optuna/seed_42_test_0-3/rf
_soap_acsf.pkl`
[OK] Finished target=ddg search=optuna split=seed_42_test_0-3 model=rf descriptor=soap_acsf
[INFO] Train target=ddg hyper=seed_1_test_0-2 search=optuna split=seed_42_test_0-3 model=rf descriptor=acsf_xtb
                           Metric                           
┏━━━━━━━━━━━━━━━━━━┳━━━━━━━━━━━━━┳━━━━━━━━━━━━┳━━━━━━━━━━━━┓
┃       name       ┃    Train    ┃   Valid    ┃    Test    ┃
┡━━━━━━━━━━━━━━━━━━╇━━━━━━━━━━━━━╇━━━━━━━━━━━━╇━━━━━━━━━━━━┩
│        R2        │   0.9781    │   0.0000   │   0.7451   │
│        R         │   0.9918    │   0.0000   │   0.8665   │
│    Spearmanr     │   0.9791    │   0.0000   │   0.8196   │
│       MSE        │   0.0192    │   0.0000   │   0.2058   │
│       MAE        │   0.0927    │   0.0000   │   0.2845   │
│       RMSE       │   0.1386    │   0.0000   │   0.4537   │
└──────────────────┴─────────────┴────────────┴────────────┘
Info[iaw]:> Result, 0.9780710340838764, 0.7450828015001459, 0.991760246585581, 0.8664669126305706, 0.979086295468801, 0.8196398859810914, 0.019221764462652065, 0.20583508826920044, 0.09268053677949471, 0.2844591498144878, 0.13864257810157768, 0.45369052036514984
Info[iaw]:> The model will be saved as 
`/home/iaw/DATA2/AAReact/train/output/pt/ddg/hyper_seed_1_test_0-2/search_optuna/seed_42_test_0-3/rf
_acsf_xtb.pkl`
[OK] Finished target=ddg search=optuna split=seed_42_test_0-3 model=rf descriptor=acsf_xtb
[INFO] Train target=ddg hyper=seed_1_test_0-2 search=optuna split=seed_42_test_0-3 model=rf descriptor=rdkit_acsf
                           Metric                           
┏━━━━━━━━━━━━━━━━━━┳━━━━━━━━━━━━━┳━━━━━━━━━━━━┳━━━━━━━━━━━━┓
┃       name       ┃    Train    ┃   Valid    ┃    Test    ┃
┡━━━━━━━━━━━━━━━━━━╇━━━━━━━━━━━━━╇━━━━━━━━━━━━╇━━━━━━━━━━━━┩
│        R2        │   0.9809    │   0.0000   │   0.6919   │
│        R         │   0.9906    │   0.0000   │   0.8364   │
│    Spearmanr     │   0.9745    │   0.0000   │   0.7808   │
│       MSE        │   0.0168    │   0.0000   │   0.2488   │
│       MAE        │   0.0828    │   0.0000   │   0.2738   │
│       RMSE       │   0.1294    │   0.0000   │   0.4988   │
└──────────────────┴─────────────┴────────────┴────────────┘
Info[iaw]:> Result, 0.9808890523199375, 0.6919290732261155, 0.9906038707114333, 0.8363660372893228, 0.9745162176592866, 0.7808360526757039, 0.01675163965183295, 0.24875452413114918, 0.08279614149186353, 0.273766472050667, 0.12942812542810372, 0.4987529690449463
Info[iaw]:> The model will be saved as 
`/home/iaw/DATA2/AAReact/train/output/pt/ddg/hyper_seed_1_test_0-2/search_optuna/seed_42_test_0-3/rf
_rdkit_acsf.pkl`
[OK] Finished target=ddg search=optuna split=seed_42_test_0-3 model=rf descriptor=rdkit_acsf
[INFO] Train target=ddg hyper=seed_1_test_0-2 search=optuna split=seed_42_test_0-3 model=rf descriptor=rdkit_soap_xtb
                           Metric                           
┏━━━━━━━━━━━━━━━━━━┳━━━━━━━━━━━━━┳━━━━━━━━━━━━┳━━━━━━━━━━━━┓
┃       name       ┃    Train    ┃   Valid    ┃    Test    ┃
┡━━━━━━━━━━━━━━━━━━╇━━━━━━━━━━━━━╇━━━━━━━━━━━━╇━━━━━━━━━━━━┩
│        R2        │   0.9738    │   0.0000   │   0.7180   │
│        R         │   0.9891    │   0.0000   │   0.8490   │
│    Spearmanr     │   0.9757    │   0.0000   │   0.7860   │
│       MSE        │   0.0230    │   0.0000   │   0.2277   │
│       MAE        │   0.0973    │   0.0000   │   0.2885   │
│       RMSE       │   0.1515    │   0.0000   │   0.4772   │
└──────────────────┴─────────────┴────────────┴────────────┘
Info[iaw]:> Result, 0.9738041414591545, 0.7180275506135743, 0.9890857629690214, 0.8490069365137262, 0.9757250903285003, 0.7860339735073713, 0.02296189545348585, 0.22768108370283552, 0.09728546979174658, 0.28849155904672863, 0.15153182983612998, 0.47715939024903986
Info[iaw]:> The model will be saved as 
`/home/iaw/DATA2/AAReact/train/output/pt/ddg/hyper_seed_1_test_0-2/search_optuna/seed_42_test_0-3/rf
_rdkit_soap_xtb.pkl`
[OK] Finished target=ddg search=optuna split=seed_42_test_0-3 model=rf descriptor=rdkit_soap_xtb
[INFO] Train target=ddg hyper=seed_1_test_0-2 search=optuna split=seed_42_test_0-3 model=rf descriptor=rdkit_soap_acsf
                           Metric                           
┏━━━━━━━━━━━━━━━━━━┳━━━━━━━━━━━━━┳━━━━━━━━━━━━┳━━━━━━━━━━━━┓
┃       name       ┃    Train    ┃   Valid    ┃    Test    ┃
┡━━━━━━━━━━━━━━━━━━╇━━━━━━━━━━━━━╇━━━━━━━━━━━━╇━━━━━━━━━━━━┩
│        R2        │   0.9797    │   0.0000   │   0.6926   │
│        R         │   0.9918    │   0.0000   │   0.8351   │
│    Spearmanr     │   0.9804    │   0.0000   │   0.7646   │
│       MSE        │   0.0178    │   0.0000   │   0.2482   │
│       MAE        │   0.0848    │   0.0000   │   0.2861   │
│       RMSE       │   0.1334    │   0.0000   │   0.4982   │
└──────────────────┴─────────────┴────────────┴────────────┘
Info[iaw]:> Result, 0.9796886352465953, 0.6925619647854746, 0.9917925680156731, 0.8350899041472022, 0.9804263194181653, 0.764597386851711, 0.017803861372135923, 0.24824349038861576, 0.08477192363046657, 0.2860500025513686, 0.13343111096043503, 0.4982403941759598
Info[iaw]:> The model will be saved as 
`/home/iaw/DATA2/AAReact/train/output/pt/ddg/hyper_seed_1_test_0-2/search_optuna/seed_42_test_0-3/rf
_rdkit_soap_acsf.pkl`
[OK] Finished target=ddg search=optuna split=seed_42_test_0-3 model=rf descriptor=rdkit_soap_acsf
[INFO] Train target=ddg hyper=seed_1_test_0-2 search=optuna split=seed_42_test_0-3 model=rf descriptor=rdkit_xtb_acsf
                           Metric                           
┏━━━━━━━━━━━━━━━━━━┳━━━━━━━━━━━━━┳━━━━━━━━━━━━┳━━━━━━━━━━━━┓
┃       name       ┃    Train    ┃   Valid    ┃    Test    ┃
┡━━━━━━━━━━━━━━━━━━╇━━━━━━━━━━━━━╇━━━━━━━━━━━━╇━━━━━━━━━━━━┩
│        R2        │   0.9773    │   0.0000   │   0.6997   │
│        R         │   0.9911    │   0.0000   │   0.8391   │
│    Spearmanr     │   0.9736    │   0.0000   │   0.7646   │
│       MSE        │   0.0199    │   0.0000   │   0.2425   │
│       MAE        │   0.0946    │   0.0000   │   0.2928   │
│       RMSE       │   0.1409    │   0.0000   │   0.4924   │
└──────────────────┴─────────────┴────────────┴────────────┘
Info[iaw]:> Result, 0.9773364142809323, 0.6996684728902727, 0.9911374310028328, 0.8390689400820126, 0.9735686107813609, 0.7645844887851311, 0.019865693085451833, 0.24250527919045006, 0.09458899743628632, 0.2927552514835253, 0.1409457097092772, 0.4924482502664113
Info[iaw]:> The model will be saved as 
`/home/iaw/DATA2/AAReact/train/output/pt/ddg/hyper_seed_1_test_0-2/search_optuna/seed_42_test_0-3/rf
_rdkit_xtb_acsf.pkl`
[OK] Finished target=ddg search=optuna split=seed_42_test_0-3 model=rf descriptor=rdkit_xtb_acsf
[INFO] Train target=ddg hyper=seed_1_test_0-2 search=optuna split=seed_42_test_0-3 model=rf descriptor=soap_xtb_acsf
                           Metric                           
┏━━━━━━━━━━━━━━━━━━┳━━━━━━━━━━━━━┳━━━━━━━━━━━━┳━━━━━━━━━━━━┓
┃       name       ┃    Train    ┃   Valid    ┃    Test    ┃
┡━━━━━━━━━━━━━━━━━━╇━━━━━━━━━━━━━╇━━━━━━━━━━━━╇━━━━━━━━━━━━┩
│        R2        │   0.9770    │   0.0000   │   0.7184   │
│        R         │   0.9907    │   0.0000   │   0.8491   │
│    Spearmanr     │   0.9777    │   0.0000   │   0.7876   │
│       MSE        │   0.0201    │   0.0000   │   0.2274   │
│       MAE        │   0.0894    │   0.0000   │   0.2867   │
│       RMSE       │   0.1419    │   0.0000   │   0.4768   │
└──────────────────┴─────────────┴────────────┴────────────┘
Info[iaw]:> Result, 0.9770282176321627, 0.7184168128283472, 0.9907447061168705, 0.8490776553909305, 0.9777343486757868, 0.7876333337632689, 0.020135841865539548, 0.22736677057367363, 0.08941382500811794, 0.2866725047666323, 0.14190081700095863, 0.476829917867654
Info[iaw]:> The model will be saved as 
`/home/iaw/DATA2/AAReact/train/output/pt/ddg/hyper_seed_1_test_0-2/search_optuna/seed_42_test_0-3/rf
_soap_xtb_acsf.pkl`
[OK] Finished target=ddg search=optuna split=seed_42_test_0-3 model=rf descriptor=soap_xtb_acsf
[INFO] Train target=ddg hyper=seed_1_test_0-2 search=optuna split=seed_42_test_0-3 model=rf descriptor=rdkit_soap_xtb_acsf
                           Metric                           
┏━━━━━━━━━━━━━━━━━━┳━━━━━━━━━━━━━┳━━━━━━━━━━━━┳━━━━━━━━━━━━┓
┃       name       ┃    Train    ┃   Valid    ┃    Test    ┃
┡━━━━━━━━━━━━━━━━━━╇━━━━━━━━━━━━━╇━━━━━━━━━━━━╇━━━━━━━━━━━━┩
│        R2        │   0.9726    │   0.0000   │   0.7034   │
│        R         │   0.9885    │   0.0000   │   0.8416   │
│    Spearmanr     │   0.9722    │   0.0000   │   0.7705   │
│       MSE        │   0.0240    │   0.0000   │   0.2395   │
│       MAE        │   0.1033    │   0.0000   │   0.2964   │
│       RMSE       │   0.1549    │   0.0000   │   0.4894   │
└──────────────────┴─────────────┴────────────┴────────────┘
Info[iaw]:> Result, 0.9726372115983093, 0.703420410874342, 0.9885084545195557, 0.8416202749483921, 0.9722083698362424, 0.7704789052121087, 0.023984764065503254, 0.2394757445388996, 0.10334153359920115, 0.29639970491309614, 0.15487015227442394, 0.4893625900484217
Info[iaw]:> The model will be saved as 
`/home/iaw/DATA2/AAReact/train/output/pt/ddg/hyper_seed_1_test_0-2/search_optuna/seed_42_test_0-3/rf
_rdkit_soap_xtb_acsf.pkl`
[OK] Finished target=ddg search=optuna split=seed_42_test_0-3 model=rf descriptor=rdkit_soap_xtb_acsf
[OK] Finished 405 training runs.
[OK] Train log saved: /home/iaw/DATA2/AAReact/train/logs/train_20260716_153534.log
[OK] Extract metrics with: /home/iaw/DATA2/AAReact/train/extract_train_model_metric.sh /home/iaw/DATA2/AAReact/train/logs/train_20260716_153534.log /home/iaw/DATA2/AAReact/train/train_20260716_153534.csv
