[INFO] AAReact ML training workflow
  python: /home/iaw/soft/conda/2024.06.1/envs/python3.12/bin/python
  targets: ddg
  hyper_split: seed_1_test_0-2
  search_methods: optuna
  train_seeds: 1 12 42
  train_test_sizes: 0.15 0.2 0.3
  models: lgb xgb rf
  descriptors: rdkit xtb soap acsf rdkit_soap soap_xtb rdkit_xtb soap_acsf acsf_xtb rdkit_acsf rdkit_soap_xtb rdkit_soap_acsf rdkit_xtb_acsf soap_xtb_acsf rdkit_soap_xtb_acsf
  config_root: /home/iaw/DATA2/AAReact/config/train
  log: /home/iaw/DATA2/AAReact/train/logs/train_20260724_021522.log
[INFO] Train target=ddg hyper=seed_1_test_0-2 search=optuna split=seed_1_test_0-15 model=lgb descriptor=rdkit
                           Metric                           
┏━━━━━━━━━━━━━━━━━━┳━━━━━━━━━━━━━┳━━━━━━━━━━━━┳━━━━━━━━━━━━┓
┃       name       ┃    Train    ┃   Valid    ┃    Test    ┃
┡━━━━━━━━━━━━━━━━━━╇━━━━━━━━━━━━━╇━━━━━━━━━━━━╇━━━━━━━━━━━━┩
│        R2        │   0.9612    │   0.0000   │   0.9472   │
│        R         │   0.9809    │   0.0000   │   0.9742   │
│    Spearmanr     │   0.9672    │   0.0000   │   0.9402   │
│       MSE        │   0.0323    │   0.0000   │   0.0521   │
│       MAE        │   0.0853    │   0.0000   │   0.1638   │
│       RMSE       │   0.1797    │   0.0000   │   0.2282   │
└──────────────────┴─────────────┴────────────┴────────────┘
Info[iaw]:> Result, 0.9612170149236976, 0.9472075630394284, 0.9808965366090816, 0.9742457055489329, 0.9672044805835825, 0.9402180755961824, 0.032305034338966636, 0.0520706560990045, 0.08533663189525029, 0.1637644010195918, 0.17973601291607266, 0.22818995617468465
Info[iaw]:> The model will be saved as 
`/home/iaw/DATA2/AAReact/train/output/pt/ddg/hyper_seed_1_test_0-2/search_optuna/seed_1_test_0-15/lg
b_rdkit.pkl`
[OK] Finished target=ddg search=optuna split=seed_1_test_0-15 model=lgb descriptor=rdkit
[INFO] Train target=ddg hyper=seed_1_test_0-2 search=optuna split=seed_1_test_0-15 model=lgb descriptor=xtb
                           Metric                           
┏━━━━━━━━━━━━━━━━━━┳━━━━━━━━━━━━━┳━━━━━━━━━━━━┳━━━━━━━━━━━━┓
┃       name       ┃    Train    ┃   Valid    ┃    Test    ┃
┡━━━━━━━━━━━━━━━━━━╇━━━━━━━━━━━━━╇━━━━━━━━━━━━╇━━━━━━━━━━━━┩
│        R2        │   0.9659    │   0.0000   │   0.9469   │
│        R         │   0.9833    │   0.0000   │   0.9741   │
│    Spearmanr     │   0.9635    │   0.0000   │   0.9410   │
│       MSE        │   0.0284    │   0.0000   │   0.0523   │
│       MAE        │   0.1133    │   0.0000   │   0.1613   │
│       RMSE       │   0.1686    │   0.0000   │   0.2288   │
└──────────────────┴─────────────┴────────────┴────────────┘
Info[iaw]:> Result, 0.9658722606096871, 0.9469252192269325, 0.9833497736632927, 0.9740999639749877, 0.9634913265827149, 0.9410238976605978, 0.02842735778966691, 0.05234913969265134, 0.11331029769420951, 0.16130529903697785, 0.16860414523275194, 0.22879934373299968
Info[iaw]:> The model will be saved as 
`/home/iaw/DATA2/AAReact/train/output/pt/ddg/hyper_seed_1_test_0-2/search_optuna/seed_1_test_0-15/lg
b_xtb.pkl`
[OK] Finished target=ddg search=optuna split=seed_1_test_0-15 model=lgb descriptor=xtb
[INFO] Train target=ddg hyper=seed_1_test_0-2 search=optuna split=seed_1_test_0-15 model=lgb descriptor=soap
                           Metric                           
┏━━━━━━━━━━━━━━━━━━┳━━━━━━━━━━━━━┳━━━━━━━━━━━━┳━━━━━━━━━━━━┓
┃       name       ┃    Train    ┃   Valid    ┃    Test    ┃
┡━━━━━━━━━━━━━━━━━━╇━━━━━━━━━━━━━╇━━━━━━━━━━━━╇━━━━━━━━━━━━┩
│        R2        │   0.4516    │   0.0000   │   0.4804   │
│        R         │   0.6749    │   0.0000   │   0.7191   │
│    Spearmanr     │   0.6201    │   0.0000   │   0.6786   │
│       MSE        │   0.4568    │   0.0000   │   0.5125   │
│       MAE        │   0.4922    │   0.0000   │   0.5462   │
│       RMSE       │   0.6759    │   0.0000   │   0.7159   │
└──────────────────┴─────────────┴────────────┴────────────┘
Info[iaw]:> Result, 0.4515833097050833, 0.4804168569125856, 0.6749303761073683, 0.7190836418378233, 0.620067313047679, 0.6786280879353328, 0.4568142441120428, 0.5124793761415264, 0.4921981488299577, 0.5461952593787139, 0.6758803474817439, 0.7158766486913275
Info[iaw]:> The model will be saved as 
`/home/iaw/DATA2/AAReact/train/output/pt/ddg/hyper_seed_1_test_0-2/search_optuna/seed_1_test_0-15/lg
b_soap.pkl`
[OK] Finished target=ddg search=optuna split=seed_1_test_0-15 model=lgb descriptor=soap
[INFO] Train target=ddg hyper=seed_1_test_0-2 search=optuna split=seed_1_test_0-15 model=lgb descriptor=acsf
                           Metric                           
┏━━━━━━━━━━━━━━━━━━┳━━━━━━━━━━━━━┳━━━━━━━━━━━━┳━━━━━━━━━━━━┓
┃       name       ┃    Train    ┃   Valid    ┃    Test    ┃
┡━━━━━━━━━━━━━━━━━━╇━━━━━━━━━━━━━╇━━━━━━━━━━━━╇━━━━━━━━━━━━┩
│        R2        │   0.9818    │   0.0000   │   0.9434   │
│        R         │   0.9912    │   0.0000   │   0.9716   │
│    Spearmanr     │   0.9819    │   0.0000   │   0.9190   │
│       MSE        │   0.0151    │   0.0000   │   0.0558   │
│       MAE        │   0.0800    │   0.0000   │   0.1886   │
│       RMSE       │   0.1230    │   0.0000   │   0.2363   │
└──────────────────┴─────────────┴────────────┴────────────┘
Info[iaw]:> Result, 0.9818484470736432, 0.9433868167394828, 0.9911805295189694, 0.9715970363535295, 0.9818534336969378, 0.9189645186472262, 0.015119685589901299, 0.055839164962775974, 0.07999584336018052, 0.18860639302950255, 0.12296213071470947, 0.23630312093321149
Info[iaw]:> The model will be saved as 
`/home/iaw/DATA2/AAReact/train/output/pt/ddg/hyper_seed_1_test_0-2/search_optuna/seed_1_test_0-15/lg
b_acsf.pkl`
[OK] Finished target=ddg search=optuna split=seed_1_test_0-15 model=lgb descriptor=acsf
[INFO] Train target=ddg hyper=seed_1_test_0-2 search=optuna split=seed_1_test_0-15 model=lgb descriptor=rdkit_soap
                           Metric                           
┏━━━━━━━━━━━━━━━━━━┳━━━━━━━━━━━━━┳━━━━━━━━━━━━┳━━━━━━━━━━━━┓
┃       name       ┃    Train    ┃   Valid    ┃    Test    ┃
┡━━━━━━━━━━━━━━━━━━╇━━━━━━━━━━━━━╇━━━━━━━━━━━━╇━━━━━━━━━━━━┩
│        R2        │   0.9865    │   0.0000   │   0.9657   │
│        R         │   0.9936    │   0.0000   │   0.9835   │
│    Spearmanr     │   0.9839    │   0.0000   │   0.9623   │
│       MSE        │   0.0113    │   0.0000   │   0.0338   │
│       MAE        │   0.0652    │   0.0000   │   0.1327   │
│       RMSE       │   0.1061    │   0.0000   │   0.1839   │
└──────────────────┴─────────────┴────────────┴────────────┘
Info[iaw]:> Result, 0.9864727597371082, 0.9657224423913908, 0.9935603285234299, 0.9835210704338655, 0.9839019405191376, 0.962277454609554, 0.011267775297450962, 0.03380891311164011, 0.06518317749733671, 0.1327258178504535, 0.10614977766086447, 0.18387200197865936
Info[iaw]:> The model will be saved as 
`/home/iaw/DATA2/AAReact/train/output/pt/ddg/hyper_seed_1_test_0-2/search_optuna/seed_1_test_0-15/lg
b_rdkit_soap.pkl`
[OK] Finished target=ddg search=optuna split=seed_1_test_0-15 model=lgb descriptor=rdkit_soap
[INFO] Train target=ddg hyper=seed_1_test_0-2 search=optuna split=seed_1_test_0-15 model=lgb descriptor=soap_xtb
                           Metric                           
┏━━━━━━━━━━━━━━━━━━┳━━━━━━━━━━━━━┳━━━━━━━━━━━━┳━━━━━━━━━━━━┓
┃       name       ┃    Train    ┃   Valid    ┃    Test    ┃
┡━━━━━━━━━━━━━━━━━━╇━━━━━━━━━━━━━╇━━━━━━━━━━━━╇━━━━━━━━━━━━┩
│        R2        │   0.9893    │   0.0000   │   0.9710   │
│        R         │   0.9949    │   0.0000   │   0.9858   │
│    Spearmanr     │   0.9870    │   0.0000   │   0.9536   │
│       MSE        │   0.0089    │   0.0000   │   0.0286   │
│       MAE        │   0.0545    │   0.0000   │   0.1280   │
│       RMSE       │   0.0942    │   0.0000   │   0.1692   │
└──────────────────┴─────────────┴────────────┴────────────┘
Info[iaw]:> Result, 0.9893445543712026, 0.9709656969371209, 0.9948759161474976, 0.9857540669302813, 0.9869846955884387, 0.9536148674170885, 0.008875658649226145, 0.028637344606587817, 0.05450347342985335, 0.12803680254403757, 0.09421071408935475, 0.16922572087773127
Info[iaw]:> The model will be saved as 
`/home/iaw/DATA2/AAReact/train/output/pt/ddg/hyper_seed_1_test_0-2/search_optuna/seed_1_test_0-15/lg
b_soap_xtb.pkl`
[OK] Finished target=ddg search=optuna split=seed_1_test_0-15 model=lgb descriptor=soap_xtb
[INFO] Train target=ddg hyper=seed_1_test_0-2 search=optuna split=seed_1_test_0-15 model=lgb descriptor=rdkit_xtb
                           Metric                           
┏━━━━━━━━━━━━━━━━━━┳━━━━━━━━━━━━━┳━━━━━━━━━━━━┳━━━━━━━━━━━━┓
┃       name       ┃    Train    ┃   Valid    ┃    Test    ┃
┡━━━━━━━━━━━━━━━━━━╇━━━━━━━━━━━━━╇━━━━━━━━━━━━╇━━━━━━━━━━━━┩
│        R2        │   0.9819    │   0.0000   │   0.9558   │
│        R         │   0.9914    │   0.0000   │   0.9783   │
│    Spearmanr     │   0.9794    │   0.0000   │   0.9454   │
│       MSE        │   0.0151    │   0.0000   │   0.0436   │
│       MAE        │   0.0783    │   0.0000   │   0.1584   │
│       RMSE       │   0.1229    │   0.0000   │   0.2087   │
└──────────────────┴─────────────┴────────────┴────────────┘
Info[iaw]:> Result, 0.9818532971315875, 0.9558326477290489, 0.9914197630295806, 0.978258488172789, 0.9794173010611185, 0.9454055551358566, 0.015115645640729529, 0.04356349400240651, 0.07834536260586515, 0.1583509953452487, 0.12294570200185742, 0.20871869586217356
Info[iaw]:> The model will be saved as 
`/home/iaw/DATA2/AAReact/train/output/pt/ddg/hyper_seed_1_test_0-2/search_optuna/seed_1_test_0-15/lg
b_rdkit_xtb.pkl`
[OK] Finished target=ddg search=optuna split=seed_1_test_0-15 model=lgb descriptor=rdkit_xtb
[INFO] Train target=ddg hyper=seed_1_test_0-2 search=optuna split=seed_1_test_0-15 model=lgb descriptor=soap_acsf
                           Metric                           
┏━━━━━━━━━━━━━━━━━━┳━━━━━━━━━━━━━┳━━━━━━━━━━━━┳━━━━━━━━━━━━┓
┃       name       ┃    Train    ┃   Valid    ┃    Test    ┃
┡━━━━━━━━━━━━━━━━━━╇━━━━━━━━━━━━━╇━━━━━━━━━━━━╇━━━━━━━━━━━━┩
│        R2        │   0.9908    │   0.0000   │   0.9639   │
│        R         │   0.9954    │   0.0000   │   0.9818   │
│    Spearmanr     │   0.9843    │   0.0000   │   0.9571   │
│       MSE        │   0.0077    │   0.0000   │   0.0356   │
│       MAE        │   0.0565    │   0.0000   │   0.1365   │
│       RMSE       │   0.0877    │   0.0000   │   0.1886   │
└──────────────────┴─────────────┴────────────┴────────────┘
Info[iaw]:> Result, 0.990758047572241, 0.963949090104551, 0.9954293667478598, 0.9818482024010333, 0.9843379471331116, 0.9571403389489058, 0.0076982622650231276, 0.035558020036546505, 0.05649366463853716, 0.13648659439406358, 0.0877397416512217, 0.18856834314525464
Info[iaw]:> The model will be saved as 
`/home/iaw/DATA2/AAReact/train/output/pt/ddg/hyper_seed_1_test_0-2/search_optuna/seed_1_test_0-15/lg
b_soap_acsf.pkl`
[OK] Finished target=ddg search=optuna split=seed_1_test_0-15 model=lgb descriptor=soap_acsf
[INFO] Train target=ddg hyper=seed_1_test_0-2 search=optuna split=seed_1_test_0-15 model=lgb descriptor=acsf_xtb
                           Metric                           
┏━━━━━━━━━━━━━━━━━━┳━━━━━━━━━━━━━┳━━━━━━━━━━━━┳━━━━━━━━━━━━┓
┃       name       ┃    Train    ┃   Valid    ┃    Test    ┃
┡━━━━━━━━━━━━━━━━━━╇━━━━━━━━━━━━━╇━━━━━━━━━━━━╇━━━━━━━━━━━━┩
│        R2        │   0.9947    │   0.0000   │   0.9586   │
│        R         │   0.9974    │   0.0000   │   0.9803   │
│    Spearmanr     │   0.9894    │   0.0000   │   0.9598   │
│       MSE        │   0.0044    │   0.0000   │   0.0408   │
│       MAE        │   0.0408    │   0.0000   │   0.1563   │
│       RMSE       │   0.0666    │   0.0000   │   0.2020   │
└──────────────────┴─────────────┴────────────┴────────────┘
Info[iaw]:> Result, 0.9946818517426229, 0.958626698912406, 0.9973804395504728, 0.9802679356544715, 0.9894069223654735, 0.9597592606582559, 0.004429854012945971, 0.04080764322779135, 0.04079996079814382, 0.15625416034064876, 0.06655714847366863, 0.2020090176892887
Info[iaw]:> The model will be saved as 
`/home/iaw/DATA2/AAReact/train/output/pt/ddg/hyper_seed_1_test_0-2/search_optuna/seed_1_test_0-15/lg
b_acsf_xtb.pkl`
[OK] Finished target=ddg search=optuna split=seed_1_test_0-15 model=lgb descriptor=acsf_xtb
[INFO] Train target=ddg hyper=seed_1_test_0-2 search=optuna split=seed_1_test_0-15 model=lgb descriptor=rdkit_acsf
                           Metric                           
┏━━━━━━━━━━━━━━━━━━┳━━━━━━━━━━━━━┳━━━━━━━━━━━━┳━━━━━━━━━━━━┓
┃       name       ┃    Train    ┃   Valid    ┃    Test    ┃
┡━━━━━━━━━━━━━━━━━━╇━━━━━━━━━━━━━╇━━━━━━━━━━━━╇━━━━━━━━━━━━┩
│        R2        │   0.9709    │   0.0000   │   0.9707   │
│        R         │   0.9867    │   0.0000   │   0.9864   │
│    Spearmanr     │   0.9746    │   0.0000   │   0.9733   │
│       MSE        │   0.0242    │   0.0000   │   0.0289   │
│       MAE        │   0.0989    │   0.0000   │   0.1320   │
│       RMSE       │   0.1556    │   0.0000   │   0.1699   │
└──────────────────┴─────────────┴────────────┴────────────┘
Info[iaw]:> Result, 0.9709325538849326, 0.970718656294021, 0.9866620361412485, 0.9864139065963968, 0.97458385631192, 0.9732567802372138, 0.024212289050104294, 0.02888100769755173, 0.09894137328516907, 0.13197453995460054, 0.15560298535087394, 0.16994413110652493
Info[iaw]:> The model will be saved as 
`/home/iaw/DATA2/AAReact/train/output/pt/ddg/hyper_seed_1_test_0-2/search_optuna/seed_1_test_0-15/lg
b_rdkit_acsf.pkl`
[OK] Finished target=ddg search=optuna split=seed_1_test_0-15 model=lgb descriptor=rdkit_acsf
[INFO] Train target=ddg hyper=seed_1_test_0-2 search=optuna split=seed_1_test_0-15 model=lgb descriptor=rdkit_soap_xtb
                           Metric                           
┏━━━━━━━━━━━━━━━━━━┳━━━━━━━━━━━━━┳━━━━━━━━━━━━┳━━━━━━━━━━━━┓
┃       name       ┃    Train    ┃   Valid    ┃    Test    ┃
┡━━━━━━━━━━━━━━━━━━╇━━━━━━━━━━━━━╇━━━━━━━━━━━━╇━━━━━━━━━━━━┩
│        R2        │   0.9868    │   0.0000   │   0.9532   │
│        R         │   0.9936    │   0.0000   │   0.9768   │
│    Spearmanr     │   0.9817    │   0.0000   │   0.9510   │
│       MSE        │   0.0110    │   0.0000   │   0.0461   │
│       MAE        │   0.0668    │   0.0000   │   0.1658   │
│       RMSE       │   0.1050    │   0.0000   │   0.2148   │
└──────────────────┴─────────────┴────────────┴────────────┘
Info[iaw]:> Result, 0.9867589796402704, 0.9532147967035987, 0.9936098216255113, 0.9767565686371519, 0.9817001795449163, 0.9509959457077384, 0.011029362916816585, 0.04614555363656291, 0.06676880094338423, 0.16578831540248298, 0.10502077373937303, 0.2148151615611964
Info[iaw]:> The model will be saved as 
`/home/iaw/DATA2/AAReact/train/output/pt/ddg/hyper_seed_1_test_0-2/search_optuna/seed_1_test_0-15/lg
b_rdkit_soap_xtb.pkl`
[OK] Finished target=ddg search=optuna split=seed_1_test_0-15 model=lgb descriptor=rdkit_soap_xtb
[INFO] Train target=ddg hyper=seed_1_test_0-2 search=optuna split=seed_1_test_0-15 model=lgb descriptor=rdkit_soap_acsf
                           Metric                           
┏━━━━━━━━━━━━━━━━━━┳━━━━━━━━━━━━━┳━━━━━━━━━━━━┳━━━━━━━━━━━━┓
┃       name       ┃    Train    ┃   Valid    ┃    Test    ┃
┡━━━━━━━━━━━━━━━━━━╇━━━━━━━━━━━━━╇━━━━━━━━━━━━╇━━━━━━━━━━━━┩
│        R2        │   0.9926    │   0.0000   │   0.9665   │
│        R         │   0.9964    │   0.0000   │   0.9831   │
│    Spearmanr     │   0.9848    │   0.0000   │   0.9555   │
│       MSE        │   0.0062    │   0.0000   │   0.0330   │
│       MAE        │   0.0487    │   0.0000   │   0.1305   │
│       RMSE       │   0.0786    │   0.0000   │   0.1818   │
└──────────────────┴─────────────┴────────────┴────────────┘
Info[iaw]:> Result, 0.9925882799486276, 0.9665077469924123, 0.9964298062357088, 0.9831411658682253, 0.9847994478215241, 0.9555286948200751, 0.006173734958753682, 0.033034345234743405, 0.048665363771974675, 0.13048715374965447, 0.07857311855051753, 0.1817535288096036
Info[iaw]:> The model will be saved as 
`/home/iaw/DATA2/AAReact/train/output/pt/ddg/hyper_seed_1_test_0-2/search_optuna/seed_1_test_0-15/lg
b_rdkit_soap_acsf.pkl`
[OK] Finished target=ddg search=optuna split=seed_1_test_0-15 model=lgb descriptor=rdkit_soap_acsf
[INFO] Train target=ddg hyper=seed_1_test_0-2 search=optuna split=seed_1_test_0-15 model=lgb descriptor=rdkit_xtb_acsf
                           Metric                           
┏━━━━━━━━━━━━━━━━━━┳━━━━━━━━━━━━━┳━━━━━━━━━━━━┳━━━━━━━━━━━━┓
┃       name       ┃    Train    ┃   Valid    ┃    Test    ┃
┡━━━━━━━━━━━━━━━━━━╇━━━━━━━━━━━━━╇━━━━━━━━━━━━╇━━━━━━━━━━━━┩
│        R2        │   0.9893    │   0.0000   │   0.9582   │
│        R         │   0.9948    │   0.0000   │   0.9792   │
│    Spearmanr     │   0.9861    │   0.0000   │   0.9496   │
│       MSE        │   0.0089    │   0.0000   │   0.0412   │
│       MAE        │   0.0585    │   0.0000   │   0.1574   │
│       RMSE       │   0.0943    │   0.0000   │   0.2030   │
└──────────────────┴─────────────┴────────────┴────────────┘
Info[iaw]:> Result, 0.9893226457569998, 0.9582392658213418, 0.9948130953142128, 0.9791864981338063, 0.9861355690864068, 0.9496361209740374, 0.008893907851363292, 0.04118977931408813, 0.05845632155632608, 0.15741058203365585, 0.09430751747004738, 0.20295265288753467
Info[iaw]:> The model will be saved as 
`/home/iaw/DATA2/AAReact/train/output/pt/ddg/hyper_seed_1_test_0-2/search_optuna/seed_1_test_0-15/lg
b_rdkit_xtb_acsf.pkl`
[OK] Finished target=ddg search=optuna split=seed_1_test_0-15 model=lgb descriptor=rdkit_xtb_acsf
[INFO] Train target=ddg hyper=seed_1_test_0-2 search=optuna split=seed_1_test_0-15 model=lgb descriptor=soap_xtb_acsf
                           Metric                           
┏━━━━━━━━━━━━━━━━━━┳━━━━━━━━━━━━━┳━━━━━━━━━━━━┳━━━━━━━━━━━━┓
┃       name       ┃    Train    ┃   Valid    ┃    Test    ┃
┡━━━━━━━━━━━━━━━━━━╇━━━━━━━━━━━━━╇━━━━━━━━━━━━╇━━━━━━━━━━━━┩
│        R2        │   0.9926    │   0.0000   │   0.9703   │
│        R         │   0.9964    │   0.0000   │   0.9851   │
│    Spearmanr     │   0.9853    │   0.0000   │   0.9553   │
│       MSE        │   0.0062    │   0.0000   │   0.0293   │
│       MAE        │   0.0488    │   0.0000   │   0.1264   │
│       RMSE       │   0.0785    │   0.0000   │   0.1712   │
└──────────────────┴─────────────┴────────────┴────────────┘
Info[iaw]:> Result, 0.992609430830651, 0.9702885724344248, 0.9963619588856164, 0.9851151288855471, 0.985314254301944, 0.9552768754249452, 0.00615611692422855, 0.029305211428921316, 0.048814574108847104, 0.1264218586821842, 0.0784609260984635, 0.17118764975582004
Info[iaw]:> The model will be saved as 
`/home/iaw/DATA2/AAReact/train/output/pt/ddg/hyper_seed_1_test_0-2/search_optuna/seed_1_test_0-15/lg
b_soap_xtb_acsf.pkl`
[OK] Finished target=ddg search=optuna split=seed_1_test_0-15 model=lgb descriptor=soap_xtb_acsf
[INFO] Train target=ddg hyper=seed_1_test_0-2 search=optuna split=seed_1_test_0-15 model=lgb descriptor=rdkit_soap_xtb_acsf
                           Metric                           
┏━━━━━━━━━━━━━━━━━━┳━━━━━━━━━━━━━┳━━━━━━━━━━━━┳━━━━━━━━━━━━┓
┃       name       ┃    Train    ┃   Valid    ┃    Test    ┃
┡━━━━━━━━━━━━━━━━━━╇━━━━━━━━━━━━━╇━━━━━━━━━━━━╇━━━━━━━━━━━━┩
│        R2        │   0.9903    │   0.0000   │   0.9646   │
│        R         │   0.9954    │   0.0000   │   0.9826   │
│    Spearmanr     │   0.9843    │   0.0000   │   0.9501   │
│       MSE        │   0.0081    │   0.0000   │   0.0349   │
│       MAE        │   0.0553    │   0.0000   │   0.1304   │
│       RMSE       │   0.0898    │   0.0000   │   0.1868   │
└──────────────────┴─────────────┴────────────┴────────────┘
Info[iaw]:> Result, 0.9903111833353142, 0.9646324287763922, 0.9953721179432776, 0.9825811415630015, 0.984340844187025, 0.9501397597642971, 0.008070486437308249, 0.034884024005501946, 0.055317643924617035, 0.13044667215702543, 0.08983588613303845, 0.18677265325925513
Info[iaw]:> The model will be saved as 
`/home/iaw/DATA2/AAReact/train/output/pt/ddg/hyper_seed_1_test_0-2/search_optuna/seed_1_test_0-15/lg
b_rdkit_soap_xtb_acsf.pkl`
[OK] Finished target=ddg search=optuna split=seed_1_test_0-15 model=lgb descriptor=rdkit_soap_xtb_acsf
[INFO] Train target=ddg hyper=seed_1_test_0-2 search=optuna split=seed_1_test_0-15 model=xgb descriptor=rdkit
                           Metric                           
┏━━━━━━━━━━━━━━━━━━┳━━━━━━━━━━━━━┳━━━━━━━━━━━━┳━━━━━━━━━━━━┓
┃       name       ┃    Train    ┃   Valid    ┃    Test    ┃
┡━━━━━━━━━━━━━━━━━━╇━━━━━━━━━━━━━╇━━━━━━━━━━━━╇━━━━━━━━━━━━┩
│        R2        │   0.9490    │   0.0000   │   0.9471   │
│        R         │   0.9756    │   0.0000   │   0.9762   │
│    Spearmanr     │   0.9586    │   0.0000   │   0.9426   │
│       MSE        │   0.0424    │   0.0000   │   0.0521   │
│       MAE        │   0.1132    │   0.0000   │   0.1759   │
│       RMSE       │   0.2060    │   0.0000   │   0.2284   │
└──────────────────┴─────────────┴────────────┴────────────┘
Info[iaw]:> Result, 0.9490431399946762, 0.9471320677173455, 0.9756369557260826, 0.976235072952859, 0.9586474524394281, 0.9426355417894287, 0.04244549791717194, 0.05214511924523505, 0.11317050543560277, 0.1758862333890471, 0.2060230519072367, 0.22835305832249117
Info[iaw]:> The model will be saved as 
`/home/iaw/DATA2/AAReact/train/output/pt/ddg/hyper_seed_1_test_0-2/search_optuna/seed_1_test_0-15/xg
b_rdkit.pkl`
[OK] Finished target=ddg search=optuna split=seed_1_test_0-15 model=xgb descriptor=rdkit
[INFO] Train target=ddg hyper=seed_1_test_0-2 search=optuna split=seed_1_test_0-15 model=xgb descriptor=xtb
                           Metric                           
┏━━━━━━━━━━━━━━━━━━┳━━━━━━━━━━━━━┳━━━━━━━━━━━━┳━━━━━━━━━━━━┓
┃       name       ┃    Train    ┃   Valid    ┃    Test    ┃
┡━━━━━━━━━━━━━━━━━━╇━━━━━━━━━━━━━╇━━━━━━━━━━━━╇━━━━━━━━━━━━┩
│        R2        │   0.9847    │   0.0000   │   0.9544   │
│        R         │   0.9926    │   0.0000   │   0.9780   │
│    Spearmanr     │   0.9813    │   0.0000   │   0.9456   │
│       MSE        │   0.0128    │   0.0000   │   0.0450   │
│       MAE        │   0.0731    │   0.0000   │   0.1588   │
│       RMSE       │   0.1130    │   0.0000   │   0.2120   │
└──────────────────┴─────────────┴────────────┴────────────┘
Info[iaw]:> Result, 0.9846742793784086, 0.954423033682828, 0.992596238110911, 0.9779921359024141, 0.981267359690247, 0.9455566467729345, 0.012765854149077369, 0.04495383573427064, 0.07311143905337401, 0.15878364768771833, 0.11298607944821065, 0.2120231962174673
Info[iaw]:> The model will be saved as 
`/home/iaw/DATA2/AAReact/train/output/pt/ddg/hyper_seed_1_test_0-2/search_optuna/seed_1_test_0-15/xg
b_xtb.pkl`
[OK] Finished target=ddg search=optuna split=seed_1_test_0-15 model=xgb descriptor=xtb
[INFO] Train target=ddg hyper=seed_1_test_0-2 search=optuna split=seed_1_test_0-15 model=xgb descriptor=soap
                           Metric                           
┏━━━━━━━━━━━━━━━━━━┳━━━━━━━━━━━━━┳━━━━━━━━━━━━┳━━━━━━━━━━━━┓
┃       name       ┃    Train    ┃   Valid    ┃    Test    ┃
┡━━━━━━━━━━━━━━━━━━╇━━━━━━━━━━━━━╇━━━━━━━━━━━━╇━━━━━━━━━━━━┩
│        R2        │   0.4566    │   0.0000   │   0.4775   │
│        R         │   0.6787    │   0.0000   │   0.7134   │
│    Spearmanr     │   0.6201    │   0.0000   │   0.6784   │
│       MSE        │   0.4526    │   0.0000   │   0.5154   │
│       MAE        │   0.4872    │   0.0000   │   0.5462   │
│       RMSE       │   0.6728    │   0.0000   │   0.7179   │
└──────────────────┴─────────────┴────────────┴────────────┘
Info[iaw]:> Result, 0.45664946992252586, 0.47745152637508825, 0.6786842007335494, 0.7133807147255492, 0.6201061335701192, 0.6783762685402029, 0.45259428838998594, 0.5154041645303107, 0.48720069692388135, 0.5462263901346789, 0.6727512827115129, 0.7179165442656344
Info[iaw]:> The model will be saved as 
`/home/iaw/DATA2/AAReact/train/output/pt/ddg/hyper_seed_1_test_0-2/search_optuna/seed_1_test_0-15/xg
b_soap.pkl`
[OK] Finished target=ddg search=optuna split=seed_1_test_0-15 model=xgb descriptor=soap
[INFO] Train target=ddg hyper=seed_1_test_0-2 search=optuna split=seed_1_test_0-15 model=xgb descriptor=acsf
                           Metric                           
┏━━━━━━━━━━━━━━━━━━┳━━━━━━━━━━━━━┳━━━━━━━━━━━━┳━━━━━━━━━━━━┓
┃       name       ┃    Train    ┃   Valid    ┃    Test    ┃
┡━━━━━━━━━━━━━━━━━━╇━━━━━━━━━━━━━╇━━━━━━━━━━━━╇━━━━━━━━━━━━┩
│        R2        │   0.9808    │   0.0000   │   0.9481   │
│        R         │   0.9907    │   0.0000   │   0.9744   │
│    Spearmanr     │   0.9810    │   0.0000   │   0.9323   │
│       MSE        │   0.0160    │   0.0000   │   0.0512   │
│       MAE        │   0.0802    │   0.0000   │   0.1754   │
│       RMSE       │   0.1264    │   0.0000   │   0.2263   │
└──────────────────┴─────────────┴────────────┴────────────┘
Info[iaw]:> Result, 0.9808144336925243, 0.9480943947697157, 0.9906664535704858, 0.9743711636014166, 0.9810028586679491, 0.9323109465891063, 0.015980986949718737, 0.05119594917687541, 0.08015490117464376, 0.17537213558046852, 0.12641592838609672, 0.226265218663575
Info[iaw]:> The model will be saved as 
`/home/iaw/DATA2/AAReact/train/output/pt/ddg/hyper_seed_1_test_0-2/search_optuna/seed_1_test_0-15/xg
b_acsf.pkl`
[OK] Finished target=ddg search=optuna split=seed_1_test_0-15 model=xgb descriptor=acsf
[INFO] Train target=ddg hyper=seed_1_test_0-2 search=optuna split=seed_1_test_0-15 model=xgb descriptor=rdkit_soap
                           Metric                           
┏━━━━━━━━━━━━━━━━━━┳━━━━━━━━━━━━━┳━━━━━━━━━━━━┳━━━━━━━━━━━━┓
┃       name       ┃    Train    ┃   Valid    ┃    Test    ┃
┡━━━━━━━━━━━━━━━━━━╇━━━━━━━━━━━━━╇━━━━━━━━━━━━╇━━━━━━━━━━━━┩
│        R2        │   0.9886    │   0.0000   │   0.9702   │
│        R         │   0.9947    │   0.0000   │   0.9859   │
│    Spearmanr     │   0.9873    │   0.0000   │   0.9608   │
│       MSE        │   0.0095    │   0.0000   │   0.0294   │
│       MAE        │   0.0571    │   0.0000   │   0.1227   │
│       RMSE       │   0.0973    │   0.0000   │   0.1716   │
└──────────────────┴─────────────┴────────────┴────────────┘
Info[iaw]:> Result, 0.9886320254305048, 0.9701600623737299, 0.9947039753915428, 0.9858723122332443, 0.9872946803571778, 0.9607665382387751, 0.009469173352941342, 0.029431964493582877, 0.057140988095421695, 0.12273640239400006, 0.09730967759139551, 0.17155746702951427
Info[iaw]:> The model will be saved as 
`/home/iaw/DATA2/AAReact/train/output/pt/ddg/hyper_seed_1_test_0-2/search_optuna/seed_1_test_0-15/xg
b_rdkit_soap.pkl`
[OK] Finished target=ddg search=optuna split=seed_1_test_0-15 model=xgb descriptor=rdkit_soap
[INFO] Train target=ddg hyper=seed_1_test_0-2 search=optuna split=seed_1_test_0-15 model=xgb descriptor=soap_xtb
                           Metric                           
┏━━━━━━━━━━━━━━━━━━┳━━━━━━━━━━━━━┳━━━━━━━━━━━━┳━━━━━━━━━━━━┓
┃       name       ┃    Train    ┃   Valid    ┃    Test    ┃
┡━━━━━━━━━━━━━━━━━━╇━━━━━━━━━━━━━╇━━━━━━━━━━━━╇━━━━━━━━━━━━┩
│        R2        │   0.9930    │   0.0000   │   0.9694   │
│        R         │   0.9966    │   0.0000   │   0.9857   │
│    Spearmanr     │   0.9879    │   0.0000   │   0.9609   │
│       MSE        │   0.0059    │   0.0000   │   0.0302   │
│       MAE        │   0.0478    │   0.0000   │   0.1332   │
│       RMSE       │   0.0766    │   0.0000   │   0.1737   │
└──────────────────┴─────────────┴────────────┴────────────┘
Info[iaw]:> Result, 0.9929586913685883, 0.9694081233239794, 0.9966184350269233, 0.9857142386875214, 0.9879033513843934, 0.960867265996827, 0.005865193632761609, 0.030173622994708934, 0.04783010054518637, 0.13319392729902693, 0.07658455218098235, 0.1737055640867872
Info[iaw]:> The model will be saved as 
`/home/iaw/DATA2/AAReact/train/output/pt/ddg/hyper_seed_1_test_0-2/search_optuna/seed_1_test_0-15/xg
b_soap_xtb.pkl`
[OK] Finished target=ddg search=optuna split=seed_1_test_0-15 model=xgb descriptor=soap_xtb
[INFO] Train target=ddg hyper=seed_1_test_0-2 search=optuna split=seed_1_test_0-15 model=xgb descriptor=rdkit_xtb
                           Metric                           
┏━━━━━━━━━━━━━━━━━━┳━━━━━━━━━━━━━┳━━━━━━━━━━━━┳━━━━━━━━━━━━┓
┃       name       ┃    Train    ┃   Valid    ┃    Test    ┃
┡━━━━━━━━━━━━━━━━━━╇━━━━━━━━━━━━━╇━━━━━━━━━━━━╇━━━━━━━━━━━━┩
│        R2        │   0.9935    │   0.0000   │   0.9471   │
│        R         │   0.9968    │   0.0000   │   0.9744   │
│    Spearmanr     │   0.9883    │   0.0000   │   0.9455   │
│       MSE        │   0.0054    │   0.0000   │   0.0522   │
│       MAE        │   0.0451    │   0.0000   │   0.1580   │
│       RMSE       │   0.0734    │   0.0000   │   0.2284   │
└──────────────────┴─────────────┴────────────┴────────────┘
Info[iaw]:> Result, 0.9935333379798956, 0.9470940680342779, 0.9967962567591675, 0.9743501008208176, 0.9883112565754071, 0.9455062828939085, 0.005386530670781482, 0.05218259939471865, 0.04512579658697422, 0.1579666368423076, 0.07339298788563851, 0.22843510981177706
Info[iaw]:> The model will be saved as 
`/home/iaw/DATA2/AAReact/train/output/pt/ddg/hyper_seed_1_test_0-2/search_optuna/seed_1_test_0-15/xg
b_rdkit_xtb.pkl`
[OK] Finished target=ddg search=optuna split=seed_1_test_0-15 model=xgb descriptor=rdkit_xtb
[INFO] Train target=ddg hyper=seed_1_test_0-2 search=optuna split=seed_1_test_0-15 model=xgb descriptor=soap_acsf
                           Metric                           
┏━━━━━━━━━━━━━━━━━━┳━━━━━━━━━━━━━┳━━━━━━━━━━━━┳━━━━━━━━━━━━┓
┃       name       ┃    Train    ┃   Valid    ┃    Test    ┃
┡━━━━━━━━━━━━━━━━━━╇━━━━━━━━━━━━━╇━━━━━━━━━━━━╇━━━━━━━━━━━━┩
│        R2        │   0.9971    │   0.0000   │   0.9649   │
│        R         │   0.9986    │   0.0000   │   0.9829   │
│    Spearmanr     │   0.9900    │   0.0000   │   0.9546   │
│       MSE        │   0.0024    │   0.0000   │   0.0346   │
│       MAE        │   0.0335    │   0.0000   │   0.1281   │
│       RMSE       │   0.0494    │   0.0000   │   0.1861   │
└──────────────────┴─────────────┴────────────┴────────────┘
Info[iaw]:> Result, 0.9970752171193962, 0.9648843521481465, 0.9985814227418615, 0.982872056512812, 0.9900231257328641, 0.9545717811185818, 0.0024362542286530146, 0.034635544942796095, 0.03347872585111879, 0.12814122977062778, 0.04935842611604441, 0.18610627324944234
Info[iaw]:> The model will be saved as 
`/home/iaw/DATA2/AAReact/train/output/pt/ddg/hyper_seed_1_test_0-2/search_optuna/seed_1_test_0-15/xg
b_soap_acsf.pkl`
[OK] Finished target=ddg search=optuna split=seed_1_test_0-15 model=xgb descriptor=soap_acsf
[INFO] Train target=ddg hyper=seed_1_test_0-2 search=optuna split=seed_1_test_0-15 model=xgb descriptor=acsf_xtb
                           Metric                           
┏━━━━━━━━━━━━━━━━━━┳━━━━━━━━━━━━━┳━━━━━━━━━━━━┳━━━━━━━━━━━━┓
┃       name       ┃    Train    ┃   Valid    ┃    Test    ┃
┡━━━━━━━━━━━━━━━━━━╇━━━━━━━━━━━━━╇━━━━━━━━━━━━╇━━━━━━━━━━━━┩
│        R2        │   0.9930    │   0.0000   │   0.9713   │
│        R         │   0.9966    │   0.0000   │   0.9861   │
│    Spearmanr     │   0.9879    │   0.0000   │   0.9578   │
│       MSE        │   0.0059    │   0.0000   │   0.0283   │
│       MAE        │   0.0470    │   0.0000   │   0.1288   │
│       RMSE       │   0.0766    │   0.0000   │   0.1682   │
└──────────────────┴─────────────┴────────────┴────────────┘
Info[iaw]:> Result, 0.9929582356136784, 0.9713331811782904, 0.9965926250397229, 0.9861024228245018, 0.987910594019177, 0.9578454332552693, 0.005865573262591178, 0.0282748846285036, 0.04700847518534694, 0.12881317191493513, 0.07658703064221238, 0.16815137414991171
Info[iaw]:> The model will be saved as 
`/home/iaw/DATA2/AAReact/train/output/pt/ddg/hyper_seed_1_test_0-2/search_optuna/seed_1_test_0-15/xg
b_acsf_xtb.pkl`
[OK] Finished target=ddg search=optuna split=seed_1_test_0-15 model=xgb descriptor=acsf_xtb
[INFO] Train target=ddg hyper=seed_1_test_0-2 search=optuna split=seed_1_test_0-15 model=xgb descriptor=rdkit_acsf
                           Metric                           
┏━━━━━━━━━━━━━━━━━━┳━━━━━━━━━━━━━┳━━━━━━━━━━━━┳━━━━━━━━━━━━┓
┃       name       ┃    Train    ┃   Valid    ┃    Test    ┃
┡━━━━━━━━━━━━━━━━━━╇━━━━━━━━━━━━━╇━━━━━━━━━━━━╇━━━━━━━━━━━━┩
│        R2        │   0.9918    │   0.0000   │   0.9563   │
│        R         │   0.9963    │   0.0000   │   0.9793   │
│    Spearmanr     │   0.9884    │   0.0000   │   0.9454   │
│       MSE        │   0.0069    │   0.0000   │   0.0431   │
│       MAE        │   0.0524    │   0.0000   │   0.1452   │
│       RMSE       │   0.0828    │   0.0000   │   0.2075   │
└──────────────────┴─────────────┴────────────┴────────────┘
Info[iaw]:> Result, 0.9917713820531981, 0.95633334005655, 0.9962620349245617, 0.9792696017693169, 0.9883816549855039, 0.9454055551358566, 0.006854185793349306, 0.04306964716566746, 0.052378384434147295, 0.14524654046092134, 0.08279001022677378, 0.20753227981609865
Info[iaw]:> The model will be saved as 
`/home/iaw/DATA2/AAReact/train/output/pt/ddg/hyper_seed_1_test_0-2/search_optuna/seed_1_test_0-15/xg
b_rdkit_acsf.pkl`
[OK] Finished target=ddg search=optuna split=seed_1_test_0-15 model=xgb descriptor=rdkit_acsf
[INFO] Train target=ddg hyper=seed_1_test_0-2 search=optuna split=seed_1_test_0-15 model=xgb descriptor=rdkit_soap_xtb
                           Metric                           
┏━━━━━━━━━━━━━━━━━━┳━━━━━━━━━━━━━┳━━━━━━━━━━━━┳━━━━━━━━━━━━┓
┃       name       ┃    Train    ┃   Valid    ┃    Test    ┃
┡━━━━━━━━━━━━━━━━━━╇━━━━━━━━━━━━━╇━━━━━━━━━━━━╇━━━━━━━━━━━━┩
│        R2        │   0.9984    │   0.0000   │   0.9699   │
│        R         │   0.9992    │   0.0000   │   0.9851   │
│    Spearmanr     │   0.9908    │   0.0000   │   0.9613   │
│       MSE        │   0.0013    │   0.0000   │   0.0297   │
│       MAE        │   0.0216    │   0.0000   │   0.1202   │
│       RMSE       │   0.0359    │   0.0000   │   0.1724   │
└──────────────────┴─────────────┴────────────┴────────────┘
Info[iaw]:> Result, 0.9984491778940451, 0.9698744802594326, 0.9992375877028831, 0.9850771547460403, 0.990755500962184, 0.9612701770290347, 0.001291787140364122, 0.029713642114805608, 0.02163559440970394, 0.12015404248156522, 0.03594144043251636, 0.17237645464159426
Info[iaw]:> The model will be saved as 
`/home/iaw/DATA2/AAReact/train/output/pt/ddg/hyper_seed_1_test_0-2/search_optuna/seed_1_test_0-15/xg
b_rdkit_soap_xtb.pkl`
[OK] Finished target=ddg search=optuna split=seed_1_test_0-15 model=xgb descriptor=rdkit_soap_xtb
[INFO] Train target=ddg hyper=seed_1_test_0-2 search=optuna split=seed_1_test_0-15 model=xgb descriptor=rdkit_soap_acsf
                           Metric                           
┏━━━━━━━━━━━━━━━━━━┳━━━━━━━━━━━━━┳━━━━━━━━━━━━┳━━━━━━━━━━━━┓
┃       name       ┃    Train    ┃   Valid    ┃    Test    ┃
┡━━━━━━━━━━━━━━━━━━╇━━━━━━━━━━━━━╇━━━━━━━━━━━━╇━━━━━━━━━━━━┩
│        R2        │   0.9914    │   0.0000   │   0.9639   │
│        R         │   0.9961    │   0.0000   │   0.9824   │
│    Spearmanr     │   0.9896    │   0.0000   │   0.9511   │
│       MSE        │   0.0072    │   0.0000   │   0.0356   │
│       MAE        │   0.0502    │   0.0000   │   0.1324   │
│       RMSE       │   0.0846    │   0.0000   │   0.1886   │
└──────────────────┴─────────────┴────────────┴────────────┘
Info[iaw]:> Result, 0.9914035871403646, 0.9639491316114995, 0.9960910042574691, 0.982406729600446, 0.9895506162395805, 0.9510966734657903, 0.007160547649338782, 0.0355579790970831, 0.05016932880071361, 0.13237489575745992, 0.08462001919958884, 0.18856823459183972
Info[iaw]:> The model will be saved as 
`/home/iaw/DATA2/AAReact/train/output/pt/ddg/hyper_seed_1_test_0-2/search_optuna/seed_1_test_0-15/xg
b_rdkit_soap_acsf.pkl`
[OK] Finished target=ddg search=optuna split=seed_1_test_0-15 model=xgb descriptor=rdkit_soap_acsf
[INFO] Train target=ddg hyper=seed_1_test_0-2 search=optuna split=seed_1_test_0-15 model=xgb descriptor=rdkit_xtb_acsf
                           Metric                           
┏━━━━━━━━━━━━━━━━━━┳━━━━━━━━━━━━━┳━━━━━━━━━━━━┳━━━━━━━━━━━━┓
┃       name       ┃    Train    ┃   Valid    ┃    Test    ┃
┡━━━━━━━━━━━━━━━━━━╇━━━━━━━━━━━━━╇━━━━━━━━━━━━╇━━━━━━━━━━━━┩
│        R2        │   0.9922    │   0.0000   │   0.9686   │
│        R         │   0.9963    │   0.0000   │   0.9850   │
│    Spearmanr     │   0.9892    │   0.0000   │   0.9550   │
│       MSE        │   0.0065    │   0.0000   │   0.0310   │
│       MAE        │   0.0457    │   0.0000   │   0.1327   │
│       RMSE       │   0.0806    │   0.0000   │   0.1761   │
└──────────────────┴─────────────┴────────────┴────────────┘
Info[iaw]:> Result, 0.9921976064610114, 0.9685621216150152, 0.9963420026471271, 0.9850390755312646, 0.9892073153508368, 0.9550250560298155, 0.006499153964225704, 0.031008058125626382, 0.045653526594571545, 0.13267362460114288, 0.08061733042110551, 0.17609105066875597
Info[iaw]:> The model will be saved as 
`/home/iaw/DATA2/AAReact/train/output/pt/ddg/hyper_seed_1_test_0-2/search_optuna/seed_1_test_0-15/xg
b_rdkit_xtb_acsf.pkl`
[OK] Finished target=ddg search=optuna split=seed_1_test_0-15 model=xgb descriptor=rdkit_xtb_acsf
[INFO] Train target=ddg hyper=seed_1_test_0-2 search=optuna split=seed_1_test_0-15 model=xgb descriptor=soap_xtb_acsf
                           Metric                           
┏━━━━━━━━━━━━━━━━━━┳━━━━━━━━━━━━━┳━━━━━━━━━━━━┳━━━━━━━━━━━━┓
┃       name       ┃    Train    ┃   Valid    ┃    Test    ┃
┡━━━━━━━━━━━━━━━━━━╇━━━━━━━━━━━━━╇━━━━━━━━━━━━╇━━━━━━━━━━━━┩
│        R2        │   0.9841    │   0.0000   │   0.9729   │
│        R         │   0.9923    │   0.0000   │   0.9867   │
│    Spearmanr     │   0.9789    │   0.0000   │   0.9598   │
│       MSE        │   0.0132    │   0.0000   │   0.0268   │
│       MAE        │   0.0726    │   0.0000   │   0.1241   │
│       RMSE       │   0.1150    │   0.0000   │   0.1636   │
└──────────────────┴─────────────┴────────────┴────────────┘
Info[iaw]:> Result, 0.9841338126079877, 0.972871975549552, 0.9923331489886691, 0.9866681404159031, 0.9789019151699159, 0.9598096245372819, 0.01321604635432316, 0.02675712873151991, 0.07256579492196462, 0.12408159051307513, 0.11496106451457015, 0.1635760640543717
Info[iaw]:> The model will be saved as 
`/home/iaw/DATA2/AAReact/train/output/pt/ddg/hyper_seed_1_test_0-2/search_optuna/seed_1_test_0-15/xg
b_soap_xtb_acsf.pkl`
[OK] Finished target=ddg search=optuna split=seed_1_test_0-15 model=xgb descriptor=soap_xtb_acsf
[INFO] Train target=ddg hyper=seed_1_test_0-2 search=optuna split=seed_1_test_0-15 model=xgb descriptor=rdkit_soap_xtb_acsf
                           Metric                           
┏━━━━━━━━━━━━━━━━━━┳━━━━━━━━━━━━━┳━━━━━━━━━━━━┳━━━━━━━━━━━━┓
┃       name       ┃    Train    ┃   Valid    ┃    Test    ┃
┡━━━━━━━━━━━━━━━━━━╇━━━━━━━━━━━━━╇━━━━━━━━━━━━╇━━━━━━━━━━━━┩
│        R2        │   0.9946    │   0.0000   │   0.9599   │
│        R         │   0.9973    │   0.0000   │   0.9803   │
│    Spearmanr     │   0.9877    │   0.0000   │   0.9510   │
│       MSE        │   0.0045    │   0.0000   │   0.0396   │
│       MAE        │   0.0415    │   0.0000   │   0.1443   │
│       RMSE       │   0.0673    │   0.0000   │   0.1989   │
└──────────────────┴─────────────┴────────────┴────────────┘
Info[iaw]:> Result, 0.9945665146325379, 0.9598939354648345, 0.9973432686863519, 0.9803004190386901, 0.9876539150424455, 0.9509959457077384, 0.0045259262800631875, 0.03955773239744139, 0.04149090440023723, 0.14434431232505973, 0.06727500486854823, 0.1988912577199948
Info[iaw]:> The model will be saved as 
`/home/iaw/DATA2/AAReact/train/output/pt/ddg/hyper_seed_1_test_0-2/search_optuna/seed_1_test_0-15/xg
b_rdkit_soap_xtb_acsf.pkl`
[OK] Finished target=ddg search=optuna split=seed_1_test_0-15 model=xgb descriptor=rdkit_soap_xtb_acsf
[INFO] Train target=ddg hyper=seed_1_test_0-2 search=optuna split=seed_1_test_0-15 model=rf descriptor=rdkit
                           Metric                           
┏━━━━━━━━━━━━━━━━━━┳━━━━━━━━━━━━━┳━━━━━━━━━━━━┳━━━━━━━━━━━━┓
┃       name       ┃    Train    ┃   Valid    ┃    Test    ┃
┡━━━━━━━━━━━━━━━━━━╇━━━━━━━━━━━━━╇━━━━━━━━━━━━╇━━━━━━━━━━━━┩
│        R2        │   0.9561    │   0.0000   │   0.9405   │
│        R         │   0.9780    │   0.0000   │   0.9698   │
│    Spearmanr     │   0.9608    │   0.0000   │   0.9478   │
│       MSE        │   0.0366    │   0.0000   │   0.0586   │
│       MAE        │   0.0887    │   0.0000   │   0.1523   │
│       RMSE       │   0.1913    │   0.0000   │   0.2422   │
└──────────────────┴─────────────┴────────────┴────────────┘
Info[iaw]:> Result, 0.9560603587088236, 0.9405416017809994, 0.9780437500887914, 0.9698483094264183, 0.9607579562153756, 0.9478230213291028, 0.036600370444942194, 0.05864547999880245, 0.08869391481711919, 0.15232523449005994, 0.1913122328680061, 0.24216828859039832
Info[iaw]:> The model will be saved as 
`/home/iaw/DATA2/AAReact/train/output/pt/ddg/hyper_seed_1_test_0-2/search_optuna/seed_1_test_0-15/rf
_rdkit.pkl`
[OK] Finished target=ddg search=optuna split=seed_1_test_0-15 model=rf descriptor=rdkit
[INFO] Train target=ddg hyper=seed_1_test_0-2 search=optuna split=seed_1_test_0-15 model=rf descriptor=xtb
                           Metric                           
┏━━━━━━━━━━━━━━━━━━┳━━━━━━━━━━━━━┳━━━━━━━━━━━━┳━━━━━━━━━━━━┓
┃       name       ┃    Train    ┃   Valid    ┃    Test    ┃
┡━━━━━━━━━━━━━━━━━━╇━━━━━━━━━━━━━╇━━━━━━━━━━━━╇━━━━━━━━━━━━┩
│        R2        │   0.9863    │   0.0000   │   0.8841   │
│        R         │   0.9935    │   0.0000   │   0.9438   │
│    Spearmanr     │   0.9860    │   0.0000   │   0.9393   │
│       MSE        │   0.0114    │   0.0000   │   0.1144   │
│       MAE        │   0.0618    │   0.0000   │   0.2087   │
│       RMSE       │   0.1067    │   0.0000   │   0.3382   │
└──────────────────┴─────────────┴────────────┴────────────┘
Info[iaw]:> Result, 0.9863369932570121, 0.8840531005035226, 0.9935038202893529, 0.9438398961698614, 0.9860191075190862, 0.9392611618946891, 0.01138086460176721, 0.1143616676369005, 0.061773263491886755, 0.20868904218247067, 0.1066811351728468, 0.3381740197544757
Info[iaw]:> The model will be saved as 
`/home/iaw/DATA2/AAReact/train/output/pt/ddg/hyper_seed_1_test_0-2/search_optuna/seed_1_test_0-15/rf
_xtb.pkl`
[OK] Finished target=ddg search=optuna split=seed_1_test_0-15 model=rf descriptor=xtb
[INFO] Train target=ddg hyper=seed_1_test_0-2 search=optuna split=seed_1_test_0-15 model=rf descriptor=soap
                           Metric                           
┏━━━━━━━━━━━━━━━━━━┳━━━━━━━━━━━━━┳━━━━━━━━━━━━┳━━━━━━━━━━━━┓
┃       name       ┃    Train    ┃   Valid    ┃    Test    ┃
┡━━━━━━━━━━━━━━━━━━╇━━━━━━━━━━━━━╇━━━━━━━━━━━━╇━━━━━━━━━━━━┩
│        R2        │   0.4129    │   0.0000   │   0.3932   │
│        R         │   0.6431    │   0.0000   │   0.6279   │
│    Spearmanr     │   0.5644    │   0.0000   │   0.6305   │
│       MSE        │   0.4890    │   0.0000   │   0.5985   │
│       MAE        │   0.4876    │   0.0000   │   0.5421   │
│       RMSE       │   0.6993    │   0.0000   │   0.7736   │
└──────────────────┴─────────────┴────────────┴────────────┘
Info[iaw]:> Result, 0.4128892740906229, 0.39323276580971767, 0.6431251278373842, 0.6279438797628776, 0.5643755074370995, 0.6304802195865126, 0.4890451862836947, 0.5984714819522934, 0.48762934956384385, 0.5421245382548652, 0.6993176576375679, 0.7736093858998179
Info[iaw]:> The model will be saved as 
`/home/iaw/DATA2/AAReact/train/output/pt/ddg/hyper_seed_1_test_0-2/search_optuna/seed_1_test_0-15/rf
_soap.pkl`
[OK] Finished target=ddg search=optuna split=seed_1_test_0-15 model=rf descriptor=soap
[INFO] Train target=ddg hyper=seed_1_test_0-2 search=optuna split=seed_1_test_0-15 model=rf descriptor=acsf
                           Metric                           
┏━━━━━━━━━━━━━━━━━━┳━━━━━━━━━━━━━┳━━━━━━━━━━━━┳━━━━━━━━━━━━┓
┃       name       ┃    Train    ┃   Valid    ┃    Test    ┃
┡━━━━━━━━━━━━━━━━━━╇━━━━━━━━━━━━━╇━━━━━━━━━━━━╇━━━━━━━━━━━━┩
│        R2        │   0.9453    │   0.0000   │   0.8229   │
│        R         │   0.9735    │   0.0000   │   0.9152   │
│    Spearmanr     │   0.9670    │   0.0000   │   0.9278   │
│       MSE        │   0.0455    │   0.0000   │   0.1747   │
│       MAE        │   0.1227    │   0.0000   │   0.2527   │
│       RMSE       │   0.2134    │   0.0000   │   0.4180   │
└──────────────────┴─────────────┴────────────┴────────────┘
Info[iaw]:> Result, 0.9453278051313321, 0.8228816192974509, 0.9735299333274696, 0.9151681928893787, 0.9670126956145122, 0.9277781974767697, 0.04554025764505135, 0.1746968092657478, 0.12267954256658603, 0.2526836669019537, 0.213401634588518, 0.4179674739327784
Info[iaw]:> The model will be saved as 
`/home/iaw/DATA2/AAReact/train/output/pt/ddg/hyper_seed_1_test_0-2/search_optuna/seed_1_test_0-15/rf
_acsf.pkl`
[OK] Finished target=ddg search=optuna split=seed_1_test_0-15 model=rf descriptor=acsf
[INFO] Train target=ddg hyper=seed_1_test_0-2 search=optuna split=seed_1_test_0-15 model=rf descriptor=rdkit_soap
                           Metric                           
┏━━━━━━━━━━━━━━━━━━┳━━━━━━━━━━━━━┳━━━━━━━━━━━━┳━━━━━━━━━━━━┓
┃       name       ┃    Train    ┃   Valid    ┃    Test    ┃
┡━━━━━━━━━━━━━━━━━━╇━━━━━━━━━━━━━╇━━━━━━━━━━━━╇━━━━━━━━━━━━┩
│        R2        │   0.9801    │   0.0000   │   0.9399   │
│        R         │   0.9901    │   0.0000   │   0.9703   │
│    Spearmanr     │   0.9784    │   0.0000   │   0.9349   │
│       MSE        │   0.0166    │   0.0000   │   0.0593   │
│       MAE        │   0.0650    │   0.0000   │   0.1425   │
│       RMSE       │   0.1288    │   0.0000   │   0.2435   │
└──────────────────┴─────────────┴────────────┴────────────┘
Info[iaw]:> Result, 0.9800956691093599, 0.9398843623049922, 0.9900603039000319, 0.9702537808319932, 0.97837291312532, 0.9348795044194304, 0.016579695751918352, 0.05929373366353521, 0.06495839759507858, 0.14245275212848113, 0.1287621673936811, 0.24350304651797522
Info[iaw]:> The model will be saved as 
`/home/iaw/DATA2/AAReact/train/output/pt/ddg/hyper_seed_1_test_0-2/search_optuna/seed_1_test_0-15/rf
_rdkit_soap.pkl`
[OK] Finished target=ddg search=optuna split=seed_1_test_0-15 model=rf descriptor=rdkit_soap
[INFO] Train target=ddg hyper=seed_1_test_0-2 search=optuna split=seed_1_test_0-15 model=rf descriptor=soap_xtb
                           Metric                           
┏━━━━━━━━━━━━━━━━━━┳━━━━━━━━━━━━━┳━━━━━━━━━━━━┳━━━━━━━━━━━━┓
┃       name       ┃    Train    ┃   Valid    ┃    Test    ┃
┡━━━━━━━━━━━━━━━━━━╇━━━━━━━━━━━━━╇━━━━━━━━━━━━╇━━━━━━━━━━━━┩
│        R2        │   0.9764    │   0.0000   │   0.9487   │
│        R         │   0.9884    │   0.0000   │   0.9754   │
│    Spearmanr     │   0.9754    │   0.0000   │   0.9550   │
│       MSE        │   0.0197    │   0.0000   │   0.0506   │
│       MAE        │   0.0797    │   0.0000   │   0.1652   │
│       RMSE       │   0.1403    │   0.0000   │   0.2250   │
└──────────────────┴─────────────┴────────────┴────────────┘
Info[iaw]:> Result, 0.9763677965420994, 0.9486573312119114, 0.9883731297973966, 0.9753996474456891, 0.9753848917189887, 0.9549746921507895, 0.01968489900173807, 0.05064070923011816, 0.07967931773550396, 0.16518946462913012, 0.14030288308419778, 0.2250349066925355
Info[iaw]:> The model will be saved as 
`/home/iaw/DATA2/AAReact/train/output/pt/ddg/hyper_seed_1_test_0-2/search_optuna/seed_1_test_0-15/rf
_soap_xtb.pkl`
[OK] Finished target=ddg search=optuna split=seed_1_test_0-15 model=rf descriptor=soap_xtb
[INFO] Train target=ddg hyper=seed_1_test_0-2 search=optuna split=seed_1_test_0-15 model=rf descriptor=rdkit_xtb
                           Metric                           
┏━━━━━━━━━━━━━━━━━━┳━━━━━━━━━━━━━┳━━━━━━━━━━━━┳━━━━━━━━━━━━┓
┃       name       ┃    Train    ┃   Valid    ┃    Test    ┃
┡━━━━━━━━━━━━━━━━━━╇━━━━━━━━━━━━━╇━━━━━━━━━━━━╇━━━━━━━━━━━━┩
│        R2        │   0.9707    │   0.0000   │   0.9363   │
│        R         │   0.9885    │   0.0000   │   0.9771   │
│    Spearmanr     │   0.9755    │   0.0000   │   0.9541   │
│       MSE        │   0.0244    │   0.0000   │   0.0628   │
│       MAE        │   0.0989    │   0.0000   │   0.1853   │
│       RMSE       │   0.1562    │   0.0000   │   0.2506   │
└──────────────────┴─────────────┴────────────┴────────────┘
Info[iaw]:> Result, 0.9707191742270492, 0.9363238699136851, 0.9885350706946746, 0.977140019110688, 0.9754981665270045, 0.9541185062073481, 0.024390027745606873, 0.06280554682323718, 0.0989128903341857, 0.18527678878933862, 0.15617306984754725, 0.2506103485956579
Info[iaw]:> The model will be saved as 
`/home/iaw/DATA2/AAReact/train/output/pt/ddg/hyper_seed_1_test_0-2/search_optuna/seed_1_test_0-15/rf
_rdkit_xtb.pkl`
[OK] Finished target=ddg search=optuna split=seed_1_test_0-15 model=rf descriptor=rdkit_xtb
[INFO] Train target=ddg hyper=seed_1_test_0-2 search=optuna split=seed_1_test_0-15 model=rf descriptor=soap_acsf
                           Metric                           
┏━━━━━━━━━━━━━━━━━━┳━━━━━━━━━━━━━┳━━━━━━━━━━━━┳━━━━━━━━━━━━┓
┃       name       ┃    Train    ┃   Valid    ┃    Test    ┃
┡━━━━━━━━━━━━━━━━━━╇━━━━━━━━━━━━━╇━━━━━━━━━━━━╇━━━━━━━━━━━━┩
│        R2        │   0.9846    │   0.0000   │   0.9438   │
│        R         │   0.9925    │   0.0000   │   0.9727   │
│    Spearmanr     │   0.9814    │   0.0000   │   0.9529   │
│       MSE        │   0.0129    │   0.0000   │   0.0555   │
│       MAE        │   0.0659    │   0.0000   │   0.1538   │
│       RMSE       │   0.1134    │   0.0000   │   0.2355   │
└──────────────────┴─────────────┴────────────┴────────────┘
Info[iaw]:> Result, 0.9845552714372435, 0.9437730477187989, 0.9924513921969235, 0.972722351515884, 0.981417716788355, 0.952909773110725, 0.01286498410563909, 0.05545821455289487, 0.0658510918650616, 0.15376594941802726, 0.11342391328833215, 0.23549567841660038
Info[iaw]:> The model will be saved as 
`/home/iaw/DATA2/AAReact/train/output/pt/ddg/hyper_seed_1_test_0-2/search_optuna/seed_1_test_0-15/rf
_soap_acsf.pkl`
[OK] Finished target=ddg search=optuna split=seed_1_test_0-15 model=rf descriptor=soap_acsf
[INFO] Train target=ddg hyper=seed_1_test_0-2 search=optuna split=seed_1_test_0-15 model=rf descriptor=acsf_xtb
                           Metric                           
┏━━━━━━━━━━━━━━━━━━┳━━━━━━━━━━━━━┳━━━━━━━━━━━━┳━━━━━━━━━━━━┓
┃       name       ┃    Train    ┃   Valid    ┃    Test    ┃
┡━━━━━━━━━━━━━━━━━━╇━━━━━━━━━━━━━╇━━━━━━━━━━━━╇━━━━━━━━━━━━┩
│        R2        │   0.9772    │   0.0000   │   0.9165   │
│        R         │   0.9889    │   0.0000   │   0.9614   │
│    Spearmanr     │   0.9738    │   0.0000   │   0.9418   │
│       MSE        │   0.0190    │   0.0000   │   0.0824   │
│       MAE        │   0.0799    │   0.0000   │   0.1914   │
│       RMSE       │   0.1377    │   0.0000   │   0.2871   │
└──────────────────┴─────────────┴────────────┴────────────┘
Info[iaw]:> Result, 0.9772310062260813, 0.9164518197473328, 0.9889241698710896, 0.9614421784851761, 0.9737915120665916, 0.9418297197250132, 0.018965871870951168, 0.08240590531714614, 0.07993617425773479, 0.19140816385892273, 0.13771663614448026, 0.2870642877774004
Info[iaw]:> The model will be saved as 
`/home/iaw/DATA2/AAReact/train/output/pt/ddg/hyper_seed_1_test_0-2/search_optuna/seed_1_test_0-15/rf
_acsf_xtb.pkl`
[OK] Finished target=ddg search=optuna split=seed_1_test_0-15 model=rf descriptor=acsf_xtb
[INFO] Train target=ddg hyper=seed_1_test_0-2 search=optuna split=seed_1_test_0-15 model=rf descriptor=rdkit_acsf
                           Metric                           
┏━━━━━━━━━━━━━━━━━━┳━━━━━━━━━━━━━┳━━━━━━━━━━━━┳━━━━━━━━━━━━┓
┃       name       ┃    Train    ┃   Valid    ┃    Test    ┃
┡━━━━━━━━━━━━━━━━━━╇━━━━━━━━━━━━━╇━━━━━━━━━━━━╇━━━━━━━━━━━━┩
│        R2        │   0.9792    │   0.0000   │   0.9502   │
│        R         │   0.9898    │   0.0000   │   0.9758   │
│    Spearmanr     │   0.9822    │   0.0000   │   0.9547   │
│       MSE        │   0.0173    │   0.0000   │   0.0491   │
│       MAE        │   0.0702    │   0.0000   │   0.1484   │
│       RMSE       │   0.1315    │   0.0000   │   0.2217   │
└──────────────────┴─────────────┴────────────┴────────────┘
Info[iaw]:> Result, 0.9792480678556851, 0.9501800436286629, 0.9897837826034039, 0.9758341634004178, 0.9822459845022101, 0.9547228727556596, 0.017285721540078913, 0.04913881541435116, 0.07023103572514178, 0.14838663596811316, 0.13147517461512995, 0.22167276651485893
Info[iaw]:> The model will be saved as 
`/home/iaw/DATA2/AAReact/train/output/pt/ddg/hyper_seed_1_test_0-2/search_optuna/seed_1_test_0-15/rf
_rdkit_acsf.pkl`
[OK] Finished target=ddg search=optuna split=seed_1_test_0-15 model=rf descriptor=rdkit_acsf
[INFO] Train target=ddg hyper=seed_1_test_0-2 search=optuna split=seed_1_test_0-15 model=rf descriptor=rdkit_soap_xtb
                           Metric                           
┏━━━━━━━━━━━━━━━━━━┳━━━━━━━━━━━━━┳━━━━━━━━━━━━┳━━━━━━━━━━━━┓
┃       name       ┃    Train    ┃   Valid    ┃    Test    ┃
┡━━━━━━━━━━━━━━━━━━╇━━━━━━━━━━━━━╇━━━━━━━━━━━━╇━━━━━━━━━━━━┩
│        R2        │   0.9755    │   0.0000   │   0.9302   │
│        R         │   0.9901    │   0.0000   │   0.9741   │
│    Spearmanr     │   0.9821    │   0.0000   │   0.9441   │
│       MSE        │   0.0204    │   0.0000   │   0.0689   │
│       MAE        │   0.0885    │   0.0000   │   0.1869   │
│       RMSE       │   0.1428    │   0.0000   │   0.2624   │
└──────────────────┴─────────────┴────────────┴────────────┘
Info[iaw]:> Result, 0.9755247162188352, 0.9301687340683142, 0.9901259635291166, 0.9740562442077529, 0.9821060567981905, 0.9440960942811816, 0.020387158993844686, 0.06887652934079604, 0.08851376604237703, 0.18687757199931693, 0.1427836089817199, 0.26244338311490356
Info[iaw]:> The model will be saved as 
`/home/iaw/DATA2/AAReact/train/output/pt/ddg/hyper_seed_1_test_0-2/search_optuna/seed_1_test_0-15/rf
_rdkit_soap_xtb.pkl`
[OK] Finished target=ddg search=optuna split=seed_1_test_0-15 model=rf descriptor=rdkit_soap_xtb
[INFO] Train target=ddg hyper=seed_1_test_0-2 search=optuna split=seed_1_test_0-15 model=rf descriptor=rdkit_soap_acsf
                           Metric                           
┏━━━━━━━━━━━━━━━━━━┳━━━━━━━━━━━━━┳━━━━━━━━━━━━┳━━━━━━━━━━━━┓
┃       name       ┃    Train    ┃   Valid    ┃    Test    ┃
┡━━━━━━━━━━━━━━━━━━╇━━━━━━━━━━━━━╇━━━━━━━━━━━━╇━━━━━━━━━━━━┩
│        R2        │   0.9750    │   0.0000   │   0.9381   │
│        R         │   0.9902    │   0.0000   │   0.9772   │
│    Spearmanr     │   0.9817    │   0.0000   │   0.9544   │
│       MSE        │   0.0208    │   0.0000   │   0.0610   │
│       MAE        │   0.0900    │   0.0000   │   0.1790   │
│       RMSE       │   0.1443    │   0.0000   │   0.2471   │
└──────────────────┴─────────────┴────────────┴────────────┘
Info[iaw]:> Result, 0.9750114213385112, 0.938105373080484, 0.9902014916254319, 0.9771662881109442, 0.9816781619351741, 0.9543703256024779, 0.020814717849932204, 0.06104840045761371, 0.09004375227680125, 0.1789767869371339, 0.1442730669596103, 0.247079745138313
Info[iaw]:> The model will be saved as 
`/home/iaw/DATA2/AAReact/train/output/pt/ddg/hyper_seed_1_test_0-2/search_optuna/seed_1_test_0-15/rf
_rdkit_soap_acsf.pkl`
[OK] Finished target=ddg search=optuna split=seed_1_test_0-15 model=rf descriptor=rdkit_soap_acsf
[INFO] Train target=ddg hyper=seed_1_test_0-2 search=optuna split=seed_1_test_0-15 model=rf descriptor=rdkit_xtb_acsf
                           Metric                           
┏━━━━━━━━━━━━━━━━━━┳━━━━━━━━━━━━━┳━━━━━━━━━━━━┳━━━━━━━━━━━━┓
┃       name       ┃    Train    ┃   Valid    ┃    Test    ┃
┡━━━━━━━━━━━━━━━━━━╇━━━━━━━━━━━━━╇━━━━━━━━━━━━╇━━━━━━━━━━━━┩
│        R2        │   0.9744    │   0.0000   │   0.9267   │
│        R         │   0.9900    │   0.0000   │   0.9712   │
│    Spearmanr     │   0.9809    │   0.0000   │   0.9430   │
│       MSE        │   0.0214    │   0.0000   │   0.0723   │
│       MAE        │   0.0896    │   0.0000   │   0.1930   │
│       RMSE       │   0.1461    │   0.0000   │   0.2689   │
└──────────────────┴─────────────┴────────────┴────────────┘
Info[iaw]:> Result, 0.9743592700854853, 0.9267019472215268, 0.9900335523007544, 0.9712423696197896, 0.9808869765114111, 0.9429880889426103, 0.021357939795889985, 0.07229591810291067, 0.0895560349165241, 0.19300470394060806, 0.14614355885871258, 0.2688790027185289
Info[iaw]:> The model will be saved as 
`/home/iaw/DATA2/AAReact/train/output/pt/ddg/hyper_seed_1_test_0-2/search_optuna/seed_1_test_0-15/rf
_rdkit_xtb_acsf.pkl`
[OK] Finished target=ddg search=optuna split=seed_1_test_0-15 model=rf descriptor=rdkit_xtb_acsf
[INFO] Train target=ddg hyper=seed_1_test_0-2 search=optuna split=seed_1_test_0-15 model=rf descriptor=soap_xtb_acsf
                           Metric                           
┏━━━━━━━━━━━━━━━━━━┳━━━━━━━━━━━━━┳━━━━━━━━━━━━┳━━━━━━━━━━━━┓
┃       name       ┃    Train    ┃   Valid    ┃    Test    ┃
┡━━━━━━━━━━━━━━━━━━╇━━━━━━━━━━━━━╇━━━━━━━━━━━━╇━━━━━━━━━━━━┩
│        R2        │   0.9652    │   0.0000   │   0.9098   │
│        R         │   0.9827    │   0.0000   │   0.9575   │
│    Spearmanr     │   0.9728    │   0.0000   │   0.9574   │
│       MSE        │   0.0290    │   0.0000   │   0.0890   │
│       MAE        │   0.0938    │   0.0000   │   0.1878   │
│       RMSE       │   0.1702    │   0.0000   │   0.2983   │
└──────────────────┴─────────────┴────────────┴────────────┘
Info[iaw]:> Result, 0.9652367885121402, 0.9097948848759813, 0.9827337052823445, 0.957516267864439, 0.9727960843419305, 0.9573921583440357, 0.028956686511845447, 0.08897182623908621, 0.09383097342530326, 0.18779608905195688, 0.17016664335834283, 0.2982814547354331
Info[iaw]:> The model will be saved as 
`/home/iaw/DATA2/AAReact/train/output/pt/ddg/hyper_seed_1_test_0-2/search_optuna/seed_1_test_0-15/rf
_soap_xtb_acsf.pkl`
[OK] Finished target=ddg search=optuna split=seed_1_test_0-15 model=rf descriptor=soap_xtb_acsf
[INFO] Train target=ddg hyper=seed_1_test_0-2 search=optuna split=seed_1_test_0-15 model=rf descriptor=rdkit_soap_xtb_acsf
                           Metric                           
┏━━━━━━━━━━━━━━━━━━┳━━━━━━━━━━━━━┳━━━━━━━━━━━━┳━━━━━━━━━━━━┓
┃       name       ┃    Train    ┃   Valid    ┃    Test    ┃
┡━━━━━━━━━━━━━━━━━━╇━━━━━━━━━━━━━╇━━━━━━━━━━━━╇━━━━━━━━━━━━┩
│        R2        │   0.9750    │   0.0000   │   0.9339   │
│        R         │   0.9895    │   0.0000   │   0.9735   │
│    Spearmanr     │   0.9777    │   0.0000   │   0.9503   │
│       MSE        │   0.0208    │   0.0000   │   0.0652   │
│       MAE        │   0.0883    │   0.0000   │   0.1771   │
│       RMSE       │   0.1444    │   0.0000   │   0.2553   │
└──────────────────┴─────────────┴────────────┴────────────┘
Info[iaw]:> Result, 0.9749712275262464, 0.9339070750142204, 0.9894958546805201, 0.9735290818262547, 0.9777036936713133, 0.9503412152804009, 0.020848198059948867, 0.06518929918090617, 0.08828314914925099, 0.17706427541063174, 0.1443890510390205, 0.2553219520153059
Info[iaw]:> The model will be saved as 
`/home/iaw/DATA2/AAReact/train/output/pt/ddg/hyper_seed_1_test_0-2/search_optuna/seed_1_test_0-15/rf
_rdkit_soap_xtb_acsf.pkl`
[OK] Finished target=ddg search=optuna split=seed_1_test_0-15 model=rf descriptor=rdkit_soap_xtb_acsf
[INFO] Train target=ddg hyper=seed_1_test_0-2 search=optuna split=seed_1_test_0-2 model=lgb descriptor=rdkit
                           Metric                           
┏━━━━━━━━━━━━━━━━━━┳━━━━━━━━━━━━━┳━━━━━━━━━━━━┳━━━━━━━━━━━━┓
┃       name       ┃    Train    ┃   Valid    ┃    Test    ┃
┡━━━━━━━━━━━━━━━━━━╇━━━━━━━━━━━━━╇━━━━━━━━━━━━╇━━━━━━━━━━━━┩
│        R2        │   0.9659    │   0.0000   │   0.8884   │
│        R         │   0.9832    │   0.0000   │   0.9438   │
│    Spearmanr     │   0.9715    │   0.0000   │   0.9017   │
│       MSE        │   0.0294    │   0.0000   │   0.0929   │
│       MAE        │   0.0817    │   0.0000   │   0.1831   │
│       RMSE       │   0.1714    │   0.0000   │   0.3048   │
└──────────────────┴─────────────┴────────────┴────────────┘
Info[iaw]:> Result, 0.9659468791142503, 0.8883518134385877, 0.9832488346544626, 0.943783781052236, 0.9715327032398007, 0.9016554020961898, 0.0293739092491974, 0.09289928240848985, 0.08167037928662528, 0.18307857038619618, 0.1713881829333557, 0.30479383590960274
Info[iaw]:> The model will be saved as 
`/home/iaw/DATA2/AAReact/train/output/pt/ddg/hyper_seed_1_test_0-2/search_optuna/seed_1_test_0-2/lgb
_rdkit.pkl`
[OK] Finished target=ddg search=optuna split=seed_1_test_0-2 model=lgb descriptor=rdkit
[INFO] Train target=ddg hyper=seed_1_test_0-2 search=optuna split=seed_1_test_0-2 model=lgb descriptor=xtb
                           Metric                           
┏━━━━━━━━━━━━━━━━━━┳━━━━━━━━━━━━━┳━━━━━━━━━━━━┳━━━━━━━━━━━━┓
┃       name       ┃    Train    ┃   Valid    ┃    Test    ┃
┡━━━━━━━━━━━━━━━━━━╇━━━━━━━━━━━━━╇━━━━━━━━━━━━╇━━━━━━━━━━━━┩
│        R2        │   0.9667    │   0.0000   │   0.8865   │
│        R         │   0.9838    │   0.0000   │   0.9465   │
│    Spearmanr     │   0.9679    │   0.0000   │   0.8948   │
│       MSE        │   0.0287    │   0.0000   │   0.0944   │
│       MAE        │   0.1155    │   0.0000   │   0.2203   │
│       RMSE       │   0.1695    │   0.0000   │   0.3073   │
└──────────────────┴─────────────┴────────────┴────────────┘
Info[iaw]:> Result, 0.9667014866573775, 0.8865231005496531, 0.9837597849460086, 0.9465454934495134, 0.967905234856324, 0.894776939737269, 0.028722991714650425, 0.09442090242172431, 0.11552332484093442, 0.22025918547299714, 0.16947858777630415, 0.3072798438259892
Info[iaw]:> The model will be saved as 
`/home/iaw/DATA2/AAReact/train/output/pt/ddg/hyper_seed_1_test_0-2/search_optuna/seed_1_test_0-2/lgb
_xtb.pkl`
[OK] Finished target=ddg search=optuna split=seed_1_test_0-2 model=lgb descriptor=xtb
[INFO] Train target=ddg hyper=seed_1_test_0-2 search=optuna split=seed_1_test_0-2 model=lgb descriptor=soap
                           Metric                           
┏━━━━━━━━━━━━━━━━━━┳━━━━━━━━━━━━━┳━━━━━━━━━━━━┳━━━━━━━━━━━━┓
┃       name       ┃    Train    ┃   Valid    ┃    Test    ┃
┡━━━━━━━━━━━━━━━━━━╇━━━━━━━━━━━━━╇━━━━━━━━━━━━╇━━━━━━━━━━━━┩
│        R2        │   0.4569    │   0.0000   │   0.4486   │
│        R         │   0.6788    │   0.0000   │   0.6723   │
│    Spearmanr     │   0.6288    │   0.0000   │   0.6107   │
│       MSE        │   0.4684    │   0.0000   │   0.4588   │
│       MAE        │   0.4971    │   0.0000   │   0.5249   │
│       RMSE       │   0.6844    │   0.0000   │   0.6774   │
└──────────────────┴─────────────┴────────────┴────────────┘
Info[iaw]:> Result, 0.4569432116020985, 0.4485621457852488, 0.6787519707891644, 0.6723356687905971, 0.6287745214767222, 0.6107356254285435, 0.46843579691504483, 0.45883576372509804, 0.49708239200381865, 0.5248916884123505, 0.6844236969268707, 0.6773741681855738
Info[iaw]:> The model will be saved as 
`/home/iaw/DATA2/AAReact/train/output/pt/ddg/hyper_seed_1_test_0-2/search_optuna/seed_1_test_0-2/lgb
_soap.pkl`
[OK] Finished target=ddg search=optuna split=seed_1_test_0-2 model=lgb descriptor=soap
[INFO] Train target=ddg hyper=seed_1_test_0-2 search=optuna split=seed_1_test_0-2 model=lgb descriptor=acsf
                           Metric                           
┏━━━━━━━━━━━━━━━━━━┳━━━━━━━━━━━━━┳━━━━━━━━━━━━┳━━━━━━━━━━━━┓
┃       name       ┃    Train    ┃   Valid    ┃    Test    ┃
┡━━━━━━━━━━━━━━━━━━╇━━━━━━━━━━━━━╇━━━━━━━━━━━━╇━━━━━━━━━━━━┩
│        R2        │   0.9824    │   0.0000   │   0.8618   │
│        R         │   0.9914    │   0.0000   │   0.9297   │
│    Spearmanr     │   0.9808    │   0.0000   │   0.8555   │
│       MSE        │   0.0152    │   0.0000   │   0.1150   │
│       MAE        │   0.0815    │   0.0000   │   0.2400   │
│       RMSE       │   0.1232    │   0.0000   │   0.3391   │
└──────────────────┴─────────────┴────────────┴────────────┘
Info[iaw]:> Result, 0.9823976154484519, 0.8617763219027688, 0.9913851446177726, 0.929699255076, 0.9808201029566482, 0.8555087558907719, 0.015183655210968252, 0.11501199350006214, 0.08146301863164805, 0.24002404961431614, 0.12322197535735357, 0.33913418214633295
Info[iaw]:> The model will be saved as 
`/home/iaw/DATA2/AAReact/train/output/pt/ddg/hyper_seed_1_test_0-2/search_optuna/seed_1_test_0-2/lgb
_acsf.pkl`
[OK] Finished target=ddg search=optuna split=seed_1_test_0-2 model=lgb descriptor=acsf
[INFO] Train target=ddg hyper=seed_1_test_0-2 search=optuna split=seed_1_test_0-2 model=lgb descriptor=rdkit_soap
                           Metric                           
┏━━━━━━━━━━━━━━━━━━┳━━━━━━━━━━━━━┳━━━━━━━━━━━━┳━━━━━━━━━━━━┓
┃       name       ┃    Train    ┃   Valid    ┃    Test    ┃
┡━━━━━━━━━━━━━━━━━━╇━━━━━━━━━━━━━╇━━━━━━━━━━━━╇━━━━━━━━━━━━┩
│        R2        │   0.9873    │   0.0000   │   0.9127   │
│        R         │   0.9939    │   0.0000   │   0.9555   │
│    Spearmanr     │   0.9858    │   0.0000   │   0.9079   │
│       MSE        │   0.0110    │   0.0000   │   0.0727   │
│       MAE        │   0.0628    │   0.0000   │   0.1822   │
│       RMSE       │   0.1049    │   0.0000   │   0.2696   │
└──────────────────┴─────────────┴────────────┴────────────┘
Info[iaw]:> Result, 0.9872510919334038, 0.9126754333056675, 0.9938971613663481, 0.9554507028024373, 0.9857578657060844, 0.907880845876732, 0.010997090981204926, 0.07266028972242708, 0.06279890044475755, 0.1822014475757131, 0.10486701569704807, 0.26955572656211013
Info[iaw]:> The model will be saved as 
`/home/iaw/DATA2/AAReact/train/output/pt/ddg/hyper_seed_1_test_0-2/search_optuna/seed_1_test_0-2/lgb
_rdkit_soap.pkl`
[OK] Finished target=ddg search=optuna split=seed_1_test_0-2 model=lgb descriptor=rdkit_soap
[INFO] Train target=ddg hyper=seed_1_test_0-2 search=optuna split=seed_1_test_0-2 model=lgb descriptor=soap_xtb
                           Metric                           
┏━━━━━━━━━━━━━━━━━━┳━━━━━━━━━━━━━┳━━━━━━━━━━━━┳━━━━━━━━━━━━┓
┃       name       ┃    Train    ┃   Valid    ┃    Test    ┃
┡━━━━━━━━━━━━━━━━━━╇━━━━━━━━━━━━━╇━━━━━━━━━━━━╇━━━━━━━━━━━━┩
│        R2        │   0.9905    │   0.0000   │   0.9269   │
│        R         │   0.9955    │   0.0000   │   0.9634   │
│    Spearmanr     │   0.9866    │   0.0000   │   0.9202   │
│       MSE        │   0.0082    │   0.0000   │   0.0608   │
│       MAE        │   0.0515    │   0.0000   │   0.1712   │
│       RMSE       │   0.0905    │   0.0000   │   0.2466   │
└──────────────────┴─────────────┴────────────┴────────────┘
Info[iaw]:> Result, 0.9905078562190275, 0.9269041766010208, 0.9954624094120059, 0.9633695950853073, 0.9865839434387866, 0.9202228970080867, 0.008187836026485823, 0.060820956882158765, 0.05150217285810256, 0.1711691793590469, 0.09048666214689224, 0.24661905214755564
Info[iaw]:> The model will be saved as 
`/home/iaw/DATA2/AAReact/train/output/pt/ddg/hyper_seed_1_test_0-2/search_optuna/seed_1_test_0-2/lgb
_soap_xtb.pkl`
[OK] Finished target=ddg search=optuna split=seed_1_test_0-2 model=lgb descriptor=soap_xtb
[INFO] Train target=ddg hyper=seed_1_test_0-2 search=optuna split=seed_1_test_0-2 model=lgb descriptor=rdkit_xtb
                           Metric                           
┏━━━━━━━━━━━━━━━━━━┳━━━━━━━━━━━━━┳━━━━━━━━━━━━┳━━━━━━━━━━━━┓
┃       name       ┃    Train    ┃   Valid    ┃    Test    ┃
┡━━━━━━━━━━━━━━━━━━╇━━━━━━━━━━━━━╇━━━━━━━━━━━━╇━━━━━━━━━━━━┩
│        R2        │   0.9828    │   0.0000   │   0.9278   │
│        R         │   0.9918    │   0.0000   │   0.9640   │
│    Spearmanr     │   0.9833    │   0.0000   │   0.9274   │
│       MSE        │   0.0148    │   0.0000   │   0.0601   │
│       MAE        │   0.0745    │   0.0000   │   0.1713   │
│       RMSE       │   0.1218    │   0.0000   │   0.2451   │
└──────────────────┴─────────────┴────────────┴────────────┘
Info[iaw]:> Result, 0.982804498718704, 0.9278045226300999, 0.991811661045647, 0.9640478146521859, 0.9832972970632676, 0.9274496359421427, 0.014832681439856407, 0.06007180454393619, 0.07454618509195075, 0.1713087909575021, 0.12178949642664759, 0.24509550086432877
Info[iaw]:> The model will be saved as 
`/home/iaw/DATA2/AAReact/train/output/pt/ddg/hyper_seed_1_test_0-2/search_optuna/seed_1_test_0-2/lgb
_rdkit_xtb.pkl`
[OK] Finished target=ddg search=optuna split=seed_1_test_0-2 model=lgb descriptor=rdkit_xtb
[INFO] Train target=ddg hyper=seed_1_test_0-2 search=optuna split=seed_1_test_0-2 model=lgb descriptor=soap_acsf
                           Metric                           
┏━━━━━━━━━━━━━━━━━━┳━━━━━━━━━━━━━┳━━━━━━━━━━━━┳━━━━━━━━━━━━┓
┃       name       ┃    Train    ┃   Valid    ┃    Test    ┃
┡━━━━━━━━━━━━━━━━━━╇━━━━━━━━━━━━━╇━━━━━━━━━━━━╇━━━━━━━━━━━━┩
│        R2        │   0.9926    │   0.0000   │   0.8767   │
│        R         │   0.9964    │   0.0000   │   0.9414   │
│    Spearmanr     │   0.9879    │   0.0000   │   0.8870   │
│       MSE        │   0.0064    │   0.0000   │   0.1026   │
│       MAE        │   0.0474    │   0.0000   │   0.1895   │
│       RMSE       │   0.0798    │   0.0000   │   0.3203   │
└──────────────────┴─────────────┴────────────┴────────────┘
Info[iaw]:> Result, 0.9926118645798953, 0.8767095344627883, 0.9963533171836119, 0.941398679658518, 0.9878810759792355, 0.8869842513686182, 0.006372937742741652, 0.10258649180939043, 0.0473701215448486, 0.18947465178924658, 0.0798306817128706, 0.32029126090074705
Info[iaw]:> The model will be saved as 
`/home/iaw/DATA2/AAReact/train/output/pt/ddg/hyper_seed_1_test_0-2/search_optuna/seed_1_test_0-2/lgb
_soap_acsf.pkl`
[OK] Finished target=ddg search=optuna split=seed_1_test_0-2 model=lgb descriptor=soap_acsf
[INFO] Train target=ddg hyper=seed_1_test_0-2 search=optuna split=seed_1_test_0-2 model=lgb descriptor=acsf_xtb
                           Metric                           
┏━━━━━━━━━━━━━━━━━━┳━━━━━━━━━━━━━┳━━━━━━━━━━━━┳━━━━━━━━━━━━┓
┃       name       ┃    Train    ┃   Valid    ┃    Test    ┃
┡━━━━━━━━━━━━━━━━━━╇━━━━━━━━━━━━━╇━━━━━━━━━━━━╇━━━━━━━━━━━━┩
│        R2        │   0.9945    │   0.0000   │   0.9070   │
│        R         │   0.9973    │   0.0000   │   0.9558   │
│    Spearmanr     │   0.9893    │   0.0000   │   0.9241   │
│       MSE        │   0.0047    │   0.0000   │   0.0774   │
│       MAE        │   0.0430    │   0.0000   │   0.1825   │
│       RMSE       │   0.0689    │   0.0000   │   0.2782   │
└──────────────────┴─────────────┴────────────┴────────────┘
Info[iaw]:> Result, 0.9944953840861477, 0.9069630748304573, 0.9972754594969585, 0.9558264681185002, 0.9892869667620611, 0.9240974739064661, 0.0047482311194815665, 0.07741338083434747, 0.043047997599076, 0.18253255665477824, 0.06890740975745327, 0.27823260203352784
Info[iaw]:> The model will be saved as 
`/home/iaw/DATA2/AAReact/train/output/pt/ddg/hyper_seed_1_test_0-2/search_optuna/seed_1_test_0-2/lgb
_acsf_xtb.pkl`
[OK] Finished target=ddg search=optuna split=seed_1_test_0-2 model=lgb descriptor=acsf_xtb
[INFO] Train target=ddg hyper=seed_1_test_0-2 search=optuna split=seed_1_test_0-2 model=lgb descriptor=rdkit_acsf
                           Metric                           
┏━━━━━━━━━━━━━━━━━━┳━━━━━━━━━━━━━┳━━━━━━━━━━━━┳━━━━━━━━━━━━┓
┃       name       ┃    Train    ┃   Valid    ┃    Test    ┃
┡━━━━━━━━━━━━━━━━━━╇━━━━━━━━━━━━━╇━━━━━━━━━━━━╇━━━━━━━━━━━━┩
│        R2        │   0.9725    │   0.0000   │   0.9260   │
│        R         │   0.9871    │   0.0000   │   0.9629   │
│    Spearmanr     │   0.9744    │   0.0000   │   0.9130   │
│       MSE        │   0.0238    │   0.0000   │   0.0615   │
│       MAE        │   0.0991    │   0.0000   │   0.1659   │
│       RMSE       │   0.1541    │   0.0000   │   0.2481   │
└──────────────────┴─────────────┴────────────┴────────────┘
Info[iaw]:> Result, 0.9724531970684462, 0.9260392399191136, 0.9871431511144586, 0.9628701374178921, 0.9744435448606102, 0.9129526235021388, 0.02376161915178802, 0.06154064610911949, 0.09908958155881957, 0.16586199154658632, 0.15414804297099596, 0.24807387228226896
Info[iaw]:> The model will be saved as 
`/home/iaw/DATA2/AAReact/train/output/pt/ddg/hyper_seed_1_test_0-2/search_optuna/seed_1_test_0-2/lgb
_rdkit_acsf.pkl`
[OK] Finished target=ddg search=optuna split=seed_1_test_0-2 model=lgb descriptor=rdkit_acsf
[INFO] Train target=ddg hyper=seed_1_test_0-2 search=optuna split=seed_1_test_0-2 model=lgb descriptor=rdkit_soap_xtb
                           Metric                           
┏━━━━━━━━━━━━━━━━━━┳━━━━━━━━━━━━━┳━━━━━━━━━━━━┳━━━━━━━━━━━━┓
┃       name       ┃    Train    ┃   Valid    ┃    Test    ┃
┡━━━━━━━━━━━━━━━━━━╇━━━━━━━━━━━━━╇━━━━━━━━━━━━╇━━━━━━━━━━━━┩
│        R2        │   0.9869    │   0.0000   │   0.9121   │
│        R         │   0.9936    │   0.0000   │   0.9562   │
│    Spearmanr     │   0.9836    │   0.0000   │   0.9121   │
│       MSE        │   0.0113    │   0.0000   │   0.0731   │
│       MAE        │   0.0658    │   0.0000   │   0.1821   │
│       RMSE       │   0.1062    │   0.0000   │   0.2704   │
└──────────────────┴─────────────┴────────────┴────────────┘
Info[iaw]:> Result, 0.9869155537464765, 0.912139846193592, 0.9936487604253893, 0.9561552555830802, 0.9836232254265687, 0.9121472339221386, 0.01128652313884786, 0.07310593653417959, 0.06580000297082897, 0.18209964880601281, 0.10623804939308637, 0.27038109500144347
Info[iaw]:> The model will be saved as 
`/home/iaw/DATA2/AAReact/train/output/pt/ddg/hyper_seed_1_test_0-2/search_optuna/seed_1_test_0-2/lgb
_rdkit_soap_xtb.pkl`
[OK] Finished target=ddg search=optuna split=seed_1_test_0-2 model=lgb descriptor=rdkit_soap_xtb
[INFO] Train target=ddg hyper=seed_1_test_0-2 search=optuna split=seed_1_test_0-2 model=lgb descriptor=rdkit_soap_acsf
                           Metric                           
┏━━━━━━━━━━━━━━━━━━┳━━━━━━━━━━━━━┳━━━━━━━━━━━━┳━━━━━━━━━━━━┓
┃       name       ┃    Train    ┃   Valid    ┃    Test    ┃
┡━━━━━━━━━━━━━━━━━━╇━━━━━━━━━━━━━╇━━━━━━━━━━━━╇━━━━━━━━━━━━┩
│        R2        │   0.9910    │   0.0000   │   0.9076   │
│        R         │   0.9956    │   0.0000   │   0.9540   │
│    Spearmanr     │   0.9861    │   0.0000   │   0.9081   │
│       MSE        │   0.0078    │   0.0000   │   0.0769   │
│       MAE        │   0.0543    │   0.0000   │   0.1890   │
│       RMSE       │   0.0883    │   0.0000   │   0.2773   │
└──────────────────┴─────────────┴────────────┴────────────┘
Info[iaw]:> Result, 0.9909530580259839, 0.9075954292507799, 0.9955999019385653, 0.9539846648258072, 0.9861385195544029, 0.9080549841642996, 0.007803809037623656, 0.0768872166960389, 0.05431702863956108, 0.18899610019224367, 0.088339170460355, 0.27728544263274785
Info[iaw]:> The model will be saved as 
`/home/iaw/DATA2/AAReact/train/output/pt/ddg/hyper_seed_1_test_0-2/search_optuna/seed_1_test_0-2/lgb
_rdkit_soap_acsf.pkl`
[OK] Finished target=ddg search=optuna split=seed_1_test_0-2 model=lgb descriptor=rdkit_soap_acsf
[INFO] Train target=ddg hyper=seed_1_test_0-2 search=optuna split=seed_1_test_0-2 model=lgb descriptor=rdkit_xtb_acsf
                           Metric                           
┏━━━━━━━━━━━━━━━━━━┳━━━━━━━━━━━━━┳━━━━━━━━━━━━┳━━━━━━━━━━━━┓
┃       name       ┃    Train    ┃   Valid    ┃    Test    ┃
┡━━━━━━━━━━━━━━━━━━╇━━━━━━━━━━━━━╇━━━━━━━━━━━━╇━━━━━━━━━━━━┩
│        R2        │   0.9899    │   0.0000   │   0.9192   │
│        R         │   0.9951    │   0.0000   │   0.9597   │
│    Spearmanr     │   0.9876    │   0.0000   │   0.9169   │
│       MSE        │   0.0087    │   0.0000   │   0.0672   │
│       MAE        │   0.0573    │   0.0000   │   0.1927   │
│       RMSE       │   0.0932    │   0.0000   │   0.2592   │
└──────────────────┴─────────────┴────────────┴────────────┘
Info[iaw]:> Result, 0.9899354785421469, 0.9192325956801671, 0.9951061207164896, 0.9597006624930097, 0.9876452022115331, 0.9169360368302479, 0.008681563752451526, 0.06720426129968238, 0.05725845942516166, 0.1926706308266843, 0.09317490945770501, 0.2592378469662221
Info[iaw]:> The model will be saved as 
`/home/iaw/DATA2/AAReact/train/output/pt/ddg/hyper_seed_1_test_0-2/search_optuna/seed_1_test_0-2/lgb
_rdkit_xtb_acsf.pkl`
[OK] Finished target=ddg search=optuna split=seed_1_test_0-2 model=lgb descriptor=rdkit_xtb_acsf
[INFO] Train target=ddg hyper=seed_1_test_0-2 search=optuna split=seed_1_test_0-2 model=lgb descriptor=soap_xtb_acsf
                           Metric                           
┏━━━━━━━━━━━━━━━━━━┳━━━━━━━━━━━━━┳━━━━━━━━━━━━┳━━━━━━━━━━━━┓
┃       name       ┃    Train    ┃   Valid    ┃    Test    ┃
┡━━━━━━━━━━━━━━━━━━╇━━━━━━━━━━━━━╇━━━━━━━━━━━━╇━━━━━━━━━━━━┩
│        R2        │   0.9933    │   0.0000   │   0.9099   │
│        R         │   0.9967    │   0.0000   │   0.9550   │
│    Spearmanr     │   0.9874    │   0.0000   │   0.9052   │
│       MSE        │   0.0057    │   0.0000   │   0.0749   │
│       MAE        │   0.0464    │   0.0000   │   0.1696   │
│       RMSE       │   0.0757    │   0.0000   │   0.2737   │
└──────────────────┴─────────────┴────────────┴────────────┘
Info[iaw]:> Result, 0.99334863365712, 0.9099454234767574, 0.9967347183225231, 0.9550340702988271, 0.9874013620757585, 0.9052470042772718, 0.00573740750501027, 0.07493185329981095, 0.046442303191052234, 0.16961324032533703, 0.07574567647734272, 0.2737368321943741
Info[iaw]:> The model will be saved as 
`/home/iaw/DATA2/AAReact/train/output/pt/ddg/hyper_seed_1_test_0-2/search_optuna/seed_1_test_0-2/lgb
_soap_xtb_acsf.pkl`
[OK] Finished target=ddg search=optuna split=seed_1_test_0-2 model=lgb descriptor=soap_xtb_acsf
[INFO] Train target=ddg hyper=seed_1_test_0-2 search=optuna split=seed_1_test_0-2 model=lgb descriptor=rdkit_soap_xtb_acsf
                           Metric                           
┏━━━━━━━━━━━━━━━━━━┳━━━━━━━━━━━━━┳━━━━━━━━━━━━┳━━━━━━━━━━━━┓
┃       name       ┃    Train    ┃   Valid    ┃    Test    ┃
┡━━━━━━━━━━━━━━━━━━╇━━━━━━━━━━━━━╇━━━━━━━━━━━━╇━━━━━━━━━━━━┩
│        R2        │   0.9910    │   0.0000   │   0.9263   │
│        R         │   0.9957    │   0.0000   │   0.9628   │
│    Spearmanr     │   0.9866    │   0.0000   │   0.9213   │
│       MSE        │   0.0078    │   0.0000   │   0.0614   │
│       MAE        │   0.0520    │   0.0000   │   0.1691   │
│       RMSE       │   0.0881    │   0.0000   │   0.2477   │
└──────────────────┴─────────────┴────────────┴────────────┘
Info[iaw]:> Result, 0.9910041110950314, 0.9262631817722219, 0.9956862059236414, 0.9628017461308528, 0.9865811725281529, 0.9213112613053843, 0.007759771129259075, 0.06135431045875463, 0.0520174764816106, 0.16912124444793597, 0.08808956311197755, 0.24769802271870203
Info[iaw]:> The model will be saved as 
`/home/iaw/DATA2/AAReact/train/output/pt/ddg/hyper_seed_1_test_0-2/search_optuna/seed_1_test_0-2/lgb
_rdkit_soap_xtb_acsf.pkl`
[OK] Finished target=ddg search=optuna split=seed_1_test_0-2 model=lgb descriptor=rdkit_soap_xtb_acsf
[INFO] Train target=ddg hyper=seed_1_test_0-2 search=optuna split=seed_1_test_0-2 model=xgb descriptor=rdkit
                           Metric                           
┏━━━━━━━━━━━━━━━━━━┳━━━━━━━━━━━━━┳━━━━━━━━━━━━┳━━━━━━━━━━━━┓
┃       name       ┃    Train    ┃   Valid    ┃    Test    ┃
┡━━━━━━━━━━━━━━━━━━╇━━━━━━━━━━━━━╇━━━━━━━━━━━━╇━━━━━━━━━━━━┩
│        R2        │   0.9544    │   0.0000   │   0.8963   │
│        R         │   0.9784    │   0.0000   │   0.9480   │
│    Spearmanr     │   0.9643    │   0.0000   │   0.8985   │
│       MSE        │   0.0394    │   0.0000   │   0.0863   │
│       MAE        │   0.1088    │   0.0000   │   0.1904   │
│       RMSE       │   0.1984    │   0.0000   │   0.2937   │
└──────────────────┴─────────────┴────────────┴────────────┘
Info[iaw]:> Result, 0.954352917910719, 0.8963252552790875, 0.9784430196915201, 0.9480253229001868, 0.9642718782877504, 0.8985209129199727, 0.03937475367616905, 0.08626480810020527, 0.108834608595364, 0.19040037305855262, 0.19843072765116054, 0.2937087130137703
Info[iaw]:> The model will be saved as 
`/home/iaw/DATA2/AAReact/train/output/pt/ddg/hyper_seed_1_test_0-2/search_optuna/seed_1_test_0-2/xgb
_rdkit.pkl`
[OK] Finished target=ddg search=optuna split=seed_1_test_0-2 model=xgb descriptor=rdkit
[INFO] Train target=ddg hyper=seed_1_test_0-2 search=optuna split=seed_1_test_0-2 model=xgb descriptor=xtb
                           Metric                           
┏━━━━━━━━━━━━━━━━━━┳━━━━━━━━━━━━━┳━━━━━━━━━━━━┳━━━━━━━━━━━━┓
┃       name       ┃    Train    ┃   Valid    ┃    Test    ┃
┡━━━━━━━━━━━━━━━━━━╇━━━━━━━━━━━━━╇━━━━━━━━━━━━╇━━━━━━━━━━━━┩
│        R2        │   0.9841    │   0.0000   │   0.9176   │
│        R         │   0.9923    │   0.0000   │   0.9600   │
│    Spearmanr     │   0.9830    │   0.0000   │   0.9169   │
│       MSE        │   0.0137    │   0.0000   │   0.0685   │
│       MAE        │   0.0748    │   0.0000   │   0.1801   │
│       RMSE       │   0.1170    │   0.0000   │   0.2618   │
└──────────────────┴─────────────┴────────────┴────────────┘
Info[iaw]:> Result, 0.9841174320735412, 0.917619983239866, 0.9922764918154243, 0.9600456515991155, 0.9829692905169913, 0.916914269544302, 0.013700157189153375, 0.06854607027232136, 0.07475067940927739, 0.18008311957098216, 0.11704767058405466, 0.26181304450374765
Info[iaw]:> The model will be saved as 
`/home/iaw/DATA2/AAReact/train/output/pt/ddg/hyper_seed_1_test_0-2/search_optuna/seed_1_test_0-2/xgb
_xtb.pkl`
[OK] Finished target=ddg search=optuna split=seed_1_test_0-2 model=xgb descriptor=xtb
[INFO] Train target=ddg hyper=seed_1_test_0-2 search=optuna split=seed_1_test_0-2 model=xgb descriptor=soap
                           Metric                           
┏━━━━━━━━━━━━━━━━━━┳━━━━━━━━━━━━━┳━━━━━━━━━━━━┳━━━━━━━━━━━━┓
┃       name       ┃    Train    ┃   Valid    ┃    Test    ┃
┡━━━━━━━━━━━━━━━━━━╇━━━━━━━━━━━━━╇━━━━━━━━━━━━╇━━━━━━━━━━━━┩
│        R2        │   0.4627    │   0.0000   │   0.4560   │
│        R         │   0.6833    │   0.0000   │   0.6782   │
│    Spearmanr     │   0.6228    │   0.0000   │   0.6085   │
│       MSE        │   0.4635    │   0.0000   │   0.4527   │
│       MAE        │   0.4926    │   0.0000   │   0.5212   │
│       RMSE       │   0.6808    │   0.0000   │   0.6728   │
└──────────────────┴─────────────┴────────────┴────────────┘
Info[iaw]:> Result, 0.46270635523307224, 0.4559863648916501, 0.6833472211332001, 0.6782410104338591, 0.6227976672396102, 0.6085153622620565, 0.4634645621617229, 0.45265828204205516, 0.492582573140873, 0.5211685057352694, 0.6807823162815871, 0.6727988421824573
Info[iaw]:> The model will be saved as 
`/home/iaw/DATA2/AAReact/train/output/pt/ddg/hyper_seed_1_test_0-2/search_optuna/seed_1_test_0-2/xgb
_soap.pkl`
[OK] Finished target=ddg search=optuna split=seed_1_test_0-2 model=xgb descriptor=soap
[INFO] Train target=ddg hyper=seed_1_test_0-2 search=optuna split=seed_1_test_0-2 model=xgb descriptor=acsf
                           Metric                           
┏━━━━━━━━━━━━━━━━━━┳━━━━━━━━━━━━━┳━━━━━━━━━━━━┳━━━━━━━━━━━━┓
┃       name       ┃    Train    ┃   Valid    ┃    Test    ┃
┡━━━━━━━━━━━━━━━━━━╇━━━━━━━━━━━━━╇━━━━━━━━━━━━╇━━━━━━━━━━━━┩
│        R2        │   0.9825    │   0.0000   │   0.8706   │
│        R         │   0.9915    │   0.0000   │   0.9352   │
│    Spearmanr     │   0.9827    │   0.0000   │   0.8587   │
│       MSE        │   0.0151    │   0.0000   │   0.1077   │
│       MAE        │   0.0792    │   0.0000   │   0.2214   │
│       RMSE       │   0.1227    │   0.0000   │   0.3281   │
└──────────────────┴─────────────┴────────────┴────────────┘
Info[iaw]:> Result, 0.9825342775656604, 0.8706145843506404, 0.9914861403572085, 0.9351535971226227, 0.9826977412748786, 0.8587303142107727, 0.015065771724102235, 0.10765792654713816, 0.07920658155178928, 0.22137477811971357, 0.12274270538041043, 0.32811267355458573
Info[iaw]:> The model will be saved as 
`/home/iaw/DATA2/AAReact/train/output/pt/ddg/hyper_seed_1_test_0-2/search_optuna/seed_1_test_0-2/xgb
_acsf.pkl`
[OK] Finished target=ddg search=optuna split=seed_1_test_0-2 model=xgb descriptor=acsf
[INFO] Train target=ddg hyper=seed_1_test_0-2 search=optuna split=seed_1_test_0-2 model=xgb descriptor=rdkit_soap
                           Metric                           
┏━━━━━━━━━━━━━━━━━━┳━━━━━━━━━━━━━┳━━━━━━━━━━━━┳━━━━━━━━━━━━┓
┃       name       ┃    Train    ┃   Valid    ┃    Test    ┃
┡━━━━━━━━━━━━━━━━━━╇━━━━━━━━━━━━━╇━━━━━━━━━━━━╇━━━━━━━━━━━━┩
│        R2        │   0.9903    │   0.0000   │   0.9374   │
│        R         │   0.9955    │   0.0000   │   0.9687   │
│    Spearmanr     │   0.9875    │   0.0000   │   0.9245   │
│       MSE        │   0.0084    │   0.0000   │   0.0521   │
│       MAE        │   0.0526    │   0.0000   │   0.1545   │
│       RMSE       │   0.0915    │   0.0000   │   0.2283   │
└──────────────────┴─────────────┴────────────┴────────────┘
Info[iaw]:> Result, 0.9902972564365131, 0.9373799056835459, 0.9954663571268072, 0.9686660781840399, 0.9874827575756264, 0.9244892850534933, 0.00836949746422114, 0.05210440048796214, 0.05261882354968617, 0.15446268682355857, 0.09148495758440915, 0.22826388345062856
Info[iaw]:> The model will be saved as 
`/home/iaw/DATA2/AAReact/train/output/pt/ddg/hyper_seed_1_test_0-2/search_optuna/seed_1_test_0-2/xgb
_rdkit_soap.pkl`
[OK] Finished target=ddg search=optuna split=seed_1_test_0-2 model=xgb descriptor=rdkit_soap
[INFO] Train target=ddg hyper=seed_1_test_0-2 search=optuna split=seed_1_test_0-2 model=xgb descriptor=soap_xtb
                           Metric                           
┏━━━━━━━━━━━━━━━━━━┳━━━━━━━━━━━━━┳━━━━━━━━━━━━┳━━━━━━━━━━━━┓
┃       name       ┃    Train    ┃   Valid    ┃    Test    ┃
┡━━━━━━━━━━━━━━━━━━╇━━━━━━━━━━━━━╇━━━━━━━━━━━━╇━━━━━━━━━━━━┩
│        R2        │   0.9925    │   0.0000   │   0.9321   │
│        R         │   0.9964    │   0.0000   │   0.9665   │
│    Spearmanr     │   0.9879    │   0.0000   │   0.9182   │
│       MSE        │   0.0065    │   0.0000   │   0.0565   │
│       MAE        │   0.0499    │   0.0000   │   0.1642   │
│       RMSE       │   0.0807    │   0.0000   │   0.2377   │
└──────────────────┴─────────────┴────────────┴────────────┘
Info[iaw]:> Result, 0.992451289966611, 0.9320981931150389, 0.9963791186001899, 0.9664610883175365, 0.9879004723536721, 0.9181767721291673, 0.006511447929051979, 0.05649916338213872, 0.049878455225956055, 0.1642171102566956, 0.08069354329221129, 0.2376955266346818
Info[iaw]:> The model will be saved as 
`/home/iaw/DATA2/AAReact/train/output/pt/ddg/hyper_seed_1_test_0-2/search_optuna/seed_1_test_0-2/xgb
_soap_xtb.pkl`
[OK] Finished target=ddg search=optuna split=seed_1_test_0-2 model=xgb descriptor=soap_xtb
[INFO] Train target=ddg hyper=seed_1_test_0-2 search=optuna split=seed_1_test_0-2 model=xgb descriptor=rdkit_xtb
                           Metric                           
┏━━━━━━━━━━━━━━━━━━┳━━━━━━━━━━━━━┳━━━━━━━━━━━━┳━━━━━━━━━━━━┓
┃       name       ┃    Train    ┃   Valid    ┃    Test    ┃
┡━━━━━━━━━━━━━━━━━━╇━━━━━━━━━━━━━╇━━━━━━━━━━━━╇━━━━━━━━━━━━┩
│        R2        │   0.9928    │   0.0000   │   0.9236   │
│        R         │   0.9964    │   0.0000   │   0.9625   │
│    Spearmanr     │   0.9873    │   0.0000   │   0.9285   │
│       MSE        │   0.0062    │   0.0000   │   0.0635   │
│       MAE        │   0.0467    │   0.0000   │   0.1737   │
│       RMSE       │   0.0789    │   0.0000   │   0.2521   │
└──────────────────┴─────────────┴────────────┴────────────┘
Info[iaw]:> Result, 0.9927849038259463, 0.9236383580518072, 0.9964306376235896, 0.9625314727079068, 0.9873393629503271, 0.9284944656675483, 0.006223675678712129, 0.06353835166520251, 0.04673239096168576, 0.17365244331596275, 0.07889027619873142, 0.2520681488510647
Info[iaw]:> The model will be saved as 
`/home/iaw/DATA2/AAReact/train/output/pt/ddg/hyper_seed_1_test_0-2/search_optuna/seed_1_test_0-2/xgb
_rdkit_xtb.pkl`
[OK] Finished target=ddg search=optuna split=seed_1_test_0-2 model=xgb descriptor=rdkit_xtb
[INFO] Train target=ddg hyper=seed_1_test_0-2 search=optuna split=seed_1_test_0-2 model=xgb descriptor=soap_acsf
                           Metric                           
┏━━━━━━━━━━━━━━━━━━┳━━━━━━━━━━━━━┳━━━━━━━━━━━━┳━━━━━━━━━━━━┓
┃       name       ┃    Train    ┃   Valid    ┃    Test    ┃
┡━━━━━━━━━━━━━━━━━━╇━━━━━━━━━━━━━╇━━━━━━━━━━━━╇━━━━━━━━━━━━┩
│        R2        │   0.9974    │   0.0000   │   0.9317   │
│        R         │   0.9987    │   0.0000   │   0.9654   │
│    Spearmanr     │   0.9890    │   0.0000   │   0.9193   │
│       MSE        │   0.0022    │   0.0000   │   0.0568   │
│       MAE        │   0.0327    │   0.0000   │   0.1552   │
│       RMSE       │   0.0471    │   0.0000   │   0.2384   │
└──────────────────┴─────────────┴────────────┴────────────┘
Info[iaw]:> Result, 0.9974305784552522, 0.9317085379103125, 0.9987405617180669, 0.9653908748141926, 0.9890330820752389, 0.9193304382843027, 0.0022163594206702575, 0.05682338440193927, 0.03266940044426079, 0.15519703937169366, 0.04707822660923261, 0.23837656009335162
Info[iaw]:> The model will be saved as 
`/home/iaw/DATA2/AAReact/train/output/pt/ddg/hyper_seed_1_test_0-2/search_optuna/seed_1_test_0-2/xgb
_soap_acsf.pkl`
[OK] Finished target=ddg search=optuna split=seed_1_test_0-2 model=xgb descriptor=soap_acsf
[INFO] Train target=ddg hyper=seed_1_test_0-2 search=optuna split=seed_1_test_0-2 model=xgb descriptor=acsf_xtb
                           Metric                           
┏━━━━━━━━━━━━━━━━━━┳━━━━━━━━━━━━━┳━━━━━━━━━━━━┳━━━━━━━━━━━━┓
┃       name       ┃    Train    ┃   Valid    ┃    Test    ┃
┡━━━━━━━━━━━━━━━━━━╇━━━━━━━━━━━━━╇━━━━━━━━━━━━╇━━━━━━━━━━━━┩
│        R2        │   0.9940    │   0.0000   │   0.9255   │
│        R         │   0.9971    │   0.0000   │   0.9645   │
│    Spearmanr     │   0.9897    │   0.0000   │   0.9214   │
│       MSE        │   0.0052    │   0.0000   │   0.0619   │
│       MAE        │   0.0436    │   0.0000   │   0.1688   │
│       RMSE       │   0.0719    │   0.0000   │   0.2489   │
└──────────────────┴─────────────┴────────────┴────────────┘
Info[iaw]:> Result, 0.9940113277135825, 0.9255497194237637, 0.9971180374836449, 0.9644769244986344, 0.9897060669954236, 0.9213547958772762, 0.0051657736997029234, 0.06194796219855047, 0.043637671600223055, 0.1688431634497984, 0.07187331702170788, 0.24889347560462582
Info[iaw]:> The model will be saved as 
`/home/iaw/DATA2/AAReact/train/output/pt/ddg/hyper_seed_1_test_0-2/search_optuna/seed_1_test_0-2/xgb
_acsf_xtb.pkl`
[OK] Finished target=ddg search=optuna split=seed_1_test_0-2 model=xgb descriptor=acsf_xtb
[INFO] Train target=ddg hyper=seed_1_test_0-2 search=optuna split=seed_1_test_0-2 model=xgb descriptor=rdkit_acsf
                           Metric                           
┏━━━━━━━━━━━━━━━━━━┳━━━━━━━━━━━━━┳━━━━━━━━━━━━┳━━━━━━━━━━━━┓
┃       name       ┃    Train    ┃   Valid    ┃    Test    ┃
┡━━━━━━━━━━━━━━━━━━╇━━━━━━━━━━━━━╇━━━━━━━━━━━━╇━━━━━━━━━━━━┩
│        R2        │   0.9916    │   0.0000   │   0.9202   │
│        R         │   0.9962    │   0.0000   │   0.9604   │
│    Spearmanr     │   0.9877    │   0.0000   │   0.9408   │
│       MSE        │   0.0072    │   0.0000   │   0.0664   │
│       MAE        │   0.0532    │   0.0000   │   0.1723   │
│       RMSE       │   0.0850    │   0.0000   │   0.2577   │
└──────────────────┴─────────────┴────────────┴────────────┘
Info[iaw]:> Result, 0.9916277275911132, 0.920181967549675, 0.9962372247989028, 0.9604387684947309, 0.9876819167774309, 0.9407712149410652, 0.007221845268552551, 0.06641431595321165, 0.053192026879631, 0.17229376717228329, 0.08498144073003558, 0.25770975137392776
Info[iaw]:> The model will be saved as 
`/home/iaw/DATA2/AAReact/train/output/pt/ddg/hyper_seed_1_test_0-2/search_optuna/seed_1_test_0-2/xgb
_rdkit_acsf.pkl`
[OK] Finished target=ddg search=optuna split=seed_1_test_0-2 model=xgb descriptor=rdkit_acsf
[INFO] Train target=ddg hyper=seed_1_test_0-2 search=optuna split=seed_1_test_0-2 model=xgb descriptor=rdkit_soap_xtb
                           Metric                           
┏━━━━━━━━━━━━━━━━━━┳━━━━━━━━━━━━━┳━━━━━━━━━━━━┳━━━━━━━━━━━━┓
┃       name       ┃    Train    ┃   Valid    ┃    Test    ┃
┡━━━━━━━━━━━━━━━━━━╇━━━━━━━━━━━━━╇━━━━━━━━━━━━╇━━━━━━━━━━━━┩
│        R2        │   0.9985    │   0.0000   │   0.9228   │
│        R         │   0.9992    │   0.0000   │   0.9614   │
│    Spearmanr     │   0.9916    │   0.0000   │   0.9164   │
│       MSE        │   0.0013    │   0.0000   │   0.0643   │
│       MAE        │   0.0219    │   0.0000   │   0.1750   │
│       RMSE       │   0.0363    │   0.0000   │   0.2535   │
└──────────────────┴─────────────┴────────────┴────────────┘
Info[iaw]:> Result, 0.9984689717652792, 0.9227675806510763, 0.999245357677493, 0.9613967524872887, 0.9915521862051946, 0.9164353892534911, 0.0013206508905757178, 0.06426290078827251, 0.021909525733427818, 0.17497856926872732, 0.036340760731934575, 0.25350128360281043
Info[iaw]:> The model will be saved as 
`/home/iaw/DATA2/AAReact/train/output/pt/ddg/hyper_seed_1_test_0-2/search_optuna/seed_1_test_0-2/xgb
_rdkit_soap_xtb.pkl`
[OK] Finished target=ddg search=optuna split=seed_1_test_0-2 model=xgb descriptor=rdkit_soap_xtb
[INFO] Train target=ddg hyper=seed_1_test_0-2 search=optuna split=seed_1_test_0-2 model=xgb descriptor=rdkit_soap_acsf
                           Metric                           
┏━━━━━━━━━━━━━━━━━━┳━━━━━━━━━━━━━┳━━━━━━━━━━━━┳━━━━━━━━━━━━┓
┃       name       ┃    Train    ┃   Valid    ┃    Test    ┃
┡━━━━━━━━━━━━━━━━━━╇━━━━━━━━━━━━━╇━━━━━━━━━━━━╇━━━━━━━━━━━━┩
│        R2        │   0.9932    │   0.0000   │   0.9175   │
│        R         │   0.9968    │   0.0000   │   0.9580   │
│    Spearmanr     │   0.9904    │   0.0000   │   0.9123   │
│       MSE        │   0.0059    │   0.0000   │   0.0686   │
│       MAE        │   0.0437    │   0.0000   │   0.1748   │
│       RMSE       │   0.0767    │   0.0000   │   0.2620   │
└──────────────────┴─────────────┴────────────┴────────────┘
Info[iaw]:> Result, 0.993175869717728, 0.9175176462467917, 0.9968123282435285, 0.9580176900268201, 0.9904112637517264, 0.9122560703518683, 0.0058864320920447855, 0.06863122197530243, 0.04371783810244088, 0.1748374215229336, 0.07672308708625315, 0.26197561332174113
Info[iaw]:> The model will be saved as 
`/home/iaw/DATA2/AAReact/train/output/pt/ddg/hyper_seed_1_test_0-2/search_optuna/seed_1_test_0-2/xgb
_rdkit_soap_acsf.pkl`
[OK] Finished target=ddg search=optuna split=seed_1_test_0-2 model=xgb descriptor=rdkit_soap_acsf
[INFO] Train target=ddg hyper=seed_1_test_0-2 search=optuna split=seed_1_test_0-2 model=xgb descriptor=rdkit_xtb_acsf
                           Metric                           
┏━━━━━━━━━━━━━━━━━━┳━━━━━━━━━━━━━┳━━━━━━━━━━━━┳━━━━━━━━━━━━┓
┃       name       ┃    Train    ┃   Valid    ┃    Test    ┃
┡━━━━━━━━━━━━━━━━━━╇━━━━━━━━━━━━━╇━━━━━━━━━━━━╇━━━━━━━━━━━━┩
│        R2        │   0.9928    │   0.0000   │   0.9427   │
│        R         │   0.9966    │   0.0000   │   0.9718   │
│    Spearmanr     │   0.9897    │   0.0000   │   0.9389   │
│       MSE        │   0.0062    │   0.0000   │   0.0477   │
│       MAE        │   0.0448    │   0.0000   │   0.1514   │
│       RMSE       │   0.0790    │   0.0000   │   0.2184   │
└──────────────────┴─────────────┴────────────┴────────────┘
Info[iaw]:> Result, 0.9927636944190236, 0.9426653582915153, 0.9966114476936888, 0.9717666397242563, 0.9897445133804676, 0.9389427629216053, 0.006241970718284772, 0.04770652561326052, 0.04482322391726054, 0.1514382060852936, 0.07900614354773161, 0.2184182355327973
Info[iaw]:> The model will be saved as 
`/home/iaw/DATA2/AAReact/train/output/pt/ddg/hyper_seed_1_test_0-2/search_optuna/seed_1_test_0-2/xgb
_rdkit_xtb_acsf.pkl`
[OK] Finished target=ddg search=optuna split=seed_1_test_0-2 model=xgb descriptor=rdkit_xtb_acsf
[INFO] Train target=ddg hyper=seed_1_test_0-2 search=optuna split=seed_1_test_0-2 model=xgb descriptor=soap_xtb_acsf
                           Metric                           
┏━━━━━━━━━━━━━━━━━━┳━━━━━━━━━━━━━┳━━━━━━━━━━━━┳━━━━━━━━━━━━┓
┃       name       ┃    Train    ┃   Valid    ┃    Test    ┃
┡━━━━━━━━━━━━━━━━━━╇━━━━━━━━━━━━━╇━━━━━━━━━━━━╇━━━━━━━━━━━━┩
│        R2        │   0.9848    │   0.0000   │   0.9209   │
│        R         │   0.9927    │   0.0000   │   0.9607   │
│    Spearmanr     │   0.9822    │   0.0000   │   0.9110   │
│       MSE        │   0.0131    │   0.0000   │   0.0658   │
│       MAE        │   0.0719    │   0.0000   │   0.1638   │
│       RMSE       │   0.1144    │   0.0000   │   0.2565   │
└──────────────────┴─────────────┴────────────┴────────────┘
Info[iaw]:> Result, 0.9848367314862027, 0.9209253872865567, 0.992676274744336, 0.9606726189046496, 0.9822024409990865, 0.911037102338895, 0.013079696123590336, 0.06579573752205517, 0.07188901992012736, 0.16381020952572933, 0.11436649913147791, 0.25650679819851785
Info[iaw]:> The model will be saved as 
`/home/iaw/DATA2/AAReact/train/output/pt/ddg/hyper_seed_1_test_0-2/search_optuna/seed_1_test_0-2/xgb
_soap_xtb_acsf.pkl`
[OK] Finished target=ddg search=optuna split=seed_1_test_0-2 model=xgb descriptor=soap_xtb_acsf
[INFO] Train target=ddg hyper=seed_1_test_0-2 search=optuna split=seed_1_test_0-2 model=xgb descriptor=rdkit_soap_xtb_acsf
                           Metric                           
┏━━━━━━━━━━━━━━━━━━┳━━━━━━━━━━━━━┳━━━━━━━━━━━━┳━━━━━━━━━━━━┓
┃       name       ┃    Train    ┃   Valid    ┃    Test    ┃
┡━━━━━━━━━━━━━━━━━━╇━━━━━━━━━━━━━╇━━━━━━━━━━━━╇━━━━━━━━━━━━┩
│        R2        │   0.9946    │   0.0000   │   0.9263   │
│        R         │   0.9974    │   0.0000   │   0.9629   │
│    Spearmanr     │   0.9888    │   0.0000   │   0.9189   │
│       MSE        │   0.0046    │   0.0000   │   0.0613   │
│       MAE        │   0.0412    │   0.0000   │   0.1616   │
│       RMSE       │   0.0681    │   0.0000   │   0.2476   │
└──────────────────┴─────────────┴────────────┴────────────┘
Info[iaw]:> Result, 0.9946303106939582, 0.9263400323026961, 0.9973848955913668, 0.962883946277819, 0.9887532201012248, 0.9188515579934917, 0.004631844667079017, 0.06129036531684368, 0.04123883372278524, 0.1616094610698836, 0.06805765693203827, 0.24756891023883368
Info[iaw]:> The model will be saved as 
`/home/iaw/DATA2/AAReact/train/output/pt/ddg/hyper_seed_1_test_0-2/search_optuna/seed_1_test_0-2/xgb
_rdkit_soap_xtb_acsf.pkl`
[OK] Finished target=ddg search=optuna split=seed_1_test_0-2 model=xgb descriptor=rdkit_soap_xtb_acsf
[INFO] Train target=ddg hyper=seed_1_test_0-2 search=optuna split=seed_1_test_0-2 model=rf descriptor=rdkit
                           Metric                           
┏━━━━━━━━━━━━━━━━━━┳━━━━━━━━━━━━━┳━━━━━━━━━━━━┳━━━━━━━━━━━━┓
┃       name       ┃    Train    ┃   Valid    ┃    Test    ┃
┡━━━━━━━━━━━━━━━━━━╇━━━━━━━━━━━━━╇━━━━━━━━━━━━╇━━━━━━━━━━━━┩
│        R2        │   0.9598    │   0.0000   │   0.8867   │
│        R         │   0.9799    │   0.0000   │   0.9426   │
│    Spearmanr     │   0.9677    │   0.0000   │   0.9004   │
│       MSE        │   0.0347    │   0.0000   │   0.0943   │
│       MAE        │   0.0851    │   0.0000   │   0.1788   │
│       RMSE       │   0.1862    │   0.0000   │   0.3070   │
└──────────────────┴─────────────┴────────────┴────────────┘
Info[iaw]:> Result, 0.9598170910735969, 0.8867152857426102, 0.979917582148472, 0.9425984206524314, 0.9677136956587623, 0.9004364340832165, 0.0346614081021532, 0.09426099058557974, 0.08514967334525105, 0.1788034362878322, 0.18617574520370048, 0.30701952801992866
Info[iaw]:> The model will be saved as 
`/home/iaw/DATA2/AAReact/train/output/pt/ddg/hyper_seed_1_test_0-2/search_optuna/seed_1_test_0-2/rf_
rdkit.pkl`
[OK] Finished target=ddg search=optuna split=seed_1_test_0-2 model=rf descriptor=rdkit
[INFO] Train target=ddg hyper=seed_1_test_0-2 search=optuna split=seed_1_test_0-2 model=rf descriptor=xtb
                           Metric                           
┏━━━━━━━━━━━━━━━━━━┳━━━━━━━━━━━━━┳━━━━━━━━━━━━┳━━━━━━━━━━━━┓
┃       name       ┃    Train    ┃   Valid    ┃    Test    ┃
┡━━━━━━━━━━━━━━━━━━╇━━━━━━━━━━━━━╇━━━━━━━━━━━━╇━━━━━━━━━━━━┩
│        R2        │   0.9867    │   0.0000   │   0.9178   │
│        R         │   0.9937    │   0.0000   │   0.9607   │
│    Spearmanr     │   0.9884    │   0.0000   │   0.9313   │
│       MSE        │   0.0115    │   0.0000   │   0.0684   │
│       MAE        │   0.0599    │   0.0000   │   0.1809   │
│       RMSE       │   0.1070    │   0.0000   │   0.2615   │
└──────────────────┴─────────────┴────────────┴────────────┘
Info[iaw]:> Result, 0.9867195756697947, 0.9178167065290003, 0.993677142142423, 0.9606663409542949, 0.9884435708378974, 0.9313459801264681, 0.011455572027453354, 0.06838238241534439, 0.059913719216166686, 0.18091690419018774, 0.1070307060027792, 0.2615002531840923
Info[iaw]:> The model will be saved as 
`/home/iaw/DATA2/AAReact/train/output/pt/ddg/hyper_seed_1_test_0-2/search_optuna/seed_1_test_0-2/rf_
xtb.pkl`
[OK] Finished target=ddg search=optuna split=seed_1_test_0-2 model=rf descriptor=xtb
[INFO] Train target=ddg hyper=seed_1_test_0-2 search=optuna split=seed_1_test_0-2 model=rf descriptor=soap
                           Metric                           
┏━━━━━━━━━━━━━━━━━━┳━━━━━━━━━━━━━┳━━━━━━━━━━━━┳━━━━━━━━━━━━┓
┃       name       ┃    Train    ┃   Valid    ┃    Test    ┃
┡━━━━━━━━━━━━━━━━━━╇━━━━━━━━━━━━━╇━━━━━━━━━━━━╇━━━━━━━━━━━━┩
│        R2        │   0.4244    │   0.0000   │   0.3997   │
│        R         │   0.6526    │   0.0000   │   0.6327   │
│    Spearmanr     │   0.5862    │   0.0000   │   0.5377   │
│       MSE        │   0.4965    │   0.0000   │   0.4995   │
│       MAE        │   0.4909    │   0.0000   │   0.5088   │
│       RMSE       │   0.7046    │   0.0000   │   0.7067   │
└──────────────────┴─────────────┴────────────┴────────────┘
Info[iaw]:> Result, 0.4243759620786429, 0.39971937991016915, 0.6526371691997226, 0.6327430647277467, 0.5861783513947638, 0.5377063810798751, 0.49652800717699097, 0.49947644084120096, 0.49087612222343174, 0.5087785115551939, 0.7046474346628894, 0.7067364719902327
Info[iaw]:> The model will be saved as 
`/home/iaw/DATA2/AAReact/train/output/pt/ddg/hyper_seed_1_test_0-2/search_optuna/seed_1_test_0-2/rf_
soap.pkl`
[OK] Finished target=ddg search=optuna split=seed_1_test_0-2 model=rf descriptor=soap
[INFO] Train target=ddg hyper=seed_1_test_0-2 search=optuna split=seed_1_test_0-2 model=rf descriptor=acsf
                           Metric                           
┏━━━━━━━━━━━━━━━━━━┳━━━━━━━━━━━━━┳━━━━━━━━━━━━┳━━━━━━━━━━━━┓
┃       name       ┃    Train    ┃   Valid    ┃    Test    ┃
┡━━━━━━━━━━━━━━━━━━╇━━━━━━━━━━━━━╇━━━━━━━━━━━━╇━━━━━━━━━━━━┩
│        R2        │   0.9493    │   0.0000   │   0.8280   │
│        R         │   0.9756    │   0.0000   │   0.9121   │
│    Spearmanr     │   0.9683    │   0.0000   │   0.8680   │
│       MSE        │   0.0438    │   0.0000   │   0.1431   │
│       MAE        │   0.1233    │   0.0000   │   0.2585   │
│       RMSE       │   0.2092    │   0.0000   │   0.3783   │
└──────────────────┴─────────────┴────────────┴────────────┘
Info[iaw]:> Result, 0.9492541606759028, 0.828001786976291, 0.9755557732394368, 0.9121354299114753, 0.9683461560109278, 0.8679596434518564, 0.04377289482750918, 0.14311482396228742, 0.12332226138753329, 0.25849922408651244, 0.20921972858100446, 0.3783051994914786
Info[iaw]:> The model will be saved as 
`/home/iaw/DATA2/AAReact/train/output/pt/ddg/hyper_seed_1_test_0-2/search_optuna/seed_1_test_0-2/rf_
acsf.pkl`
[OK] Finished target=ddg search=optuna split=seed_1_test_0-2 model=rf descriptor=acsf
[INFO] Train target=ddg hyper=seed_1_test_0-2 search=optuna split=seed_1_test_0-2 model=rf descriptor=rdkit_soap
                           Metric                           
┏━━━━━━━━━━━━━━━━━━┳━━━━━━━━━━━━━┳━━━━━━━━━━━━┳━━━━━━━━━━━━┓
┃       name       ┃    Train    ┃   Valid    ┃    Test    ┃
┡━━━━━━━━━━━━━━━━━━╇━━━━━━━━━━━━━╇━━━━━━━━━━━━╇━━━━━━━━━━━━┩
│        R2        │   0.9805    │   0.0000   │   0.9202   │
│        R         │   0.9902    │   0.0000   │   0.9606   │
│    Spearmanr     │   0.9795    │   0.0000   │   0.9159   │
│       MSE        │   0.0168    │   0.0000   │   0.0664   │
│       MAE        │   0.0648    │   0.0000   │   0.1611   │
│       RMSE       │   0.1298    │   0.0000   │   0.2577   │
└──────────────────┴─────────────┴────────────┴────────────┘
Info[iaw]:> Result, 0.980466233400936, 0.9201570465814779, 0.9902414054046159, 0.9606125209722584, 0.979533014967247, 0.9159129743907882, 0.016849647622635994, 0.06643505198246334, 0.06476454057095957, 0.16113071925784148, 0.12980619254348383, 0.25774997959740625
Info[iaw]:> The model will be saved as 
`/home/iaw/DATA2/AAReact/train/output/pt/ddg/hyper_seed_1_test_0-2/search_optuna/seed_1_test_0-2/rf_
rdkit_soap.pkl`
[OK] Finished target=ddg search=optuna split=seed_1_test_0-2 model=rf descriptor=rdkit_soap
[INFO] Train target=ddg hyper=seed_1_test_0-2 search=optuna split=seed_1_test_0-2 model=rf descriptor=soap_xtb
                           Metric                           
┏━━━━━━━━━━━━━━━━━━┳━━━━━━━━━━━━━┳━━━━━━━━━━━━┳━━━━━━━━━━━━┓
┃       name       ┃    Train    ┃   Valid    ┃    Test    ┃
┡━━━━━━━━━━━━━━━━━━╇━━━━━━━━━━━━━╇━━━━━━━━━━━━╇━━━━━━━━━━━━┩
│        R2        │   0.9796    │   0.0000   │   0.9300   │
│        R         │   0.9899    │   0.0000   │   0.9644   │
│    Spearmanr     │   0.9825    │   0.0000   │   0.9190   │
│       MSE        │   0.0176    │   0.0000   │   0.0583   │
│       MAE        │   0.0722    │   0.0000   │   0.1653   │
│       RMSE       │   0.1327    │   0.0000   │   0.2414   │
└──────────────────┴─────────────┴────────────┴────────────┘
Info[iaw]:> Result, 0.9795903585938045, 0.9299849172383512, 0.9898956281368059, 0.9643637345676734, 0.982478492970979, 0.9190039289951134, 0.017605169185098815, 0.05825756016870433, 0.07224927635648276, 0.1653355591363581, 0.1326844722833038, 0.24136602944222355
Info[iaw]:> The model will be saved as 
`/home/iaw/DATA2/AAReact/train/output/pt/ddg/hyper_seed_1_test_0-2/search_optuna/seed_1_test_0-2/rf_
soap_xtb.pkl`
[OK] Finished target=ddg search=optuna split=seed_1_test_0-2 model=rf descriptor=soap_xtb
[INFO] Train target=ddg hyper=seed_1_test_0-2 search=optuna split=seed_1_test_0-2 model=rf descriptor=rdkit_xtb
                           Metric                           
┏━━━━━━━━━━━━━━━━━━┳━━━━━━━━━━━━━┳━━━━━━━━━━━━┳━━━━━━━━━━━━┓
┃       name       ┃    Train    ┃   Valid    ┃    Test    ┃
┡━━━━━━━━━━━━━━━━━━╇━━━━━━━━━━━━━╇━━━━━━━━━━━━╇━━━━━━━━━━━━┩
│        R2        │   0.9757    │   0.0000   │   0.9121   │
│        R         │   0.9901    │   0.0000   │   0.9614   │
│    Spearmanr     │   0.9777    │   0.0000   │   0.9234   │
│       MSE        │   0.0209    │   0.0000   │   0.0732   │
│       MAE        │   0.0958    │   0.0000   │   0.1950   │
│       RMSE       │   0.1446    │   0.0000   │   0.2705   │
└──────────────────┴─────────────┴────────────┴────────────┘
Info[iaw]:> Result, 0.9757436744774456, 0.9120746393375418, 0.9901470427540907, 0.9614485216823129, 0.9776584939234796, 0.9234009207561956, 0.020923283566548656, 0.07316019330557685, 0.0958072179858114, 0.1949737603510426, 0.14464882843130344, 0.2704814102772626
Info[iaw]:> The model will be saved as 
`/home/iaw/DATA2/AAReact/train/output/pt/ddg/hyper_seed_1_test_0-2/search_optuna/seed_1_test_0-2/rf_
rdkit_xtb.pkl`
[OK] Finished target=ddg search=optuna split=seed_1_test_0-2 model=rf descriptor=rdkit_xtb
[INFO] Train target=ddg hyper=seed_1_test_0-2 search=optuna split=seed_1_test_0-2 model=rf descriptor=soap_acsf
                           Metric                           
┏━━━━━━━━━━━━━━━━━━┳━━━━━━━━━━━━━┳━━━━━━━━━━━━┳━━━━━━━━━━━━┓
┃       name       ┃    Train    ┃   Valid    ┃    Test    ┃
┡━━━━━━━━━━━━━━━━━━╇━━━━━━━━━━━━━╇━━━━━━━━━━━━╇━━━━━━━━━━━━┩
│        R2        │   0.9867    │   0.0000   │   0.9222   │
│        R         │   0.9935    │   0.0000   │   0.9604   │
│    Spearmanr     │   0.9852    │   0.0000   │   0.9172   │
│       MSE        │   0.0115    │   0.0000   │   0.0647   │
│       MAE        │   0.0582    │   0.0000   │   0.1681   │
│       RMSE       │   0.1071    │   0.0000   │   0.2544   │
└──────────────────┴─────────────┴────────────┴────────────┘
Info[iaw]:> Result, 0.9866936592466554, 0.9222290863385789, 0.9934673113151776, 0.9604041180629297, 0.9851579635538661, 0.9172190115475454, 0.011477927295973732, 0.0647109665988582, 0.05819017395309968, 0.1680706914356452, 0.10713508900436744, 0.2543835030006038
Info[iaw]:> The model will be saved as 
`/home/iaw/DATA2/AAReact/train/output/pt/ddg/hyper_seed_1_test_0-2/search_optuna/seed_1_test_0-2/rf_
soap_acsf.pkl`
[OK] Finished target=ddg search=optuna split=seed_1_test_0-2 model=rf descriptor=soap_acsf
[INFO] Train target=ddg hyper=seed_1_test_0-2 search=optuna split=seed_1_test_0-2 model=rf descriptor=acsf_xtb
                           Metric                           
┏━━━━━━━━━━━━━━━━━━┳━━━━━━━━━━━━━┳━━━━━━━━━━━━┳━━━━━━━━━━━━┓
┃       name       ┃    Train    ┃   Valid    ┃    Test    ┃
┡━━━━━━━━━━━━━━━━━━╇━━━━━━━━━━━━━╇━━━━━━━━━━━━╇━━━━━━━━━━━━┩
│        R2        │   0.9766    │   0.0000   │   0.9207   │
│        R         │   0.9885    │   0.0000   │   0.9609   │
│    Spearmanr     │   0.9746    │   0.0000   │   0.9258   │
│       MSE        │   0.0202    │   0.0000   │   0.0660   │
│       MAE        │   0.0799    │   0.0000   │   0.1829   │
│       RMSE       │   0.1420    │   0.0000   │   0.2569   │
└──────────────────┴─────────────┴────────────┴────────────┘
Info[iaw]:> Result, 0.9766116958238359, 0.9206868903330959, 0.9885352932591267, 0.9609385697909621, 0.9746219222326612, 0.9258170894961963, 0.02017453632717584, 0.06599418405769089, 0.07988623621385503, 0.1829304913657569, 0.1420370948983956, 0.2568933320615599
Info[iaw]:> The model will be saved as 
`/home/iaw/DATA2/AAReact/train/output/pt/ddg/hyper_seed_1_test_0-2/search_optuna/seed_1_test_0-2/rf_
acsf_xtb.pkl`
[OK] Finished target=ddg search=optuna split=seed_1_test_0-2 model=rf descriptor=acsf_xtb
[INFO] Train target=ddg hyper=seed_1_test_0-2 search=optuna split=seed_1_test_0-2 model=rf descriptor=rdkit_acsf
                           Metric                           
┏━━━━━━━━━━━━━━━━━━┳━━━━━━━━━━━━━┳━━━━━━━━━━━━┳━━━━━━━━━━━━┓
┃       name       ┃    Train    ┃   Valid    ┃    Test    ┃
┡━━━━━━━━━━━━━━━━━━╇━━━━━━━━━━━━━╇━━━━━━━━━━━━╇━━━━━━━━━━━━┩
│        R2        │   0.9773    │   0.0000   │   0.9216   │
│        R         │   0.9889    │   0.0000   │   0.9608   │
│    Spearmanr     │   0.9815    │   0.0000   │   0.9387   │
│       MSE        │   0.0196    │   0.0000   │   0.0653   │
│       MAE        │   0.0719    │   0.0000   │   0.1699   │
│       RMSE       │   0.1399    │   0.0000   │   0.2555   │
└──────────────────┴─────────────┴────────────┴────────────┘
Info[iaw]:> Result, 0.9773107454001819, 0.9215754993994221, 0.9888674219002928, 0.9608053294566925, 0.9814896242385408, 0.9387468573480917, 0.019571542584394662, 0.06525479771254887, 0.0718779581448418, 0.16990155733003462, 0.1398983294553393, 0.2554501863623295
Info[iaw]:> The model will be saved as 
`/home/iaw/DATA2/AAReact/train/output/pt/ddg/hyper_seed_1_test_0-2/search_optuna/seed_1_test_0-2/rf_
rdkit_acsf.pkl`
[OK] Finished target=ddg search=optuna split=seed_1_test_0-2 model=rf descriptor=rdkit_acsf
[INFO] Train target=ddg hyper=seed_1_test_0-2 search=optuna split=seed_1_test_0-2 model=rf descriptor=rdkit_soap_xtb
                           Metric                           
┏━━━━━━━━━━━━━━━━━━┳━━━━━━━━━━━━━┳━━━━━━━━━━━━┳━━━━━━━━━━━━┓
┃       name       ┃    Train    ┃   Valid    ┃    Test    ┃
┡━━━━━━━━━━━━━━━━━━╇━━━━━━━━━━━━━╇━━━━━━━━━━━━╇━━━━━━━━━━━━┩
│        R2        │   0.9764    │   0.0000   │   0.9098   │
│        R         │   0.9903    │   0.0000   │   0.9604   │
│    Spearmanr     │   0.9808    │   0.0000   │   0.9036   │
│       MSE        │   0.0203    │   0.0000   │   0.0750   │
│       MAE        │   0.0890    │   0.0000   │   0.1970   │
│       RMSE       │   0.1426    │   0.0000   │   0.2739   │
└──────────────────┴─────────────┴────────────┴────────────┘
Info[iaw]:> Result, 0.9764295081606728, 0.9098225653962548, 0.9902905964880455, 0.9603667886877331, 0.9808097120417715, 0.9036144578313254, 0.020331689731764822, 0.07503408001632368, 0.08895343861076034, 0.1970227739718782, 0.14258923427722311, 0.2739234929981795
Info[iaw]:> The model will be saved as 
`/home/iaw/DATA2/AAReact/train/output/pt/ddg/hyper_seed_1_test_0-2/search_optuna/seed_1_test_0-2/rf_
rdkit_soap_xtb.pkl`
[OK] Finished target=ddg search=optuna split=seed_1_test_0-2 model=rf descriptor=rdkit_soap_xtb
[INFO] Train target=ddg hyper=seed_1_test_0-2 search=optuna split=seed_1_test_0-2 model=rf descriptor=rdkit_soap_acsf
                           Metric                           
┏━━━━━━━━━━━━━━━━━━┳━━━━━━━━━━━━━┳━━━━━━━━━━━━┳━━━━━━━━━━━━┓
┃       name       ┃    Train    ┃   Valid    ┃    Test    ┃
┡━━━━━━━━━━━━━━━━━━╇━━━━━━━━━━━━━╇━━━━━━━━━━━━╇━━━━━━━━━━━━┩
│        R2        │   0.9771    │   0.0000   │   0.9057   │
│        R         │   0.9906    │   0.0000   │   0.9571   │
│    Spearmanr     │   0.9803    │   0.0000   │   0.9066   │
│       MSE        │   0.0198    │   0.0000   │   0.0785   │
│       MAE        │   0.0892    │   0.0000   │   0.1996   │
│       RMSE       │   0.1407    │   0.0000   │   0.2801   │
└──────────────────┴─────────────┴────────────┴────────────┘
Info[iaw]:> Result, 0.9770570069000553, 0.9056836410548091, 0.9906483565081202, 0.957067153101248, 0.9802572617341571, 0.9065530414340289, 0.01979041508365118, 0.07847796131082051, 0.08919047466944822, 0.1995969759414424, 0.14067841015468996, 0.2801391820342533
Info[iaw]:> The model will be saved as 
`/home/iaw/DATA2/AAReact/train/output/pt/ddg/hyper_seed_1_test_0-2/search_optuna/seed_1_test_0-2/rf_
rdkit_soap_acsf.pkl`
[OK] Finished target=ddg search=optuna split=seed_1_test_0-2 model=rf descriptor=rdkit_soap_acsf
[INFO] Train target=ddg hyper=seed_1_test_0-2 search=optuna split=seed_1_test_0-2 model=rf descriptor=rdkit_xtb_acsf
                           Metric                           
┏━━━━━━━━━━━━━━━━━━┳━━━━━━━━━━━━━┳━━━━━━━━━━━━┳━━━━━━━━━━━━┓
┃       name       ┃    Train    ┃   Valid    ┃    Test    ┃
┡━━━━━━━━━━━━━━━━━━╇━━━━━━━━━━━━━╇━━━━━━━━━━━━╇━━━━━━━━━━━━┩
│        R2        │   0.9766    │   0.0000   │   0.9081   │
│        R         │   0.9905    │   0.0000   │   0.9590   │
│    Spearmanr     │   0.9813    │   0.0000   │   0.9097   │
│       MSE        │   0.0202    │   0.0000   │   0.0765   │
│       MAE        │   0.0875    │   0.0000   │   0.1957   │
│       RMSE       │   0.1421    │   0.0000   │   0.2766   │
└──────────────────┴─────────────┴────────────┴────────────┘
Info[iaw]:> Result, 0.976585108679549, 0.9080506828948653, 0.9905128720072817, 0.9590201527880354, 0.9812627559303981, 0.9097092978961919, 0.02019747015359659, 0.07650841307950068, 0.08753893934491669, 0.19565760173883578, 0.14211780378825373, 0.27660154207722826
Info[iaw]:> The model will be saved as 
`/home/iaw/DATA2/AAReact/train/output/pt/ddg/hyper_seed_1_test_0-2/search_optuna/seed_1_test_0-2/rf_
rdkit_xtb_acsf.pkl`
[OK] Finished target=ddg search=optuna split=seed_1_test_0-2 model=rf descriptor=rdkit_xtb_acsf
[INFO] Train target=ddg hyper=seed_1_test_0-2 search=optuna split=seed_1_test_0-2 model=rf descriptor=soap_xtb_acsf
                           Metric                           
┏━━━━━━━━━━━━━━━━━━┳━━━━━━━━━━━━━┳━━━━━━━━━━━━┳━━━━━━━━━━━━┓
┃       name       ┃    Train    ┃   Valid    ┃    Test    ┃
┡━━━━━━━━━━━━━━━━━━╇━━━━━━━━━━━━━╇━━━━━━━━━━━━╇━━━━━━━━━━━━┩
│        R2        │   0.9718    │   0.0000   │   0.9234   │
│        R         │   0.9861    │   0.0000   │   0.9615   │
│    Spearmanr     │   0.9745    │   0.0000   │   0.9241   │
│       MSE        │   0.0244    │   0.0000   │   0.0637   │
│       MAE        │   0.0848    │   0.0000   │   0.1773   │
│       RMSE       │   0.1561    │   0.0000   │   0.2524   │
└──────────────────┴─────────────┴────────────┴────────────┘
Info[iaw]:> Result, 0.971756090106363, 0.9234362036570369, 0.9860710610763653, 0.9615322807652534, 0.9744681366924852, 0.9240757066205202, 0.024362937213351806, 0.06370655859079864, 0.08484805177064174, 0.17729016185175975, 0.15608631334409756, 0.25240158198949275
Info[iaw]:> The model will be saved as 
`/home/iaw/DATA2/AAReact/train/output/pt/ddg/hyper_seed_1_test_0-2/search_optuna/seed_1_test_0-2/rf_
soap_xtb_acsf.pkl`
[OK] Finished target=ddg search=optuna split=seed_1_test_0-2 model=rf descriptor=soap_xtb_acsf
[INFO] Train target=ddg hyper=seed_1_test_0-2 search=optuna split=seed_1_test_0-2 model=rf descriptor=rdkit_soap_xtb_acsf
                           Metric                           
┏━━━━━━━━━━━━━━━━━━┳━━━━━━━━━━━━━┳━━━━━━━━━━━━┳━━━━━━━━━━━━┓
┃       name       ┃    Train    ┃   Valid    ┃    Test    ┃
┡━━━━━━━━━━━━━━━━━━╇━━━━━━━━━━━━━╇━━━━━━━━━━━━╇━━━━━━━━━━━━┩
│        R2        │   0.9750    │   0.0000   │   0.9005   │
│        R         │   0.9897    │   0.0000   │   0.9551   │
│    Spearmanr     │   0.9778    │   0.0000   │   0.9060   │
│       MSE        │   0.0215    │   0.0000   │   0.0828   │
│       MAE        │   0.0931    │   0.0000   │   0.2062   │
│       RMSE       │   0.1468    │   0.0000   │   0.2878   │
└──────────────────┴─────────────┴────────────┴────────────┘
Info[iaw]:> Result, 0.9750273518774316, 0.900450629786979, 0.989698609207422, 0.9551460868009072, 0.9778056985509004, 0.906030626571326, 0.021541176860868323, 0.08283220123705133, 0.09310749781577458, 0.2062472119380857, 0.14676912775126902, 0.28780583947698374
Info[iaw]:> The model will be saved as 
`/home/iaw/DATA2/AAReact/train/output/pt/ddg/hyper_seed_1_test_0-2/search_optuna/seed_1_test_0-2/rf_
rdkit_soap_xtb_acsf.pkl`
[OK] Finished target=ddg search=optuna split=seed_1_test_0-2 model=rf descriptor=rdkit_soap_xtb_acsf
[INFO] Train target=ddg hyper=seed_1_test_0-2 search=optuna split=seed_1_test_0-3 model=lgb descriptor=rdkit
                           Metric                           
┏━━━━━━━━━━━━━━━━━━┳━━━━━━━━━━━━━┳━━━━━━━━━━━━┳━━━━━━━━━━━━┓
┃       name       ┃    Train    ┃   Valid    ┃    Test    ┃
┡━━━━━━━━━━━━━━━━━━╇━━━━━━━━━━━━━╇━━━━━━━━━━━━╇━━━━━━━━━━━━┩
│        R2        │   0.9646    │   0.0000   │   0.8684   │
│        R         │   0.9827    │   0.0000   │   0.9338   │
│    Spearmanr     │   0.9734    │   0.0000   │   0.8789   │
│       MSE        │   0.0313    │   0.0000   │   0.1038   │
│       MAE        │   0.0824    │   0.0000   │   0.2137   │
│       RMSE       │   0.1770    │   0.0000   │   0.3222   │
└──────────────────┴─────────────┴────────────┴────────────┘
Info[iaw]:> Result, 0.9645794101545122, 0.8684394951299006, 0.9826888699265077, 0.933809139910188, 0.9734213895815081, 0.8788871548154932, 0.03134450390136959, 0.10384219410583212, 0.08242214055597043, 0.21365032837958384, 0.17704379091447853, 0.322245549396469
Info[iaw]:> The model will be saved as 
`/home/iaw/DATA2/AAReact/train/output/pt/ddg/hyper_seed_1_test_0-2/search_optuna/seed_1_test_0-3/lgb
_rdkit.pkl`
[OK] Finished target=ddg search=optuna split=seed_1_test_0-3 model=lgb descriptor=rdkit
[INFO] Train target=ddg hyper=seed_1_test_0-2 search=optuna split=seed_1_test_0-3 model=lgb descriptor=xtb
                           Metric                           
┏━━━━━━━━━━━━━━━━━━┳━━━━━━━━━━━━━┳━━━━━━━━━━━━┳━━━━━━━━━━━━┓
┃       name       ┃    Train    ┃   Valid    ┃    Test    ┃
┡━━━━━━━━━━━━━━━━━━╇━━━━━━━━━━━━━╇━━━━━━━━━━━━╇━━━━━━━━━━━━┩
│        R2        │   0.9679    │   0.0000   │   0.8784   │
│        R         │   0.9846    │   0.0000   │   0.9401   │
│    Spearmanr     │   0.9677    │   0.0000   │   0.8745   │
│       MSE        │   0.0284    │   0.0000   │   0.0960   │
│       MAE        │   0.1147    │   0.0000   │   0.2197   │
│       RMSE       │   0.1685    │   0.0000   │   0.3098   │
└──────────────────┴─────────────┴────────────┴────────────┘
Info[iaw]:> Result, 0.9679284196098886, 0.8784383141607153, 0.9846256240318122, 0.9401131998363927, 0.9676605825605085, 0.8744695670119049, 0.028380887530279047, 0.0959500131838134, 0.11471535577474044, 0.21967591823745516, 0.1684662800986567, 0.3097579913155
Info[iaw]:> The model will be saved as 
`/home/iaw/DATA2/AAReact/train/output/pt/ddg/hyper_seed_1_test_0-2/search_optuna/seed_1_test_0-3/lgb
_xtb.pkl`
[OK] Finished target=ddg search=optuna split=seed_1_test_0-3 model=lgb descriptor=xtb
[INFO] Train target=ddg hyper=seed_1_test_0-2 search=optuna split=seed_1_test_0-3 model=lgb descriptor=soap
                           Metric                           
┏━━━━━━━━━━━━━━━━━━┳━━━━━━━━━━━━━┳━━━━━━━━━━━━┳━━━━━━━━━━━━┓
┃       name       ┃    Train    ┃   Valid    ┃    Test    ┃
┡━━━━━━━━━━━━━━━━━━╇━━━━━━━━━━━━━╇━━━━━━━━━━━━╇━━━━━━━━━━━━┩
│        R2        │   0.4673    │   0.0000   │   0.4062   │
│        R         │   0.6864    │   0.0000   │   0.6396   │
│    Spearmanr     │   0.6349    │   0.0000   │   0.5961   │
│       MSE        │   0.4714    │   0.0000   │   0.4687   │
│       MAE        │   0.4956    │   0.0000   │   0.5319   │
│       RMSE       │   0.6866    │   0.0000   │   0.6846   │
└──────────────────┴─────────────┴────────────┴────────────┘
Info[iaw]:> Result, 0.46729986954954694, 0.40621297538843426, 0.6864380870936689, 0.6396240678435818, 0.6348919427496151, 0.5961228411861063, 0.47139873700582524, 0.4686828127341171, 0.4956205834033538, 0.5318507208402671, 0.6865848359859291, 0.6846041284816482
Info[iaw]:> The model will be saved as 
`/home/iaw/DATA2/AAReact/train/output/pt/ddg/hyper_seed_1_test_0-2/search_optuna/seed_1_test_0-3/lgb
_soap.pkl`
[OK] Finished target=ddg search=optuna split=seed_1_test_0-3 model=lgb descriptor=soap
[INFO] Train target=ddg hyper=seed_1_test_0-2 search=optuna split=seed_1_test_0-3 model=lgb descriptor=acsf
                           Metric                           
┏━━━━━━━━━━━━━━━━━━┳━━━━━━━━━━━━━┳━━━━━━━━━━━━┳━━━━━━━━━━━━┓
┃       name       ┃    Train    ┃   Valid    ┃    Test    ┃
┡━━━━━━━━━━━━━━━━━━╇━━━━━━━━━━━━━╇━━━━━━━━━━━━╇━━━━━━━━━━━━┩
│        R2        │   0.9845    │   0.0000   │   0.8529   │
│        R         │   0.9925    │   0.0000   │   0.9250   │
│    Spearmanr     │   0.9831    │   0.0000   │   0.8613   │
│       MSE        │   0.0137    │   0.0000   │   0.1161   │
│       MAE        │   0.0755    │   0.0000   │   0.2296   │
│       RMSE       │   0.1171    │   0.0000   │   0.3408   │
└──────────────────┴─────────────┴────────────┴────────────┘
Info[iaw]:> Result, 0.984514720535863, 0.8528929635564272, 0.9924764618304294, 0.9249988176902607, 0.9830851135521261, 0.861307090067199, 0.013703284013472584, 0.11611324726817049, 0.07552559738321743, 0.22960021396044836, 0.11706102687689265, 0.3407539394756435
Info[iaw]:> The model will be saved as 
`/home/iaw/DATA2/AAReact/train/output/pt/ddg/hyper_seed_1_test_0-2/search_optuna/seed_1_test_0-3/lgb
_acsf.pkl`
[OK] Finished target=ddg search=optuna split=seed_1_test_0-3 model=lgb descriptor=acsf
[INFO] Train target=ddg hyper=seed_1_test_0-2 search=optuna split=seed_1_test_0-3 model=lgb descriptor=rdkit_soap
                           Metric                           
┏━━━━━━━━━━━━━━━━━━┳━━━━━━━━━━━━━┳━━━━━━━━━━━━┳━━━━━━━━━━━━┓
┃       name       ┃    Train    ┃   Valid    ┃    Test    ┃
┡━━━━━━━━━━━━━━━━━━╇━━━━━━━━━━━━━╇━━━━━━━━━━━━╇━━━━━━━━━━━━┩
│        R2        │   0.9845    │   0.0000   │   0.9009   │
│        R         │   0.9928    │   0.0000   │   0.9497   │
│    Spearmanr     │   0.9835    │   0.0000   │   0.9100   │
│       MSE        │   0.0137    │   0.0000   │   0.0782   │
│       MAE        │   0.0686    │   0.0000   │   0.1915   │
│       RMSE       │   0.1170    │   0.0000   │   0.2797   │
└──────────────────┴─────────────┴────────────┴────────────┘
Info[iaw]:> Result, 0.9845200344309525, 0.9008838499846784, 0.9928454836933831, 0.9496757009952246, 0.983516409461554, 0.9099585972062788, 0.013698581624097048, 0.07823349795652103, 0.06855962754541002, 0.19150805392872325, 0.11704093994879333, 0.27970251689343273
Info[iaw]:> The model will be saved as 
`/home/iaw/DATA2/AAReact/train/output/pt/ddg/hyper_seed_1_test_0-2/search_optuna/seed_1_test_0-3/lgb
_rdkit_soap.pkl`
[OK] Finished target=ddg search=optuna split=seed_1_test_0-3 model=lgb descriptor=rdkit_soap
[INFO] Train target=ddg hyper=seed_1_test_0-2 search=optuna split=seed_1_test_0-3 model=lgb descriptor=soap_xtb
                           Metric                           
┏━━━━━━━━━━━━━━━━━━┳━━━━━━━━━━━━━┳━━━━━━━━━━━━┳━━━━━━━━━━━━┓
┃       name       ┃    Train    ┃   Valid    ┃    Test    ┃
┡━━━━━━━━━━━━━━━━━━╇━━━━━━━━━━━━━╇━━━━━━━━━━━━╇━━━━━━━━━━━━┩
│        R2        │   0.9882    │   0.0000   │   0.9175   │
│        R         │   0.9945    │   0.0000   │   0.9584   │
│    Spearmanr     │   0.9875    │   0.0000   │   0.9256   │
│       MSE        │   0.0104    │   0.0000   │   0.0651   │
│       MAE        │   0.0580    │   0.0000   │   0.1793   │
│       RMSE       │   0.1022    │   0.0000   │   0.2551   │
└──────────────────┴─────────────┴────────────┴────────────┘
Info[iaw]:> Result, 0.9882073097425029, 0.917532786223213, 0.9944867933588624, 0.9583768458686024, 0.9874981208561638, 0.9255717068011505, 0.010435625928201448, 0.06509230432668066, 0.05801320218672208, 0.1792729706423829, 0.10215491142476435, 0.2551319351368634
Info[iaw]:> The model will be saved as 
`/home/iaw/DATA2/AAReact/train/output/pt/ddg/hyper_seed_1_test_0-2/search_optuna/seed_1_test_0-3/lgb
_soap_xtb.pkl`
[OK] Finished target=ddg search=optuna split=seed_1_test_0-3 model=lgb descriptor=soap_xtb
[INFO] Train target=ddg hyper=seed_1_test_0-2 search=optuna split=seed_1_test_0-3 model=lgb descriptor=rdkit_xtb
                           Metric                           
┏━━━━━━━━━━━━━━━━━━┳━━━━━━━━━━━━━┳━━━━━━━━━━━━┳━━━━━━━━━━━━┓
┃       name       ┃    Train    ┃   Valid    ┃    Test    ┃
┡━━━━━━━━━━━━━━━━━━╇━━━━━━━━━━━━━╇━━━━━━━━━━━━╇━━━━━━━━━━━━┩
│        R2        │   0.9828    │   0.0000   │   0.9188   │
│        R         │   0.9920    │   0.0000   │   0.9591   │
│    Spearmanr     │   0.9831    │   0.0000   │   0.9292   │
│       MSE        │   0.0153    │   0.0000   │   0.0641   │
│       MAE        │   0.0730    │   0.0000   │   0.1773   │
│       RMSE       │   0.1235    │   0.0000   │   0.2532   │
└──────────────────┴─────────────┴────────────┴────────────┘
Info[iaw]:> Result, 0.982757643244571, 0.9187630770707805, 0.9919606692901911, 0.9590919071554338, 0.9831343600802459, 0.9292154106099496, 0.015258162581338166, 0.06412122184926176, 0.07303425533129945, 0.1772706538008515, 0.12352393525684877, 0.25322168518762717
Info[iaw]:> The model will be saved as 
`/home/iaw/DATA2/AAReact/train/output/pt/ddg/hyper_seed_1_test_0-2/search_optuna/seed_1_test_0-3/lgb
_rdkit_xtb.pkl`
[OK] Finished target=ddg search=optuna split=seed_1_test_0-3 model=lgb descriptor=rdkit_xtb
[INFO] Train target=ddg hyper=seed_1_test_0-2 search=optuna split=seed_1_test_0-3 model=lgb descriptor=soap_acsf
                           Metric                           
┏━━━━━━━━━━━━━━━━━━┳━━━━━━━━━━━━━┳━━━━━━━━━━━━┳━━━━━━━━━━━━┓
┃       name       ┃    Train    ┃   Valid    ┃    Test    ┃
┡━━━━━━━━━━━━━━━━━━╇━━━━━━━━━━━━━╇━━━━━━━━━━━━╇━━━━━━━━━━━━┩
│        R2        │   0.9923    │   0.0000   │   0.8973   │
│        R         │   0.9962    │   0.0000   │   0.9485   │
│    Spearmanr     │   0.9879    │   0.0000   │   0.9085   │
│       MSE        │   0.0068    │   0.0000   │   0.0811   │
│       MAE        │   0.0511    │   0.0000   │   0.1950   │
│       RMSE       │   0.0827    │   0.0000   │   0.2847   │
└──────────────────┴─────────────┴────────────┴────────────┘
Info[iaw]:> Result, 0.9922628941974976, 0.8972805904018402, 0.9961916696489875, 0.9484977342593808, 0.9879086813853307, 0.9084688705163096, 0.006846744903734028, 0.08107759148887889, 0.051134980162594115, 0.1949767847904692, 0.08274505969382116, 0.2847412711372886
Info[iaw]:> The model will be saved as 
`/home/iaw/DATA2/AAReact/train/output/pt/ddg/hyper_seed_1_test_0-2/search_optuna/seed_1_test_0-3/lgb
_soap_acsf.pkl`
[OK] Finished target=ddg search=optuna split=seed_1_test_0-3 model=lgb descriptor=soap_acsf
[INFO] Train target=ddg hyper=seed_1_test_0-2 search=optuna split=seed_1_test_0-3 model=lgb descriptor=acsf_xtb
                           Metric                           
┏━━━━━━━━━━━━━━━━━━┳━━━━━━━━━━━━━┳━━━━━━━━━━━━┳━━━━━━━━━━━━┓
┃       name       ┃    Train    ┃   Valid    ┃    Test    ┃
┡━━━━━━━━━━━━━━━━━━╇━━━━━━━━━━━━━╇━━━━━━━━━━━━╇━━━━━━━━━━━━┩
│        R2        │   0.9948    │   0.0000   │   0.9024   │
│        R         │   0.9974    │   0.0000   │   0.9530   │
│    Spearmanr     │   0.9921    │   0.0000   │   0.9206   │
│       MSE        │   0.0046    │   0.0000   │   0.0771   │
│       MAE        │   0.0394    │   0.0000   │   0.1988   │
│       RMSE       │   0.0679    │   0.0000   │   0.2776   │
└──────────────────┴─────────────┴────────────┴────────────┘
Info[iaw]:> Result, 0.9947916501929128, 0.9023823110755558, 0.997444848855769, 0.9530468633781644, 0.9920899708149523, 0.9205543589016006, 0.004608989899944813, 0.07705074567374007, 0.039419040938491925, 0.19877798599583094, 0.06788954190407248, 0.2775801608071803
Info[iaw]:> The model will be saved as 
`/home/iaw/DATA2/AAReact/train/output/pt/ddg/hyper_seed_1_test_0-2/search_optuna/seed_1_test_0-3/lgb
_acsf_xtb.pkl`
[OK] Finished target=ddg search=optuna split=seed_1_test_0-3 model=lgb descriptor=acsf_xtb
[INFO] Train target=ddg hyper=seed_1_test_0-2 search=optuna split=seed_1_test_0-3 model=lgb descriptor=rdkit_acsf
                           Metric                           
┏━━━━━━━━━━━━━━━━━━┳━━━━━━━━━━━━━┳━━━━━━━━━━━━┳━━━━━━━━━━━━┓
┃       name       ┃    Train    ┃   Valid    ┃    Test    ┃
┡━━━━━━━━━━━━━━━━━━╇━━━━━━━━━━━━━╇━━━━━━━━━━━━╇━━━━━━━━━━━━┩
│        R2        │   0.9743    │   0.0000   │   0.9053   │
│        R         │   0.9881    │   0.0000   │   0.9526   │
│    Spearmanr     │   0.9748    │   0.0000   │   0.9058   │
│       MSE        │   0.0228    │   0.0000   │   0.0748   │
│       MAE        │   0.0978    │   0.0000   │   0.1922   │
│       RMSE       │   0.1509    │   0.0000   │   0.2734   │
└──────────────────┴─────────────┴────────────┴────────────┘
Info[iaw]:> Result, 0.9742842878605983, 0.905281447351487, 0.9881007325329394, 0.9526484388273354, 0.9747904430632377, 0.9057602765345475, 0.022756431866214556, 0.07476242462935244, 0.09780596250767806, 0.19222948704346238, 0.15085235121208604, 0.2734271834133403
Info[iaw]:> The model will be saved as 
`/home/iaw/DATA2/AAReact/train/output/pt/ddg/hyper_seed_1_test_0-2/search_optuna/seed_1_test_0-3/lgb
_rdkit_acsf.pkl`
[OK] Finished target=ddg search=optuna split=seed_1_test_0-3 model=lgb descriptor=rdkit_acsf
[INFO] Train target=ddg hyper=seed_1_test_0-2 search=optuna split=seed_1_test_0-3 model=lgb descriptor=rdkit_soap_xtb
                           Metric                           
┏━━━━━━━━━━━━━━━━━━┳━━━━━━━━━━━━━┳━━━━━━━━━━━━┳━━━━━━━━━━━━┓
┃       name       ┃    Train    ┃   Valid    ┃    Test    ┃
┡━━━━━━━━━━━━━━━━━━╇━━━━━━━━━━━━━╇━━━━━━━━━━━━╇━━━━━━━━━━━━┩
│        R2        │   0.9838    │   0.0000   │   0.8889   │
│        R         │   0.9922    │   0.0000   │   0.9431   │
│    Spearmanr     │   0.9813    │   0.0000   │   0.9098   │
│       MSE        │   0.0144    │   0.0000   │   0.0877   │
│       MAE        │   0.0730    │   0.0000   │   0.2077   │
│       RMSE       │   0.1198    │   0.0000   │   0.2962   │
└──────────────────┴─────────────┴────────────┴────────────┘
Info[iaw]:> Result, 0.9837751031373447, 0.8888778424576598, 0.9922429062199342, 0.9431327950911319, 0.9813143120778406, 0.9098167184739008, 0.014357788654262144, 0.08770997545474703, 0.07297608460875313, 0.20773990444051213, 0.11982399031188264, 0.29615869977893106
Info[iaw]:> The model will be saved as 
`/home/iaw/DATA2/AAReact/train/output/pt/ddg/hyper_seed_1_test_0-2/search_optuna/seed_1_test_0-3/lgb
_rdkit_soap_xtb.pkl`
[OK] Finished target=ddg search=optuna split=seed_1_test_0-3 model=lgb descriptor=rdkit_soap_xtb
[INFO] Train target=ddg hyper=seed_1_test_0-2 search=optuna split=seed_1_test_0-3 model=lgb descriptor=rdkit_soap_acsf
                           Metric                           
┏━━━━━━━━━━━━━━━━━━┳━━━━━━━━━━━━━┳━━━━━━━━━━━━┳━━━━━━━━━━━━┓
┃       name       ┃    Train    ┃   Valid    ┃    Test    ┃
┡━━━━━━━━━━━━━━━━━━╇━━━━━━━━━━━━━╇━━━━━━━━━━━━╇━━━━━━━━━━━━┩
│        R2        │   0.9887    │   0.0000   │   0.8807   │
│        R         │   0.9945    │   0.0000   │   0.9399   │
│    Spearmanr     │   0.9832    │   0.0000   │   0.8967   │
│       MSE        │   0.0100    │   0.0000   │   0.0942   │
│       MAE        │   0.0607    │   0.0000   │   0.2158   │
│       RMSE       │   0.1002    │   0.0000   │   0.3069   │
└──────────────────┴─────────────┴────────────┴────────────┘
Info[iaw]:> Result, 0.9886614786836654, 0.88068947958656, 0.9944749242191313, 0.9398619759107243, 0.9832048603731331, 0.8966735886290645, 0.01003372126737433, 0.09417314285828737, 0.060716680837419434, 0.21583500314590812, 0.10016846443554143, 0.3068764292973434
Info[iaw]:> The model will be saved as 
`/home/iaw/DATA2/AAReact/train/output/pt/ddg/hyper_seed_1_test_0-2/search_optuna/seed_1_test_0-3/lgb
_rdkit_soap_acsf.pkl`
[OK] Finished target=ddg search=optuna split=seed_1_test_0-3 model=lgb descriptor=rdkit_soap_acsf
[INFO] Train target=ddg hyper=seed_1_test_0-2 search=optuna split=seed_1_test_0-3 model=lgb descriptor=rdkit_xtb_acsf
                           Metric                           
┏━━━━━━━━━━━━━━━━━━┳━━━━━━━━━━━━━┳━━━━━━━━━━━━┳━━━━━━━━━━━━┓
┃       name       ┃    Train    ┃   Valid    ┃    Test    ┃
┡━━━━━━━━━━━━━━━━━━╇━━━━━━━━━━━━━╇━━━━━━━━━━━━╇━━━━━━━━━━━━┩
│        R2        │   0.9864    │   0.0000   │   0.8967   │
│        R         │   0.9934    │   0.0000   │   0.9475   │
│    Spearmanr     │   0.9842    │   0.0000   │   0.9057   │
│       MSE        │   0.0121    │   0.0000   │   0.0815   │
│       MAE        │   0.0663    │   0.0000   │   0.2053   │
│       RMSE       │   0.1099    │   0.0000   │   0.2856   │
└──────────────────┴─────────────┴────────────┴────────────┘
Info[iaw]:> Result, 0.9863545901279972, 0.8966918950309286, 0.9934023434367706, 0.9475493879419136, 0.9842245226974656, 0.9057151333015181, 0.012075140612692627, 0.08154225540177411, 0.0663328248745233, 0.20534543074502276, 0.10988694468722218, 0.28555604599057977
Info[iaw]:> The model will be saved as 
`/home/iaw/DATA2/AAReact/train/output/pt/ddg/hyper_seed_1_test_0-2/search_optuna/seed_1_test_0-3/lgb
_rdkit_xtb_acsf.pkl`
[OK] Finished target=ddg search=optuna split=seed_1_test_0-3 model=lgb descriptor=rdkit_xtb_acsf
[INFO] Train target=ddg hyper=seed_1_test_0-2 search=optuna split=seed_1_test_0-3 model=lgb descriptor=soap_xtb_acsf
                           Metric                           
┏━━━━━━━━━━━━━━━━━━┳━━━━━━━━━━━━━┳━━━━━━━━━━━━┳━━━━━━━━━━━━┓
┃       name       ┃    Train    ┃   Valid    ┃    Test    ┃
┡━━━━━━━━━━━━━━━━━━╇━━━━━━━━━━━━━╇━━━━━━━━━━━━╇━━━━━━━━━━━━┩
│        R2        │   0.9926    │   0.0000   │   0.9021   │
│        R         │   0.9964    │   0.0000   │   0.9516   │
│    Spearmanr     │   0.9889    │   0.0000   │   0.9151   │
│       MSE        │   0.0065    │   0.0000   │   0.0772   │
│       MAE        │   0.0482    │   0.0000   │   0.2013   │
│       RMSE       │   0.0808    │   0.0000   │   0.2779   │
└──────────────────┴─────────────┴────────────┴────────────┘
Info[iaw]:> Result, 0.992629049024231, 0.9021343645903585, 0.9963548277902204, 0.9516414708293351, 0.9889081267139088, 0.9151436199713663, 0.006522725980132886, 0.0772464526381451, 0.04821042977328958, 0.20128595080352224, 0.08076339505080805, 0.27793246056937126
Info[iaw]:> The model will be saved as 
`/home/iaw/DATA2/AAReact/train/output/pt/ddg/hyper_seed_1_test_0-2/search_optuna/seed_1_test_0-3/lgb
_soap_xtb_acsf.pkl`
[OK] Finished target=ddg search=optuna split=seed_1_test_0-3 model=lgb descriptor=soap_xtb_acsf
[INFO] Train target=ddg hyper=seed_1_test_0-2 search=optuna split=seed_1_test_0-3 model=lgb descriptor=rdkit_soap_xtb_acsf
                           Metric                           
┏━━━━━━━━━━━━━━━━━━┳━━━━━━━━━━━━━┳━━━━━━━━━━━━┳━━━━━━━━━━━━┓
┃       name       ┃    Train    ┃   Valid    ┃    Test    ┃
┡━━━━━━━━━━━━━━━━━━╇━━━━━━━━━━━━━╇━━━━━━━━━━━━╇━━━━━━━━━━━━┩
│        R2        │   0.9872    │   0.0000   │   0.9031   │
│        R         │   0.9939    │   0.0000   │   0.9512   │
│    Spearmanr     │   0.9832    │   0.0000   │   0.9140   │
│       MSE        │   0.0113    │   0.0000   │   0.0765   │
│       MAE        │   0.0635    │   0.0000   │   0.1917   │
│       RMSE       │   0.1062    │   0.0000   │   0.2765   │
└──────────────────┴─────────────┴────────────┴────────────┘
Info[iaw]:> Result, 0.987243304083892, 0.903118159358194, 0.9938906581157437, 0.9511681970109596, 0.9831628712281048, 0.913950548812733, 0.011288696960024446, 0.07646993230369709, 0.06353604781469137, 0.19170818503094508, 0.10624827979795459, 0.2765319733840864
Info[iaw]:> The model will be saved as 
`/home/iaw/DATA2/AAReact/train/output/pt/ddg/hyper_seed_1_test_0-2/search_optuna/seed_1_test_0-3/lgb
_rdkit_soap_xtb_acsf.pkl`
[OK] Finished target=ddg search=optuna split=seed_1_test_0-3 model=lgb descriptor=rdkit_soap_xtb_acsf
[INFO] Train target=ddg hyper=seed_1_test_0-2 search=optuna split=seed_1_test_0-3 model=xgb descriptor=rdkit
                           Metric                           
┏━━━━━━━━━━━━━━━━━━┳━━━━━━━━━━━━━┳━━━━━━━━━━━━┳━━━━━━━━━━━━┓
┃       name       ┃    Train    ┃   Valid    ┃    Test    ┃
┡━━━━━━━━━━━━━━━━━━╇━━━━━━━━━━━━━╇━━━━━━━━━━━━╇━━━━━━━━━━━━┩
│        R2        │   0.9526    │   0.0000   │   0.8792   │
│        R         │   0.9779    │   0.0000   │   0.9401   │
│    Spearmanr     │   0.9684    │   0.0000   │   0.8881   │
│       MSE        │   0.0420    │   0.0000   │   0.0953   │
│       MAE        │   0.1145    │   0.0000   │   0.2060   │
│       RMSE       │   0.2049    │   0.0000   │   0.3088   │
└──────────────────┴─────────────┴────────────┴────────────┘
Info[iaw]:> Result, 0.9525677005535914, 0.8792270668518657, 0.9778595061370141, 0.9400910939947192, 0.9684246813231246, 0.8881092724200642, 0.04197394514135341, 0.09532744176591854, 0.11453794396049781, 0.2059516888767325, 0.20487543811143738, 0.30875142390913524
Info[iaw]:> The model will be saved as 
`/home/iaw/DATA2/AAReact/train/output/pt/ddg/hyper_seed_1_test_0-2/search_optuna/seed_1_test_0-3/xgb
_rdkit.pkl`
[OK] Finished target=ddg search=optuna split=seed_1_test_0-3 model=xgb descriptor=rdkit
[INFO] Train target=ddg hyper=seed_1_test_0-2 search=optuna split=seed_1_test_0-3 model=xgb descriptor=xtb
                           Metric                           
┏━━━━━━━━━━━━━━━━━━┳━━━━━━━━━━━━━┳━━━━━━━━━━━━┳━━━━━━━━━━━━┓
┃       name       ┃    Train    ┃   Valid    ┃    Test    ┃
┡━━━━━━━━━━━━━━━━━━╇━━━━━━━━━━━━━╇━━━━━━━━━━━━╇━━━━━━━━━━━━┩
│        R2        │   0.9843    │   0.0000   │   0.8901   │
│        R         │   0.9924    │   0.0000   │   0.9466   │
│    Spearmanr     │   0.9818    │   0.0000   │   0.9041   │
│       MSE        │   0.0139    │   0.0000   │   0.0868   │
│       MAE        │   0.0761    │   0.0000   │   0.2144   │
│       RMSE       │   0.1180    │   0.0000   │   0.2946   │
└──────────────────┴─────────────┴────────────┴────────────┘
Info[iaw]:> Result, 0.9842658303116139, 0.890068071702797, 0.9923769014762353, 0.9465723600494792, 0.9818202553562079, 0.9041028749790406, 0.013923532762548214, 0.08677051405312036, 0.0760583980722749, 0.21439104115275093, 0.11799802016367993, 0.2945683520901734
Info[iaw]:> The model will be saved as 
`/home/iaw/DATA2/AAReact/train/output/pt/ddg/hyper_seed_1_test_0-2/search_optuna/seed_1_test_0-3/xgb
_xtb.pkl`
[OK] Finished target=ddg search=optuna split=seed_1_test_0-3 model=xgb descriptor=xtb
[INFO] Train target=ddg hyper=seed_1_test_0-2 search=optuna split=seed_1_test_0-3 model=xgb descriptor=soap
                           Metric                           
┏━━━━━━━━━━━━━━━━━━┳━━━━━━━━━━━━━┳━━━━━━━━━━━━┳━━━━━━━━━━━━┓
┃       name       ┃    Train    ┃   Valid    ┃    Test    ┃
┡━━━━━━━━━━━━━━━━━━╇━━━━━━━━━━━━━╇━━━━━━━━━━━━╇━━━━━━━━━━━━┩
│        R2        │   0.4729    │   0.0000   │   0.4103   │
│        R         │   0.6902    │   0.0000   │   0.6430   │
│    Spearmanr     │   0.6342    │   0.0000   │   0.5833   │
│       MSE        │   0.4665    │   0.0000   │   0.4655   │
│       MAE        │   0.4903    │   0.0000   │   0.5326   │
│       RMSE       │   0.6830    │   0.0000   │   0.6822   │
└──────────────────┴─────────────┴────────────┴────────────┘
Info[iaw]:> Result, 0.4728632895250168, 0.4103020028710107, 0.6901759714695699, 0.6429823376330064, 0.6342247818897189, 0.5832828159058957, 0.4664755372543032, 0.4654552971057069, 0.4903106221300552, 0.5326230741395619, 0.6829901443317489, 0.6822428432059269
Info[iaw]:> The model will be saved as 
`/home/iaw/DATA2/AAReact/train/output/pt/ddg/hyper_seed_1_test_0-2/search_optuna/seed_1_test_0-3/xgb
_soap.pkl`
[OK] Finished target=ddg search=optuna split=seed_1_test_0-3 model=xgb descriptor=soap
[INFO] Train target=ddg hyper=seed_1_test_0-2 search=optuna split=seed_1_test_0-3 model=xgb descriptor=acsf
                           Metric                           
┏━━━━━━━━━━━━━━━━━━┳━━━━━━━━━━━━━┳━━━━━━━━━━━━┳━━━━━━━━━━━━┓
┃       name       ┃    Train    ┃   Valid    ┃    Test    ┃
┡━━━━━━━━━━━━━━━━━━╇━━━━━━━━━━━━━╇━━━━━━━━━━━━╇━━━━━━━━━━━━┩
│        R2        │   0.9830    │   0.0000   │   0.8550   │
│        R         │   0.9918    │   0.0000   │   0.9261   │
│    Spearmanr     │   0.9823    │   0.0000   │   0.8618   │
│       MSE        │   0.0150    │   0.0000   │   0.1145   │
│       MAE        │   0.0789    │   0.0000   │   0.2303   │
│       RMSE       │   0.1226    │   0.0000   │   0.3384   │
└──────────────────┴─────────────┴────────────┴────────────┘
Info[iaw]:> Result, 0.983019745250385, 0.8549501400743204, 0.9918017272642305, 0.9260854965587644, 0.9822717682613902, 0.8617972165972321, 0.015026222419425847, 0.11448949458120758, 0.07887326284523041, 0.23027860569079547, 0.12258149297273976, 0.33836296277992306
Info[iaw]:> The model will be saved as 
`/home/iaw/DATA2/AAReact/train/output/pt/ddg/hyper_seed_1_test_0-2/search_optuna/seed_1_test_0-3/xgb
_acsf.pkl`
[OK] Finished target=ddg search=optuna split=seed_1_test_0-3 model=xgb descriptor=acsf
[INFO] Train target=ddg hyper=seed_1_test_0-2 search=optuna split=seed_1_test_0-3 model=xgb descriptor=rdkit_soap
                           Metric                           
┏━━━━━━━━━━━━━━━━━━┳━━━━━━━━━━━━━┳━━━━━━━━━━━━┳━━━━━━━━━━━━┓
┃       name       ┃    Train    ┃   Valid    ┃    Test    ┃
┡━━━━━━━━━━━━━━━━━━╇━━━━━━━━━━━━━╇━━━━━━━━━━━━╇━━━━━━━━━━━━┩
│        R2        │   0.9885    │   0.0000   │   0.9191   │
│        R         │   0.9948    │   0.0000   │   0.9591   │
│    Spearmanr     │   0.9890    │   0.0000   │   0.9235   │
│       MSE        │   0.0101    │   0.0000   │   0.0639   │
│       MAE        │   0.0574    │   0.0000   │   0.1702   │
│       RMSE       │   0.1007    │   0.0000   │   0.2528   │
└──────────────────┴─────────────┴────────────┴────────────┘
Info[iaw]:> Result, 0.9885428849397072, 0.9190531300787639, 0.9947661752739988, 0.9591374676944259, 0.9890216529208375, 0.92346287291535, 0.010138667630108246, 0.06389227973030492, 0.05735978655735604, 0.17022905938435365, 0.100690951083542, 0.25276922227657567
Info[iaw]:> The model will be saved as 
`/home/iaw/DATA2/AAReact/train/output/pt/ddg/hyper_seed_1_test_0-2/search_optuna/seed_1_test_0-3/xgb
_rdkit_soap.pkl`
[OK] Finished target=ddg search=optuna split=seed_1_test_0-3 model=xgb descriptor=rdkit_soap
[INFO] Train target=ddg hyper=seed_1_test_0-2 search=optuna split=seed_1_test_0-3 model=xgb descriptor=soap_xtb
                           Metric                           
┏━━━━━━━━━━━━━━━━━━┳━━━━━━━━━━━━━┳━━━━━━━━━━━━┳━━━━━━━━━━━━┓
┃       name       ┃    Train    ┃   Valid    ┃    Test    ┃
┡━━━━━━━━━━━━━━━━━━╇━━━━━━━━━━━━━╇━━━━━━━━━━━━╇━━━━━━━━━━━━┩
│        R2        │   0.9920    │   0.0000   │   0.9143   │
│        R         │   0.9962    │   0.0000   │   0.9575   │
│    Spearmanr     │   0.9891    │   0.0000   │   0.9292   │
│       MSE        │   0.0070    │   0.0000   │   0.0677   │
│       MAE        │   0.0508    │   0.0000   │   0.1794   │
│       RMSE       │   0.0839    │   0.0000   │   0.2601   │
└──────────────────┴─────────────┴────────────┴────────────┘
Info[iaw]:> Result, 0.9920416254899215, 0.9142839143299472, 0.9962136424405981, 0.9574983444841094, 0.9891471019714163, 0.9292283086765294, 0.007042550730179187, 0.06765667564844331, 0.050790536355495734, 0.17937568404919996, 0.08391990663828927, 0.2601089687966244
Info[iaw]:> The model will be saved as 
`/home/iaw/DATA2/AAReact/train/output/pt/ddg/hyper_seed_1_test_0-2/search_optuna/seed_1_test_0-3/xgb
_soap_xtb.pkl`
[OK] Finished target=ddg search=optuna split=seed_1_test_0-3 model=xgb descriptor=soap_xtb
[INFO] Train target=ddg hyper=seed_1_test_0-2 search=optuna split=seed_1_test_0-3 model=xgb descriptor=rdkit_xtb
                           Metric                           
┏━━━━━━━━━━━━━━━━━━┳━━━━━━━━━━━━━┳━━━━━━━━━━━━┳━━━━━━━━━━━━┓
┃       name       ┃    Train    ┃   Valid    ┃    Test    ┃
┡━━━━━━━━━━━━━━━━━━╇━━━━━━━━━━━━━╇━━━━━━━━━━━━╇━━━━━━━━━━━━┩
│        R2        │   0.9929    │   0.0000   │   0.8980   │
│        R         │   0.9965    │   0.0000   │   0.9498   │
│    Spearmanr     │   0.9874    │   0.0000   │   0.9098   │
│       MSE        │   0.0063    │   0.0000   │   0.0805   │
│       MAE        │   0.0457    │   0.0000   │   0.1965   │
│       RMSE       │   0.0794    │   0.0000   │   0.2837   │
└──────────────────┴─────────────┴────────────┴────────────┘
Info[iaw]:> Result, 0.9928779158656066, 0.8980236712893874, 0.9965130270284306, 0.9497676482638829, 0.9874063667985091, 0.9098102694406108, 0.006302497923105962, 0.08049106934199904, 0.045675347344487076, 0.19649157087455546, 0.07938827320899455, 0.2837094805289366
Info[iaw]:> The model will be saved as 
`/home/iaw/DATA2/AAReact/train/output/pt/ddg/hyper_seed_1_test_0-2/search_optuna/seed_1_test_0-3/xgb
_rdkit_xtb.pkl`
[OK] Finished target=ddg search=optuna split=seed_1_test_0-3 model=xgb descriptor=rdkit_xtb
[INFO] Train target=ddg hyper=seed_1_test_0-2 search=optuna split=seed_1_test_0-3 model=xgb descriptor=soap_acsf
                           Metric                           
┏━━━━━━━━━━━━━━━━━━┳━━━━━━━━━━━━━┳━━━━━━━━━━━━┳━━━━━━━━━━━━┓
┃       name       ┃    Train    ┃   Valid    ┃    Test    ┃
┡━━━━━━━━━━━━━━━━━━╇━━━━━━━━━━━━━╇━━━━━━━━━━━━╇━━━━━━━━━━━━┩
│        R2        │   0.9974    │   0.0000   │   0.8994   │
│        R         │   0.9987    │   0.0000   │   0.9486   │
│    Spearmanr     │   0.9919    │   0.0000   │   0.9102   │
│       MSE        │   0.0023    │   0.0000   │   0.0794   │
│       MAE        │   0.0332    │   0.0000   │   0.1873   │
│       RMSE       │   0.0484    │   0.0000   │   0.2818   │
└──────────────────┴─────────────┴────────────┴────────────┘
Info[iaw]:> Result, 0.9973564556960999, 0.8993736676798184, 0.998711956780062, 0.9486194549728729, 0.9918914295489536, 0.9102423546710348, 0.002339333848151542, 0.07942550192603531, 0.03316254083793397, 0.18725825945030422, 0.04836666050237025, 0.28182530391367505
Info[iaw]:> The model will be saved as 
`/home/iaw/DATA2/AAReact/train/output/pt/ddg/hyper_seed_1_test_0-2/search_optuna/seed_1_test_0-3/xgb
_soap_acsf.pkl`
[OK] Finished target=ddg search=optuna split=seed_1_test_0-3 model=xgb descriptor=soap_acsf
[INFO] Train target=ddg hyper=seed_1_test_0-2 search=optuna split=seed_1_test_0-3 model=xgb descriptor=acsf_xtb
                           Metric                           
┏━━━━━━━━━━━━━━━━━━┳━━━━━━━━━━━━━┳━━━━━━━━━━━━┳━━━━━━━━━━━━┓
┃       name       ┃    Train    ┃   Valid    ┃    Test    ┃
┡━━━━━━━━━━━━━━━━━━╇━━━━━━━━━━━━━╇━━━━━━━━━━━━╇━━━━━━━━━━━━┩
│        R2        │   0.9927    │   0.0000   │   0.9181   │
│        R         │   0.9965    │   0.0000   │   0.9592   │
│    Spearmanr     │   0.9895    │   0.0000   │   0.9190   │
│       MSE        │   0.0065    │   0.0000   │   0.0647   │
│       MAE        │   0.0475    │   0.0000   │   0.1795   │
│       RMSE       │   0.0806    │   0.0000   │   0.2543   │
└──────────────────┴─────────────┴────────────┴────────────┘
Info[iaw]:> Result, 0.9926609357296768, 0.9180819535325802, 0.9964797150327254, 0.9591961068536701, 0.9895384822738418, 0.9190065909120223, 0.006494508692741312, 0.06465884035972348, 0.04747552184851161, 0.17949028990987378, 0.08058851464533462, 0.2542810263462917
Info[iaw]:> The model will be saved as 
`/home/iaw/DATA2/AAReact/train/output/pt/ddg/hyper_seed_1_test_0-2/search_optuna/seed_1_test_0-3/xgb
_acsf_xtb.pkl`
[OK] Finished target=ddg search=optuna split=seed_1_test_0-3 model=xgb descriptor=acsf_xtb
[INFO] Train target=ddg hyper=seed_1_test_0-2 search=optuna split=seed_1_test_0-3 model=xgb descriptor=rdkit_acsf
                           Metric                           
┏━━━━━━━━━━━━━━━━━━┳━━━━━━━━━━━━━┳━━━━━━━━━━━━┳━━━━━━━━━━━━┓
┃       name       ┃    Train    ┃   Valid    ┃    Test    ┃
┡━━━━━━━━━━━━━━━━━━╇━━━━━━━━━━━━━╇━━━━━━━━━━━━╇━━━━━━━━━━━━┩
│        R2        │   0.9917    │   0.0000   │   0.9209   │
│        R         │   0.9962    │   0.0000   │   0.9611   │
│    Spearmanr     │   0.9894    │   0.0000   │   0.9408   │
│       MSE        │   0.0074    │   0.0000   │   0.0625   │
│       MAE        │   0.0515    │   0.0000   │   0.1675   │
│       RMSE       │   0.0857    │   0.0000   │   0.2499   │
└──────────────────┴─────────────┴────────────┴────────────┘
Info[iaw]:> Result, 0.9916916776503105, 0.9208618863781614, 0.9962395467270018, 0.9611215798565674, 0.9893736360007672, 0.9408172214984973, 0.007352227713871655, 0.062464607930796195, 0.0514670479784641, 0.1674818234802975, 0.08574513230424019, 0.24992920583796563
Info[iaw]:> The model will be saved as 
`/home/iaw/DATA2/AAReact/train/output/pt/ddg/hyper_seed_1_test_0-2/search_optuna/seed_1_test_0-3/xgb
_rdkit_acsf.pkl`
[OK] Finished target=ddg search=optuna split=seed_1_test_0-3 model=xgb descriptor=rdkit_acsf
[INFO] Train target=ddg hyper=seed_1_test_0-2 search=optuna split=seed_1_test_0-3 model=xgb descriptor=rdkit_soap_xtb
                           Metric                           
┏━━━━━━━━━━━━━━━━━━┳━━━━━━━━━━━━━┳━━━━━━━━━━━━┳━━━━━━━━━━━━┓
┃       name       ┃    Train    ┃   Valid    ┃    Test    ┃
┡━━━━━━━━━━━━━━━━━━╇━━━━━━━━━━━━━╇━━━━━━━━━━━━╇━━━━━━━━━━━━┩
│        R2        │   0.9984    │   0.0000   │   0.9150   │
│        R         │   0.9992    │   0.0000   │   0.9570   │
│    Spearmanr     │   0.9930    │   0.0000   │   0.9215   │
│       MSE        │   0.0014    │   0.0000   │   0.0671   │
│       MAE        │   0.0223    │   0.0000   │   0.1771   │
│       RMSE       │   0.0376    │   0.0000   │   0.2590   │
└──────────────────┴─────────────┴────────────┴────────────┘
Info[iaw]:> Result, 0.9984018168207531, 0.9150158278059843, 0.999218910413999, 0.9569992166326822, 0.9929790002436407, 0.9214572235621881, 0.0014142694719519824, 0.0670789680657431, 0.022250321947277676, 0.17712775439551062, 0.03760677428272707, 0.2589960773172889
Info[iaw]:> The model will be saved as 
`/home/iaw/DATA2/AAReact/train/output/pt/ddg/hyper_seed_1_test_0-2/search_optuna/seed_1_test_0-3/xgb
_rdkit_soap_xtb.pkl`
[OK] Finished target=ddg search=optuna split=seed_1_test_0-3 model=xgb descriptor=rdkit_soap_xtb
[INFO] Train target=ddg hyper=seed_1_test_0-2 search=optuna split=seed_1_test_0-3 model=xgb descriptor=rdkit_soap_acsf
                           Metric                           
┏━━━━━━━━━━━━━━━━━━┳━━━━━━━━━━━━━┳━━━━━━━━━━━━┳━━━━━━━━━━━━┓
┃       name       ┃    Train    ┃   Valid    ┃    Test    ┃
┡━━━━━━━━━━━━━━━━━━╇━━━━━━━━━━━━━╇━━━━━━━━━━━━╇━━━━━━━━━━━━┩
│        R2        │   0.9919    │   0.0000   │   0.9160   │
│        R         │   0.9962    │   0.0000   │   0.9573   │
│    Spearmanr     │   0.9918    │   0.0000   │   0.9307   │
│       MSE        │   0.0072    │   0.0000   │   0.0663   │
│       MAE        │   0.0470    │   0.0000   │   0.1693   │
│       RMSE       │   0.0848    │   0.0000   │   0.2575   │
└──────────────────┴─────────────┴────────────┴────────────┘
Info[iaw]:> Result, 0.9918732736228775, 0.916027020542031, 0.9962022381089899, 0.9573340779427201, 0.991781013649064, 0.9306922392333389, 0.007191529213495846, 0.0662808222051852, 0.047005295128225225, 0.16929823817445736, 0.08480288446447942, 0.25745062090658316
Info[iaw]:> The model will be saved as 
`/home/iaw/DATA2/AAReact/train/output/pt/ddg/hyper_seed_1_test_0-2/search_optuna/seed_1_test_0-3/xgb
_rdkit_soap_acsf.pkl`
[OK] Finished target=ddg search=optuna split=seed_1_test_0-3 model=xgb descriptor=rdkit_soap_acsf
[INFO] Train target=ddg hyper=seed_1_test_0-2 search=optuna split=seed_1_test_0-3 model=xgb descriptor=rdkit_xtb_acsf
                           Metric                           
┏━━━━━━━━━━━━━━━━━━┳━━━━━━━━━━━━━┳━━━━━━━━━━━━┳━━━━━━━━━━━━┓
┃       name       ┃    Train    ┃   Valid    ┃    Test    ┃
┡━━━━━━━━━━━━━━━━━━╇━━━━━━━━━━━━━╇━━━━━━━━━━━━╇━━━━━━━━━━━━┩
│        R2        │   0.9920    │   0.0000   │   0.9296   │
│        R         │   0.9963    │   0.0000   │   0.9651   │
│    Spearmanr     │   0.9901    │   0.0000   │   0.9388   │
│       MSE        │   0.0071    │   0.0000   │   0.0556   │
│       MAE        │   0.0469    │   0.0000   │   0.1629   │
│       RMSE       │   0.0841    │   0.0000   │   0.2358   │
└──────────────────┴─────────────┴────────────┴────────────┘
Info[iaw]:> Result, 0.9920088348604671, 0.9295846771854274, 0.9962976847898043, 0.9651306315945389, 0.9901045581549659, 0.9388115721453354, 0.007071567920952795, 0.05557961051423069, 0.04691857851579943, 0.1628785781592257, 0.08409261513921894, 0.2357532831462389
Info[iaw]:> The model will be saved as 
`/home/iaw/DATA2/AAReact/train/output/pt/ddg/hyper_seed_1_test_0-2/search_optuna/seed_1_test_0-3/xgb
_rdkit_xtb_acsf.pkl`
[OK] Finished target=ddg search=optuna split=seed_1_test_0-3 model=xgb descriptor=rdkit_xtb_acsf
[INFO] Train target=ddg hyper=seed_1_test_0-2 search=optuna split=seed_1_test_0-3 model=xgb descriptor=soap_xtb_acsf
                           Metric                           
┏━━━━━━━━━━━━━━━━━━┳━━━━━━━━━━━━━┳━━━━━━━━━━━━┳━━━━━━━━━━━━┓
┃       name       ┃    Train    ┃   Valid    ┃    Test    ┃
┡━━━━━━━━━━━━━━━━━━╇━━━━━━━━━━━━━╇━━━━━━━━━━━━╇━━━━━━━━━━━━┩
│        R2        │   0.9853    │   0.0000   │   0.8994   │
│        R         │   0.9930    │   0.0000   │   0.9503   │
│    Spearmanr     │   0.9855    │   0.0000   │   0.9073   │
│       MSE        │   0.0130    │   0.0000   │   0.0794   │
│       MAE        │   0.0692    │   0.0000   │   0.1979   │
│       RMSE       │   0.1141    │   0.0000   │   0.2818   │
└──────────────────┴─────────────┴────────────┴────────────┘
Info[iaw]:> Result, 0.9853001754416025, 0.8994056304466433, 0.9929517886710633, 0.9502594287462794, 0.9854971566609817, 0.9072629012910964, 0.013008216696279388, 0.07940027335276352, 0.06920209753321391, 0.19794371544458986, 0.11405356941489989, 0.28178054111801887
Info[iaw]:> The model will be saved as 
`/home/iaw/DATA2/AAReact/train/output/pt/ddg/hyper_seed_1_test_0-2/search_optuna/seed_1_test_0-3/xgb
_soap_xtb_acsf.pkl`
[OK] Finished target=ddg search=optuna split=seed_1_test_0-3 model=xgb descriptor=soap_xtb_acsf
[INFO] Train target=ddg hyper=seed_1_test_0-2 search=optuna split=seed_1_test_0-3 model=xgb descriptor=rdkit_soap_xtb_acsf
                           Metric                           
┏━━━━━━━━━━━━━━━━━━┳━━━━━━━━━━━━━┳━━━━━━━━━━━━┳━━━━━━━━━━━━┓
┃       name       ┃    Train    ┃   Valid    ┃    Test    ┃
┡━━━━━━━━━━━━━━━━━━╇━━━━━━━━━━━━━╇━━━━━━━━━━━━╇━━━━━━━━━━━━┩
│        R2        │   0.9944    │   0.0000   │   0.9253   │
│        R         │   0.9973    │   0.0000   │   0.9621   │
│    Spearmanr     │   0.9910    │   0.0000   │   0.9294   │
│       MSE        │   0.0049    │   0.0000   │   0.0590   │
│       MAE        │   0.0423    │   0.0000   │   0.1679   │
│       RMSE       │   0.0702    │   0.0000   │   0.2429   │
└──────────────────┴─────────────┴────────────┴────────────┘
Info[iaw]:> Result, 0.9944331987583661, 0.9252568561664197, 0.9973143349257613, 0.9621455937552503, 0.9909764808949391, 0.9293637383756175, 0.004926191912605006, 0.058995608581088495, 0.042250887681158165, 0.1678652560831736, 0.07018683575005363, 0.24289011626883564
Info[iaw]:> The model will be saved as 
`/home/iaw/DATA2/AAReact/train/output/pt/ddg/hyper_seed_1_test_0-2/search_optuna/seed_1_test_0-3/xgb
_rdkit_soap_xtb_acsf.pkl`
[OK] Finished target=ddg search=optuna split=seed_1_test_0-3 model=xgb descriptor=rdkit_soap_xtb_acsf
[INFO] Train target=ddg hyper=seed_1_test_0-2 search=optuna split=seed_1_test_0-3 model=rf descriptor=rdkit
                           Metric                           
┏━━━━━━━━━━━━━━━━━━┳━━━━━━━━━━━━━┳━━━━━━━━━━━━┳━━━━━━━━━━━━┓
┃       name       ┃    Train    ┃   Valid    ┃    Test    ┃
┡━━━━━━━━━━━━━━━━━━╇━━━━━━━━━━━━━╇━━━━━━━━━━━━╇━━━━━━━━━━━━┩
│        R2        │   0.9535    │   0.0000   │   0.8797   │
│        R         │   0.9770    │   0.0000   │   0.9390   │
│    Spearmanr     │   0.9653    │   0.0000   │   0.9001   │
│       MSE        │   0.0412    │   0.0000   │   0.0949   │
│       MAE        │   0.0986    │   0.0000   │   0.1971   │
│       RMSE       │   0.2029    │   0.0000   │   0.3081   │
└──────────────────┴─────────────┴────────────┴────────────┘
Info[iaw]:> Result, 0.9534686293278428, 0.8797095350238963, 0.9770101979052801, 0.9390209651149498, 0.9653143742839814, 0.9000980253060066, 0.04117669231178263, 0.09494662418225729, 0.09856845527743725, 0.19710933827288127, 0.20292040881040682, 0.3081341009727052
Info[iaw]:> The model will be saved as 
`/home/iaw/DATA2/AAReact/train/output/pt/ddg/hyper_seed_1_test_0-2/search_optuna/seed_1_test_0-3/rf_
rdkit.pkl`
[OK] Finished target=ddg search=optuna split=seed_1_test_0-3 model=rf descriptor=rdkit
[INFO] Train target=ddg hyper=seed_1_test_0-2 search=optuna split=seed_1_test_0-3 model=rf descriptor=xtb
                           Metric                           
┏━━━━━━━━━━━━━━━━━━┳━━━━━━━━━━━━━┳━━━━━━━━━━━━┳━━━━━━━━━━━━┓
┃       name       ┃    Train    ┃   Valid    ┃    Test    ┃
┡━━━━━━━━━━━━━━━━━━╇━━━━━━━━━━━━━╇━━━━━━━━━━━━╇━━━━━━━━━━━━┩
│        R2        │   0.9880    │   0.0000   │   0.9011   │
│        R         │   0.9944    │   0.0000   │   0.9503   │
│    Spearmanr     │   0.9884    │   0.0000   │   0.9157   │
│       MSE        │   0.0106    │   0.0000   │   0.0780   │
│       MAE        │   0.0588    │   0.0000   │   0.1816   │
│       RMSE       │   0.1030    │   0.0000   │   0.2794   │
└──────────────────┴─────────────┴────────────┴────────────┘
Info[iaw]:> Result, 0.9879997613743173, 0.9011281780393665, 0.9943719831562903, 0.9502772256020409, 0.9883596759060065, 0.915665991667849, 0.010619290307159976, 0.07804064706023212, 0.05880087108577504, 0.1815593885412331, 0.10304994084015758, 0.2793575613084996
Info[iaw]:> The model will be saved as 
`/home/iaw/DATA2/AAReact/train/output/pt/ddg/hyper_seed_1_test_0-2/search_optuna/seed_1_test_0-3/rf_
xtb.pkl`
[OK] Finished target=ddg search=optuna split=seed_1_test_0-3 model=rf descriptor=xtb
[INFO] Train target=ddg hyper=seed_1_test_0-2 search=optuna split=seed_1_test_0-3 model=rf descriptor=soap
                           Metric                           
┏━━━━━━━━━━━━━━━━━━┳━━━━━━━━━━━━━┳━━━━━━━━━━━━┳━━━━━━━━━━━━┓
┃       name       ┃    Train    ┃   Valid    ┃    Test    ┃
┡━━━━━━━━━━━━━━━━━━╇━━━━━━━━━━━━━╇━━━━━━━━━━━━╇━━━━━━━━━━━━┩
│        R2        │   0.4362    │   0.0000   │   0.3349   │
│        R         │   0.6610    │   0.0000   │   0.5789   │
│    Spearmanr     │   0.5452    │   0.0000   │   0.5361   │
│       MSE        │   0.4989    │   0.0000   │   0.5250   │
│       MAE        │   0.4886    │   0.0000   │   0.5092   │
│       RMSE       │   0.7064    │   0.0000   │   0.7246   │
└──────────────────┴─────────────┴────────────┴────────────┘
Info[iaw]:> Result, 0.43617289076768195, 0.3348752020453346, 0.6609847021720633, 0.5788773537022875, 0.5452052025069075, 0.5361339335233648, 0.49894372459982217, 0.5249905238810636, 0.48859023513853395, 0.5092394752791637, 0.7063594868052826, 0.72456229813665
Info[iaw]:> The model will be saved as 
`/home/iaw/DATA2/AAReact/train/output/pt/ddg/hyper_seed_1_test_0-2/search_optuna/seed_1_test_0-3/rf_
soap.pkl`
[OK] Finished target=ddg search=optuna split=seed_1_test_0-3 model=rf descriptor=soap
[INFO] Train target=ddg hyper=seed_1_test_0-2 search=optuna split=seed_1_test_0-3 model=rf descriptor=acsf
                           Metric                           
┏━━━━━━━━━━━━━━━━━━┳━━━━━━━━━━━━━┳━━━━━━━━━━━━┳━━━━━━━━━━━━┓
┃       name       ┃    Train    ┃   Valid    ┃    Test    ┃
┡━━━━━━━━━━━━━━━━━━╇━━━━━━━━━━━━━╇━━━━━━━━━━━━╇━━━━━━━━━━━━┩
│        R2        │   0.9418    │   0.0000   │   0.8378   │
│        R         │   0.9727    │   0.0000   │   0.9161   │
│    Spearmanr     │   0.9607    │   0.0000   │   0.8417   │
│       MSE        │   0.0515    │   0.0000   │   0.1280   │
│       MAE        │   0.1350    │   0.0000   │   0.2450   │
│       RMSE       │   0.2270    │   0.0000   │   0.3578   │
└──────────────────┴─────────────┴────────────┴────────────┘
Info[iaw]:> Result, 0.9417725655999398, 0.8377999944116128, 0.9727031155766004, 0.9161435929936635, 0.9607064544054907, 0.8416955798325831, 0.05152681117623808, 0.1280262984769407, 0.1349914790819987, 0.24503203060576823, 0.2269951787510873, 0.3578076277511991
Info[iaw]:> The model will be saved as 
`/home/iaw/DATA2/AAReact/train/output/pt/ddg/hyper_seed_1_test_0-2/search_optuna/seed_1_test_0-3/rf_
acsf.pkl`
[OK] Finished target=ddg search=optuna split=seed_1_test_0-3 model=rf descriptor=acsf
[INFO] Train target=ddg hyper=seed_1_test_0-2 search=optuna split=seed_1_test_0-3 model=rf descriptor=rdkit_soap
                           Metric                           
┏━━━━━━━━━━━━━━━━━━┳━━━━━━━━━━━━━┳━━━━━━━━━━━━┳━━━━━━━━━━━━┓
┃       name       ┃    Train    ┃   Valid    ┃    Test    ┃
┡━━━━━━━━━━━━━━━━━━╇━━━━━━━━━━━━━╇━━━━━━━━━━━━╇━━━━━━━━━━━━┩
│        R2        │   0.9781    │   0.0000   │   0.9253   │
│        R         │   0.9891    │   0.0000   │   0.9627   │
│    Spearmanr     │   0.9818    │   0.0000   │   0.9397   │
│       MSE        │   0.0194    │   0.0000   │   0.0590   │
│       MAE        │   0.0708    │   0.0000   │   0.1577   │
│       RMSE       │   0.1393    │   0.0000   │   0.2428   │
└──────────────────┴─────────────┴────────────┴────────────┘
Info[iaw]:> Result, 0.9780687337590104, 0.9253129595040048, 0.989107677747356, 0.9627139452024671, 0.9818026302829861, 0.9396628445396035, 0.01940748765764111, 0.05895132558234772, 0.07083963314159748, 0.15773006372839107, 0.13931075930322506, 0.24279894065326504
Info[iaw]:> The model will be saved as 
`/home/iaw/DATA2/AAReact/train/output/pt/ddg/hyper_seed_1_test_0-2/search_optuna/seed_1_test_0-3/rf_
rdkit_soap.pkl`
[OK] Finished target=ddg search=optuna split=seed_1_test_0-3 model=rf descriptor=rdkit_soap
[INFO] Train target=ddg hyper=seed_1_test_0-2 search=optuna split=seed_1_test_0-3 model=rf descriptor=soap_xtb
                           Metric                           
┏━━━━━━━━━━━━━━━━━━┳━━━━━━━━━━━━━┳━━━━━━━━━━━━┳━━━━━━━━━━━━┓
┃       name       ┃    Train    ┃   Valid    ┃    Test    ┃
┡━━━━━━━━━━━━━━━━━━╇━━━━━━━━━━━━━╇━━━━━━━━━━━━╇━━━━━━━━━━━━┩
│        R2        │   0.9753    │   0.0000   │   0.8906   │
│        R         │   0.9880    │   0.0000   │   0.9454   │
│    Spearmanr     │   0.9800    │   0.0000   │   0.8997   │
│       MSE        │   0.0218    │   0.0000   │   0.0864   │
│       MAE        │   0.0841    │   0.0000   │   0.2073   │
│       RMSE       │   0.1478    │   0.0000   │   0.2939   │
└──────────────────┴─────────────┴────────────┴────────────┘
Info[iaw]:> Result, 0.9753272889076094, 0.8905708383374622, 0.9879969804000176, 0.9454220840281758, 0.9800437516523506, 0.899711083308612, 0.021833455977620195, 0.08637367466337806, 0.08409232897185405, 0.20725516896576004, 0.14776148340355885, 0.29389398541545225
Info[iaw]:> The model will be saved as 
`/home/iaw/DATA2/AAReact/train/output/pt/ddg/hyper_seed_1_test_0-2/search_optuna/seed_1_test_0-3/rf_
soap_xtb.pkl`
[OK] Finished target=ddg search=optuna split=seed_1_test_0-3 model=rf descriptor=soap_xtb
[INFO] Train target=ddg hyper=seed_1_test_0-2 search=optuna split=seed_1_test_0-3 model=rf descriptor=rdkit_xtb
                           Metric                           
┏━━━━━━━━━━━━━━━━━━┳━━━━━━━━━━━━━┳━━━━━━━━━━━━┳━━━━━━━━━━━━┓
┃       name       ┃    Train    ┃   Valid    ┃    Test    ┃
┡━━━━━━━━━━━━━━━━━━╇━━━━━━━━━━━━━╇━━━━━━━━━━━━╇━━━━━━━━━━━━┩
│        R2        │   0.9617    │   0.0000   │   0.8580   │
│        R         │   0.9846    │   0.0000   │   0.9381   │
│    Spearmanr     │   0.9717    │   0.0000   │   0.8907   │
│       MSE        │   0.0339    │   0.0000   │   0.1121   │
│       MAE        │   0.1184    │   0.0000   │   0.2462   │
│       RMSE       │   0.1842    │   0.0000   │   0.3348   │
└──────────────────┴─────────────┴────────────┴────────────┘
Info[iaw]:> Result, 0.9616743205027543, 0.8579814799634959, 0.9846374252913999, 0.9380608776861269, 0.9716521432607422, 0.890708232835898, 0.03391528531185913, 0.11209682373000236, 0.11839574696174779, 0.24618768617372896, 0.18416103092635838, 0.33480863747819045
Info[iaw]:> The model will be saved as 
`/home/iaw/DATA2/AAReact/train/output/pt/ddg/hyper_seed_1_test_0-2/search_optuna/seed_1_test_0-3/rf_
rdkit_xtb.pkl`
[OK] Finished target=ddg search=optuna split=seed_1_test_0-3 model=rf descriptor=rdkit_xtb
[INFO] Train target=ddg hyper=seed_1_test_0-2 search=optuna split=seed_1_test_0-3 model=rf descriptor=soap_acsf
                           Metric                           
┏━━━━━━━━━━━━━━━━━━┳━━━━━━━━━━━━━┳━━━━━━━━━━━━┳━━━━━━━━━━━━┓
┃       name       ┃    Train    ┃   Valid    ┃    Test    ┃
┡━━━━━━━━━━━━━━━━━━╇━━━━━━━━━━━━━╇━━━━━━━━━━━━╇━━━━━━━━━━━━┩
│        R2        │   0.9841    │   0.0000   │   0.9152   │
│        R         │   0.9923    │   0.0000   │   0.9567   │
│    Spearmanr     │   0.9839    │   0.0000   │   0.9134   │
│       MSE        │   0.0140    │   0.0000   │   0.0669   │
│       MAE        │   0.0614    │   0.0000   │   0.1781   │
│       RMSE       │   0.1184    │   0.0000   │   0.2587   │
└──────────────────┴─────────────┴────────────┴────────────┘
Info[iaw]:> Result, 0.9841477973576684, 0.915185642060975, 0.9922706502941444, 0.9566927470978701, 0.9839383744498644, 0.9133507887167713, 0.014027982869154876, 0.06694493175411524, 0.06136399114534996, 0.1780797588957559, 0.11843978583717077, 0.25873718664721396
Info[iaw]:> The model will be saved as 
`/home/iaw/DATA2/AAReact/train/output/pt/ddg/hyper_seed_1_test_0-2/search_optuna/seed_1_test_0-3/rf_
soap_acsf.pkl`
[OK] Finished target=ddg search=optuna split=seed_1_test_0-3 model=rf descriptor=soap_acsf
[INFO] Train target=ddg hyper=seed_1_test_0-2 search=optuna split=seed_1_test_0-3 model=rf descriptor=acsf_xtb
                           Metric                           
┏━━━━━━━━━━━━━━━━━━┳━━━━━━━━━━━━━┳━━━━━━━━━━━━┳━━━━━━━━━━━━┓
┃       name       ┃    Train    ┃   Valid    ┃    Test    ┃
┡━━━━━━━━━━━━━━━━━━╇━━━━━━━━━━━━━╇━━━━━━━━━━━━╇━━━━━━━━━━━━┩
│        R2        │   0.9771    │   0.0000   │   0.9064   │
│        R         │   0.9891    │   0.0000   │   0.9527   │
│    Spearmanr     │   0.9745    │   0.0000   │   0.9100   │
│       MSE        │   0.0203    │   0.0000   │   0.0739   │
│       MAE        │   0.0842    │   0.0000   │   0.1922   │
│       RMSE       │   0.1423    │   0.0000   │   0.2719   │
└──────────────────┴─────────────┴────────────┴────────────┘
Info[iaw]:> Result, 0.9771163945941328, 0.9063502574030853, 0.9890766816146735, 0.9526777041413885, 0.9744721549762321, 0.9100037404393081, 0.020250234737775805, 0.07391880077012573, 0.08417868063636601, 0.19221938285445117, 0.14230331948965844, 0.2718801220577292
Info[iaw]:> The model will be saved as 
`/home/iaw/DATA2/AAReact/train/output/pt/ddg/hyper_seed_1_test_0-2/search_optuna/seed_1_test_0-3/rf_
acsf_xtb.pkl`
[OK] Finished target=ddg search=optuna split=seed_1_test_0-3 model=rf descriptor=acsf_xtb
[INFO] Train target=ddg hyper=seed_1_test_0-2 search=optuna split=seed_1_test_0-3 model=rf descriptor=rdkit_acsf
                           Metric                           
┏━━━━━━━━━━━━━━━━━━┳━━━━━━━━━━━━━┳━━━━━━━━━━━━┳━━━━━━━━━━━━┓
┃       name       ┃    Train    ┃   Valid    ┃    Test    ┃
┡━━━━━━━━━━━━━━━━━━╇━━━━━━━━━━━━━╇━━━━━━━━━━━━╇━━━━━━━━━━━━┩
│        R2        │   0.9706    │   0.0000   │   0.8957   │
│        R         │   0.9856    │   0.0000   │   0.9466   │
│    Spearmanr     │   0.9775    │   0.0000   │   0.9057   │
│       MSE        │   0.0260    │   0.0000   │   0.0823   │
│       MAE        │   0.0844    │   0.0000   │   0.1889   │
│       RMSE       │   0.1613    │   0.0000   │   0.2869   │
└──────────────────┴─────────────┴────────────┴────────────┘
Info[iaw]:> Result, 0.9706083751458193, 0.8956918296504961, 0.9855960325667937, 0.9466399290302171, 0.9775368441788012, 0.9056764391017786, 0.026009332535912495, 0.08233161831472374, 0.0844059592553989, 0.18892995854657124, 0.16127409133494597, 0.28693486772214305
Info[iaw]:> The model will be saved as 
`/home/iaw/DATA2/AAReact/train/output/pt/ddg/hyper_seed_1_test_0-2/search_optuna/seed_1_test_0-3/rf_
rdkit_acsf.pkl`
[OK] Finished target=ddg search=optuna split=seed_1_test_0-3 model=rf descriptor=rdkit_acsf
[INFO] Train target=ddg hyper=seed_1_test_0-2 search=optuna split=seed_1_test_0-3 model=rf descriptor=rdkit_soap_xtb
                           Metric                           
┏━━━━━━━━━━━━━━━━━━┳━━━━━━━━━━━━━┳━━━━━━━━━━━━┳━━━━━━━━━━━━┓
┃       name       ┃    Train    ┃   Valid    ┃    Test    ┃
┡━━━━━━━━━━━━━━━━━━╇━━━━━━━━━━━━━╇━━━━━━━━━━━━╇━━━━━━━━━━━━┩
│        R2        │   0.9654    │   0.0000   │   0.8715   │
│        R         │   0.9859    │   0.0000   │   0.9423   │
│    Spearmanr     │   0.9744    │   0.0000   │   0.8905   │
│       MSE        │   0.0306    │   0.0000   │   0.1014   │
│       MAE        │   0.1074    │   0.0000   │   0.2292   │
│       RMSE       │   0.1750    │   0.0000   │   0.3185   │
└──────────────────┴─────────────┴────────────┴────────────┘
Info[iaw]:> Result, 0.9653969315141153, 0.8715028759724955, 0.9858728288552779, 0.942295171442074, 0.97439491568476, 0.8904502715043016, 0.030621060233228733, 0.10142423296779202, 0.10739362565200267, 0.22923255958915614, 0.17498874316146376, 0.3184717145490193
Info[iaw]:> The model will be saved as 
`/home/iaw/DATA2/AAReact/train/output/pt/ddg/hyper_seed_1_test_0-2/search_optuna/seed_1_test_0-3/rf_
rdkit_soap_xtb.pkl`
[OK] Finished target=ddg search=optuna split=seed_1_test_0-3 model=rf descriptor=rdkit_soap_xtb
[INFO] Train target=ddg hyper=seed_1_test_0-2 search=optuna split=seed_1_test_0-3 model=rf descriptor=rdkit_soap_acsf
                           Metric                           
┏━━━━━━━━━━━━━━━━━━┳━━━━━━━━━━━━━┳━━━━━━━━━━━━┳━━━━━━━━━━━━┓
┃       name       ┃    Train    ┃   Valid    ┃    Test    ┃
┡━━━━━━━━━━━━━━━━━━╇━━━━━━━━━━━━━╇━━━━━━━━━━━━╇━━━━━━━━━━━━┩
│        R2        │   0.9673    │   0.0000   │   0.8731   │
│        R         │   0.9868    │   0.0000   │   0.9440   │
│    Spearmanr     │   0.9754    │   0.0000   │   0.8987   │
│       MSE        │   0.0289    │   0.0000   │   0.1001   │
│       MAE        │   0.1053    │   0.0000   │   0.2271   │
│       RMSE       │   0.1700    │   0.0000   │   0.3165   │
└──────────────────┴─────────────┴────────────┴────────────┘
Info[iaw]:> Result, 0.967344581132894, 0.8731208065923219, 0.986841905391709, 0.9440307182650023, 0.9754384236963926, 0.8986663399156466, 0.028897539779712413, 0.1001471820349177, 0.10527328410035235, 0.2271120261565026, 0.1699927639039745, 0.31646039568154133
Info[iaw]:> The model will be saved as 
`/home/iaw/DATA2/AAReact/train/output/pt/ddg/hyper_seed_1_test_0-2/search_optuna/seed_1_test_0-3/rf_
rdkit_soap_acsf.pkl`
[OK] Finished target=ddg search=optuna split=seed_1_test_0-3 model=rf descriptor=rdkit_soap_acsf
[INFO] Train target=ddg hyper=seed_1_test_0-2 search=optuna split=seed_1_test_0-3 model=rf descriptor=rdkit_xtb_acsf
                           Metric                           
┏━━━━━━━━━━━━━━━━━━┳━━━━━━━━━━━━━┳━━━━━━━━━━━━┳━━━━━━━━━━━━┓
┃       name       ┃    Train    ┃   Valid    ┃    Test    ┃
┡━━━━━━━━━━━━━━━━━━╇━━━━━━━━━━━━━╇━━━━━━━━━━━━╇━━━━━━━━━━━━┩
│        R2        │   0.9678    │   0.0000   │   0.8717   │
│        R         │   0.9871    │   0.0000   │   0.9425   │
│    Spearmanr     │   0.9785    │   0.0000   │   0.8934   │
│       MSE        │   0.0285    │   0.0000   │   0.1012   │
│       MAE        │   0.1039    │   0.0000   │   0.2303   │
│       RMSE       │   0.1687    │   0.0000   │   0.3182   │
└──────────────────┴─────────────┴────────────┴────────────┘
Info[iaw]:> Result, 0.9678426202540833, 0.871735054609545, 0.987078367891471, 0.9425109767898913, 0.9784979290538964, 0.8933910306845004, 0.028456813376079644, 0.10124097174422401, 0.10390947140451186, 0.2303284092825626, 0.1686914739282328, 0.318183864682394
Info[iaw]:> The model will be saved as 
`/home/iaw/DATA2/AAReact/train/output/pt/ddg/hyper_seed_1_test_0-2/search_optuna/seed_1_test_0-3/rf_
rdkit_xtb_acsf.pkl`
[OK] Finished target=ddg search=optuna split=seed_1_test_0-3 model=rf descriptor=rdkit_xtb_acsf
[INFO] Train target=ddg hyper=seed_1_test_0-2 search=optuna split=seed_1_test_0-3 model=rf descriptor=soap_xtb_acsf
                           Metric                           
┏━━━━━━━━━━━━━━━━━━┳━━━━━━━━━━━━━┳━━━━━━━━━━━━┳━━━━━━━━━━━━┓
┃       name       ┃    Train    ┃   Valid    ┃    Test    ┃
┡━━━━━━━━━━━━━━━━━━╇━━━━━━━━━━━━━╇━━━━━━━━━━━━╇━━━━━━━━━━━━┩
│        R2        │   0.9714    │   0.0000   │   0.9038   │
│        R         │   0.9862    │   0.0000   │   0.9523   │
│    Spearmanr     │   0.9740    │   0.0000   │   0.9198   │
│       MSE        │   0.0253    │   0.0000   │   0.0759   │
│       MAE        │   0.0933    │   0.0000   │   0.1997   │
│       RMSE       │   0.1590    │   0.0000   │   0.2756   │
└──────────────────┴─────────────┴────────────┴────────────┘
Info[iaw]:> Result, 0.9714386529326631, 0.9037930907431653, 0.9862007995759339, 0.9522509658110871, 0.9739859103091126, 0.9197804749068115, 0.02527460040856877, 0.0759372013297964, 0.09327809577807689, 0.19974739905459285, 0.15897987422491178, 0.2755670541443523
Info[iaw]:> The model will be saved as 
`/home/iaw/DATA2/AAReact/train/output/pt/ddg/hyper_seed_1_test_0-2/search_optuna/seed_1_test_0-3/rf_
soap_xtb_acsf.pkl`
[OK] Finished target=ddg search=optuna split=seed_1_test_0-3 model=rf descriptor=soap_xtb_acsf
[INFO] Train target=ddg hyper=seed_1_test_0-2 search=optuna split=seed_1_test_0-3 model=rf descriptor=rdkit_soap_xtb_acsf
                           Metric                           
┏━━━━━━━━━━━━━━━━━━┳━━━━━━━━━━━━━┳━━━━━━━━━━━━┳━━━━━━━━━━━━┓
┃       name       ┃    Train    ┃   Valid    ┃    Test    ┃
┡━━━━━━━━━━━━━━━━━━╇━━━━━━━━━━━━━╇━━━━━━━━━━━━╇━━━━━━━━━━━━┩
│        R2        │   0.9677    │   0.0000   │   0.8711   │
│        R         │   0.9868    │   0.0000   │   0.9426   │
│    Spearmanr     │   0.9727    │   0.0000   │   0.8926   │
│       MSE        │   0.0285    │   0.0000   │   0.1018   │
│       MAE        │   0.1058    │   0.0000   │   0.2297   │
│       RMSE       │   0.1689    │   0.0000   │   0.3190   │
└──────────────────┴─────────────┴────────────┴────────────┘
Info[iaw]:> Result, 0.9677497282258954, 0.8710513662105487, 0.9867851462450994, 0.9425556564985822, 0.9727163866526357, 0.8926493918561608, 0.02853901569265996, 0.10178061472831397, 0.1058041875516031, 0.22972602410093518, 0.16893494514948634, 0.3190307426069061
Info[iaw]:> The model will be saved as 
`/home/iaw/DATA2/AAReact/train/output/pt/ddg/hyper_seed_1_test_0-2/search_optuna/seed_1_test_0-3/rf_
rdkit_soap_xtb_acsf.pkl`
[OK] Finished target=ddg search=optuna split=seed_1_test_0-3 model=rf descriptor=rdkit_soap_xtb_acsf
[INFO] Train target=ddg hyper=seed_1_test_0-2 search=optuna split=seed_12_test_0-15 model=lgb descriptor=rdkit
                           Metric                           
┏━━━━━━━━━━━━━━━━━━┳━━━━━━━━━━━━━┳━━━━━━━━━━━━┳━━━━━━━━━━━━┓
┃       name       ┃    Train    ┃   Valid    ┃    Test    ┃
┡━━━━━━━━━━━━━━━━━━╇━━━━━━━━━━━━━╇━━━━━━━━━━━━╇━━━━━━━━━━━━┩
│        R2        │   0.9671    │   0.0000   │   0.8362   │
│        R         │   0.9837    │   0.0000   │   0.9208   │
│    Spearmanr     │   0.9736    │   0.0000   │   0.8400   │
│       MSE        │   0.0283    │   0.0000   │   0.1354   │
│       MAE        │   0.0790    │   0.0000   │   0.2177   │
│       RMSE       │   0.1682    │   0.0000   │   0.3680   │
└──────────────────┴─────────────┴────────────┴────────────┘
Info[iaw]:> Result, 0.96705299407744, 0.836227374675671, 0.9837429410090175, 0.9207775217944446, 0.973606100616131, 0.8399939563345169, 0.028307084116876283, 0.13541262106457128, 0.0790424761788481, 0.21773027202666043, 0.16824709244702055, 0.3679845391651275
Info[iaw]:> The model will be saved as 
`/home/iaw/DATA2/AAReact/train/output/pt/ddg/hyper_seed_1_test_0-2/search_optuna/seed_12_test_0-15/l
gb_rdkit.pkl`
[OK] Finished target=ddg search=optuna split=seed_12_test_0-15 model=lgb descriptor=rdkit
[INFO] Train target=ddg hyper=seed_1_test_0-2 search=optuna split=seed_12_test_0-15 model=lgb descriptor=xtb
                           Metric                           
┏━━━━━━━━━━━━━━━━━━┳━━━━━━━━━━━━━┳━━━━━━━━━━━━┳━━━━━━━━━━━━┓
┃       name       ┃    Train    ┃   Valid    ┃    Test    ┃
┡━━━━━━━━━━━━━━━━━━╇━━━━━━━━━━━━━╇━━━━━━━━━━━━╇━━━━━━━━━━━━┩
│        R2        │   0.9685    │   0.0000   │   0.8392   │
│        R         │   0.9845    │   0.0000   │   0.9207   │
│    Spearmanr     │   0.9706    │   0.0000   │   0.8339   │
│       MSE        │   0.0270    │   0.0000   │   0.1329   │
│       MAE        │   0.1096    │   0.0000   │   0.2668   │
│       RMSE       │   0.1644    │   0.0000   │   0.3646   │
└──────────────────┴─────────────┴────────────┴────────────┘
Info[iaw]:> Result, 0.9685304175935456, 0.8392306221142962, 0.9845361337668506, 0.9206946192106439, 0.9706030145294496, 0.8338999269723754, 0.02703772592861021, 0.13292943679269234, 0.10960416727172619, 0.2668454118404299, 0.16443152352456694, 0.3645948940847805
Info[iaw]:> The model will be saved as 
`/home/iaw/DATA2/AAReact/train/output/pt/ddg/hyper_seed_1_test_0-2/search_optuna/seed_12_test_0-15/l
gb_xtb.pkl`
[OK] Finished target=ddg search=optuna split=seed_12_test_0-15 model=lgb descriptor=xtb
[INFO] Train target=ddg hyper=seed_1_test_0-2 search=optuna split=seed_12_test_0-15 model=lgb descriptor=soap
                           Metric                           
┏━━━━━━━━━━━━━━━━━━┳━━━━━━━━━━━━━┳━━━━━━━━━━━━┳━━━━━━━━━━━━┓
┃       name       ┃    Train    ┃   Valid    ┃    Test    ┃
┡━━━━━━━━━━━━━━━━━━╇━━━━━━━━━━━━━╇━━━━━━━━━━━━╇━━━━━━━━━━━━┩
│        R2        │   0.4773    │   0.0000   │   0.2516   │
│        R         │   0.6940    │   0.0000   │   0.5417   │
│    Spearmanr     │   0.6273    │   0.0000   │   0.4281   │
│       MSE        │   0.4491    │   0.0000   │   0.6188   │
│       MAE        │   0.4927    │   0.0000   │   0.5907   │
│       RMSE       │   0.6701    │   0.0000   │   0.7866   │
└──────────────────┴─────────────┴────────────┴────────────┘
Info[iaw]:> Result, 0.47730835636276103, 0.251600889029007, 0.693956170716132, 0.5416943685952285, 0.6273012566695613, 0.42806778978116894, 0.44908105939594367, 0.6188011275894367, 0.49269363110615394, 0.5906675916557942, 0.6701351053302189, 0.7866391342854974
Info[iaw]:> The model will be saved as 
`/home/iaw/DATA2/AAReact/train/output/pt/ddg/hyper_seed_1_test_0-2/search_optuna/seed_12_test_0-15/l
gb_soap.pkl`
[OK] Finished target=ddg search=optuna split=seed_12_test_0-15 model=lgb descriptor=soap
[INFO] Train target=ddg hyper=seed_1_test_0-2 search=optuna split=seed_12_test_0-15 model=lgb descriptor=acsf
                           Metric                           
┏━━━━━━━━━━━━━━━━━━┳━━━━━━━━━━━━━┳━━━━━━━━━━━━┳━━━━━━━━━━━━┓
┃       name       ┃    Train    ┃   Valid    ┃    Test    ┃
┡━━━━━━━━━━━━━━━━━━╇━━━━━━━━━━━━━╇━━━━━━━━━━━━╇━━━━━━━━━━━━┩
│        R2        │   0.9829    │   0.0000   │   0.8332   │
│        R         │   0.9917    │   0.0000   │   0.9203   │
│    Spearmanr     │   0.9835    │   0.0000   │   0.8432   │
│       MSE        │   0.0147    │   0.0000   │   0.1379   │
│       MAE        │   0.0741    │   0.0000   │   0.2306   │
│       RMSE       │   0.1211    │   0.0000   │   0.3714   │
└──────────────────┴─────────────┴────────────┴────────────┘
Info[iaw]:> Result, 0.9829429492403478, 0.8332172334317188, 0.9916515056597915, 0.9203351169828178, 0.9835415470123046, 0.8431668807131525, 0.014654908909604133, 0.13790150536260903, 0.07411952656067511, 0.23055040343382854, 0.12105746118932172, 0.3713509194314847
Info[iaw]:> The model will be saved as 
`/home/iaw/DATA2/AAReact/train/output/pt/ddg/hyper_seed_1_test_0-2/search_optuna/seed_12_test_0-15/l
gb_acsf.pkl`
[OK] Finished target=ddg search=optuna split=seed_12_test_0-15 model=lgb descriptor=acsf
[INFO] Train target=ddg hyper=seed_1_test_0-2 search=optuna split=seed_12_test_0-15 model=lgb descriptor=rdkit_soap
                           Metric                           
┏━━━━━━━━━━━━━━━━━━┳━━━━━━━━━━━━━┳━━━━━━━━━━━━┳━━━━━━━━━━━━┓
┃       name       ┃    Train    ┃   Valid    ┃    Test    ┃
┡━━━━━━━━━━━━━━━━━━╇━━━━━━━━━━━━━╇━━━━━━━━━━━━╇━━━━━━━━━━━━┩
│        R2        │   0.9859    │   0.0000   │   0.8583   │
│        R         │   0.9932    │   0.0000   │   0.9314   │
│    Spearmanr     │   0.9838    │   0.0000   │   0.8522   │
│       MSE        │   0.0121    │   0.0000   │   0.1171   │
│       MAE        │   0.0662    │   0.0000   │   0.2198   │
│       RMSE       │   0.1101    │   0.0000   │   0.3423   │
└──────────────────┴─────────────┴────────────┴────────────┘
Info[iaw]:> Result, 0.9858968390951792, 0.8583267205371065, 0.9932029569678835, 0.9313718977819125, 0.9838214024203437, 0.8521820150587999, 0.012117014911307742, 0.11714015128530769, 0.06623373617736056, 0.21982599499291072, 0.11007731333616269, 0.34225743422942284
Info[iaw]:> The model will be saved as 
`/home/iaw/DATA2/AAReact/train/output/pt/ddg/hyper_seed_1_test_0-2/search_optuna/seed_12_test_0-15/l
gb_rdkit_soap.pkl`
[OK] Finished target=ddg search=optuna split=seed_12_test_0-15 model=lgb descriptor=rdkit_soap
[INFO] Train target=ddg hyper=seed_1_test_0-2 search=optuna split=seed_12_test_0-15 model=lgb descriptor=soap_xtb
                           Metric                           
┏━━━━━━━━━━━━━━━━━━┳━━━━━━━━━━━━━┳━━━━━━━━━━━━┳━━━━━━━━━━━━┓
┃       name       ┃    Train    ┃   Valid    ┃    Test    ┃
┡━━━━━━━━━━━━━━━━━━╇━━━━━━━━━━━━━╇━━━━━━━━━━━━╇━━━━━━━━━━━━┩
│        R2        │   0.9885    │   0.0000   │   0.8552   │
│        R         │   0.9944    │   0.0000   │   0.9274   │
│    Spearmanr     │   0.9864    │   0.0000   │   0.8488   │
│       MSE        │   0.0099    │   0.0000   │   0.1198   │
│       MAE        │   0.0552    │   0.0000   │   0.2154   │
│       RMSE       │   0.0993    │   0.0000   │   0.3461   │
└──────────────────┴─────────────┴────────────┴────────────┘
Info[iaw]:> Result, 0.9885309392171404, 0.8551508093560114, 0.9944291406436183, 0.9273573410336903, 0.9864090509758364, 0.8487572712850344, 0.009853874706704957, 0.11976609964785424, 0.05520946703682098, 0.2154339442589464, 0.09926668477744664, 0.34607239076218466
Info[iaw]:> The model will be saved as 
`/home/iaw/DATA2/AAReact/train/output/pt/ddg/hyper_seed_1_test_0-2/search_optuna/seed_12_test_0-15/l
gb_soap_xtb.pkl`
[OK] Finished target=ddg search=optuna split=seed_12_test_0-15 model=lgb descriptor=soap_xtb
[INFO] Train target=ddg hyper=seed_1_test_0-2 search=optuna split=seed_12_test_0-15 model=lgb descriptor=rdkit_xtb
                           Metric                           
┏━━━━━━━━━━━━━━━━━━┳━━━━━━━━━━━━━┳━━━━━━━━━━━━┳━━━━━━━━━━━━┓
┃       name       ┃    Train    ┃   Valid    ┃    Test    ┃
┡━━━━━━━━━━━━━━━━━━╇━━━━━━━━━━━━━╇━━━━━━━━━━━━╇━━━━━━━━━━━━┩
│        R2        │   0.9825    │   0.0000   │   0.8548   │
│        R         │   0.9916    │   0.0000   │   0.9294   │
│    Spearmanr     │   0.9819    │   0.0000   │   0.8542   │
│       MSE        │   0.0150    │   0.0000   │   0.1201   │
│       MAE        │   0.0764    │   0.0000   │   0.2327   │
│       RMSE       │   0.1225    │   0.0000   │   0.3465   │
└──────────────────┴─────────────┴────────────┴────────────┘
Info[iaw]:> Result, 0.9825386021800868, 0.8548046811849314, 0.9915864125709692, 0.9293528586633155, 0.9819420835466893, 0.8542469340988643, 0.015002311835202963, 0.12005228986296136, 0.07635049769042433, 0.23266685269107867, 0.12248392480322862, 0.3464856272097897
Info[iaw]:> The model will be saved as 
`/home/iaw/DATA2/AAReact/train/output/pt/ddg/hyper_seed_1_test_0-2/search_optuna/seed_12_test_0-15/l
gb_rdkit_xtb.pkl`
[OK] Finished target=ddg search=optuna split=seed_12_test_0-15 model=lgb descriptor=rdkit_xtb
[INFO] Train target=ddg hyper=seed_1_test_0-2 search=optuna split=seed_12_test_0-15 model=lgb descriptor=soap_acsf
                           Metric                           
┏━━━━━━━━━━━━━━━━━━┳━━━━━━━━━━━━━┳━━━━━━━━━━━━┳━━━━━━━━━━━━┓
┃       name       ┃    Train    ┃   Valid    ┃    Test    ┃
┡━━━━━━━━━━━━━━━━━━╇━━━━━━━━━━━━━╇━━━━━━━━━━━━╇━━━━━━━━━━━━┩
│        R2        │   0.9917    │   0.0000   │   0.8926   │
│        R         │   0.9959    │   0.0000   │   0.9458   │
│    Spearmanr     │   0.9864    │   0.0000   │   0.8756   │
│       MSE        │   0.0071    │   0.0000   │   0.0888   │
│       MAE        │   0.0534    │   0.0000   │   0.1820   │
│       RMSE       │   0.0844    │   0.0000   │   0.2980   │
└──────────────────┴─────────────┴────────────┴────────────┘
Info[iaw]:> Result, 0.9917043276055202, 0.8925718932198977, 0.9959073310809476, 0.9458145732228294, 0.98641629361062, 0.8756012188058724, 0.007127394119773262, 0.08882511033995905, 0.053368470336927404, 0.18199327408514457, 0.0844238954311708, 0.29803541792874055
Info[iaw]:> The model will be saved as 
`/home/iaw/DATA2/AAReact/train/output/pt/ddg/hyper_seed_1_test_0-2/search_optuna/seed_12_test_0-15/l
gb_soap_acsf.pkl`
[OK] Finished target=ddg search=optuna split=seed_12_test_0-15 model=lgb descriptor=soap_acsf
[INFO] Train target=ddg hyper=seed_1_test_0-2 search=optuna split=seed_12_test_0-15 model=lgb descriptor=acsf_xtb
                           Metric                           
┏━━━━━━━━━━━━━━━━━━┳━━━━━━━━━━━━━┳━━━━━━━━━━━━┳━━━━━━━━━━━━┓
┃       name       ┃    Train    ┃   Valid    ┃    Test    ┃
┡━━━━━━━━━━━━━━━━━━╇━━━━━━━━━━━━━╇━━━━━━━━━━━━╇━━━━━━━━━━━━┩
│        R2        │   0.9943    │   0.0000   │   0.8658   │
│        R         │   0.9972    │   0.0000   │   0.9328   │
│    Spearmanr     │   0.9907    │   0.0000   │   0.8562   │
│       MSE        │   0.0049    │   0.0000   │   0.1109   │
│       MAE        │   0.0417    │   0.0000   │   0.2042   │
│       RMSE       │   0.0698    │   0.0000   │   0.3331   │
└──────────────────┴─────────────┴────────────┴────────────┘
Info[iaw]:> Result, 0.9943356225948161, 0.8658338317273547, 0.9971972173347861, 0.9327929896414788, 0.9907418848087908, 0.8561607615018508, 0.004866664001431572, 0.11093302356245698, 0.041744029764290924, 0.20424717741730455, 0.06976147935237305, 0.3330660948857703
Info[iaw]:> The model will be saved as 
`/home/iaw/DATA2/AAReact/train/output/pt/ddg/hyper_seed_1_test_0-2/search_optuna/seed_12_test_0-15/l
gb_acsf_xtb.pkl`
[OK] Finished target=ddg search=optuna split=seed_12_test_0-15 model=lgb descriptor=acsf_xtb
[INFO] Train target=ddg hyper=seed_1_test_0-2 search=optuna split=seed_12_test_0-15 model=lgb descriptor=rdkit_acsf
                           Metric                           
┏━━━━━━━━━━━━━━━━━━┳━━━━━━━━━━━━━┳━━━━━━━━━━━━┳━━━━━━━━━━━━┓
┃       name       ┃    Train    ┃   Valid    ┃    Test    ┃
┡━━━━━━━━━━━━━━━━━━╇━━━━━━━━━━━━━╇━━━━━━━━━━━━╇━━━━━━━━━━━━┩
│        R2        │   0.9707    │   0.0000   │   0.8342   │
│        R         │   0.9862    │   0.0000   │   0.9201   │
│    Spearmanr     │   0.9721    │   0.0000   │   0.8248   │
│       MSE        │   0.0251    │   0.0000   │   0.1371   │
│       MAE        │   0.0987    │   0.0000   │   0.2382   │
│       RMSE       │   0.1586    │   0.0000   │   0.3703   │
└──────────────────┴─────────────┴────────────┴────────────┘
Info[iaw]:> Result, 0.9707281236834614, 0.8341973717307668, 0.9862132179376765, 0.9201288910171408, 0.9721465648545353, 0.8247840648686762, 0.025149522451255107, 0.1370910946128453, 0.09867594056946374, 0.23822214161692506, 0.1585860096328018, 0.3702581459101816
Info[iaw]:> The model will be saved as 
`/home/iaw/DATA2/AAReact/train/output/pt/ddg/hyper_seed_1_test_0-2/search_optuna/seed_12_test_0-15/l
gb_rdkit_acsf.pkl`
[OK] Finished target=ddg search=optuna split=seed_12_test_0-15 model=lgb descriptor=rdkit_acsf
[INFO] Train target=ddg hyper=seed_1_test_0-2 search=optuna split=seed_12_test_0-15 model=lgb descriptor=rdkit_soap_xtb
                           Metric                           
┏━━━━━━━━━━━━━━━━━━┳━━━━━━━━━━━━━┳━━━━━━━━━━━━┳━━━━━━━━━━━━┓
┃       name       ┃    Train    ┃   Valid    ┃    Test    ┃
┡━━━━━━━━━━━━━━━━━━╇━━━━━━━━━━━━━╇━━━━━━━━━━━━╇━━━━━━━━━━━━┩
│        R2        │   0.9846    │   0.0000   │   0.8516   │
│        R         │   0.9924    │   0.0000   │   0.9241   │
│    Spearmanr     │   0.9828    │   0.0000   │   0.8307   │
│       MSE        │   0.0132    │   0.0000   │   0.1227   │
│       MAE        │   0.0695    │   0.0000   │   0.2258   │
│       RMSE       │   0.1149    │   0.0000   │   0.3503   │
└──────────────────┴─────────────┴────────────┴────────────┘
Info[iaw]:> Result, 0.9846389171887234, 0.8515507399308702, 0.992446901076537, 0.9241409638057501, 0.9827712203767184, 0.8306766387147138, 0.013197783868043867, 0.12274275606956926, 0.06946345314567216, 0.2258018925906106, 0.11488160804952142, 0.3503466227460588
Info[iaw]:> The model will be saved as 
`/home/iaw/DATA2/AAReact/train/output/pt/ddg/hyper_seed_1_test_0-2/search_optuna/seed_12_test_0-15/l
gb_rdkit_soap_xtb.pkl`
[OK] Finished target=ddg search=optuna split=seed_12_test_0-15 model=lgb descriptor=rdkit_soap_xtb
[INFO] Train target=ddg hyper=seed_1_test_0-2 search=optuna split=seed_12_test_0-15 model=lgb descriptor=rdkit_soap_acsf
                           Metric                           
┏━━━━━━━━━━━━━━━━━━┳━━━━━━━━━━━━━┳━━━━━━━━━━━━┳━━━━━━━━━━━━┓
┃       name       ┃    Train    ┃   Valid    ┃    Test    ┃
┡━━━━━━━━━━━━━━━━━━╇━━━━━━━━━━━━━╇━━━━━━━━━━━━╇━━━━━━━━━━━━┩
│        R2        │   0.9916    │   0.0000   │   0.8527   │
│        R         │   0.9959    │   0.0000   │   0.9253   │
│    Spearmanr     │   0.9882    │   0.0000   │   0.8268   │
│       MSE        │   0.0072    │   0.0000   │   0.1218   │
│       MAE        │   0.0520    │   0.0000   │   0.2100   │
│       RMSE       │   0.0848    │   0.0000   │   0.3490   │
└──────────────────┴─────────────┴────────────┴────────────┘
Info[iaw]:> Result, 0.9916269402935624, 0.8527031464172814, 0.9958991207820511, 0.9252578401032893, 0.9882420169868756, 0.8268489839087406, 0.007193882988422452, 0.12178990828717756, 0.052002750052613116, 0.2099773966268977, 0.08481676124695196, 0.3489841089321655
Info[iaw]:> The model will be saved as 
`/home/iaw/DATA2/AAReact/train/output/pt/ddg/hyper_seed_1_test_0-2/search_optuna/seed_12_test_0-15/l
gb_rdkit_soap_acsf.pkl`
[OK] Finished target=ddg search=optuna split=seed_12_test_0-15 model=lgb descriptor=rdkit_soap_acsf
[INFO] Train target=ddg hyper=seed_1_test_0-2 search=optuna split=seed_12_test_0-15 model=lgb descriptor=rdkit_xtb_acsf
                           Metric                           
┏━━━━━━━━━━━━━━━━━━┳━━━━━━━━━━━━━┳━━━━━━━━━━━━┳━━━━━━━━━━━━┓
┃       name       ┃    Train    ┃   Valid    ┃    Test    ┃
┡━━━━━━━━━━━━━━━━━━╇━━━━━━━━━━━━━╇━━━━━━━━━━━━╇━━━━━━━━━━━━┩
│        R2        │   0.9876    │   0.0000   │   0.8694   │
│        R         │   0.9940    │   0.0000   │   0.9364   │
│    Spearmanr     │   0.9861    │   0.0000   │   0.8652   │
│       MSE        │   0.0106    │   0.0000   │   0.1080   │
│       MAE        │   0.0601    │   0.0000   │   0.2211   │
│       RMSE       │   0.1031    │   0.0000   │   0.3286   │
└──────────────────┴─────────────┴────────────┴────────────┘
Info[iaw]:> Result, 0.9876270392609698, 0.8693954028581077, 0.9939561269153735, 0.9364111645589835, 0.9861338308540587, 0.8651758958474982, 0.010630478570276138, 0.10798819880332476, 0.06014420025575874, 0.22106028622533924, 0.10310421218493519, 0.32861557906362987
Info[iaw]:> The model will be saved as 
`/home/iaw/DATA2/AAReact/train/output/pt/ddg/hyper_seed_1_test_0-2/search_optuna/seed_12_test_0-15/l
gb_rdkit_xtb_acsf.pkl`
[OK] Finished target=ddg search=optuna split=seed_12_test_0-15 model=lgb descriptor=rdkit_xtb_acsf
[INFO] Train target=ddg hyper=seed_1_test_0-2 search=optuna split=seed_12_test_0-15 model=lgb descriptor=soap_xtb_acsf
                           Metric                           
┏━━━━━━━━━━━━━━━━━━┳━━━━━━━━━━━━━┳━━━━━━━━━━━━┳━━━━━━━━━━━━┓
┃       name       ┃    Train    ┃   Valid    ┃    Test    ┃
┡━━━━━━━━━━━━━━━━━━╇━━━━━━━━━━━━━╇━━━━━━━━━━━━╇━━━━━━━━━━━━┩
│        R2        │   0.9925    │   0.0000   │   0.8783   │
│        R         │   0.9963    │   0.0000   │   0.9384   │
│    Spearmanr     │   0.9886    │   0.0000   │   0.8623   │
│       MSE        │   0.0064    │   0.0000   │   0.1006   │
│       MAE        │   0.0473    │   0.0000   │   0.1943   │
│       RMSE       │   0.0802    │   0.0000   │   0.3172   │
└──────────────────┴─────────────┴────────────┴────────────┘
Info[iaw]:> Result, 0.9925050760018983, 0.8783169522434476, 0.9963065096802478, 0.9384427122601838, 0.9885653282036165, 0.8623051547430183, 0.0064394149976033325, 0.10061156681837952, 0.047289566604528266, 0.19433771478812387, 0.08024596561574503, 0.3171932641440854
Info[iaw]:> The model will be saved as 
`/home/iaw/DATA2/AAReact/train/output/pt/ddg/hyper_seed_1_test_0-2/search_optuna/seed_12_test_0-15/l
gb_soap_xtb_acsf.pkl`
[OK] Finished target=ddg search=optuna split=seed_12_test_0-15 model=lgb descriptor=soap_xtb_acsf
[INFO] Train target=ddg hyper=seed_1_test_0-2 search=optuna split=seed_12_test_0-15 model=lgb descriptor=rdkit_soap_xtb_acsf
                           Metric                           
┏━━━━━━━━━━━━━━━━━━┳━━━━━━━━━━━━━┳━━━━━━━━━━━━┳━━━━━━━━━━━━┓
┃       name       ┃    Train    ┃   Valid    ┃    Test    ┃
┡━━━━━━━━━━━━━━━━━━╇━━━━━━━━━━━━━╇━━━━━━━━━━━━╇━━━━━━━━━━━━┩
│        R2        │   0.9900    │   0.0000   │   0.8813   │
│        R         │   0.9951    │   0.0000   │   0.9402   │
│    Spearmanr     │   0.9875    │   0.0000   │   0.8588   │
│       MSE        │   0.0086    │   0.0000   │   0.0981   │
│       MAE        │   0.0536    │   0.0000   │   0.1918   │
│       RMSE       │   0.0928    │   0.0000   │   0.3132   │
└──────────────────┴─────────────┴────────────┴────────────┘
Info[iaw]:> Result, 0.9899708689706819, 0.8813273501301898, 0.9951323320067407, 0.9401835498172373, 0.9875484622799959, 0.8587796832112009, 0.008616730040154851, 0.09812247031959825, 0.05363805242981773, 0.19182726760415345, 0.0928263434600052, 0.3132450643180164
Info[iaw]:> The model will be saved as 
`/home/iaw/DATA2/AAReact/train/output/pt/ddg/hyper_seed_1_test_0-2/search_optuna/seed_12_test_0-15/l
gb_rdkit_soap_xtb_acsf.pkl`
[OK] Finished target=ddg search=optuna split=seed_12_test_0-15 model=lgb descriptor=rdkit_soap_xtb_acsf
[INFO] Train target=ddg hyper=seed_1_test_0-2 search=optuna split=seed_12_test_0-15 model=xgb descriptor=rdkit
                           Metric                           
┏━━━━━━━━━━━━━━━━━━┳━━━━━━━━━━━━━┳━━━━━━━━━━━━┳━━━━━━━━━━━━┓
┃       name       ┃    Train    ┃   Valid    ┃    Test    ┃
┡━━━━━━━━━━━━━━━━━━╇━━━━━━━━━━━━━╇━━━━━━━━━━━━╇━━━━━━━━━━━━┩
│        R2        │   0.9548    │   0.0000   │   0.8328   │
│        R         │   0.9784    │   0.0000   │   0.9191   │
│    Spearmanr     │   0.9630    │   0.0000   │   0.8401   │
│       MSE        │   0.0388    │   0.0000   │   0.1383   │
│       MAE        │   0.1066    │   0.0000   │   0.2360   │
│       RMSE       │   0.1970    │   0.0000   │   0.3718   │
└──────────────────┴─────────────┴────────────┴────────────┘
Info[iaw]:> Result, 0.9548438078768786, 0.8327917503468426, 0.9784458593582344, 0.9191015560320102, 0.9629559510195095, 0.8400946840925688, 0.038796852491891194, 0.13825330884397613, 0.10662912561246195, 0.23603628559559786, 0.19696916634816525, 0.37182429835068087
Info[iaw]:> The model will be saved as 
`/home/iaw/DATA2/AAReact/train/output/pt/ddg/hyper_seed_1_test_0-2/search_optuna/seed_12_test_0-15/x
gb_rdkit.pkl`
[OK] Finished target=ddg search=optuna split=seed_12_test_0-15 model=xgb descriptor=rdkit
[INFO] Train target=ddg hyper=seed_1_test_0-2 search=optuna split=seed_12_test_0-15 model=xgb descriptor=xtb
                           Metric                           
┏━━━━━━━━━━━━━━━━━━┳━━━━━━━━━━━━━┳━━━━━━━━━━━━┳━━━━━━━━━━━━┓
┃       name       ┃    Train    ┃   Valid    ┃    Test    ┃
┡━━━━━━━━━━━━━━━━━━╇━━━━━━━━━━━━━╇━━━━━━━━━━━━╇━━━━━━━━━━━━┩
│        R2        │   0.9847    │   0.0000   │   0.8759   │
│        R         │   0.9925    │   0.0000   │   0.9381   │
│    Spearmanr     │   0.9837    │   0.0000   │   0.8426   │
│       MSE        │   0.0131    │   0.0000   │   0.1026   │
│       MAE        │   0.0727    │   0.0000   │   0.2117   │
│       RMSE       │   0.1146    │   0.0000   │   0.3204   │
└──────────────────┴─────────────┴────────────┴────────────┘
Info[iaw]:> Result, 0.9847148827213009, 0.8758601519389864, 0.9925208406613136, 0.9381124135325667, 0.9836971188074567, 0.842612878043867, 0.013132516549802338, 0.10264293053377765, 0.07271176911321392, 0.21171633604546203, 0.11459719259127746, 0.32037935410038154
Info[iaw]:> The model will be saved as 
`/home/iaw/DATA2/AAReact/train/output/pt/ddg/hyper_seed_1_test_0-2/search_optuna/seed_12_test_0-15/x
gb_xtb.pkl`
[OK] Finished target=ddg search=optuna split=seed_12_test_0-15 model=xgb descriptor=xtb
[INFO] Train target=ddg hyper=seed_1_test_0-2 search=optuna split=seed_12_test_0-15 model=xgb descriptor=soap
                           Metric                           
┏━━━━━━━━━━━━━━━━━━┳━━━━━━━━━━━━━┳━━━━━━━━━━━━┳━━━━━━━━━━━━┓
┃       name       ┃    Train    ┃   Valid    ┃    Test    ┃
┡━━━━━━━━━━━━━━━━━━╇━━━━━━━━━━━━━╇━━━━━━━━━━━━╇━━━━━━━━━━━━┩
│        R2        │   0.4793    │   0.0000   │   0.2516   │
│        R         │   0.6951    │   0.0000   │   0.5477   │
│    Spearmanr     │   0.6238    │   0.0000   │   0.4306   │
│       MSE        │   0.4474    │   0.0000   │   0.6188   │
│       MAE        │   0.4900    │   0.0000   │   0.5891   │
│       RMSE       │   0.6689    │   0.0000   │   0.7866   │
└──────────────────┴─────────────┴────────────┴────────────┘
Info[iaw]:> Result, 0.4793033747738489, 0.2516082473500255, 0.695119958278543, 0.5477244703836922, 0.623821894919509, 0.43063634761149305, 0.447366999122603, 0.6187950434863471, 0.49001578057843964, 0.5891357328691057, 0.6688549911024085, 0.7866352671259705
Info[iaw]:> The model will be saved as 
`/home/iaw/DATA2/AAReact/train/output/pt/ddg/hyper_seed_1_test_0-2/search_optuna/seed_12_test_0-15/x
gb_soap.pkl`
[OK] Finished target=ddg search=optuna split=seed_12_test_0-15 model=xgb descriptor=soap
[INFO] Train target=ddg hyper=seed_1_test_0-2 search=optuna split=seed_12_test_0-15 model=xgb descriptor=acsf
                           Metric                           
┏━━━━━━━━━━━━━━━━━━┳━━━━━━━━━━━━━┳━━━━━━━━━━━━┳━━━━━━━━━━━━┓
┃       name       ┃    Train    ┃   Valid    ┃    Test    ┃
┡━━━━━━━━━━━━━━━━━━╇━━━━━━━━━━━━━╇━━━━━━━━━━━━╇━━━━━━━━━━━━┩
│        R2        │   0.9810    │   0.0000   │   0.8395   │
│        R         │   0.9907    │   0.0000   │   0.9205   │
│    Spearmanr     │   0.9816    │   0.0000   │   0.8595   │
│       MSE        │   0.0163    │   0.0000   │   0.1327   │
│       MAE        │   0.0790    │   0.0000   │   0.2169   │
│       RMSE       │   0.1277    │   0.0000   │   0.3643   │
└──────────────────┴─────────────┴────────────┴────────────┘
Info[iaw]:> Result, 0.9810254878775135, 0.8395070527288501, 0.9907030177617694, 0.9204697296610976, 0.981641948761256, 0.8594847775175644, 0.016302334481936447, 0.1327008748215748, 0.07895673065270424, 0.21687984778923897, 0.12768059555757266, 0.3642813127537217
Info[iaw]:> The model will be saved as 
`/home/iaw/DATA2/AAReact/train/output/pt/ddg/hyper_seed_1_test_0-2/search_optuna/seed_12_test_0-15/x
gb_acsf.pkl`
[OK] Finished target=ddg search=optuna split=seed_12_test_0-15 model=xgb descriptor=acsf
[INFO] Train target=ddg hyper=seed_1_test_0-2 search=optuna split=seed_12_test_0-15 model=xgb descriptor=rdkit_soap
                           Metric                           
┏━━━━━━━━━━━━━━━━━━┳━━━━━━━━━━━━━┳━━━━━━━━━━━━┳━━━━━━━━━━━━┓
┃       name       ┃    Train    ┃   Valid    ┃    Test    ┃
┡━━━━━━━━━━━━━━━━━━╇━━━━━━━━━━━━━╇━━━━━━━━━━━━╇━━━━━━━━━━━━┩
│        R2        │   0.9876    │   0.0000   │   0.8815   │
│        R         │   0.9942    │   0.0000   │   0.9418   │
│    Spearmanr     │   0.9885    │   0.0000   │   0.8735   │
│       MSE        │   0.0107    │   0.0000   │   0.0980   │
│       MAE        │   0.0598    │   0.0000   │   0.1961   │
│       RMSE       │   0.1033    │   0.0000   │   0.3131   │
└──────────────────┴─────────────┴────────────┴────────────┘
Info[iaw]:> Result, 0.9875809354267723, 0.881473628850572, 0.9941509151622513, 0.9418282111396633, 0.9885369370752647, 0.873485935886782, 0.010670089608554083, 0.09800152223750146, 0.059804410636522955, 0.19612215721874293, 0.10329612581580241, 0.3130519481451944
Info[iaw]:> The model will be saved as 
`/home/iaw/DATA2/AAReact/train/output/pt/ddg/hyper_seed_1_test_0-2/search_optuna/seed_12_test_0-15/x
gb_rdkit_soap.pkl`
[OK] Finished target=ddg search=optuna split=seed_12_test_0-15 model=xgb descriptor=rdkit_soap
[INFO] Train target=ddg hyper=seed_1_test_0-2 search=optuna split=seed_12_test_0-15 model=xgb descriptor=soap_xtb
                           Metric                           
┏━━━━━━━━━━━━━━━━━━┳━━━━━━━━━━━━━┳━━━━━━━━━━━━┳━━━━━━━━━━━━┓
┃       name       ┃    Train    ┃   Valid    ┃    Test    ┃
┡━━━━━━━━━━━━━━━━━━╇━━━━━━━━━━━━━╇━━━━━━━━━━━━╇━━━━━━━━━━━━┩
│        R2        │   0.9924    │   0.0000   │   0.8752   │
│        R         │   0.9963    │   0.0000   │   0.9392   │
│    Spearmanr     │   0.9882    │   0.0000   │   0.8655   │
│       MSE        │   0.0065    │   0.0000   │   0.1032   │
│       MAE        │   0.0505    │   0.0000   │   0.2038   │
│       RMSE       │   0.0808    │   0.0000   │   0.3213   │
└──────────────────┴─────────────┴────────────┴────────────┘
Info[iaw]:> Result, 0.9923967726681091, 0.8751636036295508, 0.9963304555321905, 0.9392386758841088, 0.9881597406557336, 0.865478079121654, 0.006532465989457193, 0.10321885970443104, 0.05048159191741499, 0.2038028071011319, 0.08082367220967625, 0.3212769205909927
Info[iaw]:> The model will be saved as 
`/home/iaw/DATA2/AAReact/train/output/pt/ddg/hyper_seed_1_test_0-2/search_optuna/seed_12_test_0-15/x
gb_soap_xtb.pkl`
[OK] Finished target=ddg search=optuna split=seed_12_test_0-15 model=xgb descriptor=soap_xtb
[INFO] Train target=ddg hyper=seed_1_test_0-2 search=optuna split=seed_12_test_0-15 model=xgb descriptor=rdkit_xtb
                           Metric                           
┏━━━━━━━━━━━━━━━━━━┳━━━━━━━━━━━━━┳━━━━━━━━━━━━┳━━━━━━━━━━━━┓
┃       name       ┃    Train    ┃   Valid    ┃    Test    ┃
┡━━━━━━━━━━━━━━━━━━╇━━━━━━━━━━━━━╇━━━━━━━━━━━━╇━━━━━━━━━━━━┩
│        R2        │   0.9936    │   0.0000   │   0.8719   │
│        R         │   0.9968    │   0.0000   │   0.9372   │
│    Spearmanr     │   0.9897    │   0.0000   │   0.8586   │
│       MSE        │   0.0055    │   0.0000   │   0.1060   │
│       MAE        │   0.0459    │   0.0000   │   0.2244   │
│       RMSE       │   0.0744    │   0.0000   │   0.3255   │
└──────────────────┴─────────────┴────────────┴────────────┘
Info[iaw]:> Result, 0.9935544512766655, 0.8718501460724276, 0.9968108315353489, 0.937163288281032, 0.9897087953832548, 0.8585782276950971, 0.005537823082306909, 0.10595853595806444, 0.04591653643866238, 0.22437585376426555, 0.07441655113149835, 0.32551272779733886
Info[iaw]:> The model will be saved as 
`/home/iaw/DATA2/AAReact/train/output/pt/ddg/hyper_seed_1_test_0-2/search_optuna/seed_12_test_0-15/x
gb_rdkit_xtb.pkl`
[OK] Finished target=ddg search=optuna split=seed_12_test_0-15 model=xgb descriptor=rdkit_xtb
[INFO] Train target=ddg hyper=seed_1_test_0-2 search=optuna split=seed_12_test_0-15 model=xgb descriptor=soap_acsf
                           Metric                           
┏━━━━━━━━━━━━━━━━━━┳━━━━━━━━━━━━━┳━━━━━━━━━━━━┳━━━━━━━━━━━━┓
┃       name       ┃    Train    ┃   Valid    ┃    Test    ┃
┡━━━━━━━━━━━━━━━━━━╇━━━━━━━━━━━━━╇━━━━━━━━━━━━╇━━━━━━━━━━━━┩
│        R2        │   0.9974    │   0.0000   │   0.9062   │
│        R         │   0.9987    │   0.0000   │   0.9541   │
│    Spearmanr     │   0.9897    │   0.0000   │   0.8667   │
│       MSE        │   0.0022    │   0.0000   │   0.0776   │
│       MAE        │   0.0328    │   0.0000   │   0.1806   │
│       RMSE       │   0.0474    │   0.0000   │   0.2785   │
└──────────────────┴─────────────┴────────────┴────────────┘
Info[iaw]:> Result, 0.9973834357665726, 0.9061638198824573, 0.9987164220750111, 0.9541442090438974, 0.9897255982959529, 0.866686812218277, 0.002248073892569441, 0.07758685601601614, 0.032806741344676815, 0.18061002632605322, 0.04741385760059438, 0.27854417246823915
Info[iaw]:> The model will be saved as 
`/home/iaw/DATA2/AAReact/train/output/pt/ddg/hyper_seed_1_test_0-2/search_optuna/seed_12_test_0-15/x
gb_soap_acsf.pkl`
[OK] Finished target=ddg search=optuna split=seed_12_test_0-15 model=xgb descriptor=soap_acsf
[INFO] Train target=ddg hyper=seed_1_test_0-2 search=optuna split=seed_12_test_0-15 model=xgb descriptor=acsf_xtb
                           Metric                           
┏━━━━━━━━━━━━━━━━━━┳━━━━━━━━━━━━━┳━━━━━━━━━━━━┳━━━━━━━━━━━━┓
┃       name       ┃    Train    ┃   Valid    ┃    Test    ┃
┡━━━━━━━━━━━━━━━━━━╇━━━━━━━━━━━━━╇━━━━━━━━━━━━╇━━━━━━━━━━━━┩
│        R2        │   0.9937    │   0.0000   │   0.8789   │
│        R         │   0.9969    │   0.0000   │   0.9404   │
│    Spearmanr     │   0.9923    │   0.0000   │   0.8736   │
│       MSE        │   0.0054    │   0.0000   │   0.1001   │
│       MAE        │   0.0424    │   0.0000   │   0.1943   │
│       RMSE       │   0.0737    │   0.0000   │   0.3164   │
└──────────────────┴─────────────┴────────────┴────────────┘
Info[iaw]:> Result, 0.9936784688119142, 0.8789020758943416, 0.9969277291110502, 0.9403886448238564, 0.9922631278187429, 0.873586663644834, 0.005431270917581991, 0.10012776723919158, 0.042366481718615116, 0.19426886553135875, 0.07369715678085546, 0.3164297192730031
Info[iaw]:> The model will be saved as 
`/home/iaw/DATA2/AAReact/train/output/pt/ddg/hyper_seed_1_test_0-2/search_optuna/seed_12_test_0-15/x
gb_acsf_xtb.pkl`
[OK] Finished target=ddg search=optuna split=seed_12_test_0-15 model=xgb descriptor=acsf_xtb
[INFO] Train target=ddg hyper=seed_1_test_0-2 search=optuna split=seed_12_test_0-15 model=xgb descriptor=rdkit_acsf
                           Metric                           
┏━━━━━━━━━━━━━━━━━━┳━━━━━━━━━━━━━┳━━━━━━━━━━━━┳━━━━━━━━━━━━┓
┃       name       ┃    Train    ┃   Valid    ┃    Test    ┃
┡━━━━━━━━━━━━━━━━━━╇━━━━━━━━━━━━━╇━━━━━━━━━━━━╇━━━━━━━━━━━━┩
│        R2        │   0.9909    │   0.0000   │   0.8823   │
│        R         │   0.9959    │   0.0000   │   0.9442   │
│    Spearmanr     │   0.9892    │   0.0000   │   0.8793   │
│       MSE        │   0.0078    │   0.0000   │   0.0973   │
│       MAE        │   0.0530    │   0.0000   │   0.1959   │
│       RMSE       │   0.0883    │   0.0000   │   0.3119   │
└──────────────────┴─────────────┴────────────┴────────────┘
Info[iaw]:> Result, 0.9909305201103273, 0.8823408634843543, 0.995861808895829, 0.9441870047920872, 0.9892165859233599, 0.8792777819747677, 0.007792226423751891, 0.09728446397085978, 0.05297416926331575, 0.19592730088121785, 0.08827358848348633, 0.311904575104085
Info[iaw]:> The model will be saved as 
`/home/iaw/DATA2/AAReact/train/output/pt/ddg/hyper_seed_1_test_0-2/search_optuna/seed_12_test_0-15/x
gb_rdkit_acsf.pkl`
[OK] Finished target=ddg search=optuna split=seed_12_test_0-15 model=xgb descriptor=rdkit_acsf
[INFO] Train target=ddg hyper=seed_1_test_0-2 search=optuna split=seed_12_test_0-15 model=xgb descriptor=rdkit_soap_xtb
                           Metric                           
┏━━━━━━━━━━━━━━━━━━┳━━━━━━━━━━━━━┳━━━━━━━━━━━━┳━━━━━━━━━━━━┓
┃       name       ┃    Train    ┃   Valid    ┃    Test    ┃
┡━━━━━━━━━━━━━━━━━━╇━━━━━━━━━━━━━╇━━━━━━━━━━━━╇━━━━━━━━━━━━┩
│        R2        │   0.9984    │   0.0000   │   0.9020   │
│        R         │   0.9992    │   0.0000   │   0.9507   │
│    Spearmanr     │   0.9939    │   0.0000   │   0.8815   │
│       MSE        │   0.0014    │   0.0000   │   0.0810   │
│       MAE        │   0.0218    │   0.0000   │   0.1742   │
│       RMSE       │   0.0369    │   0.0000   │   0.2846   │
└──────────────────┴─────────────┴────────────┴────────────┘
Info[iaw]:> Result, 0.9984135827576668, 0.902010878287865, 0.9992223869075167, 0.9506724897517745, 0.9939147382548003, 0.8814937926519101, 0.001363002344696837, 0.08102064542580396, 0.0218344195536386, 0.17423221009094175, 0.03691886163869137, 0.2846412574202903
Info[iaw]:> The model will be saved as 
`/home/iaw/DATA2/AAReact/train/output/pt/ddg/hyper_seed_1_test_0-2/search_optuna/seed_12_test_0-15/x
gb_rdkit_soap_xtb.pkl`
[OK] Finished target=ddg search=optuna split=seed_12_test_0-15 model=xgb descriptor=rdkit_soap_xtb
[INFO] Train target=ddg hyper=seed_1_test_0-2 search=optuna split=seed_12_test_0-15 model=xgb descriptor=rdkit_soap_acsf
                           Metric                           
┏━━━━━━━━━━━━━━━━━━┳━━━━━━━━━━━━━┳━━━━━━━━━━━━┳━━━━━━━━━━━━┓
┃       name       ┃    Train    ┃   Valid    ┃    Test    ┃
┡━━━━━━━━━━━━━━━━━━╇━━━━━━━━━━━━━╇━━━━━━━━━━━━╇━━━━━━━━━━━━┩
│        R2        │   0.9905    │   0.0000   │   0.8732   │
│        R         │   0.9955    │   0.0000   │   0.9389   │
│    Spearmanr     │   0.9898    │   0.0000   │   0.8727   │
│       MSE        │   0.0082    │   0.0000   │   0.1048   │
│       MAE        │   0.0527    │   0.0000   │   0.1967   │
│       RMSE       │   0.0904    │   0.0000   │   0.3238   │
└──────────────────┴─────────────┴────────────┴────────────┘
Info[iaw]:> Result, 0.9904964778880309, 0.873225279976504, 0.995519214991879, 0.9389488310100387, 0.9898446672117956, 0.8727304777013926, 0.00816514254625787, 0.10482152978321088, 0.052699553914919754, 0.1966692117559409, 0.0903611783137973, 0.3237615322783281
Info[iaw]:> The model will be saved as 
`/home/iaw/DATA2/AAReact/train/output/pt/ddg/hyper_seed_1_test_0-2/search_optuna/seed_12_test_0-15/x
gb_rdkit_soap_acsf.pkl`
[OK] Finished target=ddg search=optuna split=seed_12_test_0-15 model=xgb descriptor=rdkit_soap_acsf
[INFO] Train target=ddg hyper=seed_1_test_0-2 search=optuna split=seed_12_test_0-15 model=xgb descriptor=rdkit_xtb_acsf
                           Metric                           
┏━━━━━━━━━━━━━━━━━━┳━━━━━━━━━━━━━┳━━━━━━━━━━━━┳━━━━━━━━━━━━┓
┃       name       ┃    Train    ┃   Valid    ┃    Test    ┃
┡━━━━━━━━━━━━━━━━━━╇━━━━━━━━━━━━━╇━━━━━━━━━━━━╇━━━━━━━━━━━━┩
│        R2        │   0.9919    │   0.0000   │   0.8854   │
│        R         │   0.9962    │   0.0000   │   0.9437   │
│    Spearmanr     │   0.9910    │   0.0000   │   0.8815   │
│       MSE        │   0.0070    │   0.0000   │   0.0948   │
│       MAE        │   0.0447    │   0.0000   │   0.1880   │
│       RMSE       │   0.0834    │   0.0000   │   0.3079   │
└──────────────────┴─────────────┴────────────┴────────────┘
Info[iaw]:> Result, 0.9918952548691424, 0.8853792538974047, 0.9961559589430514, 0.9436605512691087, 0.9910246372707434, 0.881544156530936, 0.0069633551134896145, 0.09477222232587279, 0.04466138229795503, 0.1879891183291025, 0.08344672020810413, 0.3078509742162152
Info[iaw]:> The model will be saved as 
`/home/iaw/DATA2/AAReact/train/output/pt/ddg/hyper_seed_1_test_0-2/search_optuna/seed_12_test_0-15/x
gb_rdkit_xtb_acsf.pkl`
[OK] Finished target=ddg search=optuna split=seed_12_test_0-15 model=xgb descriptor=rdkit_xtb_acsf
[INFO] Train target=ddg hyper=seed_1_test_0-2 search=optuna split=seed_12_test_0-15 model=xgb descriptor=soap_xtb_acsf
                           Metric                           
┏━━━━━━━━━━━━━━━━━━┳━━━━━━━━━━━━━┳━━━━━━━━━━━━┳━━━━━━━━━━━━┓
┃       name       ┃    Train    ┃   Valid    ┃    Test    ┃
┡━━━━━━━━━━━━━━━━━━╇━━━━━━━━━━━━━╇━━━━━━━━━━━━╇━━━━━━━━━━━━┩
│        R2        │   0.9836    │   0.0000   │   0.8352   │
│        R         │   0.9919    │   0.0000   │   0.9166   │
│    Spearmanr     │   0.9826    │   0.0000   │   0.8374   │
│       MSE        │   0.0141    │   0.0000   │   0.1362   │
│       MAE        │   0.0729    │   0.0000   │   0.2314   │
│       RMSE       │   0.1188    │   0.0000   │   0.3691   │
└──────────────────┴─────────────┴────────────┴────────────┘
Info[iaw]:> Result, 0.9835667808388495, 0.8352417695629293, 0.9919448207753417, 0.9166369570118501, 0.9825771177645173, 0.8373750346251668, 0.014118931419720536, 0.13622755195663402, 0.07289269486286991, 0.231383681965347, 0.11882310978812385, 0.3690901677864557
Info[iaw]:> The model will be saved as 
`/home/iaw/DATA2/AAReact/train/output/pt/ddg/hyper_seed_1_test_0-2/search_optuna/seed_12_test_0-15/x
gb_soap_xtb_acsf.pkl`
[OK] Finished target=ddg search=optuna split=seed_12_test_0-15 model=xgb descriptor=soap_xtb_acsf
[INFO] Train target=ddg hyper=seed_1_test_0-2 search=optuna split=seed_12_test_0-15 model=xgb descriptor=rdkit_soap_xtb_acsf
                           Metric                           
┏━━━━━━━━━━━━━━━━━━┳━━━━━━━━━━━━━┳━━━━━━━━━━━━┳━━━━━━━━━━━━┓
┃       name       ┃    Train    ┃   Valid    ┃    Test    ┃
┡━━━━━━━━━━━━━━━━━━╇━━━━━━━━━━━━━╇━━━━━━━━━━━━╇━━━━━━━━━━━━┩
│        R2        │   0.9946    │   0.0000   │   0.8943   │
│        R         │   0.9974    │   0.0000   │   0.9476   │
│    Spearmanr     │   0.9904    │   0.0000   │   0.8618   │
│       MSE        │   0.0046    │   0.0000   │   0.0874   │
│       MAE        │   0.0412    │   0.0000   │   0.1855   │
│       RMSE       │   0.0681    │   0.0000   │   0.2957   │
└──────────────────┴─────────────┴────────────┴────────────┘
Info[iaw]:> Result, 0.9945998308766111, 0.8942818572943443, 0.9973751137247979, 0.9475503243556389, 0.9904275544591816, 0.8617511520737328, 0.004639664131557965, 0.08741125551050566, 0.041158609508160554, 0.18549339966695264, 0.06811508005983671, 0.2956539455351571
Info[iaw]:> The model will be saved as 
`/home/iaw/DATA2/AAReact/train/output/pt/ddg/hyper_seed_1_test_0-2/search_optuna/seed_12_test_0-15/x
gb_rdkit_soap_xtb_acsf.pkl`
[OK] Finished target=ddg search=optuna split=seed_12_test_0-15 model=xgb descriptor=rdkit_soap_xtb_acsf
[INFO] Train target=ddg hyper=seed_1_test_0-2 search=optuna split=seed_12_test_0-15 model=rf descriptor=rdkit
                           Metric                           
┏━━━━━━━━━━━━━━━━━━┳━━━━━━━━━━━━━┳━━━━━━━━━━━━┳━━━━━━━━━━━━┓
┃       name       ┃    Train    ┃   Valid    ┃    Test    ┃
┡━━━━━━━━━━━━━━━━━━╇━━━━━━━━━━━━━╇━━━━━━━━━━━━╇━━━━━━━━━━━━┩
│        R2        │   0.9605    │   0.0000   │   0.8566   │
│        R         │   0.9803    │   0.0000   │   0.9310   │
│    Spearmanr     │   0.9663    │   0.0000   │   0.8617   │
│       MSE        │   0.0339    │   0.0000   │   0.1185   │
│       MAE        │   0.0908    │   0.0000   │   0.2020   │
│       RMSE       │   0.1841    │   0.0000   │   0.3443   │
└──────────────────┴─────────────┴────────────┴────────────┘
Info[iaw]:> Result, 0.9605337545658218, 0.8566387790869215, 0.9802581783296657, 0.9309514206907531, 0.9662722086342347, 0.8617007881947067, 0.033908220125022016, 0.11853579708093702, 0.09081446577495576, 0.20197370727582628, 0.18414184783753534, 0.34429028025916886
Info[iaw]:> The model will be saved as 
`/home/iaw/DATA2/AAReact/train/output/pt/ddg/hyper_seed_1_test_0-2/search_optuna/seed_12_test_0-15/r
f_rdkit.pkl`
[OK] Finished target=ddg search=optuna split=seed_12_test_0-15 model=rf descriptor=rdkit
[INFO] Train target=ddg hyper=seed_1_test_0-2 search=optuna split=seed_12_test_0-15 model=rf descriptor=xtb
                           Metric                           
┏━━━━━━━━━━━━━━━━━━┳━━━━━━━━━━━━━┳━━━━━━━━━━━━┳━━━━━━━━━━━━┓
┃       name       ┃    Train    ┃   Valid    ┃    Test    ┃
┡━━━━━━━━━━━━━━━━━━╇━━━━━━━━━━━━━╇━━━━━━━━━━━━╇━━━━━━━━━━━━┩
│        R2        │   0.9873    │   0.0000   │   0.7610   │
│        R         │   0.9938    │   0.0000   │   0.8804   │
│    Spearmanr     │   0.9848    │   0.0000   │   0.8293   │
│       MSE        │   0.0110    │   0.0000   │   0.1976   │
│       MAE        │   0.0524    │   0.0000   │   0.2325   │
│       RMSE       │   0.1047    │   0.0000   │   0.4446   │
└──────────────────┴─────────────┴────────────┴────────────┘
Info[iaw]:> Result, 0.9872520361241487, 0.7609592287476478, 0.9937639161099842, 0.8804484075312621, 0.9847971301783933, 0.8292664501019869, 0.010952670072685758, 0.19764681253948915, 0.05242196684756596, 0.23247163496632825, 0.10465500500542609, 0.44457486719279254
Info[iaw]:> The model will be saved as 
`/home/iaw/DATA2/AAReact/train/output/pt/ddg/hyper_seed_1_test_0-2/search_optuna/seed_12_test_0-15/r
f_xtb.pkl`
[OK] Finished target=ddg search=optuna split=seed_12_test_0-15 model=rf descriptor=xtb
[INFO] Train target=ddg hyper=seed_1_test_0-2 search=optuna split=seed_12_test_0-15 model=rf descriptor=soap
                           Metric                           
┏━━━━━━━━━━━━━━━━━━┳━━━━━━━━━━━━━┳━━━━━━━━━━━━┳━━━━━━━━━━━━┓
┃       name       ┃    Train    ┃   Valid    ┃    Test    ┃
┡━━━━━━━━━━━━━━━━━━╇━━━━━━━━━━━━━╇━━━━━━━━━━━━╇━━━━━━━━━━━━┩
│        R2        │   0.4369    │   0.0000   │   0.1977   │
│        R         │   0.6618    │   0.0000   │   0.5113   │
│    Spearmanr     │   0.5683    │   0.0000   │   0.2631   │
│       MSE        │   0.4838    │   0.0000   │   0.6634   │
│       MAE        │   0.4809    │   0.0000   │   0.5560   │
│       RMSE       │   0.6955    │   0.0000   │   0.8145   │
└──────────────────┴─────────────┴────────────┴────────────┘
Info[iaw]:> Result, 0.43694922869409536, 0.19766399278265356, 0.6617561973247454, 0.5113042444668409, 0.5683131831162594, 0.26307572209211555, 0.48375641728691354, 0.6633979366003598, 0.480925078904529, 0.5560117151646092, 0.6955260004391738, 0.8144924410946733
Info[iaw]:> The model will be saved as 
`/home/iaw/DATA2/AAReact/train/output/pt/ddg/hyper_seed_1_test_0-2/search_optuna/seed_12_test_0-15/r
f_soap.pkl`
[OK] Finished target=ddg search=optuna split=seed_12_test_0-15 model=rf descriptor=soap
[INFO] Train target=ddg hyper=seed_1_test_0-2 search=optuna split=seed_12_test_0-15 model=rf descriptor=acsf
                           Metric                           
┏━━━━━━━━━━━━━━━━━━┳━━━━━━━━━━━━━┳━━━━━━━━━━━━┳━━━━━━━━━━━━┓
┃       name       ┃    Train    ┃   Valid    ┃    Test    ┃
┡━━━━━━━━━━━━━━━━━━╇━━━━━━━━━━━━━╇━━━━━━━━━━━━╇━━━━━━━━━━━━┩
│        R2        │   0.9807    │   0.0000   │   0.8325   │
│        R         │   0.9906    │   0.0000   │   0.9196   │
│    Spearmanr     │   0.9751    │   0.0000   │   0.8694   │
│       MSE        │   0.0166    │   0.0000   │   0.1385   │
│       MAE        │   0.0799    │   0.0000   │   0.2118   │
│       RMSE       │   0.1287    │   0.0000   │   0.3722   │
└──────────────────┴─────────────┴────────────┴────────────┘
Info[iaw]:> Result, 0.980727241521096, 0.8324566348622787, 0.9905882615294502, 0.9196092968654215, 0.9751044569001668, 0.869406461685679, 0.016558578849588706, 0.13853039340578402, 0.07993353348479766, 0.21183900257225957, 0.12868014162872493, 0.3721967133194274
Info[iaw]:> The model will be saved as 
`/home/iaw/DATA2/AAReact/train/output/pt/ddg/hyper_seed_1_test_0-2/search_optuna/seed_12_test_0-15/r
f_acsf.pkl`
[OK] Finished target=ddg search=optuna split=seed_12_test_0-15 model=rf descriptor=acsf
[INFO] Train target=ddg hyper=seed_1_test_0-2 search=optuna split=seed_12_test_0-15 model=rf descriptor=rdkit_soap
                           Metric                           
┏━━━━━━━━━━━━━━━━━━┳━━━━━━━━━━━━━┳━━━━━━━━━━━━┳━━━━━━━━━━━━┓
┃       name       ┃    Train    ┃   Valid    ┃    Test    ┃
┡━━━━━━━━━━━━━━━━━━╇━━━━━━━━━━━━━╇━━━━━━━━━━━━╇━━━━━━━━━━━━┩
│        R2        │   0.9827    │   0.0000   │   0.8944   │
│        R         │   0.9914    │   0.0000   │   0.9475   │
│    Spearmanr     │   0.9835    │   0.0000   │   0.8953   │
│       MSE        │   0.0149    │   0.0000   │   0.0873   │
│       MAE        │   0.0648    │   0.0000   │   0.1648   │
│       RMSE       │   0.1220    │   0.0000   │   0.2954   │
└──────────────────┴─────────────┴────────────┴────────────┘
Info[iaw]:> Result, 0.9826754467299195, 0.8944461705084625, 0.9913739319605793, 0.9475004224601462, 0.983511707356996, 0.8952934955050238, 0.014884739082396388, 0.087275395912754, 0.0647835588464034, 0.16483153018132327, 0.12200302898861318, 0.29542409501046796
Info[iaw]:> The model will be saved as 
`/home/iaw/DATA2/AAReact/train/output/pt/ddg/hyper_seed_1_test_0-2/search_optuna/seed_12_test_0-15/r
f_rdkit_soap.pkl`
[OK] Finished target=ddg search=optuna split=seed_12_test_0-15 model=rf descriptor=rdkit_soap
[INFO] Train target=ddg hyper=seed_1_test_0-2 search=optuna split=seed_12_test_0-15 model=rf descriptor=soap_xtb
                           Metric                           
┏━━━━━━━━━━━━━━━━━━┳━━━━━━━━━━━━━┳━━━━━━━━━━━━┳━━━━━━━━━━━━┓
┃       name       ┃    Train    ┃   Valid    ┃    Test    ┃
┡━━━━━━━━━━━━━━━━━━╇━━━━━━━━━━━━━╇━━━━━━━━━━━━╇━━━━━━━━━━━━┩
│        R2        │   0.9785    │   0.0000   │   0.8978   │
│        R         │   0.9893    │   0.0000   │   0.9495   │
│    Spearmanr     │   0.9797    │   0.0000   │   0.8840   │
│       MSE        │   0.0185    │   0.0000   │   0.0845   │
│       MAE        │   0.0763    │   0.0000   │   0.1658   │
│       RMSE       │   0.1359    │   0.0000   │   0.2907   │
└──────────────────┴─────────────┴────────────┴────────────┘
Info[iaw]:> Result, 0.9785015449567238, 0.897778537594835, 0.9893090636756032, 0.949542506515356, 0.9796849888427211, 0.8839616227241822, 0.01847083090716295, 0.08452008463517406, 0.07628008153078572, 0.16578638264528264, 0.13590743506947275, 0.29072338164511996
Info[iaw]:> The model will be saved as 
`/home/iaw/DATA2/AAReact/train/output/pt/ddg/hyper_seed_1_test_0-2/search_optuna/seed_12_test_0-15/r
f_soap_xtb.pkl`
[OK] Finished target=ddg search=optuna split=seed_12_test_0-15 model=rf descriptor=soap_xtb
[INFO] Train target=ddg hyper=seed_1_test_0-2 search=optuna split=seed_12_test_0-15 model=rf descriptor=rdkit_xtb
                           Metric                           
┏━━━━━━━━━━━━━━━━━━┳━━━━━━━━━━━━━┳━━━━━━━━━━━━┳━━━━━━━━━━━━┓
┃       name       ┃    Train    ┃   Valid    ┃    Test    ┃
┡━━━━━━━━━━━━━━━━━━╇━━━━━━━━━━━━━╇━━━━━━━━━━━━╇━━━━━━━━━━━━┩
│        R2        │   0.9733    │   0.0000   │   0.7833   │
│        R         │   0.9883    │   0.0000   │   0.8984   │
│    Spearmanr     │   0.9735    │   0.0000   │   0.8042   │
│       MSE        │   0.0229    │   0.0000   │   0.1792   │
│       MAE        │   0.0940    │   0.0000   │   0.2906   │
│       RMSE       │   0.1514    │   0.0000   │   0.4233   │
└──────────────────┴─────────────┴────────────┴────────────┘
Info[iaw]:> Result, 0.9733198225642125, 0.7832752734790959, 0.9883428920931181, 0.8984457256722537, 0.9734661729121113, 0.8042356022260835, 0.0229228121275471, 0.17919516897027113, 0.09395948086938183, 0.2905924639595167, 0.15140281413351306, 0.42331450361435896
Info[iaw]:> The model will be saved as 
`/home/iaw/DATA2/AAReact/train/output/pt/ddg/hyper_seed_1_test_0-2/search_optuna/seed_12_test_0-15/r
f_rdkit_xtb.pkl`
[OK] Finished target=ddg search=optuna split=seed_12_test_0-15 model=rf descriptor=rdkit_xtb
[INFO] Train target=ddg hyper=seed_1_test_0-2 search=optuna split=seed_12_test_0-15 model=rf descriptor=soap_acsf
                           Metric                           
┏━━━━━━━━━━━━━━━━━━┳━━━━━━━━━━━━━┳━━━━━━━━━━━━┳━━━━━━━━━━━━┓
┃       name       ┃    Train    ┃   Valid    ┃    Test    ┃
┡━━━━━━━━━━━━━━━━━━╇━━━━━━━━━━━━━╇━━━━━━━━━━━━╇━━━━━━━━━━━━┩
│        R2        │   0.9856    │   0.0000   │   0.9018   │
│        R         │   0.9928    │   0.0000   │   0.9527   │
│    Spearmanr     │   0.9857    │   0.0000   │   0.9103   │
│       MSE        │   0.0124    │   0.0000   │   0.0812   │
│       MAE        │   0.0587    │   0.0000   │   0.1505   │
│       RMSE       │   0.1113    │   0.0000   │   0.2850   │
└──────────────────┴─────────────┴────────────┴────────────┘
Info[iaw]:> Result, 0.9855701647697117, 0.9017764680577863, 0.9928259924775769, 0.9527489303809401, 0.9857259256630451, 0.9103019314547607, 0.012397683741475997, 0.08121446355381186, 0.05869383788846034, 0.15051865808697282, 0.11134488646307919, 0.2849815144071837
Info[iaw]:> The model will be saved as 
`/home/iaw/DATA2/AAReact/train/output/pt/ddg/hyper_seed_1_test_0-2/search_optuna/seed_12_test_0-15/r
f_soap_acsf.pkl`
[OK] Finished target=ddg search=optuna split=seed_12_test_0-15 model=rf descriptor=soap_acsf
[INFO] Train target=ddg hyper=seed_1_test_0-2 search=optuna split=seed_12_test_0-15 model=rf descriptor=acsf_xtb
                           Metric                           
┏━━━━━━━━━━━━━━━━━━┳━━━━━━━━━━━━━┳━━━━━━━━━━━━┳━━━━━━━━━━━━┓
┃       name       ┃    Train    ┃   Valid    ┃    Test    ┃
┡━━━━━━━━━━━━━━━━━━╇━━━━━━━━━━━━━╇━━━━━━━━━━━━╇━━━━━━━━━━━━┩
│        R2        │   0.9830    │   0.0000   │   0.8634   │
│        R         │   0.9916    │   0.0000   │   0.9335   │
│    Spearmanr     │   0.9800    │   0.0000   │   0.8859   │
│       MSE        │   0.0146    │   0.0000   │   0.1130   │
│       MAE        │   0.0695    │   0.0000   │   0.1882   │
│       RMSE       │   0.1209    │   0.0000   │   0.3361   │
└──────────────────┴─────────────┴────────────┴────────────┘
Info[iaw]:> Result, 0.9829877510488609, 0.8633648774053384, 0.9916285866406578, 0.9334700322257459, 0.979991497146764, 0.8858754501271688, 0.014616416532932639, 0.11297443662139059, 0.06950036198020697, 0.18822019539976373, 0.1208983727472485, 0.33611670089626694
Info[iaw]:> The model will be saved as 
`/home/iaw/DATA2/AAReact/train/output/pt/ddg/hyper_seed_1_test_0-2/search_optuna/seed_12_test_0-15/r
f_acsf_xtb.pkl`
[OK] Finished target=ddg search=optuna split=seed_12_test_0-15 model=rf descriptor=acsf_xtb
[INFO] Train target=ddg hyper=seed_1_test_0-2 search=optuna split=seed_12_test_0-15 model=rf descriptor=rdkit_acsf
                           Metric                           
┏━━━━━━━━━━━━━━━━━━┳━━━━━━━━━━━━━┳━━━━━━━━━━━━┳━━━━━━━━━━━━┓
┃       name       ┃    Train    ┃   Valid    ┃    Test    ┃
┡━━━━━━━━━━━━━━━━━━╇━━━━━━━━━━━━━╇━━━━━━━━━━━━╇━━━━━━━━━━━━┩
│        R2        │   0.9793    │   0.0000   │   0.8992   │
│        R         │   0.9897    │   0.0000   │   0.9501   │
│    Spearmanr     │   0.9807    │   0.0000   │   0.8947   │
│       MSE        │   0.0178    │   0.0000   │   0.0834   │
│       MAE        │   0.0695    │   0.0000   │   0.1724   │
│       RMSE       │   0.1333    │   0.0000   │   0.2887   │
└──────────────────┴─────────────┴────────────┴────────────┘
Info[iaw]:> Result, 0.9793263698651972, 0.8991827401787416, 0.9897206141656618, 0.9501134712615039, 0.9807253209030407, 0.8947394928357382, 0.0177621659644144, 0.08335904351480442, 0.06948577725927464, 0.1723988867339965, 0.13327477617469255, 0.2887196625011958
Info[iaw]:> The model will be saved as 
`/home/iaw/DATA2/AAReact/train/output/pt/ddg/hyper_seed_1_test_0-2/search_optuna/seed_12_test_0-15/r
f_rdkit_acsf.pkl`
[OK] Finished target=ddg search=optuna split=seed_12_test_0-15 model=rf descriptor=rdkit_acsf
[INFO] Train target=ddg hyper=seed_1_test_0-2 search=optuna split=seed_12_test_0-15 model=rf descriptor=rdkit_soap_xtb
                           Metric                           
┏━━━━━━━━━━━━━━━━━━┳━━━━━━━━━━━━━┳━━━━━━━━━━━━┳━━━━━━━━━━━━┓
┃       name       ┃    Train    ┃   Valid    ┃    Test    ┃
┡━━━━━━━━━━━━━━━━━━╇━━━━━━━━━━━━━╇━━━━━━━━━━━━╇━━━━━━━━━━━━┩
│        R2        │   0.9776    │   0.0000   │   0.7847   │
│        R         │   0.9901    │   0.0000   │   0.8992   │
│    Spearmanr     │   0.9788    │   0.0000   │   0.8164   │
│       MSE        │   0.0192    │   0.0000   │   0.1780   │
│       MAE        │   0.0825    │   0.0000   │   0.2799   │
│       RMSE       │   0.1386    │   0.0000   │   0.4219   │
└──────────────────┴─────────────┴────────────┴────────────┘
Info[iaw]:> Result, 0.977634635543947, 0.7847183609120103, 0.9901053055338764, 0.8992175724140551, 0.9788066020961633, 0.8163732970713404, 0.01921565359990974, 0.17800197657117942, 0.082512970419598, 0.2799003754973782, 0.1386205381605112, 0.42190280464957736
Info[iaw]:> The model will be saved as 
`/home/iaw/DATA2/AAReact/train/output/pt/ddg/hyper_seed_1_test_0-2/search_optuna/seed_12_test_0-15/r
f_rdkit_soap_xtb.pkl`
[OK] Finished target=ddg search=optuna split=seed_12_test_0-15 model=rf descriptor=rdkit_soap_xtb
[INFO] Train target=ddg hyper=seed_1_test_0-2 search=optuna split=seed_12_test_0-15 model=rf descriptor=rdkit_soap_acsf
                           Metric                           
┏━━━━━━━━━━━━━━━━━━┳━━━━━━━━━━━━━┳━━━━━━━━━━━━┳━━━━━━━━━━━━┓
┃       name       ┃    Train    ┃   Valid    ┃    Test    ┃
┡━━━━━━━━━━━━━━━━━━╇━━━━━━━━━━━━━╇━━━━━━━━━━━━╇━━━━━━━━━━━━┩
│        R2        │   0.9789    │   0.0000   │   0.8205   │
│        R         │   0.9911    │   0.0000   │   0.9179   │
│    Spearmanr     │   0.9807    │   0.0000   │   0.8289   │
│       MSE        │   0.0181    │   0.0000   │   0.1484   │
│       MAE        │   0.0823    │   0.0000   │   0.2629   │
│       RMSE       │   0.1346    │   0.0000   │   0.3852   │
└──────────────────┴─────────────┴────────────┴────────────┘
Info[iaw]:> Result, 0.9789279576093906, 0.8205300993896365, 0.9911411735675356, 0.9179420419401857, 0.9806566607252919, 0.8288635390697792, 0.01810446988316251, 0.14839164723481546, 0.08231347306724708, 0.2629280944779177, 0.13455285163519393, 0.38521636418357863
Info[iaw]:> The model will be saved as 
`/home/iaw/DATA2/AAReact/train/output/pt/ddg/hyper_seed_1_test_0-2/search_optuna/seed_12_test_0-15/r
f_rdkit_soap_acsf.pkl`
[OK] Finished target=ddg search=optuna split=seed_12_test_0-15 model=rf descriptor=rdkit_soap_acsf
[INFO] Train target=ddg hyper=seed_1_test_0-2 search=optuna split=seed_12_test_0-15 model=rf descriptor=rdkit_xtb_acsf
                           Metric                           
┏━━━━━━━━━━━━━━━━━━┳━━━━━━━━━━━━━┳━━━━━━━━━━━━┳━━━━━━━━━━━━┓
┃       name       ┃    Train    ┃   Valid    ┃    Test    ┃
┡━━━━━━━━━━━━━━━━━━╇━━━━━━━━━━━━━╇━━━━━━━━━━━━╇━━━━━━━━━━━━┩
│        R2        │   0.9792    │   0.0000   │   0.8095   │
│        R         │   0.9912    │   0.0000   │   0.9133   │
│    Spearmanr     │   0.9820    │   0.0000   │   0.8316   │
│       MSE        │   0.0179    │   0.0000   │   0.1575   │
│       MAE        │   0.0811    │   0.0000   │   0.2667   │
│       RMSE       │   0.1336    │   0.0000   │   0.3969   │
└──────────────────┴─────────────┴────────────┴────────────┘
Info[iaw]:> Result, 0.9792165043911767, 0.809506004324863, 0.9912356920122543, 0.9133437919646601, 0.9820052393220025, 0.8316335524162071, 0.01785655910052964, 0.15750673349926106, 0.08110539125586198, 0.26668538447256823, 0.13362843672111727, 0.3968711799806847
Info[iaw]:> The model will be saved as 
`/home/iaw/DATA2/AAReact/train/output/pt/ddg/hyper_seed_1_test_0-2/search_optuna/seed_12_test_0-15/r
f_rdkit_xtb_acsf.pkl`
[OK] Finished target=ddg search=optuna split=seed_12_test_0-15 model=rf descriptor=rdkit_xtb_acsf
[INFO] Train target=ddg hyper=seed_1_test_0-2 search=optuna split=seed_12_test_0-15 model=rf descriptor=soap_xtb_acsf
                           Metric                           
┏━━━━━━━━━━━━━━━━━━┳━━━━━━━━━━━━━┳━━━━━━━━━━━━┳━━━━━━━━━━━━┓
┃       name       ┃    Train    ┃   Valid    ┃    Test    ┃
┡━━━━━━━━━━━━━━━━━━╇━━━━━━━━━━━━━╇━━━━━━━━━━━━╇━━━━━━━━━━━━┩
│        R2        │   0.9764    │   0.0000   │   0.9040   │
│        R         │   0.9882    │   0.0000   │   0.9531   │
│    Spearmanr     │   0.9774    │   0.0000   │   0.8968   │
│       MSE        │   0.0203    │   0.0000   │   0.0794   │
│       MAE        │   0.0841    │   0.0000   │   0.1580   │
│       RMSE       │   0.1424    │   0.0000   │   0.2818   │
└──────────────────┴─────────────┴────────────┴────────────┘
Info[iaw]:> Result, 0.9764041262473991, 0.9039604452936454, 0.9882489172200786, 0.9530652949029448, 0.9773505427992638, 0.8967540479967767, 0.02027287046039926, 0.0794086789712702, 0.08411073869940729, 0.1580473091384824, 0.14238283063768348, 0.28179545590954835
Info[iaw]:> The model will be saved as 
`/home/iaw/DATA2/AAReact/train/output/pt/ddg/hyper_seed_1_test_0-2/search_optuna/seed_12_test_0-15/r
f_soap_xtb_acsf.pkl`
[OK] Finished target=ddg search=optuna split=seed_12_test_0-15 model=rf descriptor=soap_xtb_acsf
[INFO] Train target=ddg hyper=seed_1_test_0-2 search=optuna split=seed_12_test_0-15 model=rf descriptor=rdkit_soap_xtb_acsf
                           Metric                           
┏━━━━━━━━━━━━━━━━━━┳━━━━━━━━━━━━━┳━━━━━━━━━━━━┳━━━━━━━━━━━━┓
┃       name       ┃    Train    ┃   Valid    ┃    Test    ┃
┡━━━━━━━━━━━━━━━━━━╇━━━━━━━━━━━━━╇━━━━━━━━━━━━╇━━━━━━━━━━━━┩
│        R2        │   0.9785    │   0.0000   │   0.8073   │
│        R         │   0.9908    │   0.0000   │   0.9093   │
│    Spearmanr     │   0.9796    │   0.0000   │   0.8213   │
│       MSE        │   0.0184    │   0.0000   │   0.1594   │
│       MAE        │   0.0837    │   0.0000   │   0.2725   │
│       RMSE       │   0.1358    │   0.0000   │   0.3992   │
└──────────────────┴─────────────┴────────────┴────────────┘
Info[iaw]:> Result, 0.9785391596972883, 0.8072755166663711, 0.9908112781054892, 0.9092559160228627, 0.9795644713999216, 0.8213089572158848, 0.018438513444759944, 0.15935097443690507, 0.08365856168940437, 0.2724791882045393, 0.13578848789481363, 0.39918789365022717
Info[iaw]:> The model will be saved as 
`/home/iaw/DATA2/AAReact/train/output/pt/ddg/hyper_seed_1_test_0-2/search_optuna/seed_12_test_0-15/r
f_rdkit_soap_xtb_acsf.pkl`
[OK] Finished target=ddg search=optuna split=seed_12_test_0-15 model=rf descriptor=rdkit_soap_xtb_acsf
[INFO] Train target=ddg hyper=seed_1_test_0-2 search=optuna split=seed_12_test_0-2 model=lgb descriptor=rdkit
                           Metric                           
┏━━━━━━━━━━━━━━━━━━┳━━━━━━━━━━━━━┳━━━━━━━━━━━━┳━━━━━━━━━━━━┓
┃       name       ┃    Train    ┃   Valid    ┃    Test    ┃
┡━━━━━━━━━━━━━━━━━━╇━━━━━━━━━━━━━╇━━━━━━━━━━━━╇━━━━━━━━━━━━┩
│        R2        │   0.9659    │   0.0000   │   0.8471   │
│        R         │   0.9832    │   0.0000   │   0.9230   │
│    Spearmanr     │   0.9725    │   0.0000   │   0.8683   │
│       MSE        │   0.0302    │   0.0000   │   0.1114   │
│       MAE        │   0.0828    │   0.0000   │   0.1970   │
│       RMSE       │   0.1738    │   0.0000   │   0.3337   │
└──────────────────┴─────────────┴────────────┴────────────┘
Info[iaw]:> Result, 0.9658957217137744, 0.84713452273322, 0.9832242140322721, 0.9229644700061898, 0.9724810474042196, 0.8683079200269915, 0.03020935664510586, 0.11137344797145708, 0.08282335448753246, 0.19699150269310745, 0.17380839060616682, 0.33372660662802583
Info[iaw]:> The model will be saved as 
`/home/iaw/DATA2/AAReact/train/output/pt/ddg/hyper_seed_1_test_0-2/search_optuna/seed_12_test_0-2/lg
b_rdkit.pkl`
[OK] Finished target=ddg search=optuna split=seed_12_test_0-2 model=lgb descriptor=rdkit
[INFO] Train target=ddg hyper=seed_1_test_0-2 search=optuna split=seed_12_test_0-2 model=lgb descriptor=xtb
                           Metric                           
┏━━━━━━━━━━━━━━━━━━┳━━━━━━━━━━━━━┳━━━━━━━━━━━━┳━━━━━━━━━━━━┓
┃       name       ┃    Train    ┃   Valid    ┃    Test    ┃
┡━━━━━━━━━━━━━━━━━━╇━━━━━━━━━━━━━╇━━━━━━━━━━━━╇━━━━━━━━━━━━┩
│        R2        │   0.9646    │   0.0000   │   0.8220   │
│        R         │   0.9825    │   0.0000   │   0.9083   │
│    Spearmanr     │   0.9645    │   0.0000   │   0.8462   │
│       MSE        │   0.0314    │   0.0000   │   0.1297   │
│       MAE        │   0.1218    │   0.0000   │   0.2549   │
│       RMSE       │   0.1771    │   0.0000   │   0.3601   │
└──────────────────┴─────────────┴────────────┴────────────┘
Info[iaw]:> Result, 0.9645907398819197, 0.8220086406991448, 0.9824581493898691, 0.9083048574492139, 0.9645274947937187, 0.8462358920777964, 0.03136530139910478, 0.12967945247615875, 0.12176993461214365, 0.25489664009570334, 0.1771025166368473, 0.36011033375364104
Info[iaw]:> The model will be saved as 
`/home/iaw/DATA2/AAReact/train/output/pt/ddg/hyper_seed_1_test_0-2/search_optuna/seed_12_test_0-2/lg
b_xtb.pkl`
[OK] Finished target=ddg search=optuna split=seed_12_test_0-2 model=lgb descriptor=xtb
[INFO] Train target=ddg hyper=seed_1_test_0-2 search=optuna split=seed_12_test_0-2 model=lgb descriptor=soap
                           Metric                           
┏━━━━━━━━━━━━━━━━━━┳━━━━━━━━━━━━━┳━━━━━━━━━━━━┳━━━━━━━━━━━━┓
┃       name       ┃    Train    ┃   Valid    ┃    Test    ┃
┡━━━━━━━━━━━━━━━━━━╇━━━━━━━━━━━━━╇━━━━━━━━━━━━╇━━━━━━━━━━━━┩
│        R2        │   0.4889    │   0.0000   │   0.2380   │
│        R         │   0.7031    │   0.0000   │   0.5216   │
│    Spearmanr     │   0.6336    │   0.0000   │   0.4385   │
│       MSE        │   0.4528    │   0.0000   │   0.5552   │
│       MAE        │   0.4948    │   0.0000   │   0.5443   │
│       RMSE       │   0.6729    │   0.0000   │   0.7451   │
└──────────────────┴─────────────┴────────────┴────────────┘
Info[iaw]:> Result, 0.4888569648687051, 0.23799146024612805, 0.7031291627305952, 0.521618358630176, 0.6335716605114928, 0.4385346263101186, 0.45276730723780584, 0.5551777940546611, 0.49481533098451524, 0.5442955278082341, 0.6728798609245233, 0.7451025392888291
Info[iaw]:> The model will be saved as 
`/home/iaw/DATA2/AAReact/train/output/pt/ddg/hyper_seed_1_test_0-2/search_optuna/seed_12_test_0-2/lg
b_soap.pkl`
[OK] Finished target=ddg search=optuna split=seed_12_test_0-2 model=lgb descriptor=soap
[INFO] Train target=ddg hyper=seed_1_test_0-2 search=optuna split=seed_12_test_0-2 model=lgb descriptor=acsf
                           Metric                           
┏━━━━━━━━━━━━━━━━━━┳━━━━━━━━━━━━━┳━━━━━━━━━━━━┳━━━━━━━━━━━━┓
┃       name       ┃    Train    ┃   Valid    ┃    Test    ┃
┡━━━━━━━━━━━━━━━━━━╇━━━━━━━━━━━━━╇━━━━━━━━━━━━╇━━━━━━━━━━━━┩
│        R2        │   0.9818    │   0.0000   │   0.8127   │
│        R         │   0.9911    │   0.0000   │   0.9044   │
│    Spearmanr     │   0.9827    │   0.0000   │   0.8499   │
│       MSE        │   0.0161    │   0.0000   │   0.1365   │
│       MAE        │   0.0806    │   0.0000   │   0.2311   │
│       RMSE       │   0.1268    │   0.0000   │   0.3694   │
└──────────────────┴─────────────┴────────────┴────────────┘
Info[iaw]:> Result, 0.9818487053127387, 0.8126999311699261, 0.9910973105762844, 0.9043986333659941, 0.9827375731152396, 0.8499145634026622, 0.01607830343676731, 0.13646151403100237, 0.08055445649377108, 0.23114643512661315, 0.12680025014473476, 0.36940697615367574
Info[iaw]:> The model will be saved as 
`/home/iaw/DATA2/AAReact/train/output/pt/ddg/hyper_seed_1_test_0-2/search_optuna/seed_12_test_0-2/lg
b_acsf.pkl`
[OK] Finished target=ddg search=optuna split=seed_12_test_0-2 model=lgb descriptor=acsf
[INFO] Train target=ddg hyper=seed_1_test_0-2 search=optuna split=seed_12_test_0-2 model=lgb descriptor=rdkit_soap
                           Metric                           
┏━━━━━━━━━━━━━━━━━━┳━━━━━━━━━━━━━┳━━━━━━━━━━━━┳━━━━━━━━━━━━┓
┃       name       ┃    Train    ┃   Valid    ┃    Test    ┃
┡━━━━━━━━━━━━━━━━━━╇━━━━━━━━━━━━━╇━━━━━━━━━━━━╇━━━━━━━━━━━━┩
│        R2        │   0.9868    │   0.0000   │   0.8667   │
│        R         │   0.9936    │   0.0000   │   0.9338   │
│    Spearmanr     │   0.9859    │   0.0000   │   0.8779   │
│       MSE        │   0.0117    │   0.0000   │   0.0971   │
│       MAE        │   0.0648    │   0.0000   │   0.1937   │
│       RMSE       │   0.1081    │   0.0000   │   0.3116   │
└──────────────────┴─────────────┴────────────┴────────────┘
Info[iaw]:> Result, 0.986796597744173, 0.866723119908211, 0.9936451191688543, 0.9338476963471183, 0.9859227348887956, 0.8779290604151023, 0.011695491232141671, 0.09710175205089754, 0.06475196890582599, 0.1936538690037198, 0.10814569446881217, 0.311611540304427
Info[iaw]:> The model will be saved as 
`/home/iaw/DATA2/AAReact/train/output/pt/ddg/hyper_seed_1_test_0-2/search_optuna/seed_12_test_0-2/lg
b_rdkit_soap.pkl`
[OK] Finished target=ddg search=optuna split=seed_12_test_0-2 model=lgb descriptor=rdkit_soap
[INFO] Train target=ddg hyper=seed_1_test_0-2 search=optuna split=seed_12_test_0-2 model=lgb descriptor=soap_xtb
                           Metric                           
┏━━━━━━━━━━━━━━━━━━┳━━━━━━━━━━━━━┳━━━━━━━━━━━━┳━━━━━━━━━━━━┓
┃       name       ┃    Train    ┃   Valid    ┃    Test    ┃
┡━━━━━━━━━━━━━━━━━━╇━━━━━━━━━━━━━╇━━━━━━━━━━━━╇━━━━━━━━━━━━┩
│        R2        │   0.9888    │   0.0000   │   0.8622   │
│        R         │   0.9946    │   0.0000   │   0.9317   │
│    Spearmanr     │   0.9875    │   0.0000   │   0.8743   │
│       MSE        │   0.0100    │   0.0000   │   0.1004   │
│       MAE        │   0.0572    │   0.0000   │   0.1964   │
│       RMSE       │   0.0998    │   0.0000   │   0.3169   │
└──────────────────┴─────────────┴────────────┴────────────┘
Info[iaw]:> Result, 0.9887577745574764, 0.8621896442090797, 0.9945988623285096, 0.9316571657384787, 0.9875360976053271, 0.8742939236621283, 0.009958293063045054, 0.10040471377211013, 0.05720325488942812, 0.19637538400651505, 0.09979124742704168, 0.3168670285342262
Info[iaw]:> The model will be saved as 
`/home/iaw/DATA2/AAReact/train/output/pt/ddg/hyper_seed_1_test_0-2/search_optuna/seed_12_test_0-2/lg
b_soap_xtb.pkl`
[OK] Finished target=ddg search=optuna split=seed_12_test_0-2 model=lgb descriptor=soap_xtb
[INFO] Train target=ddg hyper=seed_1_test_0-2 search=optuna split=seed_12_test_0-2 model=lgb descriptor=rdkit_xtb
                           Metric                           
┏━━━━━━━━━━━━━━━━━━┳━━━━━━━━━━━━━┳━━━━━━━━━━━━┳━━━━━━━━━━━━┓
┃       name       ┃    Train    ┃   Valid    ┃    Test    ┃
┡━━━━━━━━━━━━━━━━━━╇━━━━━━━━━━━━━╇━━━━━━━━━━━━╇━━━━━━━━━━━━┩
│        R2        │   0.9822    │   0.0000   │   0.8568   │
│        R         │   0.9915    │   0.0000   │   0.9291   │
│    Spearmanr     │   0.9819    │   0.0000   │   0.8718   │
│       MSE        │   0.0157    │   0.0000   │   0.1043   │
│       MAE        │   0.0793    │   0.0000   │   0.2186   │
│       RMSE       │   0.1255    │   0.0000   │   0.3230   │
└──────────────────┴─────────────┴────────────┴────────────┘
Info[iaw]:> Result, 0.9822325242330857, 0.856783001637513, 0.9914848124397553, 0.929119679525429, 0.9818830935485408, 0.8717906857783438, 0.01573831903496913, 0.10434384009357361, 0.07926092248289443, 0.21858650301449664, 0.12545245726955342, 0.32302297146421893
Info[iaw]:> The model will be saved as 
`/home/iaw/DATA2/AAReact/train/output/pt/ddg/hyper_seed_1_test_0-2/search_optuna/seed_12_test_0-2/lg
b_rdkit_xtb.pkl`
[OK] Finished target=ddg search=optuna split=seed_12_test_0-2 model=lgb descriptor=rdkit_xtb
[INFO] Train target=ddg hyper=seed_1_test_0-2 search=optuna split=seed_12_test_0-2 model=lgb descriptor=soap_acsf
                           Metric                           
┏━━━━━━━━━━━━━━━━━━┳━━━━━━━━━━━━━┳━━━━━━━━━━━━┳━━━━━━━━━━━━┓
┃       name       ┃    Train    ┃   Valid    ┃    Test    ┃
┡━━━━━━━━━━━━━━━━━━╇━━━━━━━━━━━━━╇━━━━━━━━━━━━╇━━━━━━━━━━━━┩
│        R2        │   0.9915    │   0.0000   │   0.8835   │
│        R         │   0.9958    │   0.0000   │   0.9413   │
│    Spearmanr     │   0.9865    │   0.0000   │   0.8738   │
│       MSE        │   0.0075    │   0.0000   │   0.0849   │
│       MAE        │   0.0529    │   0.0000   │   0.1857   │
│       RMSE       │   0.0866    │   0.0000   │   0.2913   │
└──────────────────┴─────────────┴────────────┴────────────┘
Info[iaw]:> Result, 0.9915428763818427, 0.8835299435878912, 0.9958108035566656, 0.9413374302400762, 0.9864744924687515, 0.8737715087994254, 0.00749126726648402, 0.08485677734423051, 0.05292956867931252, 0.18569804694113975, 0.08655210723306521, 0.2913018663589894
Info[iaw]:> The model will be saved as 
`/home/iaw/DATA2/AAReact/train/output/pt/ddg/hyper_seed_1_test_0-2/search_optuna/seed_12_test_0-2/lg
b_soap_acsf.pkl`
[OK] Finished target=ddg search=optuna split=seed_12_test_0-2 model=lgb descriptor=soap_acsf
[INFO] Train target=ddg hyper=seed_1_test_0-2 search=optuna split=seed_12_test_0-2 model=lgb descriptor=acsf_xtb
                           Metric                           
┏━━━━━━━━━━━━━━━━━━┳━━━━━━━━━━━━━┳━━━━━━━━━━━━┳━━━━━━━━━━━━┓
┃       name       ┃    Train    ┃   Valid    ┃    Test    ┃
┡━━━━━━━━━━━━━━━━━━╇━━━━━━━━━━━━━╇━━━━━━━━━━━━╇━━━━━━━━━━━━┩
│        R2        │   0.9945    │   0.0000   │   0.8915   │
│        R         │   0.9973    │   0.0000   │   0.9448   │
│    Spearmanr     │   0.9909    │   0.0000   │   0.8881   │
│       MSE        │   0.0049    │   0.0000   │   0.0791   │
│       MAE        │   0.0413    │   0.0000   │   0.1767   │
│       RMSE       │   0.0698    │   0.0000   │   0.2812   │
└──────────────────┴─────────────┴────────────┴────────────┘
Info[iaw]:> Result, 0.9945054075176105, 0.8914972565908165, 0.9972908460435737, 0.9447756951523385, 0.9908570339999394, 0.8880508483799698, 0.004867075694343695, 0.07905201922572463, 0.041307606709128766, 0.17673739701090663, 0.06976443000801838, 0.2811619092724415
Info[iaw]:> The model will be saved as 
`/home/iaw/DATA2/AAReact/train/output/pt/ddg/hyper_seed_1_test_0-2/search_optuna/seed_12_test_0-2/lg
b_acsf_xtb.pkl`
[OK] Finished target=ddg search=optuna split=seed_12_test_0-2 model=lgb descriptor=acsf_xtb
[INFO] Train target=ddg hyper=seed_1_test_0-2 search=optuna split=seed_12_test_0-2 model=lgb descriptor=rdkit_acsf
                           Metric                           
┏━━━━━━━━━━━━━━━━━━┳━━━━━━━━━━━━━┳━━━━━━━━━━━━┳━━━━━━━━━━━━┓
┃       name       ┃    Train    ┃   Valid    ┃    Test    ┃
┡━━━━━━━━━━━━━━━━━━╇━━━━━━━━━━━━━╇━━━━━━━━━━━━╇━━━━━━━━━━━━┩
│        R2        │   0.9714    │   0.0000   │   0.8567   │
│        R         │   0.9866    │   0.0000   │   0.9300   │
│    Spearmanr     │   0.9744    │   0.0000   │   0.8645   │
│       MSE        │   0.0253    │   0.0000   │   0.1044   │
│       MAE        │   0.0985    │   0.0000   │   0.2099   │
│       RMSE       │   0.1590    │   0.0000   │   0.3232   │
└──────────────────┴─────────────┴────────────┴────────────┘
Info[iaw]:> Result, 0.9714483391566232, 0.8566589609935593, 0.9865648137783734, 0.9299758387924552, 0.9744068302947123, 0.8644551104145581, 0.025290882803288634, 0.10443421258612541, 0.09854844824119219, 0.2099213297407693, 0.15903107496111768, 0.3231628267392854
Info[iaw]:> The model will be saved as 
`/home/iaw/DATA2/AAReact/train/output/pt/ddg/hyper_seed_1_test_0-2/search_optuna/seed_12_test_0-2/lg
b_rdkit_acsf.pkl`
[OK] Finished target=ddg search=optuna split=seed_12_test_0-2 model=lgb descriptor=rdkit_acsf
[INFO] Train target=ddg hyper=seed_1_test_0-2 search=optuna split=seed_12_test_0-2 model=lgb descriptor=rdkit_soap_xtb
                           Metric                           
┏━━━━━━━━━━━━━━━━━━┳━━━━━━━━━━━━━┳━━━━━━━━━━━━┳━━━━━━━━━━━━┓
┃       name       ┃    Train    ┃   Valid    ┃    Test    ┃
┡━━━━━━━━━━━━━━━━━━╇━━━━━━━━━━━━━╇━━━━━━━━━━━━╇━━━━━━━━━━━━┩
│        R2        │   0.9845    │   0.0000   │   0.8658   │
│        R         │   0.9924    │   0.0000   │   0.9318   │
│    Spearmanr     │   0.9816    │   0.0000   │   0.8654   │
│       MSE        │   0.0137    │   0.0000   │   0.0977   │
│       MAE        │   0.0730    │   0.0000   │   0.2081   │
│       RMSE       │   0.1172    │   0.0000   │   0.3126   │
└──────────────────┴─────────────┴────────────┴────────────┘
Info[iaw]:> Result, 0.9844963126717594, 0.8658379001780604, 0.9923583335520515, 0.9318317346026757, 0.9815990752085759, 0.86541287099618, 0.013733069378635493, 0.09774669802118471, 0.07304998014060092, 0.20814895466286107, 0.11718817934687566, 0.31264468334066503
Info[iaw]:> The model will be saved as 
`/home/iaw/DATA2/AAReact/train/output/pt/ddg/hyper_seed_1_test_0-2/search_optuna/seed_12_test_0-2/lg
b_rdkit_soap_xtb.pkl`
[OK] Finished target=ddg search=optuna split=seed_12_test_0-2 model=lgb descriptor=rdkit_soap_xtb
[INFO] Train target=ddg hyper=seed_1_test_0-2 search=optuna split=seed_12_test_0-2 model=lgb descriptor=rdkit_soap_acsf
                           Metric                           
┏━━━━━━━━━━━━━━━━━━┳━━━━━━━━━━━━━┳━━━━━━━━━━━━┳━━━━━━━━━━━━┓
┃       name       ┃    Train    ┃   Valid    ┃    Test    ┃
┡━━━━━━━━━━━━━━━━━━╇━━━━━━━━━━━━━╇━━━━━━━━━━━━╇━━━━━━━━━━━━┩
│        R2        │   0.9912    │   0.0000   │   0.8786   │
│        R         │   0.9957    │   0.0000   │   0.9385   │
│    Spearmanr     │   0.9867    │   0.0000   │   0.8752   │
│       MSE        │   0.0078    │   0.0000   │   0.0885   │
│       MAE        │   0.0537    │   0.0000   │   0.1845   │
│       RMSE       │   0.0884    │   0.0000   │   0.2974   │
└──────────────────┴─────────────┴────────────┴────────────┘
Info[iaw]:> Result, 0.9911785845141675, 0.8785680206388718, 0.9956700999330917, 0.9385376752432019, 0.9866895844067004, 0.8752081496718583, 0.007813954727017517, 0.08847189357113723, 0.053663243066136304, 0.18450146881812785, 0.08839657644398632, 0.2974422524980895
Info[iaw]:> The model will be saved as 
`/home/iaw/DATA2/AAReact/train/output/pt/ddg/hyper_seed_1_test_0-2/search_optuna/seed_12_test_0-2/lg
b_rdkit_soap_acsf.pkl`
[OK] Finished target=ddg search=optuna split=seed_12_test_0-2 model=lgb descriptor=rdkit_soap_acsf
[INFO] Train target=ddg hyper=seed_1_test_0-2 search=optuna split=seed_12_test_0-2 model=lgb descriptor=rdkit_xtb_acsf
                           Metric                           
┏━━━━━━━━━━━━━━━━━━┳━━━━━━━━━━━━━┳━━━━━━━━━━━━┳━━━━━━━━━━━━┓
┃       name       ┃    Train    ┃   Valid    ┃    Test    ┃
┡━━━━━━━━━━━━━━━━━━╇━━━━━━━━━━━━━╇━━━━━━━━━━━━╇━━━━━━━━━━━━┩
│        R2        │   0.9877    │   0.0000   │   0.8827   │
│        R         │   0.9939    │   0.0000   │   0.9414   │
│    Spearmanr     │   0.9859    │   0.0000   │   0.8919   │
│       MSE        │   0.0109    │   0.0000   │   0.0854   │
│       MAE        │   0.0643    │   0.0000   │   0.1861   │
│       RMSE       │   0.1045    │   0.0000   │   0.2923   │
└──────────────────┴─────────────┴────────────┴────────────┘
Info[iaw]:> Result, 0.9876827028300036, 0.8827415229710791, 0.993940980672064, 0.9413760077995589, 0.9858697412229241, 0.8918601234205115, 0.010910584882907784, 0.08543119822797848, 0.06427963327039724, 0.18611507445534026, 0.10445374518373089, 0.2922861581190229
Info[iaw]:> The model will be saved as 
`/home/iaw/DATA2/AAReact/train/output/pt/ddg/hyper_seed_1_test_0-2/search_optuna/seed_12_test_0-2/lg
b_rdkit_xtb_acsf.pkl`
[OK] Finished target=ddg search=optuna split=seed_12_test_0-2 model=lgb descriptor=rdkit_xtb_acsf
[INFO] Train target=ddg hyper=seed_1_test_0-2 search=optuna split=seed_12_test_0-2 model=lgb descriptor=soap_xtb_acsf
                           Metric                           
┏━━━━━━━━━━━━━━━━━━┳━━━━━━━━━━━━━┳━━━━━━━━━━━━┳━━━━━━━━━━━━┓
┃       name       ┃    Train    ┃   Valid    ┃    Test    ┃
┡━━━━━━━━━━━━━━━━━━╇━━━━━━━━━━━━━╇━━━━━━━━━━━━╇━━━━━━━━━━━━┩
│        R2        │   0.9928    │   0.0000   │   0.8953   │
│        R         │   0.9965    │   0.0000   │   0.9472   │
│    Spearmanr     │   0.9879    │   0.0000   │   0.8848   │
│       MSE        │   0.0064    │   0.0000   │   0.0763   │
│       MAE        │   0.0486    │   0.0000   │   0.1810   │
│       RMSE       │   0.0799    │   0.0000   │   0.2761   │
└──────────────────┴─────────────┴────────────┴────────────┘
Info[iaw]:> Result, 0.9927932494780033, 0.8953327155533632, 0.9964560301346969, 0.9472272989358074, 0.9879430751046668, 0.8848075227740231, 0.006383694589403813, 0.07625761268705031, 0.04860420023086854, 0.18101803706491026, 0.07989802619216455, 0.2761478094916748
Info[iaw]:> The model will be saved as 
`/home/iaw/DATA2/AAReact/train/output/pt/ddg/hyper_seed_1_test_0-2/search_optuna/seed_12_test_0-2/lg
b_soap_xtb_acsf.pkl`
[OK] Finished target=ddg search=optuna split=seed_12_test_0-2 model=lgb descriptor=soap_xtb_acsf
[INFO] Train target=ddg hyper=seed_1_test_0-2 search=optuna split=seed_12_test_0-2 model=lgb descriptor=rdkit_soap_xtb_acsf
                           Metric                           
┏━━━━━━━━━━━━━━━━━━┳━━━━━━━━━━━━━┳━━━━━━━━━━━━┳━━━━━━━━━━━━┓
┃       name       ┃    Train    ┃   Valid    ┃    Test    ┃
┡━━━━━━━━━━━━━━━━━━╇━━━━━━━━━━━━━╇━━━━━━━━━━━━╇━━━━━━━━━━━━┩
│        R2        │   0.9905    │   0.0000   │   0.8874   │
│        R         │   0.9954    │   0.0000   │   0.9432   │
│    Spearmanr     │   0.9867    │   0.0000   │   0.8875   │
│       MSE        │   0.0084    │   0.0000   │   0.0820   │
│       MAE        │   0.0558    │   0.0000   │   0.1727   │
│       RMSE       │   0.0919    │   0.0000   │   0.2864   │
└──────────────────┴─────────────┴────────────┴────────────┘
Info[iaw]:> Result, 0.9904674179832543, 0.8874432873430689, 0.9953921980805226, 0.943226702397702, 0.9866985898662602, 0.8875284335172671, 0.008443901597205214, 0.08200562615624127, 0.05575090774004984, 0.17273382039455165, 0.09189070462895153, 0.28636624479194694
Info[iaw]:> The model will be saved as 
`/home/iaw/DATA2/AAReact/train/output/pt/ddg/hyper_seed_1_test_0-2/search_optuna/seed_12_test_0-2/lg
b_rdkit_soap_xtb_acsf.pkl`
[OK] Finished target=ddg search=optuna split=seed_12_test_0-2 model=lgb descriptor=rdkit_soap_xtb_acsf
[INFO] Train target=ddg hyper=seed_1_test_0-2 search=optuna split=seed_12_test_0-2 model=xgb descriptor=rdkit
                           Metric                           
┏━━━━━━━━━━━━━━━━━━┳━━━━━━━━━━━━━┳━━━━━━━━━━━━┳━━━━━━━━━━━━┓
┃       name       ┃    Train    ┃   Valid    ┃    Test    ┃
┡━━━━━━━━━━━━━━━━━━╇━━━━━━━━━━━━━╇━━━━━━━━━━━━╇━━━━━━━━━━━━┩
│        R2        │   0.9526    │   0.0000   │   0.8324   │
│        R         │   0.9774    │   0.0000   │   0.9167   │
│    Spearmanr     │   0.9622    │   0.0000   │   0.8564   │
│       MSE        │   0.0420    │   0.0000   │   0.1221   │
│       MAE        │   0.1149    │   0.0000   │   0.2265   │
│       RMSE       │   0.2048    │   0.0000   │   0.3494   │
└──────────────────┴─────────────┴────────────┴────────────┘
Info[iaw]:> Result, 0.952634855757435, 0.8324083965813968, 0.9774328071705702, 0.9166515367530556, 0.9621732598464743, 0.856357680042664, 0.04195574886416642, 0.12210248551555153, 0.11485804961809334, 0.2264839897002401, 0.2048310251504064, 0.3494316607228823
Info[iaw]:> The model will be saved as 
`/home/iaw/DATA2/AAReact/train/output/pt/ddg/hyper_seed_1_test_0-2/search_optuna/seed_12_test_0-2/xg
b_rdkit.pkl`
[OK] Finished target=ddg search=optuna split=seed_12_test_0-2 model=xgb descriptor=rdkit
[INFO] Train target=ddg hyper=seed_1_test_0-2 search=optuna split=seed_12_test_0-2 model=xgb descriptor=xtb
                           Metric                           
┏━━━━━━━━━━━━━━━━━━┳━━━━━━━━━━━━━┳━━━━━━━━━━━━┳━━━━━━━━━━━━┓
┃       name       ┃    Train    ┃   Valid    ┃    Test    ┃
┡━━━━━━━━━━━━━━━━━━╇━━━━━━━━━━━━━╇━━━━━━━━━━━━╇━━━━━━━━━━━━┩
│        R2        │   0.9850    │   0.0000   │   0.8699   │
│        R         │   0.9926    │   0.0000   │   0.9351   │
│    Spearmanr     │   0.9827    │   0.0000   │   0.8736   │
│       MSE        │   0.0133    │   0.0000   │   0.0948   │
│       MAE        │   0.0742    │   0.0000   │   0.2048   │
│       RMSE       │   0.1154    │   0.0000   │   0.3079   │
└──────────────────┴─────────────┴────────────┴────────────┘
Info[iaw]:> Result, 0.9849586539914227, 0.8698624835091024, 0.9926115373984452, 0.9350607203767555, 0.9826932385450987, 0.8736191377978039, 0.013323530326078564, 0.0948145008355222, 0.07423363593596422, 0.2048243486329705, 0.11542759776621259, 0.30791963372854647
Info[iaw]:> The model will be saved as 
`/home/iaw/DATA2/AAReact/train/output/pt/ddg/hyper_seed_1_test_0-2/search_optuna/seed_12_test_0-2/xg
b_xtb.pkl`
[OK] Finished target=ddg search=optuna split=seed_12_test_0-2 model=xgb descriptor=xtb
[INFO] Train target=ddg hyper=seed_1_test_0-2 search=optuna split=seed_12_test_0-2 model=xgb descriptor=soap
                           Metric                           
┏━━━━━━━━━━━━━━━━━━┳━━━━━━━━━━━━━┳━━━━━━━━━━━━┳━━━━━━━━━━━━┓
┃       name       ┃    Train    ┃   Valid    ┃    Test    ┃
┡━━━━━━━━━━━━━━━━━━╇━━━━━━━━━━━━━╇━━━━━━━━━━━━╇━━━━━━━━━━━━┩
│        R2        │   0.4902    │   0.0000   │   0.2552   │
│        R         │   0.7033    │   0.0000   │   0.5358   │
│    Spearmanr     │   0.6312    │   0.0000   │   0.4439   │
│       MSE        │   0.4516    │   0.0000   │   0.5426   │
│       MAE        │   0.4965    │   0.0000   │   0.5415   │
│       RMSE       │   0.6720    │   0.0000   │   0.7366   │
└──────────────────┴─────────────┴────────────┴────────────┘
Info[iaw]:> Result, 0.4901797448800348, 0.25523600749686515, 0.7033472380492412, 0.5357854318716541, 0.6311914482770564, 0.4439329132247146, 0.45159559696761914, 0.5426139063779849, 0.496539048710832, 0.5414716962772861, 0.6720086286407483, 0.7366233137621867
Info[iaw]:> The model will be saved as 
`/home/iaw/DATA2/AAReact/train/output/pt/ddg/hyper_seed_1_test_0-2/search_optuna/seed_12_test_0-2/xg
b_soap.pkl`
[OK] Finished target=ddg search=optuna split=seed_12_test_0-2 model=xgb descriptor=soap
[INFO] Train target=ddg hyper=seed_1_test_0-2 search=optuna split=seed_12_test_0-2 model=xgb descriptor=acsf
                           Metric                           
┏━━━━━━━━━━━━━━━━━━┳━━━━━━━━━━━━━┳━━━━━━━━━━━━┳━━━━━━━━━━━━┓
┃       name       ┃    Train    ┃   Valid    ┃    Test    ┃
┡━━━━━━━━━━━━━━━━━━╇━━━━━━━━━━━━━╇━━━━━━━━━━━━╇━━━━━━━━━━━━┩
│        R2        │   0.9830    │   0.0000   │   0.8531   │
│        R         │   0.9916    │   0.0000   │   0.9274   │
│    Spearmanr     │   0.9830    │   0.0000   │   0.8814   │
│       MSE        │   0.0151    │   0.0000   │   0.1071   │
│       MAE        │   0.0772    │   0.0000   │   0.2112   │
│       RMSE       │   0.1228    │   0.0000   │   0.3272   │
└──────────────────┴─────────────┴────────────┴────────────┘
Info[iaw]:> Result, 0.982964350465281, 0.8530608298462667, 0.991634236115366, 0.9273825341773151, 0.9829855696169649, 0.8813900588805086, 0.015090071930453816, 0.10705570881465654, 0.07723564067817756, 0.2111533697942174, 0.12284165389009469, 0.32719368700306023
Info[iaw]:> The model will be saved as 
`/home/iaw/DATA2/AAReact/train/output/pt/ddg/hyper_seed_1_test_0-2/search_optuna/seed_12_test_0-2/xg
b_acsf.pkl`
[OK] Finished target=ddg search=optuna split=seed_12_test_0-2 model=xgb descriptor=acsf
[INFO] Train target=ddg hyper=seed_1_test_0-2 search=optuna split=seed_12_test_0-2 model=xgb descriptor=rdkit_soap
                           Metric                           
┏━━━━━━━━━━━━━━━━━━┳━━━━━━━━━━━━━┳━━━━━━━━━━━━┳━━━━━━━━━━━━┓
┃       name       ┃    Train    ┃   Valid    ┃    Test    ┃
┡━━━━━━━━━━━━━━━━━━╇━━━━━━━━━━━━━╇━━━━━━━━━━━━╇━━━━━━━━━━━━┩
│        R2        │   0.9884    │   0.0000   │   0.8876   │
│        R         │   0.9946    │   0.0000   │   0.9448   │
│    Spearmanr     │   0.9887    │   0.0000   │   0.8907   │
│       MSE        │   0.0102    │   0.0000   │   0.0819   │
│       MAE        │   0.0597    │   0.0000   │   0.1760   │
│       RMSE       │   0.1012    │   0.0000   │   0.2862   │
└──────────────────┴─────────────┴────────────┴────────────┘
Info[iaw]:> Result, 0.9884483328706476, 0.8876096627562002, 0.9945723266053187, 0.944840525179593, 0.9886946846140857, 0.890706457265376, 0.010232394576052307, 0.08188440975245001, 0.05972919205935578, 0.17603889208927062, 0.10115529929792264, 0.28615452076186043
Info[iaw]:> The model will be saved as 
`/home/iaw/DATA2/AAReact/train/output/pt/ddg/hyper_seed_1_test_0-2/search_optuna/seed_12_test_0-2/xg
b_rdkit_soap.pkl`
[OK] Finished target=ddg search=optuna split=seed_12_test_0-2 model=xgb descriptor=rdkit_soap
[INFO] Train target=ddg hyper=seed_1_test_0-2 search=optuna split=seed_12_test_0-2 model=xgb descriptor=soap_xtb
                           Metric                           
┏━━━━━━━━━━━━━━━━━━┳━━━━━━━━━━━━━┳━━━━━━━━━━━━┳━━━━━━━━━━━━┓
┃       name       ┃    Train    ┃   Valid    ┃    Test    ┃
┡━━━━━━━━━━━━━━━━━━╇━━━━━━━━━━━━━╇━━━━━━━━━━━━╇━━━━━━━━━━━━┩
│        R2        │   0.9922    │   0.0000   │   0.8786   │
│        R         │   0.9963    │   0.0000   │   0.9401   │
│    Spearmanr     │   0.9890    │   0.0000   │   0.8902   │
│       MSE        │   0.0069    │   0.0000   │   0.0885   │
│       MAE        │   0.0508    │   0.0000   │   0.1870   │
│       RMSE       │   0.0829    │   0.0000   │   0.2974   │
└──────────────────┴─────────────┴────────────┴────────────┘
Info[iaw]:> Result, 0.9922479153092351, 0.8785934416370602, 0.9962535191751535, 0.9401438820136656, 0.9890490148113833, 0.8902058096886191, 0.00686674818921381, 0.0884533725533788, 0.05082311969843891, 0.18698968758771528, 0.08286584452724663, 0.2974111170642059
Info[iaw]:> The model will be saved as 
`/home/iaw/DATA2/AAReact/train/output/pt/ddg/hyper_seed_1_test_0-2/search_optuna/seed_12_test_0-2/xg
b_soap_xtb.pkl`
[OK] Finished target=ddg search=optuna split=seed_12_test_0-2 model=xgb descriptor=soap_xtb
[INFO] Train target=ddg hyper=seed_1_test_0-2 search=optuna split=seed_12_test_0-2 model=xgb descriptor=rdkit_xtb
                           Metric                           
┏━━━━━━━━━━━━━━━━━━┳━━━━━━━━━━━━━┳━━━━━━━━━━━━┳━━━━━━━━━━━━┓
┃       name       ┃    Train    ┃   Valid    ┃    Test    ┃
┡━━━━━━━━━━━━━━━━━━╇━━━━━━━━━━━━━╇━━━━━━━━━━━━╇━━━━━━━━━━━━┩
│        R2        │   0.9933    │   0.0000   │   0.8776   │
│        R         │   0.9967    │   0.0000   │   0.9382   │
│    Spearmanr     │   0.9899    │   0.0000   │   0.8747   │
│       MSE        │   0.0059    │   0.0000   │   0.0892   │
│       MAE        │   0.0449    │   0.0000   │   0.2004   │
│       RMSE       │   0.0768    │   0.0000   │   0.2986   │
└──────────────────┴─────────────┴────────────┴────────────┘
Info[iaw]:> Result, 0.9933348897467269, 0.8775856912196418, 0.9967173549385384, 0.9381849918833214, 0.9899308571205909, 0.8747075020951014, 0.00590391302317638, 0.08918759090463338, 0.044907587656860565, 0.20042729945110377, 0.07683692486803712, 0.29864291537659715
Info[iaw]:> The model will be saved as 
`/home/iaw/DATA2/AAReact/train/output/pt/ddg/hyper_seed_1_test_0-2/search_optuna/seed_12_test_0-2/xg
b_rdkit_xtb.pkl`
[OK] Finished target=ddg search=optuna split=seed_12_test_0-2 model=xgb descriptor=rdkit_xtb
[INFO] Train target=ddg hyper=seed_1_test_0-2 search=optuna split=seed_12_test_0-2 model=xgb descriptor=soap_acsf
                           Metric                           
┏━━━━━━━━━━━━━━━━━━┳━━━━━━━━━━━━━┳━━━━━━━━━━━━┳━━━━━━━━━━━━┓
┃       name       ┃    Train    ┃   Valid    ┃    Test    ┃
┡━━━━━━━━━━━━━━━━━━╇━━━━━━━━━━━━━╇━━━━━━━━━━━━╇━━━━━━━━━━━━┩
│        R2        │   0.9971    │   0.0000   │   0.8915   │
│        R         │   0.9986    │   0.0000   │   0.9465   │
│    Spearmanr     │   0.9916    │   0.0000   │   0.8828   │
│       MSE        │   0.0026    │   0.0000   │   0.0791   │
│       MAE        │   0.0346    │   0.0000   │   0.1737   │
│       RMSE       │   0.0511    │   0.0000   │   0.2812   │
└──────────────────┴─────────────┴────────────┴────────────┘
Info[iaw]:> Result, 0.9970533934025289, 0.8914722862868029, 0.9985589675653437, 0.9465343646925922, 0.9915546107519991, 0.8828049324669955, 0.002610085715603062, 0.07907021188049934, 0.034608880439087324, 0.17373989597831072, 0.051088997989812465, 0.2811942600418781
Info[iaw]:> The model will be saved as 
`/home/iaw/DATA2/AAReact/train/output/pt/ddg/hyper_seed_1_test_0-2/search_optuna/seed_12_test_0-2/xg
b_soap_acsf.pkl`
[OK] Finished target=ddg search=optuna split=seed_12_test_0-2 model=xgb descriptor=soap_acsf
[INFO] Train target=ddg hyper=seed_1_test_0-2 search=optuna split=seed_12_test_0-2 model=xgb descriptor=acsf_xtb
                           Metric                           
┏━━━━━━━━━━━━━━━━━━┳━━━━━━━━━━━━━┳━━━━━━━━━━━━┳━━━━━━━━━━━━┓
┃       name       ┃    Train    ┃   Valid    ┃    Test    ┃
┡━━━━━━━━━━━━━━━━━━╇━━━━━━━━━━━━━╇━━━━━━━━━━━━╇━━━━━━━━━━━━┩
│        R2        │   0.9928    │   0.0000   │   0.8789   │
│        R         │   0.9965    │   0.0000   │   0.9402   │
│    Spearmanr     │   0.9905    │   0.0000   │   0.8952   │
│       MSE        │   0.0064    │   0.0000   │   0.0882   │
│       MAE        │   0.0463    │   0.0000   │   0.1831   │
│       RMSE       │   0.0800    │   0.0000   │   0.2970   │
└──────────────────┴─────────────┴────────────┴────────────┘
Info[iaw]:> Result, 0.9927741534475637, 0.8789462709561868, 0.9964788018241659, 0.940200615088157, 0.9904923128877652, 0.8951905181702421, 0.006400609733867904, 0.08819631112578136, 0.046324115050777125, 0.18313768817770468, 0.08000381074591324, 0.2969786374906137
Info[iaw]:> The model will be saved as 
`/home/iaw/DATA2/AAReact/train/output/pt/ddg/hyper_seed_1_test_0-2/search_optuna/seed_12_test_0-2/xg
b_acsf_xtb.pkl`
[OK] Finished target=ddg search=optuna split=seed_12_test_0-2 model=xgb descriptor=acsf_xtb
[INFO] Train target=ddg hyper=seed_1_test_0-2 search=optuna split=seed_12_test_0-2 model=xgb descriptor=rdkit_acsf
                           Metric                           
┏━━━━━━━━━━━━━━━━━━┳━━━━━━━━━━━━━┳━━━━━━━━━━━━┳━━━━━━━━━━━━┓
┃       name       ┃    Train    ┃   Valid    ┃    Test    ┃
┡━━━━━━━━━━━━━━━━━━╇━━━━━━━━━━━━━╇━━━━━━━━━━━━╇━━━━━━━━━━━━┩
│        R2        │   0.9895    │   0.0000   │   0.8799   │
│        R         │   0.9952    │   0.0000   │   0.9417   │
│    Spearmanr     │   0.9887    │   0.0000   │   0.8941   │
│       MSE        │   0.0093    │   0.0000   │   0.0875   │
│       MAE        │   0.0574    │   0.0000   │   0.1877   │
│       RMSE       │   0.0967    │   0.0000   │   0.2958   │
└──────────────────┴─────────────┴────────────┴────────────┘
Info[iaw]:> Result, 0.9894532124406157, 0.87989093964034, 0.9951917673687649, 0.9417195391625138, 0.9887345164544467, 0.8941239211588905, 0.009342278530793289, 0.08750805233494144, 0.05741898515334053, 0.187719037441186, 0.0966554630157721, 0.2958175997721255
Info[iaw]:> The model will be saved as 
`/home/iaw/DATA2/AAReact/train/output/pt/ddg/hyper_seed_1_test_0-2/search_optuna/seed_12_test_0-2/xg
b_rdkit_acsf.pkl`
[OK] Finished target=ddg search=optuna split=seed_12_test_0-2 model=xgb descriptor=rdkit_acsf
[INFO] Train target=ddg hyper=seed_1_test_0-2 search=optuna split=seed_12_test_0-2 model=xgb descriptor=rdkit_soap_xtb
                           Metric                           
┏━━━━━━━━━━━━━━━━━━┳━━━━━━━━━━━━━┳━━━━━━━━━━━━┳━━━━━━━━━━━━┓
┃       name       ┃    Train    ┃   Valid    ┃    Test    ┃
┡━━━━━━━━━━━━━━━━━━╇━━━━━━━━━━━━━╇━━━━━━━━━━━━╇━━━━━━━━━━━━┩
│        R2        │   0.9982    │   0.0000   │   0.9079   │
│        R         │   0.9991    │   0.0000   │   0.9544   │
│    Spearmanr     │   0.9936    │   0.0000   │   0.8958   │
│       MSE        │   0.0016    │   0.0000   │   0.0671   │
│       MAE        │   0.0241    │   0.0000   │   0.1657   │
│       RMSE       │   0.0405    │   0.0000   │   0.2590   │
└──────────────────┴─────────────┴────────────┴────────────┘
Info[iaw]:> Result, 0.9981526367220009, 0.9079353821926109, 0.999092589605366, 0.9544435158289869, 0.9935555545934338, 0.8957782348907828, 0.0016363828505552632, 0.06707566747388541, 0.024056801574862636, 0.16573714180662574, 0.040452229240862156, 0.25898970534344684
Info[iaw]:> The model will be saved as 
`/home/iaw/DATA2/AAReact/train/output/pt/ddg/hyper_seed_1_test_0-2/search_optuna/seed_12_test_0-2/xg
b_rdkit_soap_xtb.pkl`
[OK] Finished target=ddg search=optuna split=seed_12_test_0-2 model=xgb descriptor=rdkit_soap_xtb
[INFO] Train target=ddg hyper=seed_1_test_0-2 search=optuna split=seed_12_test_0-2 model=xgb descriptor=rdkit_soap_acsf
                           Metric                           
┏━━━━━━━━━━━━━━━━━━┳━━━━━━━━━━━━━┳━━━━━━━━━━━━┳━━━━━━━━━━━━┓
┃       name       ┃    Train    ┃   Valid    ┃    Test    ┃
┡━━━━━━━━━━━━━━━━━━╇━━━━━━━━━━━━━╇━━━━━━━━━━━━╇━━━━━━━━━━━━┩
│        R2        │   0.9881    │   0.0000   │   0.8760   │
│        R         │   0.9944    │   0.0000   │   0.9390   │
│    Spearmanr     │   0.9875    │   0.0000   │   0.8835   │
│       MSE        │   0.0106    │   0.0000   │   0.0904   │
│       MAE        │   0.0573    │   0.0000   │   0.1894   │
│       RMSE       │   0.1028    │   0.0000   │   0.3006   │
└──────────────────┴─────────────┴────────────┴────────────┘
Info[iaw]:> Result, 0.9880608618383022, 0.8759641999337228, 0.9944175234868763, 0.9389689493196957, 0.9874862212139186, 0.8835232529032119, 0.010575613995842736, 0.09036896343293356, 0.05727958816072803, 0.18941747270505638, 0.10283780431262977, 0.3006143100934045
Info[iaw]:> The model will be saved as 
`/home/iaw/DATA2/AAReact/train/output/pt/ddg/hyper_seed_1_test_0-2/search_optuna/seed_12_test_0-2/xg
b_rdkit_soap_acsf.pkl`
[OK] Finished target=ddg search=optuna split=seed_12_test_0-2 model=xgb descriptor=rdkit_soap_acsf
[INFO] Train target=ddg hyper=seed_1_test_0-2 search=optuna split=seed_12_test_0-2 model=xgb descriptor=rdkit_xtb_acsf
                           Metric                           
┏━━━━━━━━━━━━━━━━━━┳━━━━━━━━━━━━━┳━━━━━━━━━━━━┳━━━━━━━━━━━━┓
┃       name       ┃    Train    ┃   Valid    ┃    Test    ┃
┡━━━━━━━━━━━━━━━━━━╇━━━━━━━━━━━━━╇━━━━━━━━━━━━╇━━━━━━━━━━━━┩
│        R2        │   0.9921    │   0.0000   │   0.9034   │
│        R         │   0.9963    │   0.0000   │   0.9528   │
│    Spearmanr     │   0.9913    │   0.0000   │   0.9039   │
│       MSE        │   0.0070    │   0.0000   │   0.0704   │
│       MAE        │   0.0453    │   0.0000   │   0.1588   │
│       RMSE       │   0.0835    │   0.0000   │   0.2653   │
└──────────────────┴─────────────┴────────────┴────────────┘
Info[iaw]:> Result, 0.9921248893760335, 0.9033831120148791, 0.9962779915725809, 0.9527646147596768, 0.9913492170012685, 0.9039191998345688, 0.006975723792259638, 0.07039232231876465, 0.04525388190787589, 0.15877258496308208, 0.0835207985609551, 0.26531551465898984
Info[iaw]:> The model will be saved as 
`/home/iaw/DATA2/AAReact/train/output/pt/ddg/hyper_seed_1_test_0-2/search_optuna/seed_12_test_0-2/xg
b_rdkit_xtb_acsf.pkl`
[OK] Finished target=ddg search=optuna split=seed_12_test_0-2 model=xgb descriptor=rdkit_xtb_acsf
[INFO] Train target=ddg hyper=seed_1_test_0-2 search=optuna split=seed_12_test_0-2 model=xgb descriptor=soap_xtb_acsf
                           Metric                           
┏━━━━━━━━━━━━━━━━━━┳━━━━━━━━━━━━━┳━━━━━━━━━━━━┳━━━━━━━━━━━━┓
┃       name       ┃    Train    ┃   Valid    ┃    Test    ┃
┡━━━━━━━━━━━━━━━━━━╇━━━━━━━━━━━━━╇━━━━━━━━━━━━╇━━━━━━━━━━━━┩
│        R2        │   0.9850    │   0.0000   │   0.8645   │
│        R         │   0.9927    │   0.0000   │   0.9326   │
│    Spearmanr     │   0.9831    │   0.0000   │   0.8703   │
│       MSE        │   0.0133    │   0.0000   │   0.0987   │
│       MAE        │   0.0710    │   0.0000   │   0.2012   │
│       RMSE       │   0.1154    │   0.0000   │   0.3142   │
└──────────────────┴─────────────┴────────────┴────────────┘
Info[iaw]:> Result, 0.9849753534668589, 0.8645105666880581, 0.9926584410198774, 0.9325813412221542, 0.9830680042083205, 0.8702887430480732, 0.013308738035064398, 0.09871375552843044, 0.07103358407112681, 0.20116244408485515, 0.11536350391291172, 0.31418745285009464
Info[iaw]:> The model will be saved as 
`/home/iaw/DATA2/AAReact/train/output/pt/ddg/hyper_seed_1_test_0-2/search_optuna/seed_12_test_0-2/xg
b_soap_xtb_acsf.pkl`
[OK] Finished target=ddg search=optuna split=seed_12_test_0-2 model=xgb descriptor=soap_xtb_acsf
[INFO] Train target=ddg hyper=seed_1_test_0-2 search=optuna split=seed_12_test_0-2 model=xgb descriptor=rdkit_soap_xtb_acsf
                           Metric                           
┏━━━━━━━━━━━━━━━━━━┳━━━━━━━━━━━━━┳━━━━━━━━━━━━┳━━━━━━━━━━━━┓
┃       name       ┃    Train    ┃   Valid    ┃    Test    ┃
┡━━━━━━━━━━━━━━━━━━╇━━━━━━━━━━━━━╇━━━━━━━━━━━━╇━━━━━━━━━━━━┩
│        R2        │   0.9946    │   0.0000   │   0.8991   │
│        R         │   0.9974    │   0.0000   │   0.9497   │
│    Spearmanr     │   0.9895    │   0.0000   │   0.8953   │
│       MSE        │   0.0048    │   0.0000   │   0.0735   │
│       MAE        │   0.0437    │   0.0000   │   0.1661   │
│       RMSE       │   0.0693    │   0.0000   │   0.2711   │
└──────────────────┴─────────────┴────────────┴────────────┘
Info[iaw]:> Result, 0.9945729984639716, 0.8991139028923718, 0.9973518056132641, 0.9496828898546962, 0.9894691541362336, 0.8952993545999719, 0.00480720405632027, 0.07350274691290003, 0.043728559075821696, 0.1660533062889138, 0.06933400360804409, 0.2711139002576224
Info[iaw]:> The model will be saved as 
`/home/iaw/DATA2/AAReact/train/output/pt/ddg/hyper_seed_1_test_0-2/search_optuna/seed_12_test_0-2/xg
b_rdkit_soap_xtb_acsf.pkl`
[OK] Finished target=ddg search=optuna split=seed_12_test_0-2 model=xgb descriptor=rdkit_soap_xtb_acsf
[INFO] Train target=ddg hyper=seed_1_test_0-2 search=optuna split=seed_12_test_0-2 model=rf descriptor=rdkit
                           Metric                           
┏━━━━━━━━━━━━━━━━━━┳━━━━━━━━━━━━━┳━━━━━━━━━━━━┳━━━━━━━━━━━━┓
┃       name       ┃    Train    ┃   Valid    ┃    Test    ┃
┡━━━━━━━━━━━━━━━━━━╇━━━━━━━━━━━━━╇━━━━━━━━━━━━╇━━━━━━━━━━━━┩
│        R2        │   0.9609    │   0.0000   │   0.8597   │
│        R         │   0.9806    │   0.0000   │   0.9308   │
│    Spearmanr     │   0.9676    │   0.0000   │   0.8835   │
│       MSE        │   0.0346    │   0.0000   │   0.1022   │
│       MAE        │   0.0938    │   0.0000   │   0.1874   │
│       RMSE       │   0.1860    │   0.0000   │   0.3197   │
└──────────────────┴─────────────┴────────────┴────────────┘
Info[iaw]:> Result, 0.9609496477537155, 0.8597163416894349, 0.9805535387288673, 0.9307780051791972, 0.9675845019504613, 0.8835014856172659, 0.034590558059147715, 0.1022066917884323, 0.09379564945010886, 0.1874349397196926, 0.18598537055141653, 0.31969781323686325
Info[iaw]:> The model will be saved as 
`/home/iaw/DATA2/AAReact/train/output/pt/ddg/hyper_seed_1_test_0-2/search_optuna/seed_12_test_0-2/rf
_rdkit.pkl`
[OK] Finished target=ddg search=optuna split=seed_12_test_0-2 model=rf descriptor=rdkit
[INFO] Train target=ddg hyper=seed_1_test_0-2 search=optuna split=seed_12_test_0-2 model=rf descriptor=xtb
                           Metric                           
┏━━━━━━━━━━━━━━━━━━┳━━━━━━━━━━━━━┳━━━━━━━━━━━━┳━━━━━━━━━━━━┓
┃       name       ┃    Train    ┃   Valid    ┃    Test    ┃
┡━━━━━━━━━━━━━━━━━━╇━━━━━━━━━━━━━╇━━━━━━━━━━━━╇━━━━━━━━━━━━┩
│        R2        │   0.9881    │   0.0000   │   0.8442   │
│        R         │   0.9942    │   0.0000   │   0.9224   │
│    Spearmanr     │   0.9879    │   0.0000   │   0.8940   │
│       MSE        │   0.0105    │   0.0000   │   0.1135   │
│       MAE        │   0.0537    │   0.0000   │   0.1996   │
│       RMSE       │   0.1026    │   0.0000   │   0.3369   │
└──────────────────┴─────────────┴────────────┴────────────┘
Info[iaw]:> Result, 0.9881162365820362, 0.8442457214749068, 0.9942380594581889, 0.922444655814785, 0.9878613332409697, 0.8940368520151066, 0.010526563393787644, 0.11347814657571506, 0.05366697459250323, 0.19958596267304052, 0.10259904187558305, 0.33686517566485713
Info[iaw]:> The model will be saved as 
`/home/iaw/DATA2/AAReact/train/output/pt/ddg/hyper_seed_1_test_0-2/search_optuna/seed_12_test_0-2/rf
_xtb.pkl`
[OK] Finished target=ddg search=optuna split=seed_12_test_0-2 model=rf descriptor=xtb
[INFO] Train target=ddg hyper=seed_1_test_0-2 search=optuna split=seed_12_test_0-2 model=rf descriptor=soap
                           Metric                           
┏━━━━━━━━━━━━━━━━━━┳━━━━━━━━━━━━━┳━━━━━━━━━━━━┳━━━━━━━━━━━━┓
┃       name       ┃    Train    ┃   Valid    ┃    Test    ┃
┡━━━━━━━━━━━━━━━━━━╇━━━━━━━━━━━━━╇━━━━━━━━━━━━╇━━━━━━━━━━━━┩
│        R2        │   0.4367    │   0.0000   │   0.2254   │
│        R         │   0.6615    │   0.0000   │   0.5171   │
│    Spearmanr     │   0.5612    │   0.0000   │   0.3662   │
│       MSE        │   0.4990    │   0.0000   │   0.5643   │
│       MAE        │   0.4881    │   0.0000   │   0.5139   │
│       RMSE       │   0.7064    │   0.0000   │   0.7512   │
└──────────────────┴─────────────┴────────────┴────────────┘
Info[iaw]:> Result, 0.436697295051929, 0.22542029420446152, 0.6614911411258566, 0.517083990630351, 0.5611885474799867, 0.36620193511172067, 0.4989700169026037, 0.5643367888265064, 0.4880923195922784, 0.5138987137275003, 0.7063780976945729, 0.751223527870704
Info[iaw]:> The model will be saved as 
`/home/iaw/DATA2/AAReact/train/output/pt/ddg/hyper_seed_1_test_0-2/search_optuna/seed_12_test_0-2/rf
_soap.pkl`
[OK] Finished target=ddg search=optuna split=seed_12_test_0-2 model=rf descriptor=soap
[INFO] Train target=ddg hyper=seed_1_test_0-2 search=optuna split=seed_12_test_0-2 model=rf descriptor=acsf
                           Metric                           
┏━━━━━━━━━━━━━━━━━━┳━━━━━━━━━━━━━┳━━━━━━━━━━━━┳━━━━━━━━━━━━┓
┃       name       ┃    Train    ┃   Valid    ┃    Test    ┃
┡━━━━━━━━━━━━━━━━━━╇━━━━━━━━━━━━━╇━━━━━━━━━━━━╇━━━━━━━━━━━━┩
│        R2        │   0.9806    │   0.0000   │   0.8673   │
│        R         │   0.9906    │   0.0000   │   0.9350   │
│    Spearmanr     │   0.9796    │   0.0000   │   0.9046   │
│       MSE        │   0.0172    │   0.0000   │   0.0967   │
│       MAE        │   0.0818    │   0.0000   │   0.1855   │
│       RMSE       │   0.1310    │   0.0000   │   0.3109   │
└──────────────────┴─────────────┴────────────┴────────────┘
Info[iaw]:> Result, 0.980613493852268, 0.8673037703796465, 0.990586152837568, 0.9350440674402763, 0.9796254941096502, 0.9045939856988933, 0.017172446031673092, 0.09667870659795234, 0.08177161427502404, 0.18552873526793723, 0.13104367986161367, 0.31093199674197625
Info[iaw]:> The model will be saved as 
`/home/iaw/DATA2/AAReact/train/output/pt/ddg/hyper_seed_1_test_0-2/search_optuna/seed_12_test_0-2/rf
_acsf.pkl`
[OK] Finished target=ddg search=optuna split=seed_12_test_0-2 model=rf descriptor=acsf
[INFO] Train target=ddg hyper=seed_1_test_0-2 search=optuna split=seed_12_test_0-2 model=rf descriptor=rdkit_soap
                           Metric                           
┏━━━━━━━━━━━━━━━━━━┳━━━━━━━━━━━━━┳━━━━━━━━━━━━┳━━━━━━━━━━━━┓
┃       name       ┃    Train    ┃   Valid    ┃    Test    ┃
┡━━━━━━━━━━━━━━━━━━╇━━━━━━━━━━━━━╇━━━━━━━━━━━━╇━━━━━━━━━━━━┩
│        R2        │   0.9822    │   0.0000   │   0.8991   │
│        R         │   0.9911    │   0.0000   │   0.9496   │
│    Spearmanr     │   0.9842    │   0.0000   │   0.9114   │
│       MSE        │   0.0158    │   0.0000   │   0.0735   │
│       MAE        │   0.0642    │   0.0000   │   0.1546   │
│       RMSE       │   0.1257    │   0.0000   │   0.2712   │
└──────────────────┴─────────────┴────────────┴────────────┘
Info[iaw]:> Result, 0.9821547127985176, 0.8990748263430255, 0.9911152391256964, 0.949604707104596, 0.9842390603149314, 0.9113636116280843, 0.015807243917595457, 0.073531216977648, 0.06424736498173768, 0.15463897173943555, 0.12572686235485023, 0.27116640090108507
Info[iaw]:> The model will be saved as 
`/home/iaw/DATA2/AAReact/train/output/pt/ddg/hyper_seed_1_test_0-2/search_optuna/seed_12_test_0-2/rf
_rdkit_soap.pkl`
[OK] Finished target=ddg search=optuna split=seed_12_test_0-2 model=rf descriptor=rdkit_soap
[INFO] Train target=ddg hyper=seed_1_test_0-2 search=optuna split=seed_12_test_0-2 model=rf descriptor=soap_xtb
                           Metric                           
┏━━━━━━━━━━━━━━━━━━┳━━━━━━━━━━━━━┳━━━━━━━━━━━━┳━━━━━━━━━━━━┓
┃       name       ┃    Train    ┃   Valid    ┃    Test    ┃
┡━━━━━━━━━━━━━━━━━━╇━━━━━━━━━━━━━╇━━━━━━━━━━━━╇━━━━━━━━━━━━┩
│        R2        │   0.9797    │   0.0000   │   0.9073   │
│        R         │   0.9899    │   0.0000   │   0.9534   │
│    Spearmanr     │   0.9789    │   0.0000   │   0.8987   │
│       MSE        │   0.0180    │   0.0000   │   0.0675   │
│       MAE        │   0.0766    │   0.0000   │   0.1570   │
│       RMSE       │   0.1342    │   0.0000   │   0.2599   │
└──────────────────┴─────────────┴────────────┴────────────┘
Info[iaw]:> Result, 0.9796626834535945, 0.9072941571432832, 0.9899147787348083, 0.9534322752047099, 0.9789244537192981, 0.8986732839215944, 0.0180146679427876, 0.067542845845001, 0.0765664068822366, 0.15695491625177188, 0.1342187317135265, 0.2598900649216915
Info[iaw]:> The model will be saved as 
`/home/iaw/DATA2/AAReact/train/output/pt/ddg/hyper_seed_1_test_0-2/search_optuna/seed_12_test_0-2/rf
_soap_xtb.pkl`
[OK] Finished target=ddg search=optuna split=seed_12_test_0-2 model=rf descriptor=soap_xtb
[INFO] Train target=ddg hyper=seed_1_test_0-2 search=optuna split=seed_12_test_0-2 model=rf descriptor=rdkit_xtb
                           Metric                           
┏━━━━━━━━━━━━━━━━━━┳━━━━━━━━━━━━━┳━━━━━━━━━━━━┳━━━━━━━━━━━━┓
┃       name       ┃    Train    ┃   Valid    ┃    Test    ┃
┡━━━━━━━━━━━━━━━━━━╇━━━━━━━━━━━━━╇━━━━━━━━━━━━╇━━━━━━━━━━━━┩
│        R2        │   0.9761    │   0.0000   │   0.8507   │
│        R         │   0.9900    │   0.0000   │   0.9310   │
│    Spearmanr     │   0.9768    │   0.0000   │   0.8607   │
│       MSE        │   0.0212    │   0.0000   │   0.1088   │
│       MAE        │   0.0941    │   0.0000   │   0.2338   │
│       RMSE       │   0.1455    │   0.0000   │   0.3299   │
└──────────────────┴─────────────┴────────────┴────────────┘
Info[iaw]:> Result, 0.9761097241865625, 0.8506629805071925, 0.9899899696944394, 0.9310385021634764, 0.97675517705686, 0.8607329045178004, 0.02116185706499971, 0.10880271378519482, 0.09413120389636714, 0.23383038579220516, 0.14547115543983183, 0.32985256370868915
Info[iaw]:> The model will be saved as 
`/home/iaw/DATA2/AAReact/train/output/pt/ddg/hyper_seed_1_test_0-2/search_optuna/seed_12_test_0-2/rf
_rdkit_xtb.pkl`
[OK] Finished target=ddg search=optuna split=seed_12_test_0-2 model=rf descriptor=rdkit_xtb
[INFO] Train target=ddg hyper=seed_1_test_0-2 search=optuna split=seed_12_test_0-2 model=rf descriptor=soap_acsf
                           Metric                           
┏━━━━━━━━━━━━━━━━━━┳━━━━━━━━━━━━━┳━━━━━━━━━━━━┳━━━━━━━━━━━━┓
┃       name       ┃    Train    ┃   Valid    ┃    Test    ┃
┡━━━━━━━━━━━━━━━━━━╇━━━━━━━━━━━━━╇━━━━━━━━━━━━╇━━━━━━━━━━━━┩
│        R2        │   0.9871    │   0.0000   │   0.9137   │
│        R         │   0.9936    │   0.0000   │   0.9578   │
│    Spearmanr     │   0.9881    │   0.0000   │   0.9202   │
│       MSE        │   0.0114    │   0.0000   │   0.0629   │
│       MAE        │   0.0561    │   0.0000   │   0.1390   │
│       RMSE       │   0.1070    │   0.0000   │   0.2508   │
└──────────────────┴─────────────┴────────────┴────────────┘
Info[iaw]:> Result, 0.9870752154029996, 0.9136599258843906, 0.993577837809711, 0.9578108721951474, 0.9880639560810665, 0.9201575951502489, 0.011448693450570854, 0.06290492741918957, 0.05613933181274427, 0.13895192913444798, 0.1069985675164432, 0.25080854734077457
Info[iaw]:> The model will be saved as 
`/home/iaw/DATA2/AAReact/train/output/pt/ddg/hyper_seed_1_test_0-2/search_optuna/seed_12_test_0-2/rf
_soap_acsf.pkl`
[OK] Finished target=ddg search=optuna split=seed_12_test_0-2 model=rf descriptor=soap_acsf
[INFO] Train target=ddg hyper=seed_1_test_0-2 search=optuna split=seed_12_test_0-2 model=rf descriptor=acsf_xtb
                           Metric                           
┏━━━━━━━━━━━━━━━━━━┳━━━━━━━━━━━━━┳━━━━━━━━━━━━┳━━━━━━━━━━━━┓
┃       name       ┃    Train    ┃   Valid    ┃    Test    ┃
┡━━━━━━━━━━━━━━━━━━╇━━━━━━━━━━━━━╇━━━━━━━━━━━━╇━━━━━━━━━━━━┩
│        R2        │   0.9818    │   0.0000   │   0.8834   │
│        R         │   0.9910    │   0.0000   │   0.9423   │
│    Spearmanr     │   0.9789    │   0.0000   │   0.9159   │
│       MSE        │   0.0161    │   0.0000   │   0.0850   │
│       MAE        │   0.0716    │   0.0000   │   0.1727   │
│       RMSE       │   0.1269    │   0.0000   │   0.2915   │
└──────────────────┴─────────────┴────────────┴────────────┘
Info[iaw]:> Result, 0.9818178004256174, 0.8833584262133115, 0.9910402000903197, 0.942288335853985, 0.9788652255045006, 0.9158912071048423, 0.016105678792706277, 0.08498174003518923, 0.07160194256412734, 0.17270974238798692, 0.1269081510097215, 0.2915162774789587
Info[iaw]:> The model will be saved as 
`/home/iaw/DATA2/AAReact/train/output/pt/ddg/hyper_seed_1_test_0-2/search_optuna/seed_12_test_0-2/rf
_acsf_xtb.pkl`
[OK] Finished target=ddg search=optuna split=seed_12_test_0-2 model=rf descriptor=acsf_xtb
[INFO] Train target=ddg hyper=seed_1_test_0-2 search=optuna split=seed_12_test_0-2 model=rf descriptor=rdkit_acsf
                           Metric                           
┏━━━━━━━━━━━━━━━━━━┳━━━━━━━━━━━━━┳━━━━━━━━━━━━┳━━━━━━━━━━━━┓
┃       name       ┃    Train    ┃   Valid    ┃    Test    ┃
┡━━━━━━━━━━━━━━━━━━╇━━━━━━━━━━━━━╇━━━━━━━━━━━━╇━━━━━━━━━━━━┩
│        R2        │   0.9807    │   0.0000   │   0.9052   │
│        R         │   0.9904    │   0.0000   │   0.9532   │
│    Spearmanr     │   0.9829    │   0.0000   │   0.9101   │
│       MSE        │   0.0171    │   0.0000   │   0.0691   │
│       MAE        │   0.0699    │   0.0000   │   0.1604   │
│       RMSE       │   0.1309    │   0.0000   │   0.2629   │
└──────────────────┴─────────────┴────────────┴────────────┘
Info[iaw]:> Result, 0.9806637347343463, 0.9051687299856337, 0.9904292133765077, 0.953168240716834, 0.9829332686787519, 0.910144643615111, 0.017127942972199776, 0.06909137174628399, 0.06987769787990382, 0.16039938257990338, 0.1308737673187403, 0.26285237633752523
Info[iaw]:> The model will be saved as 
`/home/iaw/DATA2/AAReact/train/output/pt/ddg/hyper_seed_1_test_0-2/search_optuna/seed_12_test_0-2/rf
_rdkit_acsf.pkl`
[OK] Finished target=ddg search=optuna split=seed_12_test_0-2 model=rf descriptor=rdkit_acsf
[INFO] Train target=ddg hyper=seed_1_test_0-2 search=optuna split=seed_12_test_0-2 model=rf descriptor=rdkit_soap_xtb
                           Metric                           
┏━━━━━━━━━━━━━━━━━━┳━━━━━━━━━━━━━┳━━━━━━━━━━━━┳━━━━━━━━━━━━┓
┃       name       ┃    Train    ┃   Valid    ┃    Test    ┃
┡━━━━━━━━━━━━━━━━━━╇━━━━━━━━━━━━━╇━━━━━━━━━━━━╇━━━━━━━━━━━━┩
│        R2        │   0.9785    │   0.0000   │   0.8490   │
│        R         │   0.9906    │   0.0000   │   0.9297   │
│    Spearmanr     │   0.9810    │   0.0000   │   0.8767   │
│       MSE        │   0.0191    │   0.0000   │   0.1100   │
│       MAE        │   0.0840    │   0.0000   │   0.2252   │
│       RMSE       │   0.1381    │   0.0000   │   0.3317   │
└──────────────────┴─────────────┴────────────┴────────────┘
Info[iaw]:> Result, 0.9784766162385028, 0.849023643918001, 0.9905534202822324, 0.9297299922396096, 0.9809873966861641, 0.8767100924021289, 0.01906527887215721, 0.10999708789495796, 0.08401522061190124, 0.22524281374604674, 0.13807707583866777, 0.3316580888429498
Info[iaw]:> The model will be saved as 
`/home/iaw/DATA2/AAReact/train/output/pt/ddg/hyper_seed_1_test_0-2/search_optuna/seed_12_test_0-2/rf
_rdkit_soap_xtb.pkl`
[OK] Finished target=ddg search=optuna split=seed_12_test_0-2 model=rf descriptor=rdkit_soap_xtb
[INFO] Train target=ddg hyper=seed_1_test_0-2 search=optuna split=seed_12_test_0-2 model=rf descriptor=rdkit_soap_acsf
                           Metric                           
┏━━━━━━━━━━━━━━━━━━┳━━━━━━━━━━━━━┳━━━━━━━━━━━━┳━━━━━━━━━━━━┓
┃       name       ┃    Train    ┃   Valid    ┃    Test    ┃
┡━━━━━━━━━━━━━━━━━━╇━━━━━━━━━━━━━╇━━━━━━━━━━━━╇━━━━━━━━━━━━┩
│        R2        │   0.9776    │   0.0000   │   0.8410   │
│        R         │   0.9907    │   0.0000   │   0.9279   │
│    Spearmanr     │   0.9801    │   0.0000   │   0.8629   │
│       MSE        │   0.0199    │   0.0000   │   0.1158   │
│       MAE        │   0.0889    │   0.0000   │   0.2327   │
│       RMSE       │   0.1410    │   0.0000   │   0.3403   │
└──────────────────┴─────────────┴────────────┴────────────┘
Info[iaw]:> Result, 0.9775543293472556, 0.8410251766252876, 0.990665718109458, 0.9278658824138373, 0.9801388053045621, 0.8628660985405037, 0.01988223483858935, 0.11582454414475442, 0.08891199510723348, 0.23269865137097373, 0.14100437879225364, 0.34033005178025993
Info[iaw]:> The model will be saved as 
`/home/iaw/DATA2/AAReact/train/output/pt/ddg/hyper_seed_1_test_0-2/search_optuna/seed_12_test_0-2/rf
_rdkit_soap_acsf.pkl`
[OK] Finished target=ddg search=optuna split=seed_12_test_0-2 model=rf descriptor=rdkit_soap_acsf
[INFO] Train target=ddg hyper=seed_1_test_0-2 search=optuna split=seed_12_test_0-2 model=rf descriptor=rdkit_xtb_acsf
                           Metric                           
┏━━━━━━━━━━━━━━━━━━┳━━━━━━━━━━━━━┳━━━━━━━━━━━━┳━━━━━━━━━━━━┓
┃       name       ┃    Train    ┃   Valid    ┃    Test    ┃
┡━━━━━━━━━━━━━━━━━━╇━━━━━━━━━━━━━╇━━━━━━━━━━━━╇━━━━━━━━━━━━┩
│        R2        │   0.9787    │   0.0000   │   0.8471   │
│        R         │   0.9912    │   0.0000   │   0.9304   │
│    Spearmanr     │   0.9817    │   0.0000   │   0.8797   │
│       MSE        │   0.0189    │   0.0000   │   0.1114   │
│       MAE        │   0.0852    │   0.0000   │   0.2259   │
│       RMSE       │   0.1375    │   0.0000   │   0.3338   │
└──────────────────┴─────────────┴────────────┴────────────┘
Info[iaw]:> Result, 0.9786642477812197, 0.8470900548236062, 0.9911795142263885, 0.9303582695811002, 0.9817331180104861, 0.8796704432907785, 0.01889907602381559, 0.11140584602827364, 0.08518847500979906, 0.22586031775812596, 0.13747391033870968, 0.33377514291551674
Info[iaw]:> The model will be saved as 
`/home/iaw/DATA2/AAReact/train/output/pt/ddg/hyper_seed_1_test_0-2/search_optuna/seed_12_test_0-2/rf
_rdkit_xtb_acsf.pkl`
[OK] Finished target=ddg search=optuna split=seed_12_test_0-2 model=rf descriptor=rdkit_xtb_acsf
[INFO] Train target=ddg hyper=seed_1_test_0-2 search=optuna split=seed_12_test_0-2 model=rf descriptor=soap_xtb_acsf
                           Metric                           
┏━━━━━━━━━━━━━━━━━━┳━━━━━━━━━━━━━┳━━━━━━━━━━━━┳━━━━━━━━━━━━┓
┃       name       ┃    Train    ┃   Valid    ┃    Test    ┃
┡━━━━━━━━━━━━━━━━━━╇━━━━━━━━━━━━━╇━━━━━━━━━━━━╇━━━━━━━━━━━━┩
│        R2        │   0.9767    │   0.0000   │   0.9141   │
│        R         │   0.9884    │   0.0000   │   0.9579   │
│    Spearmanr     │   0.9764    │   0.0000   │   0.9098   │
│       MSE        │   0.0206    │   0.0000   │   0.0626   │
│       MAE        │   0.0848    │   0.0000   │   0.1468   │
│       RMSE       │   0.1436    │   0.0000   │   0.2502   │
└──────────────────┴─────────────┴────────────┴────────────┘
Info[iaw]:> Result, 0.976724398118307, 0.9140601691071948, 0.9884263683417416, 0.957937694530433, 0.9764192041425114, 0.9098181343259217, 0.020617382736334035, 0.06261332156711671, 0.08484953389142878, 0.1467696924887028, 0.14358754380632754, 0.25022654049304344
Info[iaw]:> The model will be saved as 
`/home/iaw/DATA2/AAReact/train/output/pt/ddg/hyper_seed_1_test_0-2/search_optuna/seed_12_test_0-2/rf
_soap_xtb_acsf.pkl`
[OK] Finished target=ddg search=optuna split=seed_12_test_0-2 model=rf descriptor=soap_xtb_acsf
[INFO] Train target=ddg hyper=seed_1_test_0-2 search=optuna split=seed_12_test_0-2 model=rf descriptor=rdkit_soap_xtb_acsf
                           Metric                           
┏━━━━━━━━━━━━━━━━━━┳━━━━━━━━━━━━━┳━━━━━━━━━━━━┳━━━━━━━━━━━━┓
┃       name       ┃    Train    ┃   Valid    ┃    Test    ┃
┡━━━━━━━━━━━━━━━━━━╇━━━━━━━━━━━━━╇━━━━━━━━━━━━╇━━━━━━━━━━━━┩
│        R2        │   0.9787    │   0.0000   │   0.8545   │
│        R         │   0.9909    │   0.0000   │   0.9324   │
│    Spearmanr     │   0.9808    │   0.0000   │   0.8686   │
│       MSE        │   0.0189    │   0.0000   │   0.1060   │
│       MAE        │   0.0873    │   0.0000   │   0.2231   │
│       RMSE       │   0.1374    │   0.0000   │   0.3256   │
└──────────────────┴─────────────┴────────────┴────────────┘
Info[iaw]:> Result, 0.9786961347946163, 0.8545207514788996, 0.9908783425184634, 0.9323607684128843, 0.9807878911205303, 0.868569127458343, 0.018870830706557783, 0.10599205134992576, 0.08725219760266634, 0.22312179559780013, 0.1373711421899002, 0.3255642046508273
Info[iaw]:> The model will be saved as 
`/home/iaw/DATA2/AAReact/train/output/pt/ddg/hyper_seed_1_test_0-2/search_optuna/seed_12_test_0-2/rf
_rdkit_soap_xtb_acsf.pkl`
[OK] Finished target=ddg search=optuna split=seed_12_test_0-2 model=rf descriptor=rdkit_soap_xtb_acsf
[INFO] Train target=ddg hyper=seed_1_test_0-2 search=optuna split=seed_12_test_0-3 model=lgb descriptor=rdkit
                           Metric                           
┏━━━━━━━━━━━━━━━━━━┳━━━━━━━━━━━━━┳━━━━━━━━━━━━┳━━━━━━━━━━━━┓
┃       name       ┃    Train    ┃   Valid    ┃    Test    ┃
┡━━━━━━━━━━━━━━━━━━╇━━━━━━━━━━━━━╇━━━━━━━━━━━━╇━━━━━━━━━━━━┩
│        R2        │   0.9618    │   0.0000   │   0.8454   │
│        R         │   0.9812    │   0.0000   │   0.9233   │
│    Spearmanr     │   0.9706    │   0.0000   │   0.8713   │
│       MSE        │   0.0336    │   0.0000   │   0.1234   │
│       MAE        │   0.0830    │   0.0000   │   0.2122   │
│       RMSE       │   0.1832    │   0.0000   │   0.3513   │
└──────────────────┴─────────────┴────────────┴────────────┘
Info[iaw]:> Result, 0.9618464648632445, 0.8454022478889518, 0.9811773794007272, 0.9232875686626468, 0.9705547232604312, 0.8712901935999794, 0.033558710922394194, 0.12341860856159957, 0.08304793128473154, 0.2121842175873711, 0.1831903679847666, 0.35130984694653744
Info[iaw]:> The model will be saved as 
`/home/iaw/DATA2/AAReact/train/output/pt/ddg/hyper_seed_1_test_0-2/search_optuna/seed_12_test_0-3/lg
b_rdkit.pkl`
[OK] Finished target=ddg search=optuna split=seed_12_test_0-3 model=lgb descriptor=rdkit
[INFO] Train target=ddg hyper=seed_1_test_0-2 search=optuna split=seed_12_test_0-3 model=lgb descriptor=xtb
                           Metric                           
┏━━━━━━━━━━━━━━━━━━┳━━━━━━━━━━━━━┳━━━━━━━━━━━━┳━━━━━━━━━━━━┓
┃       name       ┃    Train    ┃   Valid    ┃    Test    ┃
┡━━━━━━━━━━━━━━━━━━╇━━━━━━━━━━━━━╇━━━━━━━━━━━━╇━━━━━━━━━━━━┩
│        R2        │   0.9634    │   0.0000   │   0.7768   │
│        R         │   0.9821    │   0.0000   │   0.8854   │
│    Spearmanr     │   0.9650    │   0.0000   │   0.8240   │
│       MSE        │   0.0322    │   0.0000   │   0.1782   │
│       MAE        │   0.1249    │   0.0000   │   0.3077   │
│       RMSE       │   0.1794    │   0.0000   │   0.4221   │
└──────────────────┴─────────────┴────────────┴────────────┘
Info[iaw]:> Result, 0.9634264436412717, 0.7767695748031073, 0.9820649422277945, 0.8853707643219032, 0.9649582441279995, 0.8240381266848099, 0.032169008739220774, 0.1782095023388496, 0.12487301091377818, 0.3076618618616848, 0.17935720988915047, 0.4221486732643484
Info[iaw]:> The model will be saved as 
`/home/iaw/DATA2/AAReact/train/output/pt/ddg/hyper_seed_1_test_0-2/search_optuna/seed_12_test_0-3/lg
b_xtb.pkl`
[OK] Finished target=ddg search=optuna split=seed_12_test_0-3 model=lgb descriptor=xtb
[INFO] Train target=ddg hyper=seed_1_test_0-2 search=optuna split=seed_12_test_0-3 model=lgb descriptor=soap
                           Metric                           
┏━━━━━━━━━━━━━━━━━━┳━━━━━━━━━━━━━┳━━━━━━━━━━━━┳━━━━━━━━━━━━┓
┃       name       ┃    Train    ┃   Valid    ┃    Test    ┃
┡━━━━━━━━━━━━━━━━━━╇━━━━━━━━━━━━━╇━━━━━━━━━━━━╇━━━━━━━━━━━━┩
│        R2        │   0.4859    │   0.0000   │   0.3239   │
│        R         │   0.7005    │   0.0000   │   0.5763   │
│    Spearmanr     │   0.6295    │   0.0000   │   0.5103   │
│       MSE        │   0.4522    │   0.0000   │   0.5397   │
│       MAE        │   0.4941    │   0.0000   │   0.5504   │
│       RMSE       │   0.6725    │   0.0000   │   0.7347   │
└──────────────────┴─────────────┴────────────┴────────────┘
Info[iaw]:> Result, 0.4858949128414919, 0.32392363817246583, 0.7004722696058931, 0.5762552824952646, 0.6294815636550255, 0.5103249022971457, 0.4521914926584119, 0.5397258544756021, 0.49410679596004237, 0.5504498967816109, 0.6724518515540068, 0.7346603667516045
Info[iaw]:> The model will be saved as 
`/home/iaw/DATA2/AAReact/train/output/pt/ddg/hyper_seed_1_test_0-2/search_optuna/seed_12_test_0-3/lg
b_soap.pkl`
[OK] Finished target=ddg search=optuna split=seed_12_test_0-3 model=lgb descriptor=soap
[INFO] Train target=ddg hyper=seed_1_test_0-2 search=optuna split=seed_12_test_0-3 model=lgb descriptor=acsf
                           Metric                           
┏━━━━━━━━━━━━━━━━━━┳━━━━━━━━━━━━━┳━━━━━━━━━━━━┳━━━━━━━━━━━━┓
┃       name       ┃    Train    ┃   Valid    ┃    Test    ┃
┡━━━━━━━━━━━━━━━━━━╇━━━━━━━━━━━━━╇━━━━━━━━━━━━╇━━━━━━━━━━━━┩
│        R2        │   0.9799    │   0.0000   │   0.8064   │
│        R         │   0.9901    │   0.0000   │   0.9016   │
│    Spearmanr     │   0.9810    │   0.0000   │   0.8404   │
│       MSE        │   0.0177    │   0.0000   │   0.1546   │
│       MAE        │   0.0834    │   0.0000   │   0.2521   │
│       RMSE       │   0.1330    │   0.0000   │   0.3932   │
└──────────────────┴─────────────┴────────────┴────────────┘
Info[iaw]:> Result, 0.9798780773591603, 0.8063647165508294, 0.99014982587436, 0.9015642642815154, 0.9809830643781718, 0.8404315693077608, 0.01769864267324985, 0.15458308368262297, 0.08341875247860517, 0.2520869796804845, 0.13303624571239916, 0.3931705529189883
Info[iaw]:> The model will be saved as 
`/home/iaw/DATA2/AAReact/train/output/pt/ddg/hyper_seed_1_test_0-2/search_optuna/seed_12_test_0-3/lg
b_acsf.pkl`
[OK] Finished target=ddg search=optuna split=seed_12_test_0-3 model=lgb descriptor=acsf
[INFO] Train target=ddg hyper=seed_1_test_0-2 search=optuna split=seed_12_test_0-3 model=lgb descriptor=rdkit_soap
                           Metric                           
┏━━━━━━━━━━━━━━━━━━┳━━━━━━━━━━━━━┳━━━━━━━━━━━━┳━━━━━━━━━━━━┓
┃       name       ┃    Train    ┃   Valid    ┃    Test    ┃
┡━━━━━━━━━━━━━━━━━━╇━━━━━━━━━━━━━╇━━━━━━━━━━━━╇━━━━━━━━━━━━┩
│        R2        │   0.9870    │   0.0000   │   0.8892   │
│        R         │   0.9938    │   0.0000   │   0.9460   │
│    Spearmanr     │   0.9861    │   0.0000   │   0.8967   │
│       MSE        │   0.0114    │   0.0000   │   0.0884   │
│       MAE        │   0.0628    │   0.0000   │   0.1883   │
│       RMSE       │   0.1070    │   0.0000   │   0.2973   │
└──────────────────┴─────────────┴────────────┴────────────┘
Info[iaw]:> Result, 0.9869827148517768, 0.8892475699048564, 0.9937714978423742, 0.9459710403077366, 0.986142545371604, 0.8966671395957746, 0.01144961555247241, 0.08841597390976298, 0.06276256554532118, 0.18826092911246073, 0.10700287637476111, 0.29734823676921807
Info[iaw]:> The model will be saved as 
`/home/iaw/DATA2/AAReact/train/output/pt/ddg/hyper_seed_1_test_0-2/search_optuna/seed_12_test_0-3/lg
b_rdkit_soap.pkl`
[OK] Finished target=ddg search=optuna split=seed_12_test_0-3 model=lgb descriptor=rdkit_soap
[INFO] Train target=ddg hyper=seed_1_test_0-2 search=optuna split=seed_12_test_0-3 model=lgb descriptor=soap_xtb
                           Metric                           
┏━━━━━━━━━━━━━━━━━━┳━━━━━━━━━━━━━┳━━━━━━━━━━━━┳━━━━━━━━━━━━┓
┃       name       ┃    Train    ┃   Valid    ┃    Test    ┃
┡━━━━━━━━━━━━━━━━━━╇━━━━━━━━━━━━━╇━━━━━━━━━━━━╇━━━━━━━━━━━━┩
│        R2        │   0.9878    │   0.0000   │   0.8663   │
│        R         │   0.9941    │   0.0000   │   0.9326   │
│    Spearmanr     │   0.9886    │   0.0000   │   0.8740   │
│       MSE        │   0.0108    │   0.0000   │   0.1068   │
│       MAE        │   0.0580    │   0.0000   │   0.2044   │
│       RMSE       │   0.1038    │   0.0000   │   0.3268   │
└──────────────────┴─────────────┴────────────┴────────────┘
Info[iaw]:> Result, 0.9877515618656599, 0.8662545301381984, 0.9941185314426998, 0.9325677604299613, 0.9886209416972945, 0.8740439308147708, 0.010773360663116315, 0.10677179691399448, 0.05795647972409103, 0.20439494640402192, 0.10379480075185035, 0.32675953989745193
Info[iaw]:> The model will be saved as 
`/home/iaw/DATA2/AAReact/train/output/pt/ddg/hyper_seed_1_test_0-2/search_optuna/seed_12_test_0-3/lg
b_soap_xtb.pkl`
[OK] Finished target=ddg search=optuna split=seed_12_test_0-3 model=lgb descriptor=soap_xtb
[INFO] Train target=ddg hyper=seed_1_test_0-2 search=optuna split=seed_12_test_0-3 model=lgb descriptor=rdkit_xtb
                           Metric                           
┏━━━━━━━━━━━━━━━━━━┳━━━━━━━━━━━━━┳━━━━━━━━━━━━┳━━━━━━━━━━━━┓
┃       name       ┃    Train    ┃   Valid    ┃    Test    ┃
┡━━━━━━━━━━━━━━━━━━╇━━━━━━━━━━━━━╇━━━━━━━━━━━━╇━━━━━━━━━━━━┩
│        R2        │   0.9834    │   0.0000   │   0.8582   │
│        R         │   0.9921    │   0.0000   │   0.9302   │
│    Spearmanr     │   0.9847    │   0.0000   │   0.8731   │
│       MSE        │   0.0146    │   0.0000   │   0.1132   │
│       MAE        │   0.0746    │   0.0000   │   0.2198   │
│       RMSE       │   0.1208    │   0.0000   │   0.3364   │
└──────────────────┴─────────────┴────────────┴────────────┘
Info[iaw]:> Result, 0.9834155057656702, 0.858215221818713, 0.9921312035428936, 0.9302153967348302, 0.9846962525984023, 0.8730959229211541, 0.014587226211387878, 0.11318974434880504, 0.07461132231087793, 0.21983059540520727, 0.12077758985584983, 0.3364368356003918
Info[iaw]:> The model will be saved as 
`/home/iaw/DATA2/AAReact/train/output/pt/ddg/hyper_seed_1_test_0-2/search_optuna/seed_12_test_0-3/lg
b_rdkit_xtb.pkl`
[OK] Finished target=ddg search=optuna split=seed_12_test_0-3 model=lgb descriptor=rdkit_xtb
[INFO] Train target=ddg hyper=seed_1_test_0-2 search=optuna split=seed_12_test_0-3 model=lgb descriptor=soap_acsf
                           Metric                           
┏━━━━━━━━━━━━━━━━━━┳━━━━━━━━━━━━━┳━━━━━━━━━━━━┳━━━━━━━━━━━━┓
┃       name       ┃    Train    ┃   Valid    ┃    Test    ┃
┡━━━━━━━━━━━━━━━━━━╇━━━━━━━━━━━━━╇━━━━━━━━━━━━╇━━━━━━━━━━━━┩
│        R2        │   0.9918    │   0.0000   │   0.8468   │
│        R         │   0.9960    │   0.0000   │   0.9202   │
│    Spearmanr     │   0.9895    │   0.0000   │   0.8565   │
│       MSE        │   0.0072    │   0.0000   │   0.1223   │
│       MAE        │   0.0504    │   0.0000   │   0.2074   │
│       RMSE       │   0.0848    │   0.0000   │   0.3497   │
└──────────────────┴─────────────┴────────────┴────────────┘
Info[iaw]:> Result, 0.9918290441138822, 0.8468326172150585, 0.9959588028445957, 0.92024835699693, 0.9895390006583483, 0.8565412544659555, 0.007186928958457174, 0.12227671490825277, 0.050445813864135505, 0.20736968640638553, 0.0847757569028857, 0.34968087581143575
Info[iaw]:> The model will be saved as 
`/home/iaw/DATA2/AAReact/train/output/pt/ddg/hyper_seed_1_test_0-2/search_optuna/seed_12_test_0-3/lg
b_soap_acsf.pkl`
[OK] Finished target=ddg search=optuna split=seed_12_test_0-3 model=lgb descriptor=soap_acsf
[INFO] Train target=ddg hyper=seed_1_test_0-2 search=optuna split=seed_12_test_0-3 model=lgb descriptor=acsf_xtb
                           Metric                           
┏━━━━━━━━━━━━━━━━━━┳━━━━━━━━━━━━━┳━━━━━━━━━━━━┳━━━━━━━━━━━━┓
┃       name       ┃    Train    ┃   Valid    ┃    Test    ┃
┡━━━━━━━━━━━━━━━━━━╇━━━━━━━━━━━━━╇━━━━━━━━━━━━╇━━━━━━━━━━━━┩
│        R2        │   0.9937    │   0.0000   │   0.8596   │
│        R         │   0.9969    │   0.0000   │   0.9280   │
│    Spearmanr     │   0.9927    │   0.0000   │   0.8686   │
│       MSE        │   0.0055    │   0.0000   │   0.1121   │
│       MAE        │   0.0437    │   0.0000   │   0.2172   │
│       RMSE       │   0.0743    │   0.0000   │   0.3348   │
└──────────────────┴─────────────┴────────────┴────────────┘
Info[iaw]:> Result, 0.9937170057248248, 0.8595704148068785, 0.9968969315664802, 0.9280256839249096, 0.9926949255340657, 0.8685751505849273, 0.0055263342663243184, 0.11210786553331181, 0.04367139883384766, 0.21724640731538541, 0.07433931844134918, 0.33482512679503584
Info[iaw]:> The model will be saved as 
`/home/iaw/DATA2/AAReact/train/output/pt/ddg/hyper_seed_1_test_0-2/search_optuna/seed_12_test_0-3/lg
b_acsf_xtb.pkl`
[OK] Finished target=ddg search=optuna split=seed_12_test_0-3 model=lgb descriptor=acsf_xtb
[INFO] Train target=ddg hyper=seed_1_test_0-2 search=optuna split=seed_12_test_0-3 model=lgb descriptor=rdkit_acsf
                           Metric                           
┏━━━━━━━━━━━━━━━━━━┳━━━━━━━━━━━━━┳━━━━━━━━━━━━┳━━━━━━━━━━━━┓
┃       name       ┃    Train    ┃   Valid    ┃    Test    ┃
┡━━━━━━━━━━━━━━━━━━╇━━━━━━━━━━━━━╇━━━━━━━━━━━━╇━━━━━━━━━━━━┩
│        R2        │   0.9712    │   0.0000   │   0.8506   │
│        R         │   0.9866    │   0.0000   │   0.9289   │
│    Spearmanr     │   0.9741    │   0.0000   │   0.8607   │
│       MSE        │   0.0253    │   0.0000   │   0.1193   │
│       MAE        │   0.0996    │   0.0000   │   0.2299   │
│       RMSE       │   0.1592    │   0.0000   │   0.3454   │
└──────────────────┴─────────────┴────────────┴────────────┘
Info[iaw]:> Result, 0.9711992648270628, 0.8505738849576743, 0.986607661871573, 0.9288647530995368, 0.974091142363937, 0.8606879828713676, 0.02533226718197157, 0.11928998287143537, 0.09955793601473434, 0.22985676512860298, 0.15916113590312042, 0.3453838196433576
Info[iaw]:> The model will be saved as 
`/home/iaw/DATA2/AAReact/train/output/pt/ddg/hyper_seed_1_test_0-2/search_optuna/seed_12_test_0-3/lg
b_rdkit_acsf.pkl`
[OK] Finished target=ddg search=optuna split=seed_12_test_0-3 model=lgb descriptor=rdkit_acsf
[INFO] Train target=ddg hyper=seed_1_test_0-2 search=optuna split=seed_12_test_0-3 model=lgb descriptor=rdkit_soap_xtb
                           Metric                           
┏━━━━━━━━━━━━━━━━━━┳━━━━━━━━━━━━━┳━━━━━━━━━━━━┳━━━━━━━━━━━━┓
┃       name       ┃    Train    ┃   Valid    ┃    Test    ┃
┡━━━━━━━━━━━━━━━━━━╇━━━━━━━━━━━━━╇━━━━━━━━━━━━╇━━━━━━━━━━━━┩
│        R2        │   0.9857    │   0.0000   │   0.8591   │
│        R         │   0.9930    │   0.0000   │   0.9280   │
│    Spearmanr     │   0.9850    │   0.0000   │   0.8565   │
│       MSE        │   0.0126    │   0.0000   │   0.1125   │
│       MAE        │   0.0705    │   0.0000   │   0.2129   │
│       RMSE       │   0.1122    │   0.0000   │   0.3354   │
└──────────────────┴─────────────┴────────────┴────────────┘
Info[iaw]:> Result, 0.985697318803242, 0.8591026722864356, 0.9929967013872057, 0.9280335052357609, 0.9850119487628753, 0.8565348054326657, 0.012580211557769215, 0.11248127413886967, 0.07050791805965362, 0.21288438714062213, 0.1121615422405078, 0.33538228059763336
Info[iaw]:> The model will be saved as 
`/home/iaw/DATA2/AAReact/train/output/pt/ddg/hyper_seed_1_test_0-2/search_optuna/seed_12_test_0-3/lg
b_rdkit_soap_xtb.pkl`
[OK] Finished target=ddg search=optuna split=seed_12_test_0-3 model=lgb descriptor=rdkit_soap_xtb
[INFO] Train target=ddg hyper=seed_1_test_0-2 search=optuna split=seed_12_test_0-3 model=lgb descriptor=rdkit_soap_acsf
                           Metric                           
┏━━━━━━━━━━━━━━━━━━┳━━━━━━━━━━━━━┳━━━━━━━━━━━━┳━━━━━━━━━━━━┓
┃       name       ┃    Train    ┃   Valid    ┃    Test    ┃
┡━━━━━━━━━━━━━━━━━━╇━━━━━━━━━━━━━╇━━━━━━━━━━━━╇━━━━━━━━━━━━┩
│        R2        │   0.9922    │   0.0000   │   0.8682   │
│        R         │   0.9962    │   0.0000   │   0.9326   │
│    Spearmanr     │   0.9880    │   0.0000   │   0.8610   │
│       MSE        │   0.0069    │   0.0000   │   0.1052   │
│       MAE        │   0.0486    │   0.0000   │   0.2059   │
│       RMSE       │   0.0828    │   0.0000   │   0.3244   │
└──────────────────┴─────────────┴────────────┴────────────┘
Info[iaw]:> Result, 0.9922002807271292, 0.8682144450295353, 0.9962254957227576, 0.932597554539115, 0.9879527440683853, 0.8609975364692832, 0.006860400311947551, 0.10520715599596739, 0.04857668117993679, 0.205933675843491, 0.08282753353775271, 0.32435652605731147
Info[iaw]:> The model will be saved as 
`/home/iaw/DATA2/AAReact/train/output/pt/ddg/hyper_seed_1_test_0-2/search_optuna/seed_12_test_0-3/lg
b_rdkit_soap_acsf.pkl`
[OK] Finished target=ddg search=optuna split=seed_12_test_0-3 model=lgb descriptor=rdkit_soap_acsf
[INFO] Train target=ddg hyper=seed_1_test_0-2 search=optuna split=seed_12_test_0-3 model=lgb descriptor=rdkit_xtb_acsf
                           Metric                           
┏━━━━━━━━━━━━━━━━━━┳━━━━━━━━━━━━━┳━━━━━━━━━━━━┳━━━━━━━━━━━━┓
┃       name       ┃    Train    ┃   Valid    ┃    Test    ┃
┡━━━━━━━━━━━━━━━━━━╇━━━━━━━━━━━━━╇━━━━━━━━━━━━╇━━━━━━━━━━━━┩
│        R2        │   0.9854    │   0.0000   │   0.8572   │
│        R         │   0.9929    │   0.0000   │   0.9291   │
│    Spearmanr     │   0.9836    │   0.0000   │   0.8693   │
│       MSE        │   0.0129    │   0.0000   │   0.1140   │
│       MAE        │   0.0685    │   0.0000   │   0.2238   │
│       RMSE       │   0.1134    │   0.0000   │   0.3376   │
└──────────────────┴─────────────┴────────────┴────────────┘
Info[iaw]:> Result, 0.9853867856177553, 0.8572443331427162, 0.9928835677919166, 0.9291137405272035, 0.9836340827445349, 0.869310340379977, 0.012853347280742299, 0.11396482501992415, 0.06854056540654628, 0.2237895347320993, 0.11337260374862305, 0.3375867666540324
Info[iaw]:> The model will be saved as 
`/home/iaw/DATA2/AAReact/train/output/pt/ddg/hyper_seed_1_test_0-2/search_optuna/seed_12_test_0-3/lg
b_rdkit_xtb_acsf.pkl`
[OK] Finished target=ddg search=optuna split=seed_12_test_0-3 model=lgb descriptor=rdkit_xtb_acsf
[INFO] Train target=ddg hyper=seed_1_test_0-2 search=optuna split=seed_12_test_0-3 model=lgb descriptor=soap_xtb_acsf
                           Metric                           
┏━━━━━━━━━━━━━━━━━━┳━━━━━━━━━━━━━┳━━━━━━━━━━━━┳━━━━━━━━━━━━┓
┃       name       ┃    Train    ┃   Valid    ┃    Test    ┃
┡━━━━━━━━━━━━━━━━━━╇━━━━━━━━━━━━━╇━━━━━━━━━━━━╇━━━━━━━━━━━━┩
│        R2        │   0.9923    │   0.0000   │   0.8552   │
│        R         │   0.9962    │   0.0000   │   0.9251   │
│    Spearmanr     │   0.9909    │   0.0000   │   0.8569   │
│       MSE        │   0.0068    │   0.0000   │   0.1156   │
│       MAE        │   0.0482    │   0.0000   │   0.2137   │
│       RMSE       │   0.0826    │   0.0000   │   0.3400   │
└──────────────────┴─────────────┴────────────┴────────────┘
Info[iaw]:> Result, 0.9922506015162901, 0.8551888373879897, 0.9962113364812036, 0.9250993030550151, 0.9908971680654408, 0.8569088493634804, 0.006816139647482657, 0.11560577013386343, 0.04821169335924688, 0.21368764711424665, 0.08255991550069959, 0.3400084853850907
Info[iaw]:> The model will be saved as 
`/home/iaw/DATA2/AAReact/train/output/pt/ddg/hyper_seed_1_test_0-2/search_optuna/seed_12_test_0-3/lg
b_soap_xtb_acsf.pkl`
[OK] Finished target=ddg search=optuna split=seed_12_test_0-3 model=lgb descriptor=soap_xtb_acsf
[INFO] Train target=ddg hyper=seed_1_test_0-2 search=optuna split=seed_12_test_0-3 model=lgb descriptor=rdkit_soap_xtb_acsf
                           Metric                           
┏━━━━━━━━━━━━━━━━━━┳━━━━━━━━━━━━━┳━━━━━━━━━━━━┳━━━━━━━━━━━━┓
┃       name       ┃    Train    ┃   Valid    ┃    Test    ┃
┡━━━━━━━━━━━━━━━━━━╇━━━━━━━━━━━━━╇━━━━━━━━━━━━╇━━━━━━━━━━━━┩
│        R2        │   0.9899    │   0.0000   │   0.8740   │
│        R         │   0.9952    │   0.0000   │   0.9367   │
│    Spearmanr     │   0.9888    │   0.0000   │   0.8794   │
│       MSE        │   0.0089    │   0.0000   │   0.1006   │
│       MAE        │   0.0522    │   0.0000   │   0.1881   │
│       RMSE       │   0.0942    │   0.0000   │   0.3171   │
└──────────────────┴─────────────┴────────────┴────────────┘
Info[iaw]:> Result, 0.9899202071729455, 0.8740334246585704, 0.9951617408754807, 0.9366769050712364, 0.9887764570492518, 0.8793643832789465, 0.008865884967887922, 0.10056174324411879, 0.05222961202006648, 0.18810207332749215, 0.09415882841182723, 0.317114716221305
Info[iaw]:> The model will be saved as 
`/home/iaw/DATA2/AAReact/train/output/pt/ddg/hyper_seed_1_test_0-2/search_optuna/seed_12_test_0-3/lg
b_rdkit_soap_xtb_acsf.pkl`
[OK] Finished target=ddg search=optuna split=seed_12_test_0-3 model=lgb descriptor=rdkit_soap_xtb_acsf
[INFO] Train target=ddg hyper=seed_1_test_0-2 search=optuna split=seed_12_test_0-3 model=xgb descriptor=rdkit
                           Metric                           
┏━━━━━━━━━━━━━━━━━━┳━━━━━━━━━━━━━┳━━━━━━━━━━━━┳━━━━━━━━━━━━┓
┃       name       ┃    Train    ┃   Valid    ┃    Test    ┃
┡━━━━━━━━━━━━━━━━━━╇━━━━━━━━━━━━━╇━━━━━━━━━━━━╇━━━━━━━━━━━━┩
│        R2        │   0.9490    │   0.0000   │   0.8476   │
│        R         │   0.9758    │   0.0000   │   0.9273   │
│    Spearmanr     │   0.9627    │   0.0000   │   0.8803   │
│       MSE        │   0.0449    │   0.0000   │   0.1216   │
│       MAE        │   0.1177    │   0.0000   │   0.2204   │
│       RMSE       │   0.2118    │   0.0000   │   0.3488   │
└──────────────────┴─────────────┴────────────┴────────────┘
Info[iaw]:> Result, 0.9489919782612647, 0.8476431274733307, 0.9758015613831024, 0.9273249716152498, 0.9627359297485317, 0.8802736969728238, 0.044865133731851144, 0.12162966767156976, 0.11774969301856796, 0.22036526417180063, 0.211813912979887, 0.3487544518304673
Info[iaw]:> The model will be saved as 
`/home/iaw/DATA2/AAReact/train/output/pt/ddg/hyper_seed_1_test_0-2/search_optuna/seed_12_test_0-3/xg
b_rdkit.pkl`
[OK] Finished target=ddg search=optuna split=seed_12_test_0-3 model=xgb descriptor=rdkit
[INFO] Train target=ddg hyper=seed_1_test_0-2 search=optuna split=seed_12_test_0-3 model=xgb descriptor=xtb
                           Metric                           
┏━━━━━━━━━━━━━━━━━━┳━━━━━━━━━━━━━┳━━━━━━━━━━━━┳━━━━━━━━━━━━┓
┃       name       ┃    Train    ┃   Valid    ┃    Test    ┃
┡━━━━━━━━━━━━━━━━━━╇━━━━━━━━━━━━━╇━━━━━━━━━━━━╇━━━━━━━━━━━━┩
│        R2        │   0.9839    │   0.0000   │   0.8341   │
│        R         │   0.9921    │   0.0000   │   0.9164   │
│    Spearmanr     │   0.9854    │   0.0000   │   0.8476   │
│       MSE        │   0.0141    │   0.0000   │   0.1325   │
│       MAE        │   0.0748    │   0.0000   │   0.2451   │
│       RMSE       │   0.1189    │   0.0000   │   0.3640   │
└──────────────────┴─────────────┴────────────┴────────────┘
Info[iaw]:> Result, 0.983922227897228, 0.8340599707877897, 0.9921392782705659, 0.9164296554462263, 0.9854245828300684, 0.8475899962595607, 0.014141528546152447, 0.13247338483506055, 0.07477839765895004, 0.2451217253525834, 0.11891815902608166, 0.36396893388730384
Info[iaw]:> The model will be saved as 
`/home/iaw/DATA2/AAReact/train/output/pt/ddg/hyper_seed_1_test_0-2/search_optuna/seed_12_test_0-3/xg
b_xtb.pkl`
[OK] Finished target=ddg search=optuna split=seed_12_test_0-3 model=xgb descriptor=xtb
[INFO] Train target=ddg hyper=seed_1_test_0-2 search=optuna split=seed_12_test_0-3 model=xgb descriptor=soap
                           Metric                           
┏━━━━━━━━━━━━━━━━━━┳━━━━━━━━━━━━━┳━━━━━━━━━━━━┳━━━━━━━━━━━━┓
┃       name       ┃    Train    ┃   Valid    ┃    Test    ┃
┡━━━━━━━━━━━━━━━━━━╇━━━━━━━━━━━━━╇━━━━━━━━━━━━╇━━━━━━━━━━━━┩
│        R2        │   0.4891    │   0.0000   │   0.3246   │
│        R         │   0.7028    │   0.0000   │   0.5759   │
│    Spearmanr     │   0.6269    │   0.0000   │   0.5124   │
│       MSE        │   0.4494    │   0.0000   │   0.5392   │
│       MAE        │   0.4923    │   0.0000   │   0.5493   │
│       RMSE       │   0.6704    │   0.0000   │   0.7343   │
└──────────────────┴─────────────┴────────────┴────────────┘
Info[iaw]:> Result, 0.4890664786316884, 0.3246084063745168, 0.7027757424975251, 0.5759118148057325, 0.626897416890004, 0.512446634249526, 0.4494018780357285, 0.5391791897438687, 0.4923052958837014, 0.549338002145062, 0.6703744312216334, 0.734288219804641
Info[iaw]:> The model will be saved as 
`/home/iaw/DATA2/AAReact/train/output/pt/ddg/hyper_seed_1_test_0-2/search_optuna/seed_12_test_0-3/xg
b_soap.pkl`
[OK] Finished target=ddg search=optuna split=seed_12_test_0-3 model=xgb descriptor=soap
[INFO] Train target=ddg hyper=seed_1_test_0-2 search=optuna split=seed_12_test_0-3 model=xgb descriptor=acsf
                           Metric                           
┏━━━━━━━━━━━━━━━━━━┳━━━━━━━━━━━━━┳━━━━━━━━━━━━┳━━━━━━━━━━━━┓
┃       name       ┃    Train    ┃   Valid    ┃    Test    ┃
┡━━━━━━━━━━━━━━━━━━╇━━━━━━━━━━━━━╇━━━━━━━━━━━━╇━━━━━━━━━━━━┩
│        R2        │   0.9806    │   0.0000   │   0.7961   │
│        R         │   0.9905    │   0.0000   │   0.8943   │
│    Spearmanr     │   0.9823    │   0.0000   │   0.8334   │
│       MSE        │   0.0171    │   0.0000   │   0.1628   │
│       MAE        │   0.0822    │   0.0000   │   0.2632   │
│       RMSE       │   0.1306    │   0.0000   │   0.4035   │
└──────────────────┴─────────────┴────────────┴────────────┘
Info[iaw]:> Result, 0.9806105672581584, 0.7960761846952222, 0.9905141150558092, 0.8942799108432186, 0.9822925036416511, 0.8334279191549187, 0.01705436641717177, 0.16279663315809415, 0.08215018830403117, 0.26323930731712414, 0.13059236737716248, 0.40348064781113624
Info[iaw]:> The model will be saved as 
`/home/iaw/DATA2/AAReact/train/output/pt/ddg/hyper_seed_1_test_0-2/search_optuna/seed_12_test_0-3/xg
b_acsf.pkl`
[OK] Finished target=ddg search=optuna split=seed_12_test_0-3 model=xgb descriptor=acsf
[INFO] Train target=ddg hyper=seed_1_test_0-2 search=optuna split=seed_12_test_0-3 model=xgb descriptor=rdkit_soap
                           Metric                           
┏━━━━━━━━━━━━━━━━━━┳━━━━━━━━━━━━━┳━━━━━━━━━━━━┳━━━━━━━━━━━━┓
┃       name       ┃    Train    ┃   Valid    ┃    Test    ┃
┡━━━━━━━━━━━━━━━━━━╇━━━━━━━━━━━━━╇━━━━━━━━━━━━╇━━━━━━━━━━━━┩
│        R2        │   0.9881    │   0.0000   │   0.8832   │
│        R         │   0.9944    │   0.0000   │   0.9440   │
│    Spearmanr     │   0.9885    │   0.0000   │   0.8920   │
│       MSE        │   0.0105    │   0.0000   │   0.0932   │
│       MAE        │   0.0568    │   0.0000   │   0.1870   │
│       RMSE       │   0.1025    │   0.0000   │   0.3053   │
└──────────────────┴─────────────┴────────────┴────────────┘
Info[iaw]:> Result, 0.9880540564975873, 0.8832294965501406, 0.9943922078590987, 0.9439704777624986, 0.9885291876396398, 0.8920431827269092, 0.01050729541196618, 0.09322032733352531, 0.056756517275538286, 0.18704371609105822, 0.10250509944371636, 0.305320040831789
Info[iaw]:> The model will be saved as 
`/home/iaw/DATA2/AAReact/train/output/pt/ddg/hyper_seed_1_test_0-2/search_optuna/seed_12_test_0-3/xg
b_rdkit_soap.pkl`
[OK] Finished target=ddg search=optuna split=seed_12_test_0-3 model=xgb descriptor=rdkit_soap
[INFO] Train target=ddg hyper=seed_1_test_0-2 search=optuna split=seed_12_test_0-3 model=xgb descriptor=soap_xtb
                           Metric                           
┏━━━━━━━━━━━━━━━━━━┳━━━━━━━━━━━━━┳━━━━━━━━━━━━┳━━━━━━━━━━━━┓
┃       name       ┃    Train    ┃   Valid    ┃    Test    ┃
┡━━━━━━━━━━━━━━━━━━╇━━━━━━━━━━━━━╇━━━━━━━━━━━━╇━━━━━━━━━━━━┩
│        R2        │   0.9919    │   0.0000   │   0.8712   │
│        R         │   0.9960    │   0.0000   │   0.9359   │
│    Spearmanr     │   0.9909    │   0.0000   │   0.8810   │
│       MSE        │   0.0072    │   0.0000   │   0.1028   │
│       MAE        │   0.0489    │   0.0000   │   0.1947   │
│       RMSE       │   0.0847    │   0.0000   │   0.3206   │
└──────────────────┴─────────────┴────────────┴────────────┘
Info[iaw]:> Result, 0.9918521654829227, 0.8712296019497641, 0.9960476219482993, 0.9359235918443871, 0.9909018335259996, 0.8809508454682643, 0.007166592092240851, 0.10280009336660775, 0.048907833105615174, 0.19470357891850565, 0.0846557268720838, 0.3206245364388193
Info[iaw]:> The model will be saved as 
`/home/iaw/DATA2/AAReact/train/output/pt/ddg/hyper_seed_1_test_0-2/search_optuna/seed_12_test_0-3/xg
b_soap_xtb.pkl`
[OK] Finished target=ddg search=optuna split=seed_12_test_0-3 model=xgb descriptor=soap_xtb
[INFO] Train target=ddg hyper=seed_1_test_0-2 search=optuna split=seed_12_test_0-3 model=xgb descriptor=rdkit_xtb
                           Metric                           
┏━━━━━━━━━━━━━━━━━━┳━━━━━━━━━━━━━┳━━━━━━━━━━━━┳━━━━━━━━━━━━┓
┃       name       ┃    Train    ┃   Valid    ┃    Test    ┃
┡━━━━━━━━━━━━━━━━━━╇━━━━━━━━━━━━━╇━━━━━━━━━━━━╇━━━━━━━━━━━━┩
│        R2        │   0.9920    │   0.0000   │   0.8393   │
│        R         │   0.9961    │   0.0000   │   0.9177   │
│    Spearmanr     │   0.9909    │   0.0000   │   0.8616   │
│       MSE        │   0.0071    │   0.0000   │   0.1283   │
│       MAE        │   0.0493    │   0.0000   │   0.2307   │
│       RMSE       │   0.0841    │   0.0000   │   0.3581   │
└──────────────────┴─────────────┴────────────┴────────────┘
Info[iaw]:> Result, 0.9919595393352231, 0.8393418620263152, 0.9960541875165791, 0.9177442986900302, 0.9909127196006365, 0.8616295417316944, 0.007072149256025071, 0.12825674094256545, 0.04933930294869566, 0.2306888251020766, 0.084096071584974, 0.358129503032863
Info[iaw]:> The model will be saved as 
`/home/iaw/DATA2/AAReact/train/output/pt/ddg/hyper_seed_1_test_0-2/search_optuna/seed_12_test_0-3/xg
b_rdkit_xtb.pkl`
[OK] Finished target=ddg search=optuna split=seed_12_test_0-3 model=xgb descriptor=rdkit_xtb
[INFO] Train target=ddg hyper=seed_1_test_0-2 search=optuna split=seed_12_test_0-3 model=xgb descriptor=soap_acsf
                           Metric                           
┏━━━━━━━━━━━━━━━━━━┳━━━━━━━━━━━━━┳━━━━━━━━━━━━┳━━━━━━━━━━━━┓
┃       name       ┃    Train    ┃   Valid    ┃    Test    ┃
┡━━━━━━━━━━━━━━━━━━╇━━━━━━━━━━━━━╇━━━━━━━━━━━━╇━━━━━━━━━━━━┩
│        R2        │   0.9974    │   0.0000   │   0.8886   │
│        R         │   0.9987    │   0.0000   │   0.9455   │
│    Spearmanr     │   0.9927    │   0.0000   │   0.8921   │
│       MSE        │   0.0023    │   0.0000   │   0.0889   │
│       MAE        │   0.0318    │   0.0000   │   0.1870   │
│       RMSE       │   0.0477    │   0.0000   │   0.2982   │
└──────────────────┴─────────────┴────────────┴────────────┘
Info[iaw]:> Result, 0.9974112062238859, 0.8885837349454659, 0.9987466794628601, 0.9455289360276458, 0.9926544915425568, 0.8921141220930983, 0.002277025750272156, 0.08894592719746457, 0.031755152265629465, 0.1870288421232043, 0.047718190978621094, 0.2982380378111829
Info[iaw]:> The model will be saved as 
`/home/iaw/DATA2/AAReact/train/output/pt/ddg/hyper_seed_1_test_0-2/search_optuna/seed_12_test_0-3/xg
b_soap_acsf.pkl`
[OK] Finished target=ddg search=optuna split=seed_12_test_0-3 model=xgb descriptor=soap_acsf
[INFO] Train target=ddg hyper=seed_1_test_0-2 search=optuna split=seed_12_test_0-3 model=xgb descriptor=acsf_xtb
                           Metric                           
┏━━━━━━━━━━━━━━━━━━┳━━━━━━━━━━━━━┳━━━━━━━━━━━━┳━━━━━━━━━━━━┓
┃       name       ┃    Train    ┃   Valid    ┃    Test    ┃
┡━━━━━━━━━━━━━━━━━━╇━━━━━━━━━━━━━╇━━━━━━━━━━━━╇━━━━━━━━━━━━┩
│        R2        │   0.9917    │   0.0000   │   0.8584   │
│        R         │   0.9960    │   0.0000   │   0.9301   │
│    Spearmanr     │   0.9907    │   0.0000   │   0.8787   │
│       MSE        │   0.0073    │   0.0000   │   0.1130   │
│       MAE        │   0.0487    │   0.0000   │   0.2115   │
│       RMSE       │   0.0854    │   0.0000   │   0.3362   │
└──────────────────┴─────────────┴────────────┴────────────┘
Info[iaw]:> Result, 0.9917006385346097, 0.8584288980569383, 0.9959939675254357, 0.930145463167124, 0.9907219541022358, 0.8787452760831151, 0.007299870674085515, 0.1130191621531111, 0.04874094316784746, 0.21151084731189612, 0.08543928062715365, 0.33618322705499615
Info[iaw]:> The model will be saved as 
`/home/iaw/DATA2/AAReact/train/output/pt/ddg/hyper_seed_1_test_0-2/search_optuna/seed_12_test_0-3/xg
b_acsf_xtb.pkl`
[OK] Finished target=ddg search=optuna split=seed_12_test_0-3 model=xgb descriptor=acsf_xtb
[INFO] Train target=ddg hyper=seed_1_test_0-2 search=optuna split=seed_12_test_0-3 model=xgb descriptor=rdkit_acsf
                           Metric                           
┏━━━━━━━━━━━━━━━━━━┳━━━━━━━━━━━━━┳━━━━━━━━━━━━┳━━━━━━━━━━━━┓
┃       name       ┃    Train    ┃   Valid    ┃    Test    ┃
┡━━━━━━━━━━━━━━━━━━╇━━━━━━━━━━━━━╇━━━━━━━━━━━━╇━━━━━━━━━━━━┩
│        R2        │   0.9904    │   0.0000   │   0.8885   │
│        R         │   0.9957    │   0.0000   │   0.9467   │
│    Spearmanr     │   0.9893    │   0.0000   │   0.9062   │
│       MSE        │   0.0085    │   0.0000   │   0.0890   │
│       MAE        │   0.0553    │   0.0000   │   0.1890   │
│       RMSE       │   0.0919    │   0.0000   │   0.2983   │
└──────────────────┴─────────────┴────────────┴────────────┘
Info[iaw]:> Result, 0.9903898599189015, 0.8885276284919522, 0.9956635956629645, 0.9466515790399346, 0.9893098747064648, 0.9062181578981311, 0.008452792427997324, 0.088990718149011, 0.05525024755953189, 0.18902615522881083, 0.0919390691055621, 0.29831312098030655
Info[iaw]:> The model will be saved as 
`/home/iaw/DATA2/AAReact/train/output/pt/ddg/hyper_seed_1_test_0-2/search_optuna/seed_12_test_0-3/xg
b_rdkit_acsf.pkl`
[OK] Finished target=ddg search=optuna split=seed_12_test_0-3 model=xgb descriptor=rdkit_acsf
[INFO] Train target=ddg hyper=seed_1_test_0-2 search=optuna split=seed_12_test_0-3 model=xgb descriptor=rdkit_soap_xtb
                           Metric                           
┏━━━━━━━━━━━━━━━━━━┳━━━━━━━━━━━━━┳━━━━━━━━━━━━┳━━━━━━━━━━━━┓
┃       name       ┃    Train    ┃   Valid    ┃    Test    ┃
┡━━━━━━━━━━━━━━━━━━╇━━━━━━━━━━━━━╇━━━━━━━━━━━━╇━━━━━━━━━━━━┩
│        R2        │   0.9985    │   0.0000   │   0.8823   │
│        R         │   0.9993    │   0.0000   │   0.9419   │
│    Spearmanr     │   0.9944    │   0.0000   │   0.8809   │
│       MSE        │   0.0013    │   0.0000   │   0.0939   │
│       MAE        │   0.0210    │   0.0000   │   0.1904   │
│       RMSE       │   0.0358    │   0.0000   │   0.3065   │
└──────────────────┴─────────────┴────────────┴────────────┘
Info[iaw]:> Result, 0.9985438561088782, 0.8823197302056293, 0.9992877096499763, 0.9418614430064794, 0.9943760464887226, 0.8809314983683946, 0.0012807807121519071, 0.09394661277314223, 0.021028873129407096, 0.19040079186135606, 0.035787996760812235, 0.3065071170024315
Info[iaw]:> The model will be saved as 
`/home/iaw/DATA2/AAReact/train/output/pt/ddg/hyper_seed_1_test_0-2/search_optuna/seed_12_test_0-3/xg
b_rdkit_soap_xtb.pkl`
[OK] Finished target=ddg search=optuna split=seed_12_test_0-3 model=xgb descriptor=rdkit_soap_xtb
[INFO] Train target=ddg hyper=seed_1_test_0-2 search=optuna split=seed_12_test_0-3 model=xgb descriptor=rdkit_soap_acsf
                           Metric                           
┏━━━━━━━━━━━━━━━━━━┳━━━━━━━━━━━━━┳━━━━━━━━━━━━┳━━━━━━━━━━━━┓
┃       name       ┃    Train    ┃   Valid    ┃    Test    ┃
┡━━━━━━━━━━━━━━━━━━╇━━━━━━━━━━━━━╇━━━━━━━━━━━━╇━━━━━━━━━━━━┩
│        R2        │   0.9896    │   0.0000   │   0.8548   │
│        R         │   0.9952    │   0.0000   │   0.9289   │
│    Spearmanr     │   0.9893    │   0.0000   │   0.8772   │
│       MSE        │   0.0092    │   0.0000   │   0.1159   │
│       MAE        │   0.0525    │   0.0000   │   0.2145   │
│       RMSE       │   0.0957    │   0.0000   │   0.3405   │
└──────────────────┴─────────────┴────────────┴────────────┘
Info[iaw]:> Result, 0.989596618199697, 0.854810387563738, 0.9951838690067113, 0.9289307758197096, 0.9893451248529084, 0.8771588138937974, 0.009150504172163431, 0.11590789451847922, 0.05245915395286918, 0.21448116418835694, 0.09565826766235855, 0.34045248496446495
Info[iaw]:> The model will be saved as 
`/home/iaw/DATA2/AAReact/train/output/pt/ddg/hyper_seed_1_test_0-2/search_optuna/seed_12_test_0-3/xg
b_rdkit_soap_acsf.pkl`
[OK] Finished target=ddg search=optuna split=seed_12_test_0-3 model=xgb descriptor=rdkit_soap_acsf
[INFO] Train target=ddg hyper=seed_1_test_0-2 search=optuna split=seed_12_test_0-3 model=xgb descriptor=rdkit_xtb_acsf
                           Metric                           
┏━━━━━━━━━━━━━━━━━━┳━━━━━━━━━━━━━┳━━━━━━━━━━━━┳━━━━━━━━━━━━┓
┃       name       ┃    Train    ┃   Valid    ┃    Test    ┃
┡━━━━━━━━━━━━━━━━━━╇━━━━━━━━━━━━━╇━━━━━━━━━━━━╇━━━━━━━━━━━━┩
│        R2        │   0.9914    │   0.0000   │   0.8842   │
│        R         │   0.9960    │   0.0000   │   0.9436   │
│    Spearmanr     │   0.9918    │   0.0000   │   0.8858   │
│       MSE        │   0.0075    │   0.0000   │   0.0924   │
│       MAE        │   0.0467    │   0.0000   │   0.1852   │
│       RMSE       │   0.0868    │   0.0000   │   0.3040   │
└──────────────────┴─────────────┴────────────┴────────────┘
Info[iaw]:> Result, 0.9914244539759419, 0.8842330884253472, 0.9959673254087048, 0.9435811669503348, 0.9918416646363274, 0.885761824302537, 0.0075427943699458554, 0.09241913901668122, 0.0467497686333106, 0.18516397194024484, 0.08684926234543305, 0.30400516281254375
Info[iaw]:> The model will be saved as 
`/home/iaw/DATA2/AAReact/train/output/pt/ddg/hyper_seed_1_test_0-2/search_optuna/seed_12_test_0-3/xg
b_rdkit_xtb_acsf.pkl`
[OK] Finished target=ddg search=optuna split=seed_12_test_0-3 model=xgb descriptor=rdkit_xtb_acsf
[INFO] Train target=ddg hyper=seed_1_test_0-2 search=optuna split=seed_12_test_0-3 model=xgb descriptor=soap_xtb_acsf
                           Metric                           
┏━━━━━━━━━━━━━━━━━━┳━━━━━━━━━━━━━┳━━━━━━━━━━━━┳━━━━━━━━━━━━┓
┃       name       ┃    Train    ┃   Valid    ┃    Test    ┃
┡━━━━━━━━━━━━━━━━━━╇━━━━━━━━━━━━━╇━━━━━━━━━━━━╇━━━━━━━━━━━━┩
│        R2        │   0.9842    │   0.0000   │   0.8565   │
│        R         │   0.9924    │   0.0000   │   0.9270   │
│    Spearmanr     │   0.9843    │   0.0000   │   0.8699   │
│       MSE        │   0.0139    │   0.0000   │   0.1146   │
│       MAE        │   0.0708    │   0.0000   │   0.2086   │
│       RMSE       │   0.1178    │   0.0000   │   0.3385   │
└──────────────────┴─────────────┴────────────┴────────────┘
Info[iaw]:> Result, 0.9842355945350612, 0.8564534773858021, 0.9923519861355329, 0.9270405734258942, 0.9842945046058463, 0.8698778553094891, 0.01386590060305169, 0.11459618165841629, 0.07081869754494247, 0.20860271723580245, 0.11775355877022015, 0.3385205778950761
Info[iaw]:> The model will be saved as 
`/home/iaw/DATA2/AAReact/train/output/pt/ddg/hyper_seed_1_test_0-2/search_optuna/seed_12_test_0-3/xg
b_soap_xtb_acsf.pkl`
[OK] Finished target=ddg search=optuna split=seed_12_test_0-3 model=xgb descriptor=soap_xtb_acsf
[INFO] Train target=ddg hyper=seed_1_test_0-2 search=optuna split=seed_12_test_0-3 model=xgb descriptor=rdkit_soap_xtb_acsf
                           Metric                           
┏━━━━━━━━━━━━━━━━━━┳━━━━━━━━━━━━━┳━━━━━━━━━━━━┳━━━━━━━━━━━━┓
┃       name       ┃    Train    ┃   Valid    ┃    Test    ┃
┡━━━━━━━━━━━━━━━━━━╇━━━━━━━━━━━━━╇━━━━━━━━━━━━╇━━━━━━━━━━━━┩
│        R2        │   0.9941    │   0.0000   │   0.8731   │
│        R         │   0.9971    │   0.0000   │   0.9357   │
│    Spearmanr     │   0.9912    │   0.0000   │   0.8746   │
│       MSE        │   0.0052    │   0.0000   │   0.1013   │
│       MAE        │   0.0417    │   0.0000   │   0.1975   │
│       RMSE       │   0.0719    │   0.0000   │   0.3183   │
└──────────────────┴─────────────┴────────────┴────────────┘
Info[iaw]:> Result, 0.9941152159457907, 0.8730758665489682, 0.997148061466245, 0.9357431395358526, 0.9912382650707335, 0.8746243438108627, 0.0051760804394158635, 0.10132618184616957, 0.04168672863820466, 0.19746184628316069, 0.07194498203082592, 0.3183177372471876
Info[iaw]:> The model will be saved as 
`/home/iaw/DATA2/AAReact/train/output/pt/ddg/hyper_seed_1_test_0-2/search_optuna/seed_12_test_0-3/xg
b_rdkit_soap_xtb_acsf.pkl`
[OK] Finished target=ddg search=optuna split=seed_12_test_0-3 model=xgb descriptor=rdkit_soap_xtb_acsf
[INFO] Train target=ddg hyper=seed_1_test_0-2 search=optuna split=seed_12_test_0-3 model=rf descriptor=rdkit
                           Metric                           
┏━━━━━━━━━━━━━━━━━━┳━━━━━━━━━━━━━┳━━━━━━━━━━━━┳━━━━━━━━━━━━┓
┃       name       ┃    Train    ┃   Valid    ┃    Test    ┃
┡━━━━━━━━━━━━━━━━━━╇━━━━━━━━━━━━━╇━━━━━━━━━━━━╇━━━━━━━━━━━━┩
│        R2        │   0.9516    │   0.0000   │   0.8472   │
│        R         │   0.9758    │   0.0000   │   0.9223   │
│    Spearmanr     │   0.9636    │   0.0000   │   0.8839   │
│       MSE        │   0.0425    │   0.0000   │   0.1220   │
│       MAE        │   0.1022    │   0.0000   │   0.2106   │
│       RMSE       │   0.2062    │   0.0000   │   0.3493   │
└──────────────────┴─────────────┴────────────┴────────────┘
Info[iaw]:> Result, 0.9516374660523548, 0.8471878730646393, 0.9758447396390965, 0.9222703146570448, 0.9636062973349853, 0.8838916046484632, 0.04253824161787797, 0.12199310675716445, 0.10215566118087666, 0.21056290524874927, 0.20624800997313397, 0.3492751161436561
Info[iaw]:> The model will be saved as 
`/home/iaw/DATA2/AAReact/train/output/pt/ddg/hyper_seed_1_test_0-2/search_optuna/seed_12_test_0-3/rf
_rdkit.pkl`
[OK] Finished target=ddg search=optuna split=seed_12_test_0-3 model=rf descriptor=rdkit
[INFO] Train target=ddg hyper=seed_1_test_0-2 search=optuna split=seed_12_test_0-3 model=rf descriptor=xtb
                           Metric                           
┏━━━━━━━━━━━━━━━━━━┳━━━━━━━━━━━━━┳━━━━━━━━━━━━┳━━━━━━━━━━━━┓
┃       name       ┃    Train    ┃   Valid    ┃    Test    ┃
┡━━━━━━━━━━━━━━━━━━╇━━━━━━━━━━━━━╇━━━━━━━━━━━━╇━━━━━━━━━━━━┩
│        R2        │   0.9860    │   0.0000   │   0.8576   │
│        R         │   0.9932    │   0.0000   │   0.9302   │
│    Spearmanr     │   0.9883    │   0.0000   │   0.8766   │
│       MSE        │   0.0124    │   0.0000   │   0.1137   │
│       MAE        │   0.0572    │   0.0000   │   0.2141   │
│       RMSE       │   0.1112    │   0.0000   │   0.3371   │
└──────────────────┴─────────────┴────────────┴────────────┘
Info[iaw]:> Result, 0.9859511407383741, 0.8576289673982391, 0.9931911850284904, 0.9302363306771094, 0.9883347934496933, 0.8766428912306046, 0.012356957358221765, 0.11365776347489173, 0.05723661852800905, 0.21413589881492212, 0.11116185208164608, 0.33713167082742573
Info[iaw]:> The model will be saved as 
`/home/iaw/DATA2/AAReact/train/output/pt/ddg/hyper_seed_1_test_0-2/search_optuna/seed_12_test_0-3/rf
_xtb.pkl`
[OK] Finished target=ddg search=optuna split=seed_12_test_0-3 model=rf descriptor=xtb
[INFO] Train target=ddg hyper=seed_1_test_0-2 search=optuna split=seed_12_test_0-3 model=rf descriptor=soap
                           Metric                           
┏━━━━━━━━━━━━━━━━━━┳━━━━━━━━━━━━━┳━━━━━━━━━━━━┳━━━━━━━━━━━━┓
┃       name       ┃    Train    ┃   Valid    ┃    Test    ┃
┡━━━━━━━━━━━━━━━━━━╇━━━━━━━━━━━━━╇━━━━━━━━━━━━╇━━━━━━━━━━━━┩
│        R2        │   0.4437    │   0.0000   │   0.2998   │
│        R         │   0.6676    │   0.0000   │   0.5591   │
│    Spearmanr     │   0.5803    │   0.0000   │   0.5029   │
│       MSE        │   0.4893    │   0.0000   │   0.5590   │
│       MAE        │   0.4893    │   0.0000   │   0.5284   │
│       RMSE       │   0.6995    │   0.0000   │   0.7477   │
└──────────────────┴─────────────┴────────────┴────────────┘
Info[iaw]:> Result, 0.4437329106834895, 0.29979788942470664, 0.667565840567691, 0.5591335618389404, 0.5803413043590954, 0.5029278611136191, 0.48927593155138116, 0.5589859426741445, 0.48932391607234277, 0.528365273322431, 0.6994826170473296, 0.7476536247983717
Info[iaw]:> The model will be saved as 
`/home/iaw/DATA2/AAReact/train/output/pt/ddg/hyper_seed_1_test_0-2/search_optuna/seed_12_test_0-3/rf
_soap.pkl`
[OK] Finished target=ddg search=optuna split=seed_12_test_0-3 model=rf descriptor=soap
[INFO] Train target=ddg hyper=seed_1_test_0-2 search=optuna split=seed_12_test_0-3 model=rf descriptor=acsf
                           Metric                           
┏━━━━━━━━━━━━━━━━━━┳━━━━━━━━━━━━━┳━━━━━━━━━━━━┳━━━━━━━━━━━━┓
┃       name       ┃    Train    ┃   Valid    ┃    Test    ┃
┡━━━━━━━━━━━━━━━━━━╇━━━━━━━━━━━━━╇━━━━━━━━━━━━╇━━━━━━━━━━━━┩
│        R2        │   0.9752    │   0.0000   │   0.8490   │
│        R         │   0.9880    │   0.0000   │   0.9271   │
│    Spearmanr     │   0.9731    │   0.0000   │   0.8829   │
│       MSE        │   0.0218    │   0.0000   │   0.1205   │
│       MAE        │   0.0911    │   0.0000   │   0.2312   │
│       RMSE       │   0.1476    │   0.0000   │   0.3471   │
└──────────────────┴─────────────┴────────────┴────────────┘
Info[iaw]:> Result, 0.9752183245131314, 0.8490491385625079, 0.9880074712607974, 0.9270925642307638, 0.973101546340983, 0.8828597593220776, 0.021797222219527422, 0.12050721970658397, 0.09106166589143122, 0.2311649050278277, 0.14763882355101393, 0.3471414981050004
Info[iaw]:> The model will be saved as 
`/home/iaw/DATA2/AAReact/train/output/pt/ddg/hyper_seed_1_test_0-2/search_optuna/seed_12_test_0-3/rf
_acsf.pkl`
[OK] Finished target=ddg search=optuna split=seed_12_test_0-3 model=rf descriptor=acsf
[INFO] Train target=ddg hyper=seed_1_test_0-2 search=optuna split=seed_12_test_0-3 model=rf descriptor=rdkit_soap
                           Metric                           
┏━━━━━━━━━━━━━━━━━━┳━━━━━━━━━━━━━┳━━━━━━━━━━━━┳━━━━━━━━━━━━┓
┃       name       ┃    Train    ┃   Valid    ┃    Test    ┃
┡━━━━━━━━━━━━━━━━━━╇━━━━━━━━━━━━━╇━━━━━━━━━━━━╇━━━━━━━━━━━━┩
│        R2        │   0.9771    │   0.0000   │   0.8793   │
│        R         │   0.9886    │   0.0000   │   0.9395   │
│    Spearmanr     │   0.9837    │   0.0000   │   0.9106   │
│       MSE        │   0.0201    │   0.0000   │   0.0963   │
│       MAE        │   0.0703    │   0.0000   │   0.1865   │
│       RMSE       │   0.1419    │   0.0000   │   0.3104   │
└──────────────────┴─────────────┴────────────┴────────────┘
Info[iaw]:> Result, 0.9770970380911401, 0.8793370371046657, 0.9885798298914976, 0.939537852202998, 0.9837087301134744, 0.91059060246869, 0.02014476182118193, 0.09632775885877726, 0.07027033959542914, 0.1864802111584183, 0.14193224376857405, 0.31036713559714607
Info[iaw]:> The model will be saved as 
`/home/iaw/DATA2/AAReact/train/output/pt/ddg/hyper_seed_1_test_0-2/search_optuna/seed_12_test_0-3/rf
_rdkit_soap.pkl`
[OK] Finished target=ddg search=optuna split=seed_12_test_0-3 model=rf descriptor=rdkit_soap
[INFO] Train target=ddg hyper=seed_1_test_0-2 search=optuna split=seed_12_test_0-3 model=rf descriptor=soap_xtb
                           Metric                           
┏━━━━━━━━━━━━━━━━━━┳━━━━━━━━━━━━━┳━━━━━━━━━━━━┳━━━━━━━━━━━━┓
┃       name       ┃    Train    ┃   Valid    ┃    Test    ┃
┡━━━━━━━━━━━━━━━━━━╇━━━━━━━━━━━━━╇━━━━━━━━━━━━╇━━━━━━━━━━━━┩
│        R2        │   0.9816    │   0.0000   │   0.8599   │
│        R         │   0.9911    │   0.0000   │   0.9297   │
│    Spearmanr     │   0.9801    │   0.0000   │   0.8805   │
│       MSE        │   0.0162    │   0.0000   │   0.1118   │
│       MAE        │   0.0678    │   0.0000   │   0.2088   │
│       RMSE       │   0.1271    │   0.0000   │   0.3344   │
└──────────────────┴─────────────┴────────────┴────────────┘
Info[iaw]:> Result, 0.981629155619746, 0.8599184797762475, 0.991064156038356, 0.9297000709384312, 0.9801277299424075, 0.8805381073377101, 0.01615844649119614, 0.11182999801181191, 0.06777339317601483, 0.20877510177335296, 0.12711587820251308, 0.33440992510960543
Info[iaw]:> The model will be saved as 
`/home/iaw/DATA2/AAReact/train/output/pt/ddg/hyper_seed_1_test_0-2/search_optuna/seed_12_test_0-3/rf
_soap_xtb.pkl`
[OK] Finished target=ddg search=optuna split=seed_12_test_0-3 model=rf descriptor=soap_xtb
[INFO] Train target=ddg hyper=seed_1_test_0-2 search=optuna split=seed_12_test_0-3 model=rf descriptor=rdkit_xtb
                           Metric                           
┏━━━━━━━━━━━━━━━━━━┳━━━━━━━━━━━━━┳━━━━━━━━━━━━┳━━━━━━━━━━━━┓
┃       name       ┃    Train    ┃   Valid    ┃    Test    ┃
┡━━━━━━━━━━━━━━━━━━╇━━━━━━━━━━━━━╇━━━━━━━━━━━━╇━━━━━━━━━━━━┩
│        R2        │   0.9699    │   0.0000   │   0.8264   │
│        R         │   0.9884    │   0.0000   │   0.9223   │
│    Spearmanr     │   0.9737    │   0.0000   │   0.8503   │
│       MSE        │   0.0265    │   0.0000   │   0.1386   │
│       MAE        │   0.1102    │   0.0000   │   0.2545   │
│       RMSE       │   0.1628    │   0.0000   │   0.3723   │
└──────────────────┴─────────────┴────────────┴────────────┘
Info[iaw]:> Result, 0.9698816156073234, 0.8263857360323782, 0.9883815971852081, 0.9222505464440919, 0.9736712509136527, 0.8502985902413228, 0.026491232114155584, 0.13859988643262333, 0.11016817779414402, 0.2544531186440687, 0.16276127338576454, 0.372290056854361
Info[iaw]:> The model will be saved as 
`/home/iaw/DATA2/AAReact/train/output/pt/ddg/hyper_seed_1_test_0-2/search_optuna/seed_12_test_0-3/rf
_rdkit_xtb.pkl`
[OK] Finished target=ddg search=optuna split=seed_12_test_0-3 model=rf descriptor=rdkit_xtb
[INFO] Train target=ddg hyper=seed_1_test_0-2 search=optuna split=seed_12_test_0-3 model=rf descriptor=soap_acsf
                           Metric                           
┏━━━━━━━━━━━━━━━━━━┳━━━━━━━━━━━━━┳━━━━━━━━━━━━┳━━━━━━━━━━━━┓
┃       name       ┃    Train    ┃   Valid    ┃    Test    ┃
┡━━━━━━━━━━━━━━━━━━╇━━━━━━━━━━━━━╇━━━━━━━━━━━━╇━━━━━━━━━━━━┩
│        R2        │   0.9866    │   0.0000   │   0.8260   │
│        R         │   0.9934    │   0.0000   │   0.9114   │
│    Spearmanr     │   0.9855    │   0.0000   │   0.8835   │
│       MSE        │   0.0118    │   0.0000   │   0.1389   │
│       MAE        │   0.0528    │   0.0000   │   0.2106   │
│       RMSE       │   0.1085    │   0.0000   │   0.3727   │
└──────────────────┴─────────────┴────────────┴────────────┘
Info[iaw]:> Result, 0.9866262731259625, 0.8260018176781818, 0.9934297378507179, 0.9113848881580005, 0.9855178920412426, 0.8835498058840979, 0.011763131057507707, 0.13890637645870177, 0.05278809873180493, 0.21063795877284244, 0.1084579690825331, 0.37270145754839995
Info[iaw]:> The model will be saved as 
`/home/iaw/DATA2/AAReact/train/output/pt/ddg/hyper_seed_1_test_0-2/search_optuna/seed_12_test_0-3/rf
_soap_acsf.pkl`
[OK] Finished target=ddg search=optuna split=seed_12_test_0-3 model=rf descriptor=soap_acsf
[INFO] Train target=ddg hyper=seed_1_test_0-2 search=optuna split=seed_12_test_0-3 model=rf descriptor=acsf_xtb
                           Metric                           
┏━━━━━━━━━━━━━━━━━━┳━━━━━━━━━━━━━┳━━━━━━━━━━━━┳━━━━━━━━━━━━┓
┃       name       ┃    Train    ┃   Valid    ┃    Test    ┃
┡━━━━━━━━━━━━━━━━━━╇━━━━━━━━━━━━━╇━━━━━━━━━━━━╇━━━━━━━━━━━━┩
│        R2        │   0.9782    │   0.0000   │   0.8692   │
│        R         │   0.9893    │   0.0000   │   0.9357   │
│    Spearmanr     │   0.9796    │   0.0000   │   0.8769   │
│       MSE        │   0.0192    │   0.0000   │   0.1045   │
│       MAE        │   0.0759    │   0.0000   │   0.2087   │
│       RMSE       │   0.1384    │   0.0000   │   0.3232   │
└──────────────────┴─────────────┴────────────┴────────────┘
Info[iaw]:> Result, 0.9782147115108275, 0.8691596191497877, 0.9892901158672288, 0.9356926482695959, 0.9796041615908184, 0.8768557093291716, 0.0191616896350138, 0.10445260379079573, 0.07593846844456394, 0.20870963436358986, 0.13842575495554937, 0.32319128049932866
Info[iaw]:> The model will be saved as 
`/home/iaw/DATA2/AAReact/train/output/pt/ddg/hyper_seed_1_test_0-2/search_optuna/seed_12_test_0-3/rf
_acsf_xtb.pkl`
[OK] Finished target=ddg search=optuna split=seed_12_test_0-3 model=rf descriptor=acsf_xtb
[INFO] Train target=ddg hyper=seed_1_test_0-2 search=optuna split=seed_12_test_0-3 model=rf descriptor=rdkit_acsf
                           Metric                           
┏━━━━━━━━━━━━━━━━━━┳━━━━━━━━━━━━━┳━━━━━━━━━━━━┳━━━━━━━━━━━━┓
┃       name       ┃    Train    ┃   Valid    ┃    Test    ┃
┡━━━━━━━━━━━━━━━━━━╇━━━━━━━━━━━━━╇━━━━━━━━━━━━╇━━━━━━━━━━━━┩
│        R2        │   0.9784    │   0.0000   │   0.8815   │
│        R         │   0.9893    │   0.0000   │   0.9405   │
│    Spearmanr     │   0.9820    │   0.0000   │   0.9060   │
│       MSE        │   0.0190    │   0.0000   │   0.0946   │
│       MAE        │   0.0734    │   0.0000   │   0.1807   │
│       RMSE       │   0.1379    │   0.0000   │   0.3076   │
└──────────────────┴─────────────┴────────────┴────────────┘
Info[iaw]:> Result, 0.9783881646468388, 0.8814932934635258, 0.9892933016363787, 0.9405017550579415, 0.9819659214025411, 0.9059795436664044, 0.019009125432794524, 0.09460637445390276, 0.07340127973459326, 0.1807079363259402, 0.13787358497114133, 0.30758149237869103
Info[iaw]:> The model will be saved as 
`/home/iaw/DATA2/AAReact/train/output/pt/ddg/hyper_seed_1_test_0-2/search_optuna/seed_12_test_0-3/rf
_rdkit_acsf.pkl`
[OK] Finished target=ddg search=optuna split=seed_12_test_0-3 model=rf descriptor=rdkit_acsf
[INFO] Train target=ddg hyper=seed_1_test_0-2 search=optuna split=seed_12_test_0-3 model=rf descriptor=rdkit_soap_xtb
                           Metric                           
┏━━━━━━━━━━━━━━━━━━┳━━━━━━━━━━━━━┳━━━━━━━━━━━━┳━━━━━━━━━━━━┓
┃       name       ┃    Train    ┃   Valid    ┃    Test    ┃
┡━━━━━━━━━━━━━━━━━━╇━━━━━━━━━━━━━╇━━━━━━━━━━━━╇━━━━━━━━━━━━┩
│        R2        │   0.9742    │   0.0000   │   0.8249   │
│        R         │   0.9893    │   0.0000   │   0.9174   │
│    Spearmanr     │   0.9795    │   0.0000   │   0.8571   │
│       MSE        │   0.0227    │   0.0000   │   0.1398   │
│       MAE        │   0.0960    │   0.0000   │   0.2462   │
│       RMSE       │   0.1507    │   0.0000   │   0.3739   │
└──────────────────┴─────────────┴────────────┴────────────┘
Info[iaw]:> Result, 0.9741862167473986, 0.8248675049501442, 0.9892648613603412, 0.9174400113578399, 0.979543510603555, 0.8571410145619172, 0.02270503340994096, 0.13981192195762704, 0.09595853777668913, 0.24620423228917443, 0.15068189476490187, 0.37391432435469363
Info[iaw]:> The model will be saved as 
`/home/iaw/DATA2/AAReact/train/output/pt/ddg/hyper_seed_1_test_0-2/search_optuna/seed_12_test_0-3/rf
_rdkit_soap_xtb.pkl`
[OK] Finished target=ddg search=optuna split=seed_12_test_0-3 model=rf descriptor=rdkit_soap_xtb
[INFO] Train target=ddg hyper=seed_1_test_0-2 search=optuna split=seed_12_test_0-3 model=rf descriptor=rdkit_soap_acsf
                           Metric                           
┏━━━━━━━━━━━━━━━━━━┳━━━━━━━━━━━━━┳━━━━━━━━━━━━┳━━━━━━━━━━━━┓
┃       name       ┃    Train    ┃   Valid    ┃    Test    ┃
┡━━━━━━━━━━━━━━━━━━╇━━━━━━━━━━━━━╇━━━━━━━━━━━━╇━━━━━━━━━━━━┩
│        R2        │   0.9740    │   0.0000   │   0.8289   │
│        R         │   0.9896    │   0.0000   │   0.9232   │
│    Spearmanr     │   0.9766    │   0.0000   │   0.8540   │
│       MSE        │   0.0229    │   0.0000   │   0.1366   │
│       MAE        │   0.0977    │   0.0000   │   0.2494   │
│       RMSE       │   0.1513    │   0.0000   │   0.3696   │
└──────────────────┴─────────────┴────────────┴────────────┘
Info[iaw]:> Result, 0.9739608524808512, 0.8289075599489677, 0.9895757005575495, 0.9232163046223155, 0.9766016785290321, 0.8540261314828907, 0.02290325709343965, 0.13658666182506712, 0.0977337297784926, 0.24938118405135382, 0.1513382208612208, 0.3695763274684502
Info[iaw]:> The model will be saved as 
`/home/iaw/DATA2/AAReact/train/output/pt/ddg/hyper_seed_1_test_0-2/search_optuna/seed_12_test_0-3/rf
_rdkit_soap_acsf.pkl`
[OK] Finished target=ddg search=optuna split=seed_12_test_0-3 model=rf descriptor=rdkit_soap_acsf
[INFO] Train target=ddg hyper=seed_1_test_0-2 search=optuna split=seed_12_test_0-3 model=rf descriptor=rdkit_xtb_acsf
                           Metric                           
┏━━━━━━━━━━━━━━━━━━┳━━━━━━━━━━━━━┳━━━━━━━━━━━━┳━━━━━━━━━━━━┓
┃       name       ┃    Train    ┃   Valid    ┃    Test    ┃
┡━━━━━━━━━━━━━━━━━━╇━━━━━━━━━━━━━╇━━━━━━━━━━━━╇━━━━━━━━━━━━┩
│        R2        │   0.9752    │   0.0000   │   0.8342   │
│        R         │   0.9903    │   0.0000   │   0.9252   │
│    Spearmanr     │   0.9798    │   0.0000   │   0.8639   │
│       MSE        │   0.0218    │   0.0000   │   0.1323   │
│       MAE        │   0.0977    │   0.0000   │   0.2423   │
│       RMSE       │   0.1476    │   0.0000   │   0.3638   │
└──────────────────┴─────────────┴────────────┴────────────┘
Info[iaw]:> Result, 0.9752255213210649, 0.8342231589021989, 0.9903195168135471, 0.9252103928467659, 0.9797871513216213, 0.8639253975829023, 0.021790892122037362, 0.13234310836118454, 0.09766098293681029, 0.24225235233076017, 0.14761738421350434, 0.36378992339148775
Info[iaw]:> The model will be saved as 
`/home/iaw/DATA2/AAReact/train/output/pt/ddg/hyper_seed_1_test_0-2/search_optuna/seed_12_test_0-3/rf
_rdkit_xtb_acsf.pkl`
[OK] Finished target=ddg search=optuna split=seed_12_test_0-3 model=rf descriptor=rdkit_xtb_acsf
[INFO] Train target=ddg hyper=seed_1_test_0-2 search=optuna split=seed_12_test_0-3 model=rf descriptor=soap_xtb_acsf
                           Metric                           
┏━━━━━━━━━━━━━━━━━━┳━━━━━━━━━━━━━┳━━━━━━━━━━━━┳━━━━━━━━━━━━┓
┃       name       ┃    Train    ┃   Valid    ┃    Test    ┃
┡━━━━━━━━━━━━━━━━━━╇━━━━━━━━━━━━━╇━━━━━━━━━━━━╇━━━━━━━━━━━━┩
│        R2        │   0.9716    │   0.0000   │   0.8342   │
│        R         │   0.9860    │   0.0000   │   0.9156   │
│    Spearmanr     │   0.9725    │   0.0000   │   0.8733   │
│       MSE        │   0.0250    │   0.0000   │   0.1324   │
│       MAE        │   0.0873    │   0.0000   │   0.2216   │
│       RMSE       │   0.1580    │   0.0000   │   0.3638   │
└──────────────────┴─────────────┴────────────┴────────────┘
Info[iaw]:> Result, 0.9716141685951738, 0.8341949934068581, 0.9860406087017564, 0.9156104057743724, 0.9725054041584805, 0.8733409861861707, 0.02496733020916572, 0.13236559346330895, 0.08727619437636733, 0.2216164536228822, 0.15801053828515907, 0.3638208260439594
Info[iaw]:> The model will be saved as 
`/home/iaw/DATA2/AAReact/train/output/pt/ddg/hyper_seed_1_test_0-2/search_optuna/seed_12_test_0-3/rf
_soap_xtb_acsf.pkl`
[OK] Finished target=ddg search=optuna split=seed_12_test_0-3 model=rf descriptor=soap_xtb_acsf
[INFO] Train target=ddg hyper=seed_1_test_0-2 search=optuna split=seed_12_test_0-3 model=rf descriptor=rdkit_soap_xtb_acsf
                           Metric                           
┏━━━━━━━━━━━━━━━━━━┳━━━━━━━━━━━━━┳━━━━━━━━━━━━┳━━━━━━━━━━━━┓
┃       name       ┃    Train    ┃   Valid    ┃    Test    ┃
┡━━━━━━━━━━━━━━━━━━╇━━━━━━━━━━━━━╇━━━━━━━━━━━━╇━━━━━━━━━━━━┩
│        R2        │   0.9752    │   0.0000   │   0.8366   │
│        R         │   0.9899    │   0.0000   │   0.9246   │
│    Spearmanr     │   0.9777    │   0.0000   │   0.8556   │
│       MSE        │   0.0218    │   0.0000   │   0.1305   │
│       MAE        │   0.0983    │   0.0000   │   0.2440   │
│       RMSE       │   0.1477    │   0.0000   │   0.3612   │
└──────────────────┴─────────────┴────────────┴────────────┘
Info[iaw]:> Result, 0.9751966123249802, 0.8365519098434043, 0.9899203056000888, 0.9245990095462931, 0.9776923595307584, 0.855644838838658, 0.021816319612286517, 0.13048401793505962, 0.09829094093258063, 0.2439760243636211, 0.14770348544393433, 0.36122571604892645
Info[iaw]:> The model will be saved as 
`/home/iaw/DATA2/AAReact/train/output/pt/ddg/hyper_seed_1_test_0-2/search_optuna/seed_12_test_0-3/rf
_rdkit_soap_xtb_acsf.pkl`
[OK] Finished target=ddg search=optuna split=seed_12_test_0-3 model=rf descriptor=rdkit_soap_xtb_acsf
[INFO] Train target=ddg hyper=seed_1_test_0-2 search=optuna split=seed_42_test_0-15 model=lgb descriptor=rdkit
                           Metric                           
┏━━━━━━━━━━━━━━━━━━┳━━━━━━━━━━━━━┳━━━━━━━━━━━━┳━━━━━━━━━━━━┓
┃       name       ┃    Train    ┃   Valid    ┃    Test    ┃
┡━━━━━━━━━━━━━━━━━━╇━━━━━━━━━━━━━╇━━━━━━━━━━━━╇━━━━━━━━━━━━┩
│        R2        │   0.9747    │   0.0000   │   0.7629   │
│        R         │   0.9877    │   0.0000   │   0.8747   │
│    Spearmanr     │   0.9759    │   0.0000   │   0.8516   │
│       MSE        │   0.0224    │   0.0000   │   0.1586   │
│       MAE        │   0.0789    │   0.0000   │   0.2324   │
│       RMSE       │   0.1497    │   0.0000   │   0.3982   │
└──────────────────┴─────────────┴────────────┴────────────┘
Info[iaw]:> Result, 0.9746631143973326, 0.7629440996599721, 0.9877477384249633, 0.8747321413797087, 0.9759075202449748, 0.8516280123895142, 0.022397153415263018, 0.15855008931464837, 0.07894123838236332, 0.2324187817734462, 0.14965678539666358, 0.39818348699393397
Info[iaw]:> The model will be saved as 
`/home/iaw/DATA2/AAReact/train/output/pt/ddg/hyper_seed_1_test_0-2/search_optuna/seed_42_test_0-15/l
gb_rdkit.pkl`
[OK] Finished target=ddg search=optuna split=seed_42_test_0-15 model=lgb descriptor=rdkit
[INFO] Train target=ddg hyper=seed_1_test_0-2 search=optuna split=seed_42_test_0-15 model=lgb descriptor=xtb
                           Metric                           
┏━━━━━━━━━━━━━━━━━━┳━━━━━━━━━━━━━┳━━━━━━━━━━━━┳━━━━━━━━━━━━┓
┃       name       ┃    Train    ┃   Valid    ┃    Test    ┃
┡━━━━━━━━━━━━━━━━━━╇━━━━━━━━━━━━━╇━━━━━━━━━━━━╇━━━━━━━━━━━━┩
│        R2        │   0.9672    │   0.0000   │   0.8669   │
│        R         │   0.9840    │   0.0000   │   0.9315   │
│    Spearmanr     │   0.9604    │   0.0000   │   0.9110   │
│       MSE        │   0.0290    │   0.0000   │   0.0890   │
│       MAE        │   0.1180    │   0.0000   │   0.2124   │
│       RMSE       │   0.1703    │   0.0000   │   0.2983   │
└──────────────────┴─────────────┴────────────┴────────────┘
Info[iaw]:> Result, 0.9672033056470479, 0.8669165873424213, 0.9840235478591384, 0.9314883636691387, 0.9603552657214063, 0.9110070257611241, 0.028991431956389473, 0.08901017411037386, 0.11801146517158692, 0.21236879919956864, 0.17026870515860945, 0.29834572916395813
Info[iaw]:> The model will be saved as 
`/home/iaw/DATA2/AAReact/train/output/pt/ddg/hyper_seed_1_test_0-2/search_optuna/seed_42_test_0-15/l
gb_xtb.pkl`
[OK] Finished target=ddg search=optuna split=seed_42_test_0-15 model=lgb descriptor=xtb
[INFO] Train target=ddg hyper=seed_1_test_0-2 search=optuna split=seed_42_test_0-15 model=lgb descriptor=soap
                           Metric                           
┏━━━━━━━━━━━━━━━━━━┳━━━━━━━━━━━━━┳━━━━━━━━━━━━┳━━━━━━━━━━━━┓
┃       name       ┃    Train    ┃   Valid    ┃    Test    ┃
┡━━━━━━━━━━━━━━━━━━╇━━━━━━━━━━━━━╇━━━━━━━━━━━━╇━━━━━━━━━━━━┩
│        R2        │   0.5124    │   0.0000   │   0.1024   │
│        R         │   0.7185    │   0.0000   │   0.4300   │
│    Spearmanr     │   0.6413    │   0.0000   │   0.4391   │
│       MSE        │   0.4310    │   0.0000   │   0.6003   │
│       MAE        │   0.4806    │   0.0000   │   0.5911   │
│       RMSE       │   0.6565    │   0.0000   │   0.7748   │
└──────────────────┴─────────────┴────────────┴────────────┘
Info[iaw]:> Result, 0.5124022225951006, 0.10240236855138796, 0.7185342788143633, 0.42996135601667507, 0.6413140167435231, 0.4391478431668807, 0.4310238597094603, 0.6003401916200436, 0.48058285574621223, 0.5911150136657068, 0.6565240739755552, 0.7748162308702907
Info[iaw]:> The model will be saved as 
`/home/iaw/DATA2/AAReact/train/output/pt/ddg/hyper_seed_1_test_0-2/search_optuna/seed_42_test_0-15/l
gb_soap.pkl`
[OK] Finished target=ddg search=optuna split=seed_42_test_0-15 model=lgb descriptor=soap
[INFO] Train target=ddg hyper=seed_1_test_0-2 search=optuna split=seed_42_test_0-15 model=lgb descriptor=acsf
                           Metric                           
┏━━━━━━━━━━━━━━━━━━┳━━━━━━━━━━━━━┳━━━━━━━━━━━━┳━━━━━━━━━━━━┓
┃       name       ┃    Train    ┃   Valid    ┃    Test    ┃
┡━━━━━━━━━━━━━━━━━━╇━━━━━━━━━━━━━╇━━━━━━━━━━━━╇━━━━━━━━━━━━┩
│        R2        │   0.9833    │   0.0000   │   0.8376   │
│        R         │   0.9918    │   0.0000   │   0.9156   │
│    Spearmanr     │   0.9786    │   0.0000   │   0.8807   │
│       MSE        │   0.0147    │   0.0000   │   0.1086   │
│       MAE        │   0.0782    │   0.0000   │   0.2119   │
│       RMSE       │   0.1214    │   0.0000   │   0.3296   │
└──────────────────┴─────────────┴────────────┴────────────┘
Info[iaw]:> Result, 0.9833230228889559, 0.8375672610850805, 0.9918135666742197, 0.9156081414750045, 0.9785684642644779, 0.8807383344665206, 0.014742017654275578, 0.10863988293749643, 0.07820964340759612, 0.21190908057099425, 0.1214167107702872, 0.3296056476116519
Info[iaw]:> The model will be saved as 
`/home/iaw/DATA2/AAReact/train/output/pt/ddg/hyper_seed_1_test_0-2/search_optuna/seed_42_test_0-15/l
gb_acsf.pkl`
[OK] Finished target=ddg search=optuna split=seed_42_test_0-15 model=lgb descriptor=acsf
[INFO] Train target=ddg hyper=seed_1_test_0-2 search=optuna split=seed_42_test_0-15 model=lgb descriptor=rdkit_soap
                           Metric                           
┏━━━━━━━━━━━━━━━━━━┳━━━━━━━━━━━━━┳━━━━━━━━━━━━┳━━━━━━━━━━━━┓
┃       name       ┃    Train    ┃   Valid    ┃    Test    ┃
┡━━━━━━━━━━━━━━━━━━╇━━━━━━━━━━━━━╇━━━━━━━━━━━━╇━━━━━━━━━━━━┩
│        R2        │   0.9859    │   0.0000   │   0.8839   │
│        R         │   0.9932    │   0.0000   │   0.9402   │
│    Spearmanr     │   0.9847    │   0.0000   │   0.9116   │
│       MSE        │   0.0125    │   0.0000   │   0.0777   │
│       MAE        │   0.0682    │   0.0000   │   0.1859   │
│       RMSE       │   0.1116    │   0.0000   │   0.2787   │
└──────────────────┴─────────────┴────────────┴────────────┘
Info[iaw]:> Result, 0.9858981684563957, 0.883872482345086, 0.9932113143430122, 0.9402190402664004, 0.984720358249687, 0.9115610284304098, 0.012465655387615996, 0.07766956346442003, 0.06818809110919317, 0.1859258547124683, 0.1116496994515256, 0.2786925967162028
Info[iaw]:> The model will be saved as 
`/home/iaw/DATA2/AAReact/train/output/pt/ddg/hyper_seed_1_test_0-2/search_optuna/seed_42_test_0-15/l
gb_rdkit_soap.pkl`
[OK] Finished target=ddg search=optuna split=seed_42_test_0-15 model=lgb descriptor=rdkit_soap
[INFO] Train target=ddg hyper=seed_1_test_0-2 search=optuna split=seed_42_test_0-15 model=lgb descriptor=soap_xtb
                           Metric                           
┏━━━━━━━━━━━━━━━━━━┳━━━━━━━━━━━━━┳━━━━━━━━━━━━┳━━━━━━━━━━━━┓
┃       name       ┃    Train    ┃   Valid    ┃    Test    ┃
┡━━━━━━━━━━━━━━━━━━╇━━━━━━━━━━━━━╇━━━━━━━━━━━━╇━━━━━━━━━━━━┩
│        R2        │   0.9900    │   0.0000   │   0.8992   │
│        R         │   0.9952    │   0.0000   │   0.9484   │
│    Spearmanr     │   0.9876    │   0.0000   │   0.9325   │
│       MSE        │   0.0088    │   0.0000   │   0.0674   │
│       MAE        │   0.0552    │   0.0000   │   0.1694   │
│       RMSE       │   0.0940    │   0.0000   │   0.2597   │
└──────────────────┴─────────────┴────────────┴────────────┘
Info[iaw]:> Result, 0.9899975482628579, 0.8991595624877106, 0.9951704159052907, 0.9483768169476363, 0.9876023474827861, 0.9324620382261842, 0.00884190936481748, 0.06744510620140014, 0.05520914473402041, 0.1693624547602658, 0.09403142753791138, 0.25970195648358163
Info[iaw]:> The model will be saved as 
`/home/iaw/DATA2/AAReact/train/output/pt/ddg/hyper_seed_1_test_0-2/search_optuna/seed_42_test_0-15/l
gb_soap_xtb.pkl`
[OK] Finished target=ddg search=optuna split=seed_42_test_0-15 model=lgb descriptor=soap_xtb
[INFO] Train target=ddg hyper=seed_1_test_0-2 search=optuna split=seed_42_test_0-15 model=lgb descriptor=rdkit_xtb
                           Metric                           
┏━━━━━━━━━━━━━━━━━━┳━━━━━━━━━━━━━┳━━━━━━━━━━━━┳━━━━━━━━━━━━┓
┃       name       ┃    Train    ┃   Valid    ┃    Test    ┃
┡━━━━━━━━━━━━━━━━━━╇━━━━━━━━━━━━━╇━━━━━━━━━━━━╇━━━━━━━━━━━━┩
│        R2        │   0.9809    │   0.0000   │   0.9003   │
│        R         │   0.9909    │   0.0000   │   0.9495   │
│    Spearmanr     │   0.9775    │   0.0000   │   0.9369   │
│       MSE        │   0.0169    │   0.0000   │   0.0667   │
│       MAE        │   0.0812    │   0.0000   │   0.1721   │
│       RMSE       │   0.1298    │   0.0000   │   0.2583   │
└──────────────────┴─────────────┴────────────┴────────────┘
Info[iaw]:> Result, 0.9809369944518513, 0.9002740488280736, 0.9909133964054515, 0.9494505762188056, 0.9775249454448535, 0.9369444234594948, 0.016851205255193083, 0.06669970434238272, 0.0811928428917703, 0.17209831661360456, 0.1298121922439995, 0.2582628590068319
Info[iaw]:> The model will be saved as 
`/home/iaw/DATA2/AAReact/train/output/pt/ddg/hyper_seed_1_test_0-2/search_optuna/seed_42_test_0-15/l
gb_rdkit_xtb.pkl`
[OK] Finished target=ddg search=optuna split=seed_42_test_0-15 model=lgb descriptor=rdkit_xtb
[INFO] Train target=ddg hyper=seed_1_test_0-2 search=optuna split=seed_42_test_0-15 model=lgb descriptor=soap_acsf
                           Metric                           
┏━━━━━━━━━━━━━━━━━━┳━━━━━━━━━━━━━┳━━━━━━━━━━━━┳━━━━━━━━━━━━┓
┃       name       ┃    Train    ┃   Valid    ┃    Test    ┃
┡━━━━━━━━━━━━━━━━━━╇━━━━━━━━━━━━━╇━━━━━━━━━━━━╇━━━━━━━━━━━━┩
│        R2        │   0.9930    │   0.0000   │   0.8897   │
│        R         │   0.9965    │   0.0000   │   0.9441   │
│    Spearmanr     │   0.9863    │   0.0000   │   0.9165   │
│       MSE        │   0.0062    │   0.0000   │   0.0738   │
│       MAE        │   0.0510    │   0.0000   │   0.1974   │
│       RMSE       │   0.0786    │   0.0000   │   0.2717   │
└──────────────────┴─────────────┴────────────┴────────────┘
Info[iaw]:> Result, 0.9930053610411885, 0.8896645896902882, 0.9965340031383992, 0.9440963369191001, 0.9863221393584329, 0.916496688574954, 0.006183080442545865, 0.07379562851665204, 0.05103890697461333, 0.19742059348827365, 0.07863256604324868, 0.2716535081986832
Info[iaw]:> The model will be saved as 
`/home/iaw/DATA2/AAReact/train/output/pt/ddg/hyper_seed_1_test_0-2/search_optuna/seed_42_test_0-15/l
gb_soap_acsf.pkl`
[OK] Finished target=ddg search=optuna split=seed_42_test_0-15 model=lgb descriptor=soap_acsf
[INFO] Train target=ddg hyper=seed_1_test_0-2 search=optuna split=seed_42_test_0-15 model=lgb descriptor=acsf_xtb
                           Metric                           
┏━━━━━━━━━━━━━━━━━━┳━━━━━━━━━━━━━┳━━━━━━━━━━━━┳━━━━━━━━━━━━┓
┃       name       ┃    Train    ┃   Valid    ┃    Test    ┃
┡━━━━━━━━━━━━━━━━━━╇━━━━━━━━━━━━━╇━━━━━━━━━━━━╇━━━━━━━━━━━━┩
│        R2        │   0.9947    │   0.0000   │   0.8986   │
│        R         │   0.9974    │   0.0000   │   0.9482   │
│    Spearmanr     │   0.9878    │   0.0000   │   0.9429   │
│       MSE        │   0.0047    │   0.0000   │   0.0678   │
│       MAE        │   0.0429    │   0.0000   │   0.1839   │
│       RMSE       │   0.0685    │   0.0000   │   0.2605   │
└──────────────────┴─────────────┴────────────┴────────────┘
Info[iaw]:> Result, 0.9946958949738103, 0.8985606828399357, 0.9973839278410419, 0.9481934008974142, 0.9878187574101207, 0.9429377250635844, 0.004688692046260508, 0.06784565485472294, 0.04289497799688024, 0.18386228860855386, 0.06847402460977818, 0.2604719847790217
Info[iaw]:> The model will be saved as 
`/home/iaw/DATA2/AAReact/train/output/pt/ddg/hyper_seed_1_test_0-2/search_optuna/seed_42_test_0-15/l
gb_acsf_xtb.pkl`
[OK] Finished target=ddg search=optuna split=seed_42_test_0-15 model=lgb descriptor=acsf_xtb
[INFO] Train target=ddg hyper=seed_1_test_0-2 search=optuna split=seed_42_test_0-15 model=lgb descriptor=rdkit_acsf
                           Metric                           
┏━━━━━━━━━━━━━━━━━━┳━━━━━━━━━━━━━┳━━━━━━━━━━━━┳━━━━━━━━━━━━┓
┃       name       ┃    Train    ┃   Valid    ┃    Test    ┃
┡━━━━━━━━━━━━━━━━━━╇━━━━━━━━━━━━━╇━━━━━━━━━━━━╇━━━━━━━━━━━━┩
│        R2        │   0.9723    │   0.0000   │   0.8466   │
│        R         │   0.9869    │   0.0000   │   0.9208   │
│    Spearmanr     │   0.9705    │   0.0000   │   0.8983   │
│       MSE        │   0.0245    │   0.0000   │   0.1026   │
│       MAE        │   0.1020    │   0.0000   │   0.2229   │
│       RMSE       │   0.1565    │   0.0000   │   0.3203   │
└──────────────────┴─────────────┴────────────┴────────────┘
Info[iaw]:> Result, 0.9722812820946494, 0.846588833464458, 0.986914718702806, 0.9207573167759061, 0.9705077014556972, 0.8983153282465816, 0.024502631741573497, 0.10260598500685143, 0.10196304058804709, 0.22291463401391137, 0.15653316498931943, 0.3203216898788645
Info[iaw]:> The model will be saved as 
`/home/iaw/DATA2/AAReact/train/output/pt/ddg/hyper_seed_1_test_0-2/search_optuna/seed_42_test_0-15/l
gb_rdkit_acsf.pkl`
[OK] Finished target=ddg search=optuna split=seed_42_test_0-15 model=lgb descriptor=rdkit_acsf
[INFO] Train target=ddg hyper=seed_1_test_0-2 search=optuna split=seed_42_test_0-15 model=lgb descriptor=rdkit_soap_xtb
                           Metric                           
┏━━━━━━━━━━━━━━━━━━┳━━━━━━━━━━━━━┳━━━━━━━━━━━━┳━━━━━━━━━━━━┓
┃       name       ┃    Train    ┃   Valid    ┃    Test    ┃
┡━━━━━━━━━━━━━━━━━━╇━━━━━━━━━━━━━╇━━━━━━━━━━━━╇━━━━━━━━━━━━┩
│        R2        │   0.9871    │   0.0000   │   0.8931   │
│        R         │   0.9937    │   0.0000   │   0.9451   │
│    Spearmanr     │   0.9803    │   0.0000   │   0.9220   │
│       MSE        │   0.0114    │   0.0000   │   0.0715   │
│       MAE        │   0.0671    │   0.0000   │   0.1830   │
│       RMSE       │   0.1069    │   0.0000   │   0.2674   │
└──────────────────┴─────────────┴────────────┴────────────┘
Info[iaw]:> Result, 0.9870834987058075, 0.8930920429853697, 0.9936913652884843, 0.9451457648018701, 0.9802806231273262, 0.92203671526781, 0.011417854017701979, 0.07150324505234051, 0.06712830726274724, 0.18296590337352184, 0.10685435890829152, 0.2674009069774082
Info[iaw]:> The model will be saved as 
`/home/iaw/DATA2/AAReact/train/output/pt/ddg/hyper_seed_1_test_0-2/search_optuna/seed_42_test_0-15/l
gb_rdkit_soap_xtb.pkl`
[OK] Finished target=ddg search=optuna split=seed_42_test_0-15 model=lgb descriptor=rdkit_soap_xtb
[INFO] Train target=ddg hyper=seed_1_test_0-2 search=optuna split=seed_42_test_0-15 model=lgb descriptor=rdkit_soap_acsf
                           Metric                           
┏━━━━━━━━━━━━━━━━━━┳━━━━━━━━━━━━━┳━━━━━━━━━━━━┳━━━━━━━━━━━━┓
┃       name       ┃    Train    ┃   Valid    ┃    Test    ┃
┡━━━━━━━━━━━━━━━━━━╇━━━━━━━━━━━━━╇━━━━━━━━━━━━╇━━━━━━━━━━━━┩
│        R2        │   0.9925    │   0.0000   │   0.9093   │
│        R         │   0.9964    │   0.0000   │   0.9536   │
│    Spearmanr     │   0.9869    │   0.0000   │   0.9409   │
│       MSE        │   0.0066    │   0.0000   │   0.0607   │
│       MAE        │   0.0511    │   0.0000   │   0.1726   │
│       RMSE       │   0.0813    │   0.0000   │   0.2463   │
└──────────────────┴─────────────┴────────────┴────────────┘
Info[iaw]:> Result, 0.9925262851512214, 0.9092677144935762, 0.9963648743663599, 0.9535629718442379, 0.9869183530538207, 0.9409231699025459, 0.006606571173546234, 0.06068447125817687, 0.05107477521850349, 0.17263049762386307, 0.08128081676229781, 0.24634218326989163
Info[iaw]:> The model will be saved as 
`/home/iaw/DATA2/AAReact/train/output/pt/ddg/hyper_seed_1_test_0-2/search_optuna/seed_42_test_0-15/l
gb_rdkit_soap_acsf.pkl`
[OK] Finished target=ddg search=optuna split=seed_42_test_0-15 model=lgb descriptor=rdkit_soap_acsf
[INFO] Train target=ddg hyper=seed_1_test_0-2 search=optuna split=seed_42_test_0-15 model=lgb descriptor=rdkit_xtb_acsf
                           Metric                           
┏━━━━━━━━━━━━━━━━━━┳━━━━━━━━━━━━━┳━━━━━━━━━━━━┳━━━━━━━━━━━━┓
┃       name       ┃    Train    ┃   Valid    ┃    Test    ┃
┡━━━━━━━━━━━━━━━━━━╇━━━━━━━━━━━━━╇━━━━━━━━━━━━╇━━━━━━━━━━━━┩
│        R2        │   0.9890    │   0.0000   │   0.9064   │
│        R         │   0.9946    │   0.0000   │   0.9523   │
│    Spearmanr     │   0.9842    │   0.0000   │   0.9366   │
│       MSE        │   0.0098    │   0.0000   │   0.0626   │
│       MAE        │   0.0592    │   0.0000   │   0.1671   │
│       RMSE       │   0.0988    │   0.0000   │   0.2502   │
└──────────────────┴─────────────┴────────────┴────────────┘
Info[iaw]:> Result, 0.9889580761272494, 0.9064176778858993, 0.9946185124557472, 0.9522606461416798, 0.9841736841762191, 0.936642240185339, 0.009760775923920705, 0.06259066114017954, 0.059153900310647864, 0.16708447761794606, 0.09879663923393703, 0.250181256572469
Info[iaw]:> The model will be saved as 
`/home/iaw/DATA2/AAReact/train/output/pt/ddg/hyper_seed_1_test_0-2/search_optuna/seed_42_test_0-15/l
gb_rdkit_xtb_acsf.pkl`
[OK] Finished target=ddg search=optuna split=seed_42_test_0-15 model=lgb descriptor=rdkit_xtb_acsf
[INFO] Train target=ddg hyper=seed_1_test_0-2 search=optuna split=seed_42_test_0-15 model=lgb descriptor=soap_xtb_acsf
                           Metric                           
┏━━━━━━━━━━━━━━━━━━┳━━━━━━━━━━━━━┳━━━━━━━━━━━━┳━━━━━━━━━━━━┓
┃       name       ┃    Train    ┃   Valid    ┃    Test    ┃
┡━━━━━━━━━━━━━━━━━━╇━━━━━━━━━━━━━╇━━━━━━━━━━━━╇━━━━━━━━━━━━┩
│        R2        │   0.9931    │   0.0000   │   0.8903   │
│        R         │   0.9966    │   0.0000   │   0.9436   │
│    Spearmanr     │   0.9871    │   0.0000   │   0.9289   │
│       MSE        │   0.0061    │   0.0000   │   0.0734   │
│       MAE        │   0.0486    │   0.0000   │   0.1890   │
│       RMSE       │   0.0782    │   0.0000   │   0.2709   │
└──────────────────┴─────────────┴────────────┴────────────┘
Info[iaw]:> Result, 0.9930838405008267, 0.8902798220223147, 0.9966044562515484, 0.9435601051532424, 0.9870513278284481, 0.9289365666943667, 0.006113706624270592, 0.0733841426981082, 0.04862522759183769, 0.18899720984058996, 0.07819019519268763, 0.2708950769174445
Info[iaw]:> The model will be saved as 
`/home/iaw/DATA2/AAReact/train/output/pt/ddg/hyper_seed_1_test_0-2/search_optuna/seed_42_test_0-15/l
gb_soap_xtb_acsf.pkl`
[OK] Finished target=ddg search=optuna split=seed_42_test_0-15 model=lgb descriptor=soap_xtb_acsf
[INFO] Train target=ddg hyper=seed_1_test_0-2 search=optuna split=seed_42_test_0-15 model=lgb descriptor=rdkit_soap_xtb_acsf
                           Metric                           
┏━━━━━━━━━━━━━━━━━━┳━━━━━━━━━━━━━┳━━━━━━━━━━━━┳━━━━━━━━━━━━┓
┃       name       ┃    Train    ┃   Valid    ┃    Test    ┃
┡━━━━━━━━━━━━━━━━━━╇━━━━━━━━━━━━━╇━━━━━━━━━━━━╇━━━━━━━━━━━━┩
│        R2        │   0.9910    │   0.0000   │   0.8987   │
│        R         │   0.9957    │   0.0000   │   0.9480   │
│    Spearmanr     │   0.9861    │   0.0000   │   0.9380   │
│       MSE        │   0.0080    │   0.0000   │   0.0677   │
│       MAE        │   0.0553    │   0.0000   │   0.1729   │
│       RMSE       │   0.0894    │   0.0000   │   0.2603   │
└──────────────────┴─────────────┴────────────┴────────────┘
Info[iaw]:> Result, 0.9909651566428609, 0.8987046541940598, 0.9956776765866707, 0.9480434521005234, 0.9861370176133635, 0.9379517010400141, 0.007986568512248786, 0.06774936249911243, 0.05527600255906643, 0.17289221089575033, 0.0893676032589483, 0.2602870770881882
Info[iaw]:> The model will be saved as 
`/home/iaw/DATA2/AAReact/train/output/pt/ddg/hyper_seed_1_test_0-2/search_optuna/seed_42_test_0-15/l
gb_rdkit_soap_xtb_acsf.pkl`
[OK] Finished target=ddg search=optuna split=seed_42_test_0-15 model=lgb descriptor=rdkit_soap_xtb_acsf
[INFO] Train target=ddg hyper=seed_1_test_0-2 search=optuna split=seed_42_test_0-15 model=xgb descriptor=rdkit
                           Metric                           
┏━━━━━━━━━━━━━━━━━━┳━━━━━━━━━━━━━┳━━━━━━━━━━━━┳━━━━━━━━━━━━┓
┃       name       ┃    Train    ┃   Valid    ┃    Test    ┃
┡━━━━━━━━━━━━━━━━━━╇━━━━━━━━━━━━━╇━━━━━━━━━━━━╇━━━━━━━━━━━━┩
│        R2        │   0.9629    │   0.0000   │   0.7792   │
│        R         │   0.9825    │   0.0000   │   0.8838   │
│    Spearmanr     │   0.9679    │   0.0000   │   0.8716   │
│       MSE        │   0.0328    │   0.0000   │   0.1477   │
│       MAE        │   0.1042    │   0.0000   │   0.2294   │
│       RMSE       │   0.1812    │   0.0000   │   0.3843   │
└──────────────────┴─────────────┴────────────┴────────────┘
Info[iaw]:> Result, 0.9628518086274086, 0.7792257968992686, 0.9825011348705833, 0.883791522328809, 0.9679058573360285, 0.8716224723628214, 0.03283804309334228, 0.14766040233456593, 0.1041780029274023, 0.22935350873634858, 0.18121270124729746, 0.3842660567036411
Info[iaw]:> The model will be saved as 
`/home/iaw/DATA2/AAReact/train/output/pt/ddg/hyper_seed_1_test_0-2/search_optuna/seed_42_test_0-15/x
gb_rdkit.pkl`
[OK] Finished target=ddg search=optuna split=seed_42_test_0-15 model=xgb descriptor=rdkit
[INFO] Train target=ddg hyper=seed_1_test_0-2 search=optuna split=seed_42_test_0-15 model=xgb descriptor=xtb
                           Metric                           
┏━━━━━━━━━━━━━━━━━━┳━━━━━━━━━━━━━┳━━━━━━━━━━━━┳━━━━━━━━━━━━┓
┃       name       ┃    Train    ┃   Valid    ┃    Test    ┃
┡━━━━━━━━━━━━━━━━━━╇━━━━━━━━━━━━━╇━━━━━━━━━━━━╇━━━━━━━━━━━━┩
│        R2        │   0.9862    │   0.0000   │   0.8908   │
│        R         │   0.9933    │   0.0000   │   0.9445   │
│    Spearmanr     │   0.9810    │   0.0000   │   0.9315   │
│       MSE        │   0.0122    │   0.0000   │   0.0730   │
│       MAE        │   0.0716    │   0.0000   │   0.1805   │
│       RMSE       │   0.1104    │   0.0000   │   0.2702   │
└──────────────────┴─────────────┴────────────┴────────────┘
Info[iaw]:> Result, 0.9862120067853102, 0.8908122031653937, 0.9932957006405627, 0.9445305695523443, 0.9809828689959463, 0.9315051245246909, 0.01218823039898407, 0.07302807023729399, 0.0715672221522649, 0.18053107030507765, 0.11040031883551818, 0.270237063034096
Info[iaw]:> The model will be saved as 
`/home/iaw/DATA2/AAReact/train/output/pt/ddg/hyper_seed_1_test_0-2/search_optuna/seed_42_test_0-15/x
gb_xtb.pkl`
[OK] Finished target=ddg search=optuna split=seed_42_test_0-15 model=xgb descriptor=xtb
[INFO] Train target=ddg hyper=seed_1_test_0-2 search=optuna split=seed_42_test_0-15 model=xgb descriptor=soap
                           Metric                           
┏━━━━━━━━━━━━━━━━━━┳━━━━━━━━━━━━━┳━━━━━━━━━━━━┳━━━━━━━━━━━━┓
┃       name       ┃    Train    ┃   Valid    ┃    Test    ┃
┡━━━━━━━━━━━━━━━━━━╇━━━━━━━━━━━━━╇━━━━━━━━━━━━╇━━━━━━━━━━━━┩
│        R2        │   0.5158    │   0.0000   │   0.1214   │
│        R         │   0.7216    │   0.0000   │   0.4359   │
│    Spearmanr     │   0.6469    │   0.0000   │   0.4593   │
│       MSE        │   0.4280    │   0.0000   │   0.5876   │
│       MAE        │   0.4741    │   0.0000   │   0.5807   │
│       RMSE       │   0.6542    │   0.0000   │   0.7666   │
└──────────────────┴─────────────┴────────────┴────────────┘
Info[iaw]:> Result, 0.51578493235902, 0.12140499095823465, 0.7215671984327328, 0.4359152178859763, 0.6469021440371749, 0.4592933947772657, 0.4280336315208058, 0.5876306683578236, 0.47413557972780035, 0.580697449446653, 0.6542427924867081, 0.7665707197368183
Info[iaw]:> The model will be saved as 
`/home/iaw/DATA2/AAReact/train/output/pt/ddg/hyper_seed_1_test_0-2/search_optuna/seed_42_test_0-15/x
gb_soap.pkl`
[OK] Finished target=ddg search=optuna split=seed_42_test_0-15 model=xgb descriptor=soap
[INFO] Train target=ddg hyper=seed_1_test_0-2 search=optuna split=seed_42_test_0-15 model=xgb descriptor=acsf
                           Metric                           
┏━━━━━━━━━━━━━━━━━━┳━━━━━━━━━━━━━┳━━━━━━━━━━━━┳━━━━━━━━━━━━┓
┃       name       ┃    Train    ┃   Valid    ┃    Test    ┃
┡━━━━━━━━━━━━━━━━━━╇━━━━━━━━━━━━━╇━━━━━━━━━━━━╇━━━━━━━━━━━━┩
│        R2        │   0.9831    │   0.0000   │   0.8294   │
│        R         │   0.9918    │   0.0000   │   0.9112   │
│    Spearmanr     │   0.9806    │   0.0000   │   0.8737   │
│       MSE        │   0.0149    │   0.0000   │   0.1141   │
│       MAE        │   0.0765    │   0.0000   │   0.2188   │
│       RMSE       │   0.1221    │   0.0000   │   0.3378   │
└──────────────────┴─────────────┴────────────┴────────────┘
Info[iaw]:> Result, 0.9831480012645223, 0.8294247307620759, 0.9917695869229638, 0.9111990900449902, 0.9806103078626768, 0.8736873914028859, 0.014896732256334403, 0.1140858512011331, 0.07649943583787913, 0.21879953582672299, 0.12205217022377932, 0.3377659710526404
Info[iaw]:> The model will be saved as 
`/home/iaw/DATA2/AAReact/train/output/pt/ddg/hyper_seed_1_test_0-2/search_optuna/seed_42_test_0-15/x
gb_acsf.pkl`
[OK] Finished target=ddg search=optuna split=seed_42_test_0-15 model=xgb descriptor=acsf
[INFO] Train target=ddg hyper=seed_1_test_0-2 search=optuna split=seed_42_test_0-15 model=xgb descriptor=rdkit_soap
                           Metric                           
┏━━━━━━━━━━━━━━━━━━┳━━━━━━━━━━━━━┳━━━━━━━━━━━━┳━━━━━━━━━━━━┓
┃       name       ┃    Train    ┃   Valid    ┃    Test    ┃
┡━━━━━━━━━━━━━━━━━━╇━━━━━━━━━━━━━╇━━━━━━━━━━━━╇━━━━━━━━━━━━┩
│        R2        │   0.9879    │   0.0000   │   0.9018   │
│        R         │   0.9942    │   0.0000   │   0.9497   │
│    Spearmanr     │   0.9879    │   0.0000   │   0.9353   │
│       MSE        │   0.0107    │   0.0000   │   0.0657   │
│       MAE        │   0.0603    │   0.0000   │   0.1609   │
│       RMSE       │   0.1036    │   0.0000   │   0.2563   │
└──────────────────┴─────────────┴────────────┴────────────┘
Info[iaw]:> Result, 0.9878638986960626, 0.901817863010856, 0.9942394530061237, 0.9496908047824311, 0.9878992955089146, 0.935332779330664, 0.010728000553424072, 0.06566715515793178, 0.06029024091205482, 0.16094313378601935, 0.10357606168137536, 0.25625603438344974
Info[iaw]:> The model will be saved as 
`/home/iaw/DATA2/AAReact/train/output/pt/ddg/hyper_seed_1_test_0-2/search_optuna/seed_42_test_0-15/x
gb_rdkit_soap.pkl`
[OK] Finished target=ddg search=optuna split=seed_42_test_0-15 model=xgb descriptor=rdkit_soap
[INFO] Train target=ddg hyper=seed_1_test_0-2 search=optuna split=seed_42_test_0-15 model=xgb descriptor=soap_xtb
                           Metric                           
┏━━━━━━━━━━━━━━━━━━┳━━━━━━━━━━━━━┳━━━━━━━━━━━━┳━━━━━━━━━━━━┓
┃       name       ┃    Train    ┃   Valid    ┃    Test    ┃
┡━━━━━━━━━━━━━━━━━━╇━━━━━━━━━━━━━╇━━━━━━━━━━━━╇━━━━━━━━━━━━┩
│        R2        │   0.9925    │   0.0000   │   0.9160   │
│        R         │   0.9964    │   0.0000   │   0.9577   │
│    Spearmanr     │   0.9870    │   0.0000   │   0.9512   │
│       MSE        │   0.0066    │   0.0000   │   0.0562   │
│       MAE        │   0.0500    │   0.0000   │   0.1563   │
│       RMSE       │   0.0812    │   0.0000   │   0.2370   │
└──────────────────┴─────────────┴────────────┴────────────┘
Info[iaw]:> Result, 0.9925340931859863, 0.9160432610182226, 0.9963873255840145, 0.9576904386352214, 0.9870443748990558, 0.9511974012238422, 0.006599669072189235, 0.05615278271932445, 0.05000800122918387, 0.15625529701702348, 0.08123834730094671, 0.23696578385776385
Info[iaw]:> The model will be saved as 
`/home/iaw/DATA2/AAReact/train/output/pt/ddg/hyper_seed_1_test_0-2/search_optuna/seed_42_test_0-15/x
gb_soap_xtb.pkl`
[OK] Finished target=ddg search=optuna split=seed_42_test_0-15 model=xgb descriptor=soap_xtb
[INFO] Train target=ddg hyper=seed_1_test_0-2 search=optuna split=seed_42_test_0-15 model=xgb descriptor=rdkit_xtb
                           Metric                           
┏━━━━━━━━━━━━━━━━━━┳━━━━━━━━━━━━━┳━━━━━━━━━━━━┳━━━━━━━━━━━━┓
┃       name       ┃    Train    ┃   Valid    ┃    Test    ┃
┡━━━━━━━━━━━━━━━━━━╇━━━━━━━━━━━━━╇━━━━━━━━━━━━╇━━━━━━━━━━━━┩
│        R2        │   0.9937    │   0.0000   │   0.9265   │
│        R         │   0.9969    │   0.0000   │   0.9627   │
│    Spearmanr     │   0.9889    │   0.0000   │   0.9531   │
│       MSE        │   0.0056    │   0.0000   │   0.0492   │
│       MAE        │   0.0467    │   0.0000   │   0.1403   │
│       RMSE       │   0.0748    │   0.0000   │   0.2217   │
└──────────────────┴─────────────┴────────────┴────────────┘
Info[iaw]:> Result, 0.993667457477985, 0.9265014104009079, 0.9968974052116327, 0.9627236695101534, 0.9889074702707948, 0.9531112286268288, 0.005597804268386993, 0.049158059043127054, 0.0466659986976033, 0.14032500203755555, 0.07481847544816048, 0.22171616775311415
Info[iaw]:> The model will be saved as 
`/home/iaw/DATA2/AAReact/train/output/pt/ddg/hyper_seed_1_test_0-2/search_optuna/seed_42_test_0-15/x
gb_rdkit_xtb.pkl`
[OK] Finished target=ddg search=optuna split=seed_42_test_0-15 model=xgb descriptor=rdkit_xtb
[INFO] Train target=ddg hyper=seed_1_test_0-2 search=optuna split=seed_42_test_0-15 model=xgb descriptor=soap_acsf
                           Metric                           
┏━━━━━━━━━━━━━━━━━━┳━━━━━━━━━━━━━┳━━━━━━━━━━━━┳━━━━━━━━━━━━┓
┃       name       ┃    Train    ┃   Valid    ┃    Test    ┃
┡━━━━━━━━━━━━━━━━━━╇━━━━━━━━━━━━━╇━━━━━━━━━━━━╇━━━━━━━━━━━━┩
│        R2        │   0.9973    │   0.0000   │   0.8914   │
│        R         │   0.9987    │   0.0000   │   0.9447   │
│    Spearmanr     │   0.9901    │   0.0000   │   0.9256   │
│       MSE        │   0.0024    │   0.0000   │   0.0726   │
│       MAE        │   0.0328    │   0.0000   │   0.1611   │
│       RMSE       │   0.0486    │   0.0000   │   0.2695   │
└──────────────────┴─────────────┴────────────┴────────────┘
Info[iaw]:> Result, 0.9973236196583555, 0.8914393398246336, 0.9986931121777397, 0.9447138997765407, 0.9900584697906082, 0.9256125506786532, 0.00236585119613504, 0.07260862244800725, 0.032846209591863025, 0.1611397894432893, 0.04864001640763539, 0.26945987168409186
Info[iaw]:> The model will be saved as 
`/home/iaw/DATA2/AAReact/train/output/pt/ddg/hyper_seed_1_test_0-2/search_optuna/seed_42_test_0-15/x
gb_soap_acsf.pkl`
[OK] Finished target=ddg search=optuna split=seed_42_test_0-15 model=xgb descriptor=soap_acsf
[INFO] Train target=ddg hyper=seed_1_test_0-2 search=optuna split=seed_42_test_0-15 model=xgb descriptor=acsf_xtb
                           Metric                           
┏━━━━━━━━━━━━━━━━━━┳━━━━━━━━━━━━━┳━━━━━━━━━━━━┳━━━━━━━━━━━━┓
┃       name       ┃    Train    ┃   Valid    ┃    Test    ┃
┡━━━━━━━━━━━━━━━━━━╇━━━━━━━━━━━━━╇━━━━━━━━━━━━╇━━━━━━━━━━━━┩
│        R2        │   0.9937    │   0.0000   │   0.9029   │
│        R         │   0.9970    │   0.0000   │   0.9504   │
│    Spearmanr     │   0.9886    │   0.0000   │   0.9416   │
│       MSE        │   0.0055    │   0.0000   │   0.0649   │
│       MAE        │   0.0454    │   0.0000   │   0.1712   │
│       RMSE       │   0.0744    │   0.0000   │   0.2548   │
└──────────────────┴─────────────┴────────────┴────────────┘
Info[iaw]:> Result, 0.9937375273124006, 0.9029491743407811, 0.9969662649628993, 0.9503873062639844, 0.9885711223114434, 0.9415779003298834, 0.005535864341917779, 0.06491050024174949, 0.045399276438376275, 0.17122237710249247, 0.07440338931740798, 0.25477539175075264
Info[iaw]:> The model will be saved as 
`/home/iaw/DATA2/AAReact/train/output/pt/ddg/hyper_seed_1_test_0-2/search_optuna/seed_42_test_0-15/x
gb_acsf_xtb.pkl`
[OK] Finished target=ddg search=optuna split=seed_42_test_0-15 model=xgb descriptor=acsf_xtb
[INFO] Train target=ddg hyper=seed_1_test_0-2 search=optuna split=seed_42_test_0-15 model=xgb descriptor=rdkit_acsf
                           Metric                           
┏━━━━━━━━━━━━━━━━━━┳━━━━━━━━━━━━━┳━━━━━━━━━━━━┳━━━━━━━━━━━━┓
┃       name       ┃    Train    ┃   Valid    ┃    Test    ┃
┡━━━━━━━━━━━━━━━━━━╇━━━━━━━━━━━━━╇━━━━━━━━━━━━╇━━━━━━━━━━━━┩
│        R2        │   0.9916    │   0.0000   │   0.9036   │
│        R         │   0.9961    │   0.0000   │   0.9508   │
│    Spearmanr     │   0.9857    │   0.0000   │   0.9461   │
│       MSE        │   0.0074    │   0.0000   │   0.0644   │
│       MAE        │   0.0535    │   0.0000   │   0.1639   │
│       RMSE       │   0.0861    │   0.0000   │   0.2539   │
└──────────────────┴─────────────┴────────────┴────────────┘
Info[iaw]:> Result, 0.9916067379755573, 0.9036380754365321, 0.996124176791919, 0.9507925707080996, 0.9856682742901675, 0.9460602855631941, 0.007419427161014288, 0.0644497425466084, 0.05351110036358765, 0.16386769510070323, 0.08613609673658476, 0.253869538437774
Info[iaw]:> The model will be saved as 
`/home/iaw/DATA2/AAReact/train/output/pt/ddg/hyper_seed_1_test_0-2/search_optuna/seed_42_test_0-15/x
gb_rdkit_acsf.pkl`
[OK] Finished target=ddg search=optuna split=seed_42_test_0-15 model=xgb descriptor=rdkit_acsf
[INFO] Train target=ddg hyper=seed_1_test_0-2 search=optuna split=seed_42_test_0-15 model=xgb descriptor=rdkit_soap_xtb
                           Metric                           
┏━━━━━━━━━━━━━━━━━━┳━━━━━━━━━━━━━┳━━━━━━━━━━━━┳━━━━━━━━━━━━┓
┃       name       ┃    Train    ┃   Valid    ┃    Test    ┃
┡━━━━━━━━━━━━━━━━━━╇━━━━━━━━━━━━━╇━━━━━━━━━━━━╇━━━━━━━━━━━━┩
│        R2        │   0.9984    │   0.0000   │   0.9288   │
│        R         │   0.9992    │   0.0000   │   0.9638   │
│    Spearmanr     │   0.9915    │   0.0000   │   0.9448   │
│       MSE        │   0.0014    │   0.0000   │   0.0476   │
│       MAE        │   0.0230    │   0.0000   │   0.1450   │
│       RMSE       │   0.0379    │   0.0000   │   0.2182   │
└──────────────────┴─────────────┴────────────┴────────────┘
Info[iaw]:> Result, 0.9983753395249109, 0.9288436458411873, 0.999201339137654, 0.9638043636381238, 0.9915237996600307, 0.944801188587545, 0.0014361579587530502, 0.04759150179768596, 0.022967951615923823, 0.14501133994847795, 0.037896674771713816, 0.21815476570014683
Info[iaw]:> The model will be saved as 
`/home/iaw/DATA2/AAReact/train/output/pt/ddg/hyper_seed_1_test_0-2/search_optuna/seed_42_test_0-15/x
gb_rdkit_soap_xtb.pkl`
[OK] Finished target=ddg search=optuna split=seed_42_test_0-15 model=xgb descriptor=rdkit_soap_xtb
[INFO] Train target=ddg hyper=seed_1_test_0-2 search=optuna split=seed_42_test_0-15 model=xgb descriptor=rdkit_soap_acsf
                           Metric                           
┏━━━━━━━━━━━━━━━━━━┳━━━━━━━━━━━━━┳━━━━━━━━━━━━┳━━━━━━━━━━━━┓
┃       name       ┃    Train    ┃   Valid    ┃    Test    ┃
┡━━━━━━━━━━━━━━━━━━╇━━━━━━━━━━━━━╇━━━━━━━━━━━━╇━━━━━━━━━━━━┩
│        R2        │   0.9893    │   0.0000   │   0.9037   │
│        R         │   0.9950    │   0.0000   │   0.9509   │
│    Spearmanr     │   0.9863    │   0.0000   │   0.9484   │
│       MSE        │   0.0095    │   0.0000   │   0.0644   │
│       MAE        │   0.0583    │   0.0000   │   0.1504   │
│       RMSE       │   0.0973    │   0.0000   │   0.2537   │
└──────────────────┴─────────────┴────────────┴────────────┘
Info[iaw]:> Result, 0.9892808746604954, 0.9037437496749563, 0.994959404936862, 0.9508983604524075, 0.9862957761678205, 0.9483770239983883, 0.009475430345750203, 0.06437906444951653, 0.058280675868761796, 0.15038421077529715, 0.09734182218219568, 0.25373029864309965
Info[iaw]:> The model will be saved as 
`/home/iaw/DATA2/AAReact/train/output/pt/ddg/hyper_seed_1_test_0-2/search_optuna/seed_42_test_0-15/x
gb_rdkit_soap_acsf.pkl`
[OK] Finished target=ddg search=optuna split=seed_42_test_0-15 model=xgb descriptor=rdkit_soap_acsf
[INFO] Train target=ddg hyper=seed_1_test_0-2 search=optuna split=seed_42_test_0-15 model=xgb descriptor=rdkit_xtb_acsf
                           Metric                           
┏━━━━━━━━━━━━━━━━━━┳━━━━━━━━━━━━━┳━━━━━━━━━━━━┳━━━━━━━━━━━━┓
┃       name       ┃    Train    ┃   Valid    ┃    Test    ┃
┡━━━━━━━━━━━━━━━━━━╇━━━━━━━━━━━━━╇━━━━━━━━━━━━╇━━━━━━━━━━━━┩
│        R2        │   0.9926    │   0.0000   │   0.9278   │
│        R         │   0.9965    │   0.0000   │   0.9639   │
│    Spearmanr     │   0.9886    │   0.0000   │   0.9537   │
│       MSE        │   0.0065    │   0.0000   │   0.0483   │
│       MAE        │   0.0465    │   0.0000   │   0.1381   │
│       RMSE       │   0.0809    │   0.0000   │   0.2197   │
└──────────────────┴─────────────┴────────────┴────────────┘
Info[iaw]:> Result, 0.9926020664797558, 0.9278255203343575, 0.9965264827438925, 0.9638631180566324, 0.9885919810996203, 0.9537155951751404, 0.006539582433579848, 0.048272454643870505, 0.046543548974999065, 0.13809360947132923, 0.08086768472993305, 0.21970993296587776
Info[iaw]:> The model will be saved as 
`/home/iaw/DATA2/AAReact/train/output/pt/ddg/hyper_seed_1_test_0-2/search_optuna/seed_42_test_0-15/x
gb_rdkit_xtb_acsf.pkl`
[OK] Finished target=ddg search=optuna split=seed_42_test_0-15 model=xgb descriptor=rdkit_xtb_acsf
[INFO] Train target=ddg hyper=seed_1_test_0-2 search=optuna split=seed_42_test_0-15 model=xgb descriptor=soap_xtb_acsf
                           Metric                           
┏━━━━━━━━━━━━━━━━━━┳━━━━━━━━━━━━━┳━━━━━━━━━━━━┳━━━━━━━━━━━━┓
┃       name       ┃    Train    ┃   Valid    ┃    Test    ┃
┡━━━━━━━━━━━━━━━━━━╇━━━━━━━━━━━━━╇━━━━━━━━━━━━╇━━━━━━━━━━━━┩
│        R2        │   0.9860    │   0.0000   │   0.8806   │
│        R         │   0.9932    │   0.0000   │   0.9385   │
│    Spearmanr     │   0.9817    │   0.0000   │   0.9200   │
│       MSE        │   0.0124    │   0.0000   │   0.0798   │
│       MAE        │   0.0707    │   0.0000   │   0.1991   │
│       RMSE       │   0.1113    │   0.0000   │   0.2826   │
└──────────────────┴─────────────┴────────────┴────────────┘
Info[iaw]:> Result, 0.9859837439027492, 0.8806153565534862, 0.9932047991575569, 0.9385387663710987, 0.9817126368767441, 0.9199717962277455, 0.01239000890009509, 0.07984802679069218, 0.07065342179625927, 0.19914964910892846, 0.11131041685347823, 0.28257393154835103
Info[iaw]:> The model will be saved as 
`/home/iaw/DATA2/AAReact/train/output/pt/ddg/hyper_seed_1_test_0-2/search_optuna/seed_42_test_0-15/x
gb_soap_xtb_acsf.pkl`
[OK] Finished target=ddg search=optuna split=seed_42_test_0-15 model=xgb descriptor=soap_xtb_acsf
[INFO] Train target=ddg hyper=seed_1_test_0-2 search=optuna split=seed_42_test_0-15 model=xgb descriptor=rdkit_soap_xtb_acsf
                           Metric                           
┏━━━━━━━━━━━━━━━━━━┳━━━━━━━━━━━━━┳━━━━━━━━━━━━┳━━━━━━━━━━━━┓
┃       name       ┃    Train    ┃   Valid    ┃    Test    ┃
┡━━━━━━━━━━━━━━━━━━╇━━━━━━━━━━━━━╇━━━━━━━━━━━━╇━━━━━━━━━━━━┩
│        R2        │   0.9949    │   0.0000   │   0.9294   │
│        R         │   0.9975    │   0.0000   │   0.9645   │
│    Spearmanr     │   0.9894    │   0.0000   │   0.9450   │
│       MSE        │   0.0045    │   0.0000   │   0.0472   │
│       MAE        │   0.0419    │   0.0000   │   0.1424   │
│       RMSE       │   0.0669    │   0.0000   │   0.2172   │
└──────────────────┴─────────────┴────────────┴────────────┘
Info[iaw]:> Result, 0.9949399921671128, 0.9294415373263517, 0.9975302932506932, 0.9645293007411145, 0.9893721577185121, 0.9449522802246229, 0.004472916422832733, 0.04719161405712645, 0.04187030082240515, 0.14239619783845292, 0.06687986560118622, 0.2172363092513
Info[iaw]:> The model will be saved as 
`/home/iaw/DATA2/AAReact/train/output/pt/ddg/hyper_seed_1_test_0-2/search_optuna/seed_42_test_0-15/x
gb_rdkit_soap_xtb_acsf.pkl`
[OK] Finished target=ddg search=optuna split=seed_42_test_0-15 model=xgb descriptor=rdkit_soap_xtb_acsf
[INFO] Train target=ddg hyper=seed_1_test_0-2 search=optuna split=seed_42_test_0-15 model=rf descriptor=rdkit
                           Metric                           
┏━━━━━━━━━━━━━━━━━━┳━━━━━━━━━━━━━┳━━━━━━━━━━━━┳━━━━━━━━━━━━┓
┃       name       ┃    Train    ┃   Valid    ┃    Test    ┃
┡━━━━━━━━━━━━━━━━━━╇━━━━━━━━━━━━━╇━━━━━━━━━━━━╇━━━━━━━━━━━━┩
│        R2        │   0.9627    │   0.0000   │   0.8017   │
│        R         │   0.9813    │   0.0000   │   0.8962   │
│    Spearmanr     │   0.9649    │   0.0000   │   0.8644   │
│       MSE        │   0.0330    │   0.0000   │   0.1326   │
│       MAE        │   0.0887    │   0.0000   │   0.2132   │
│       RMSE       │   0.1817    │   0.0000   │   0.3642   │
└──────────────────┴─────────────┴────────────┴────────────┘
Info[iaw]:> Result, 0.96266529898215, 0.8017189941962949, 0.9813342047630836, 0.8961846363406283, 0.9649105932949136, 0.8644204376621087, 0.03300291280952567, 0.13261627799385092, 0.08865345661075567, 0.2132451672172982, 0.18166703831329906, 0.36416517954611055
Info[iaw]:> The model will be saved as 
`/home/iaw/DATA2/AAReact/train/output/pt/ddg/hyper_seed_1_test_0-2/search_optuna/seed_42_test_0-15/r
f_rdkit.pkl`
[OK] Finished target=ddg search=optuna split=seed_42_test_0-15 model=rf descriptor=rdkit
[INFO] Train target=ddg hyper=seed_1_test_0-2 search=optuna split=seed_42_test_0-15 model=rf descriptor=xtb
                           Metric                           
┏━━━━━━━━━━━━━━━━━━┳━━━━━━━━━━━━━┳━━━━━━━━━━━━┳━━━━━━━━━━━━┓
┃       name       ┃    Train    ┃   Valid    ┃    Test    ┃
┡━━━━━━━━━━━━━━━━━━╇━━━━━━━━━━━━━╇━━━━━━━━━━━━╇━━━━━━━━━━━━┩
│        R2        │   0.9900    │   0.0000   │   0.8905   │
│        R         │   0.9952    │   0.0000   │   0.9453   │
│    Spearmanr     │   0.9876    │   0.0000   │   0.9403   │
│       MSE        │   0.0089    │   0.0000   │   0.0732   │
│       MAE        │   0.0535    │   0.0000   │   0.1792   │
│       RMSE       │   0.0942    │   0.0000   │   0.2706   │
└──────────────────┴─────────────┴────────────┴────────────┘
Info[iaw]:> Result, 0.9899638212828378, 0.8905148892574537, 0.9951818501824728, 0.9452649929971837, 0.9875980019019159, 0.9403188033542343, 0.008871723145310907, 0.07322692268766855, 0.05350969066317014, 0.17917737454337004, 0.09418982506253479, 0.27060473515381905
Info[iaw]:> The model will be saved as 
`/home/iaw/DATA2/AAReact/train/output/pt/ddg/hyper_seed_1_test_0-2/search_optuna/seed_42_test_0-15/r
f_xtb.pkl`
[OK] Finished target=ddg search=optuna split=seed_42_test_0-15 model=rf descriptor=xtb
[INFO] Train target=ddg hyper=seed_1_test_0-2 search=optuna split=seed_42_test_0-15 model=rf descriptor=soap
                           Metric                           
┏━━━━━━━━━━━━━━━━━━┳━━━━━━━━━━━━━┳━━━━━━━━━━━━┳━━━━━━━━━━━━┓
┃       name       ┃    Train    ┃   Valid    ┃    Test    ┃
┡━━━━━━━━━━━━━━━━━━╇━━━━━━━━━━━━━╇━━━━━━━━━━━━╇━━━━━━━━━━━━┩
│        R2        │   0.4350    │   0.0000   │   0.2118   │
│        R         │   0.6603    │   0.0000   │   0.4816   │
│    Spearmanr     │   0.5895    │   0.0000   │   0.4542   │
│       MSE        │   0.4995    │   0.0000   │   0.5272   │
│       MAE        │   0.4885    │   0.0000   │   0.5243   │
│       RMSE       │   0.7067    │   0.0000   │   0.7261   │
└──────────────────┴─────────────┴────────────┴────────────┘
Info[iaw]:> Result, 0.43497995748661755, 0.21183027091045348, 0.6603348269038414, 0.4815748442167714, 0.5894819560618318, 0.45415627911661755, 0.49946314528642555, 0.5271515316134447, 0.48845337499453895, 0.5242861754354994, 0.706727065624648, 0.7260520171540361
Info[iaw]:> The model will be saved as 
`/home/iaw/DATA2/AAReact/train/output/pt/ddg/hyper_seed_1_test_0-2/search_optuna/seed_42_test_0-15/r
f_soap.pkl`
[OK] Finished target=ddg search=optuna split=seed_42_test_0-15 model=rf descriptor=soap
[INFO] Train target=ddg hyper=seed_1_test_0-2 search=optuna split=seed_42_test_0-15 model=rf descriptor=acsf
                           Metric                           
┏━━━━━━━━━━━━━━━━━━┳━━━━━━━━━━━━━┳━━━━━━━━━━━━┳━━━━━━━━━━━━┓
┃       name       ┃    Train    ┃   Valid    ┃    Test    ┃
┡━━━━━━━━━━━━━━━━━━╇━━━━━━━━━━━━━╇━━━━━━━━━━━━╇━━━━━━━━━━━━┩
│        R2        │   0.9743    │   0.0000   │   0.8983   │
│        R         │   0.9874    │   0.0000   │   0.9484   │
│    Spearmanr     │   0.9739    │   0.0000   │   0.9402   │
│       MSE        │   0.0227    │   0.0000   │   0.0681   │
│       MAE        │   0.0918    │   0.0000   │   0.1647   │
│       RMSE       │   0.1506    │   0.0000   │   0.2609   │
└──────────────────┴─────────────┴────────────┴────────────┘
Info[iaw]:> Result, 0.9743492375944605, 0.898255097574121, 0.9874328092744835, 0.9483711883698793, 0.973925355957393, 0.9401677117171564, 0.022674612413881107, 0.068050039437088, 0.09179563169406206, 0.16473903211207558, 0.15058091649967173, 0.26086402480427995
Info[iaw]:> The model will be saved as 
`/home/iaw/DATA2/AAReact/train/output/pt/ddg/hyper_seed_1_test_0-2/search_optuna/seed_42_test_0-15/r
f_acsf.pkl`
[OK] Finished target=ddg search=optuna split=seed_42_test_0-15 model=rf descriptor=acsf
[INFO] Train target=ddg hyper=seed_1_test_0-2 search=optuna split=seed_42_test_0-15 model=rf descriptor=rdkit_soap
                           Metric                           
┏━━━━━━━━━━━━━━━━━━┳━━━━━━━━━━━━━┳━━━━━━━━━━━━┳━━━━━━━━━━━━┓
┃       name       ┃    Train    ┃   Valid    ┃    Test    ┃
┡━━━━━━━━━━━━━━━━━━╇━━━━━━━━━━━━━╇━━━━━━━━━━━━╇━━━━━━━━━━━━┩
│        R2        │   0.9781    │   0.0000   │   0.9115   │
│        R         │   0.9891    │   0.0000   │   0.9549   │
│    Spearmanr     │   0.9760    │   0.0000   │   0.9468   │
│       MSE        │   0.0194    │   0.0000   │   0.0592   │
│       MAE        │   0.0702    │   0.0000   │   0.1552   │
│       RMSE       │   0.1392    │   0.0000   │   0.2433   │
└──────────────────┴─────────────┴────────────┴────────────┘
Info[iaw]:> Result, 0.9780934794962034, 0.9115047677809673, 0.9890658138476266, 0.9549364015898785, 0.9760355700279493, 0.9468157437485835, 0.019364799139578618, 0.059188262988276265, 0.07021041272081481, 0.15523058789861288, 0.13915746167410004, 0.2432863806058125
Info[iaw]:> The model will be saved as 
`/home/iaw/DATA2/AAReact/train/output/pt/ddg/hyper_seed_1_test_0-2/search_optuna/seed_42_test_0-15/r
f_rdkit_soap.pkl`
[OK] Finished target=ddg search=optuna split=seed_42_test_0-15 model=rf descriptor=rdkit_soap
[INFO] Train target=ddg hyper=seed_1_test_0-2 search=optuna split=seed_42_test_0-15 model=rf descriptor=soap_xtb
                           Metric                           
┏━━━━━━━━━━━━━━━━━━┳━━━━━━━━━━━━━┳━━━━━━━━━━━━┳━━━━━━━━━━━━┓
┃       name       ┃    Train    ┃   Valid    ┃    Test    ┃
┡━━━━━━━━━━━━━━━━━━╇━━━━━━━━━━━━━╇━━━━━━━━━━━━╇━━━━━━━━━━━━┩
│        R2        │   0.9737    │   0.0000   │   0.8920   │
│        R         │   0.9870    │   0.0000   │   0.9450   │
│    Spearmanr     │   0.9714    │   0.0000   │   0.9214   │
│       MSE        │   0.0233    │   0.0000   │   0.0722   │
│       MAE        │   0.0836    │   0.0000   │   0.1696   │
│       RMSE       │   0.1525    │   0.0000   │   0.2687   │
└──────────────────┴─────────────┴────────────┴────────────┘
Info[iaw]:> Result, 0.9736840857904603, 0.8920189219964362, 0.9869711979642595, 0.9450383264402865, 0.9713707338165136, 0.9214323487194984, 0.0232625894538478, 0.0722209805248463, 0.0836036999248323, 0.16964822910431862, 0.15252078367831645, 0.26873961472928826
Info[iaw]:> The model will be saved as 
`/home/iaw/DATA2/AAReact/train/output/pt/ddg/hyper_seed_1_test_0-2/search_optuna/seed_42_test_0-15/r
f_soap_xtb.pkl`
[OK] Finished target=ddg search=optuna split=seed_42_test_0-15 model=rf descriptor=soap_xtb
[INFO] Train target=ddg hyper=seed_1_test_0-2 search=optuna split=seed_42_test_0-15 model=rf descriptor=rdkit_xtb
                           Metric                           
┏━━━━━━━━━━━━━━━━━━┳━━━━━━━━━━━━━┳━━━━━━━━━━━━┳━━━━━━━━━━━━┓
┃       name       ┃    Train    ┃   Valid    ┃    Test    ┃
┡━━━━━━━━━━━━━━━━━━╇━━━━━━━━━━━━━╇━━━━━━━━━━━━╇━━━━━━━━━━━━┩
│        R2        │   0.9734    │   0.0000   │   0.8698   │
│        R         │   0.9888    │   0.0000   │   0.9359   │
│    Spearmanr     │   0.9701    │   0.0000   │   0.9170   │
│       MSE        │   0.0235    │   0.0000   │   0.0871   │
│       MAE        │   0.0991    │   0.0000   │   0.1898   │
│       RMSE       │   0.1535    │   0.0000   │   0.2951   │
└──────────────────┴─────────────┴────────────┴────────────┘
Info[iaw]:> Result, 0.973359654479881, 0.8697588416121829, 0.988785721420983, 0.9359289615597246, 0.9700835727627682, 0.9170003273652136, 0.02354937836507026, 0.0871091892891597, 0.09910879363187729, 0.18979380287040665, 0.15345806712281457, 0.2951426592161148
Info[iaw]:> The model will be saved as 
`/home/iaw/DATA2/AAReact/train/output/pt/ddg/hyper_seed_1_test_0-2/search_optuna/seed_42_test_0-15/r
f_rdkit_xtb.pkl`
[OK] Finished target=ddg search=optuna split=seed_42_test_0-15 model=rf descriptor=rdkit_xtb
[INFO] Train target=ddg hyper=seed_1_test_0-2 search=optuna split=seed_42_test_0-15 model=rf descriptor=soap_acsf
                           Metric                           
┏━━━━━━━━━━━━━━━━━━┳━━━━━━━━━━━━━┳━━━━━━━━━━━━┳━━━━━━━━━━━━┓
┃       name       ┃    Train    ┃   Valid    ┃    Test    ┃
┡━━━━━━━━━━━━━━━━━━╇━━━━━━━━━━━━━╇━━━━━━━━━━━━╇━━━━━━━━━━━━┩
│        R2        │   0.9849    │   0.0000   │   0.9120   │
│        R         │   0.9925    │   0.0000   │   0.9554   │
│    Spearmanr     │   0.9853    │   0.0000   │   0.9374   │
│       MSE        │   0.0134    │   0.0000   │   0.0589   │
│       MAE        │   0.0614    │   0.0000   │   0.1488   │
│       RMSE       │   0.1156    │   0.0000   │   0.2426   │
└──────────────────┴─────────────┴────────────┴────────────┘
Info[iaw]:> Result, 0.9848803242115539, 0.9120096105884873, 0.9925326704583914, 0.9553634428755796, 0.9852858631735922, 0.9374480622497545, 0.01336540344908107, 0.05885060899144538, 0.06143068055771697, 0.14877452924421103, 0.11560883810972702, 0.24259144459655907
Info[iaw]:> The model will be saved as 
`/home/iaw/DATA2/AAReact/train/output/pt/ddg/hyper_seed_1_test_0-2/search_optuna/seed_42_test_0-15/r
f_soap_acsf.pkl`
[OK] Finished target=ddg search=optuna split=seed_42_test_0-15 model=rf descriptor=soap_acsf
[INFO] Train target=ddg hyper=seed_1_test_0-2 search=optuna split=seed_42_test_0-15 model=rf descriptor=acsf_xtb
                           Metric                           
┏━━━━━━━━━━━━━━━━━━┳━━━━━━━━━━━━━┳━━━━━━━━━━━━┳━━━━━━━━━━━━┓
┃       name       ┃    Train    ┃   Valid    ┃    Test    ┃
┡━━━━━━━━━━━━━━━━━━╇━━━━━━━━━━━━━╇━━━━━━━━━━━━╇━━━━━━━━━━━━┩
│        R2        │   0.9779    │   0.0000   │   0.9162   │
│        R         │   0.9891    │   0.0000   │   0.9577   │
│    Spearmanr     │   0.9733    │   0.0000   │   0.9513   │
│       MSE        │   0.0196    │   0.0000   │   0.0561   │
│       MAE        │   0.0795    │   0.0000   │   0.1625   │
│       RMSE       │   0.1399    │   0.0000   │   0.2368   │
└──────────────────┴─────────────┴────────────┴────────────┘
Info[iaw]:> Result, 0.9778656688660153, 0.9161839202255264, 0.9891393809148914, 0.9576964391182914, 0.9732874246856515, 0.9512981289818941, 0.019566177861255918, 0.05605870562675285, 0.07948759130464195, 0.1625064483091681, 0.1398791544914964, 0.2367671971087905
Info[iaw]:> The model will be saved as 
`/home/iaw/DATA2/AAReact/train/output/pt/ddg/hyper_seed_1_test_0-2/search_optuna/seed_42_test_0-15/r
f_acsf_xtb.pkl`
[OK] Finished target=ddg search=optuna split=seed_42_test_0-15 model=rf descriptor=acsf_xtb
[INFO] Train target=ddg hyper=seed_1_test_0-2 search=optuna split=seed_42_test_0-15 model=rf descriptor=rdkit_acsf
                           Metric                           
┏━━━━━━━━━━━━━━━━━━┳━━━━━━━━━━━━━┳━━━━━━━━━━━━┳━━━━━━━━━━━━┓
┃       name       ┃    Train    ┃   Valid    ┃    Test    ┃
┡━━━━━━━━━━━━━━━━━━╇━━━━━━━━━━━━━╇━━━━━━━━━━━━╇━━━━━━━━━━━━┩
│        R2        │   0.9765    │   0.0000   │   0.9106   │
│        R         │   0.9883    │   0.0000   │   0.9543   │
│    Spearmanr     │   0.9768    │   0.0000   │   0.9434   │
│       MSE        │   0.0208    │   0.0000   │   0.0598   │
│       MAE        │   0.0743    │   0.0000   │   0.1621   │
│       RMSE       │   0.1441    │   0.0000   │   0.2445   │
└──────────────────┴─────────────┴────────────┴────────────┘
Info[iaw]:> Result, 0.9765209218888108, 0.9106157170444293, 0.9883258210135526, 0.9542789139615914, 0.9768363157296267, 0.943441363853844, 0.020754899507060363, 0.059782886760480075, 0.07432275981411189, 0.16210361056267836, 0.14406560834238116, 0.2445053920887637
Info[iaw]:> The model will be saved as 
`/home/iaw/DATA2/AAReact/train/output/pt/ddg/hyper_seed_1_test_0-2/search_optuna/seed_42_test_0-15/r
f_rdkit_acsf.pkl`
[OK] Finished target=ddg search=optuna split=seed_42_test_0-15 model=rf descriptor=rdkit_acsf
[INFO] Train target=ddg hyper=seed_1_test_0-2 search=optuna split=seed_42_test_0-15 model=rf descriptor=rdkit_soap_xtb
                           Metric                           
┏━━━━━━━━━━━━━━━━━━┳━━━━━━━━━━━━━┳━━━━━━━━━━━━┳━━━━━━━━━━━━┓
┃       name       ┃    Train    ┃   Valid    ┃    Test    ┃
┡━━━━━━━━━━━━━━━━━━╇━━━━━━━━━━━━━╇━━━━━━━━━━━━╇━━━━━━━━━━━━┩
│        R2        │   0.9785    │   0.0000   │   0.8698   │
│        R         │   0.9906    │   0.0000   │   0.9337   │
│    Spearmanr     │   0.9798    │   0.0000   │   0.9099   │
│       MSE        │   0.0190    │   0.0000   │   0.0871   │
│       MAE        │   0.0838    │   0.0000   │   0.1808   │
│       RMSE       │   0.1379    │   0.0000   │   0.2951   │
└──────────────────┴─────────────┴────────────┴────────────┘
Info[iaw]:> Result, 0.9784762789695141, 0.8697554891375834, 0.9906113452627062, 0.933720427022224, 0.9798466444510916, 0.909899020422553, 0.01902641427786071, 0.08711143152462578, 0.08377209877016234, 0.18082926901273863, 0.13793626889930258, 0.29514645775381715
Info[iaw]:> The model will be saved as 
`/home/iaw/DATA2/AAReact/train/output/pt/ddg/hyper_seed_1_test_0-2/search_optuna/seed_42_test_0-15/r
f_rdkit_soap_xtb.pkl`
[OK] Finished target=ddg search=optuna split=seed_42_test_0-15 model=rf descriptor=rdkit_soap_xtb
[INFO] Train target=ddg hyper=seed_1_test_0-2 search=optuna split=seed_42_test_0-15 model=rf descriptor=rdkit_soap_acsf
                           Metric                           
┏━━━━━━━━━━━━━━━━━━┳━━━━━━━━━━━━━┳━━━━━━━━━━━━┳━━━━━━━━━━━━┓
┃       name       ┃    Train    ┃   Valid    ┃    Test    ┃
┡━━━━━━━━━━━━━━━━━━╇━━━━━━━━━━━━━╇━━━━━━━━━━━━╇━━━━━━━━━━━━┩
│        R2        │   0.9786    │   0.0000   │   0.8643   │
│        R         │   0.9908    │   0.0000   │   0.9315   │
│    Spearmanr     │   0.9794    │   0.0000   │   0.9060   │
│       MSE        │   0.0189    │   0.0000   │   0.0908   │
│       MAE        │   0.0837    │   0.0000   │   0.1866   │
│       RMSE       │   0.1376    │   0.0000   │   0.3013   │
└──────────────────┴─────────────┴────────────┴────────────┘
Info[iaw]:> Result, 0.9785731126449417, 0.8642500625615893, 0.9908287703712237, 0.9314766811151222, 0.9794042643185079, 0.9060210017375538, 0.0189408158061966, 0.09079362578381545, 0.08366405020778528, 0.1865629052984586, 0.13762563644247608, 0.3013198064910693
Info[iaw]:> The model will be saved as 
`/home/iaw/DATA2/AAReact/train/output/pt/ddg/hyper_seed_1_test_0-2/search_optuna/seed_42_test_0-15/r
f_rdkit_soap_acsf.pkl`
[OK] Finished target=ddg search=optuna split=seed_42_test_0-15 model=rf descriptor=rdkit_soap_acsf
[INFO] Train target=ddg hyper=seed_1_test_0-2 search=optuna split=seed_42_test_0-15 model=rf descriptor=rdkit_xtb_acsf
                           Metric                           
┏━━━━━━━━━━━━━━━━━━┳━━━━━━━━━━━━━┳━━━━━━━━━━━━┳━━━━━━━━━━━━┓
┃       name       ┃    Train    ┃   Valid    ┃    Test    ┃
┡━━━━━━━━━━━━━━━━━━╇━━━━━━━━━━━━━╇━━━━━━━━━━━━╇━━━━━━━━━━━━┩
│        R2        │   0.9788    │   0.0000   │   0.8928   │
│        R         │   0.9909    │   0.0000   │   0.9467   │
│    Spearmanr     │   0.9792    │   0.0000   │   0.9391   │
│       MSE        │   0.0187    │   0.0000   │   0.0717   │
│       MAE        │   0.0813    │   0.0000   │   0.1726   │
│       RMSE       │   0.1368    │   0.0000   │   0.2678   │
└──────────────────┴─────────────┴────────────┴────────────┘
Info[iaw]:> Result, 0.9788201807999499, 0.8927591791910408, 0.9908970740888258, 0.9467344123192886, 0.9792347866645711, 0.9391100702576113, 0.018722413929244442, 0.07172587433195246, 0.08131821754295097, 0.17260901969848566, 0.13682987221087523, 0.26781686715356906
Info[iaw]:> The model will be saved as 
`/home/iaw/DATA2/AAReact/train/output/pt/ddg/hyper_seed_1_test_0-2/search_optuna/seed_42_test_0-15/r
f_rdkit_xtb_acsf.pkl`
[OK] Finished target=ddg search=optuna split=seed_42_test_0-15 model=rf descriptor=rdkit_xtb_acsf
[INFO] Train target=ddg hyper=seed_1_test_0-2 search=optuna split=seed_42_test_0-15 model=rf descriptor=soap_xtb_acsf
                           Metric                           
┏━━━━━━━━━━━━━━━━━━┳━━━━━━━━━━━━━┳━━━━━━━━━━━━┳━━━━━━━━━━━━┓
┃       name       ┃    Train    ┃   Valid    ┃    Test    ┃
┡━━━━━━━━━━━━━━━━━━╇━━━━━━━━━━━━━╇━━━━━━━━━━━━╇━━━━━━━━━━━━┩
│        R2        │   0.9704    │   0.0000   │   0.9046   │
│        R         │   0.9854    │   0.0000   │   0.9512   │
│    Spearmanr     │   0.9673    │   0.0000   │   0.9361   │
│       MSE        │   0.0261    │   0.0000   │   0.0638   │
│       MAE        │   0.0939    │   0.0000   │   0.1660   │
│       RMSE       │   0.1617    │   0.0000   │   0.2526   │
└──────────────────┴─────────────┴────────────┴────────────┘
Info[iaw]:> Result, 0.9704198434580917, 0.9046326276111927, 0.9854041354812698, 0.9512476346482998, 0.9673415112336887, 0.9360882375160535, 0.02614809548837625, 0.06378455625133232, 0.09387942716193651, 0.16599879565879788, 0.16170372750303638, 0.2525560457627818
Info[iaw]:> The model will be saved as 
`/home/iaw/DATA2/AAReact/train/output/pt/ddg/hyper_seed_1_test_0-2/search_optuna/seed_42_test_0-15/r
f_soap_xtb_acsf.pkl`
[OK] Finished target=ddg search=optuna split=seed_42_test_0-15 model=rf descriptor=soap_xtb_acsf
[INFO] Train target=ddg hyper=seed_1_test_0-2 search=optuna split=seed_42_test_0-15 model=rf descriptor=rdkit_soap_xtb_acsf
                           Metric                           
┏━━━━━━━━━━━━━━━━━━┳━━━━━━━━━━━━━┳━━━━━━━━━━━━┳━━━━━━━━━━━━┓
┃       name       ┃    Train    ┃   Valid    ┃    Test    ┃
┡━━━━━━━━━━━━━━━━━━╇━━━━━━━━━━━━━╇━━━━━━━━━━━━╇━━━━━━━━━━━━┩
│        R2        │   0.9777    │   0.0000   │   0.8749   │
│        R         │   0.9904    │   0.0000   │   0.9367   │
│    Spearmanr     │   0.9761    │   0.0000   │   0.9157   │
│       MSE        │   0.0197    │   0.0000   │   0.0837   │
│       MAE        │   0.0859    │   0.0000   │   0.1816   │
│       RMSE       │   0.1403    │   0.0000   │   0.2893   │
└──────────────────┴─────────────┴────────────┴────────────┘
Info[iaw]:> Result, 0.977721239781011, 0.874853606614548, 0.9904174220615249, 0.9367385538243395, 0.9760984360978712, 0.9157412303895646, 0.019693849447464155, 0.08370165779551839, 0.08587390389448607, 0.18156647099402867, 0.1403347763295476, 0.2893123879053892
Info[iaw]:> The model will be saved as 
`/home/iaw/DATA2/AAReact/train/output/pt/ddg/hyper_seed_1_test_0-2/search_optuna/seed_42_test_0-15/r
f_rdkit_soap_xtb_acsf.pkl`
[OK] Finished target=ddg search=optuna split=seed_42_test_0-15 model=rf descriptor=rdkit_soap_xtb_acsf
[INFO] Train target=ddg hyper=seed_1_test_0-2 search=optuna split=seed_42_test_0-2 model=lgb descriptor=rdkit
                           Metric                           
┏━━━━━━━━━━━━━━━━━━┳━━━━━━━━━━━━━┳━━━━━━━━━━━━┳━━━━━━━━━━━━┓
┃       name       ┃    Train    ┃   Valid    ┃    Test    ┃
┡━━━━━━━━━━━━━━━━━━╇━━━━━━━━━━━━━╇━━━━━━━━━━━━╇━━━━━━━━━━━━┩
│        R2        │   0.9850    │   0.0000   │   0.5418   │
│        R         │   0.9927    │   0.0000   │   0.7589   │
│    Spearmanr     │   0.9815    │   0.0000   │   0.6896   │
│       MSE        │   0.0131    │   0.0000   │   0.3409   │
│       MAE        │   0.0695    │   0.0000   │   0.3116   │
│       RMSE       │   0.1146    │   0.0000   │   0.5838   │
└──────────────────┴─────────────┴────────────┴────────────┘
Info[iaw]:> Result, 0.9850002944837879, 0.5417715476195948, 0.992718326040285, 0.7589369031150881, 0.9814629542236905, 0.689620269696673, 0.013136728065112109, 0.34087828107866874, 0.06954088969614806, 0.3115571192578604, 0.1146155664170976, 0.5838478235625005
Info[iaw]:> The model will be saved as 
`/home/iaw/DATA2/AAReact/train/output/pt/ddg/hyper_seed_1_test_0-2/search_optuna/seed_42_test_0-2/lg
b_rdkit.pkl`
[OK] Finished target=ddg search=optuna split=seed_42_test_0-2 model=lgb descriptor=rdkit
[INFO] Train target=ddg hyper=seed_1_test_0-2 search=optuna split=seed_42_test_0-2 model=lgb descriptor=xtb
                           Metric                           
┏━━━━━━━━━━━━━━━━━━┳━━━━━━━━━━━━━┳━━━━━━━━━━━━┳━━━━━━━━━━━━┓
┃       name       ┃    Train    ┃   Valid    ┃    Test    ┃
┡━━━━━━━━━━━━━━━━━━╇━━━━━━━━━━━━━╇━━━━━━━━━━━━╇━━━━━━━━━━━━┩
│        R2        │   0.9764    │   0.0000   │   0.5969   │
│        R         │   0.9884    │   0.0000   │   0.7841   │
│    Spearmanr     │   0.9671    │   0.0000   │   0.7400   │
│       MSE        │   0.0207    │   0.0000   │   0.2999   │
│       MAE        │   0.1040    │   0.0000   │   0.3178   │
│       RMSE       │   0.1438    │   0.0000   │   0.5476   │
└──────────────────┴─────────────┴────────────┴────────────┘
Info[iaw]:> Result, 0.9763837533082308, 0.596872964072815, 0.988439467797051, 0.7840685099372514, 0.9671487762532959, 0.7400115366615515, 0.020683086769474175, 0.29988808060551986, 0.10398772366482051, 0.3178105397706142, 0.14381615614900217, 0.5476203800129428
Info[iaw]:> The model will be saved as 
`/home/iaw/DATA2/AAReact/train/output/pt/ddg/hyper_seed_1_test_0-2/search_optuna/seed_42_test_0-2/lg
b_xtb.pkl`
[OK] Finished target=ddg search=optuna split=seed_42_test_0-2 model=lgb descriptor=xtb
[INFO] Train target=ddg hyper=seed_1_test_0-2 search=optuna split=seed_42_test_0-2 model=lgb descriptor=soap
                           Metric                           
┏━━━━━━━━━━━━━━━━━━┳━━━━━━━━━━━━━┳━━━━━━━━━━━━┳━━━━━━━━━━━━┓
┃       name       ┃    Train    ┃   Valid    ┃    Test    ┃
┡━━━━━━━━━━━━━━━━━━╇━━━━━━━━━━━━━╇━━━━━━━━━━━━╇━━━━━━━━━━━━┩
│        R2        │   0.5143    │   0.0000   │   0.1272   │
│        R         │   0.7213    │   0.0000   │   0.4386   │
│    Spearmanr     │   0.6559    │   0.0000   │   0.3674   │
│       MSE        │   0.4254    │   0.0000   │   0.6493   │
│       MAE        │   0.4773    │   0.0000   │   0.6006   │
│       RMSE       │   0.6522    │   0.0000   │   0.8058   │
└──────────────────┴─────────────┴────────────┴────────────┘
Info[iaw]:> Result, 0.5142586541554253, 0.12715576345940904, 0.7212600764888828, 0.4385920047642216, 0.6558684856540431, 0.3674426704106399, 0.4254118164816588, 0.6493128950324927, 0.47733809758736223, 0.6006340767616956, 0.65223601286778, 0.8057995377465121
Info[iaw]:> The model will be saved as 
`/home/iaw/DATA2/AAReact/train/output/pt/ddg/hyper_seed_1_test_0-2/search_optuna/seed_42_test_0-2/lg
b_soap.pkl`
[OK] Finished target=ddg search=optuna split=seed_42_test_0-2 model=lgb descriptor=soap
[INFO] Train target=ddg hyper=seed_1_test_0-2 search=optuna split=seed_42_test_0-2 model=lgb descriptor=acsf
                           Metric                           
┏━━━━━━━━━━━━━━━━━━┳━━━━━━━━━━━━━┳━━━━━━━━━━━━┳━━━━━━━━━━━━┓
┃       name       ┃    Train    ┃   Valid    ┃    Test    ┃
┡━━━━━━━━━━━━━━━━━━╇━━━━━━━━━━━━━╇━━━━━━━━━━━━╇━━━━━━━━━━━━┩
│        R2        │   0.9875    │   0.0000   │   0.5280   │
│        R         │   0.9939    │   0.0000   │   0.7517   │
│    Spearmanr     │   0.9768    │   0.0000   │   0.7016   │
│       MSE        │   0.0109    │   0.0000   │   0.3511   │
│       MAE        │   0.0733    │   0.0000   │   0.3284   │
│       RMSE       │   0.1045    │   0.0000   │   0.5925   │
└──────────────────┴─────────────┴────────────┴────────────┘
Info[iaw]:> Result, 0.9875429592159953, 0.52804914121983, 0.9939379402285432, 0.7517496432863128, 0.976818215273779, 0.7015922769669465, 0.010909864670250298, 0.3510864431461161, 0.07330679737782306, 0.32843730829060763, 0.10445029760728448, 0.5925254789003728
Info[iaw]:> The model will be saved as 
`/home/iaw/DATA2/AAReact/train/output/pt/ddg/hyper_seed_1_test_0-2/search_optuna/seed_42_test_0-2/lg
b_acsf.pkl`
[OK] Finished target=ddg search=optuna split=seed_42_test_0-2 model=lgb descriptor=acsf
[INFO] Train target=ddg hyper=seed_1_test_0-2 search=optuna split=seed_42_test_0-2 model=lgb descriptor=rdkit_soap
                           Metric                           
┏━━━━━━━━━━━━━━━━━━┳━━━━━━━━━━━━━┳━━━━━━━━━━━━┳━━━━━━━━━━━━┓
┃       name       ┃    Train    ┃   Valid    ┃    Test    ┃
┡━━━━━━━━━━━━━━━━━━╇━━━━━━━━━━━━━╇━━━━━━━━━━━━╇━━━━━━━━━━━━┩
│        R2        │   0.9902    │   0.0000   │   0.5789   │
│        R         │   0.9953    │   0.0000   │   0.7743   │
│    Spearmanr     │   0.9856    │   0.0000   │   0.7182   │
│       MSE        │   0.0086    │   0.0000   │   0.3132   │
│       MAE        │   0.0608    │   0.0000   │   0.2958   │
│       RMSE       │   0.0928    │   0.0000   │   0.5597   │
└──────────────────┴─────────────┴────────────┴────────────┘
Info[iaw]:> Result, 0.9901572137858937, 0.5789133440554812, 0.9953317515087984, 0.7743032032723195, 0.9856148174446142, 0.7181789488577618, 0.008620302962481143, 0.31324832562856897, 0.06078858784011365, 0.295849029812526, 0.09284558666130094, 0.5596859169467898
Info[iaw]:> The model will be saved as 
`/home/iaw/DATA2/AAReact/train/output/pt/ddg/hyper_seed_1_test_0-2/search_optuna/seed_42_test_0-2/lg
b_rdkit_soap.pkl`
[OK] Finished target=ddg search=optuna split=seed_42_test_0-2 model=lgb descriptor=rdkit_soap
[INFO] Train target=ddg hyper=seed_1_test_0-2 search=optuna split=seed_42_test_0-2 model=lgb descriptor=soap_xtb
                           Metric                           
┏━━━━━━━━━━━━━━━━━━┳━━━━━━━━━━━━━┳━━━━━━━━━━━━┳━━━━━━━━━━━━┓
┃       name       ┃    Train    ┃   Valid    ┃    Test    ┃
┡━━━━━━━━━━━━━━━━━━╇━━━━━━━━━━━━━╇━━━━━━━━━━━━╇━━━━━━━━━━━━┩
│        R2        │   0.9923    │   0.0000   │   0.6079   │
│        R         │   0.9963    │   0.0000   │   0.7937   │
│    Spearmanr     │   0.9886    │   0.0000   │   0.7551   │
│       MSE        │   0.0067    │   0.0000   │   0.2917   │
│       MAE        │   0.0500    │   0.0000   │   0.2778   │
│       RMSE       │   0.0821    │   0.0000   │   0.5401   │
└──────────────────┴─────────────┴────────────┴────────────┘
Info[iaw]:> Result, 0.9923115794548895, 0.6079068545827151, 0.9962853770063913, 0.7937449176695138, 0.9885616809036633, 0.755118033108042, 0.006733511524087885, 0.2916799180370756, 0.050023086525198414, 0.2778170451561224, 0.08205797660244789, 0.5400739931130507
Info[iaw]:> The model will be saved as 
`/home/iaw/DATA2/AAReact/train/output/pt/ddg/hyper_seed_1_test_0-2/search_optuna/seed_42_test_0-2/lg
b_soap_xtb.pkl`
[OK] Finished target=ddg search=optuna split=seed_42_test_0-2 model=lgb descriptor=soap_xtb
[INFO] Train target=ddg hyper=seed_1_test_0-2 search=optuna split=seed_42_test_0-2 model=lgb descriptor=rdkit_xtb
                           Metric                           
┏━━━━━━━━━━━━━━━━━━┳━━━━━━━━━━━━━┳━━━━━━━━━━━━┳━━━━━━━━━━━━┓
┃       name       ┃    Train    ┃   Valid    ┃    Test    ┃
┡━━━━━━━━━━━━━━━━━━╇━━━━━━━━━━━━━╇━━━━━━━━━━━━╇━━━━━━━━━━━━┩
│        R2        │   0.9872    │   0.0000   │   0.6338   │
│        R         │   0.9939    │   0.0000   │   0.8067   │
│    Spearmanr     │   0.9825    │   0.0000   │   0.7440   │
│       MSE        │   0.0112    │   0.0000   │   0.2724   │
│       MAE        │   0.0735    │   0.0000   │   0.2832   │
│       RMSE       │   0.1058    │   0.0000   │   0.5219   │
└──────────────────┴─────────────┴────────────┴────────────┘
Info[iaw]:> Result, 0.9872274450848615, 0.6338334308937332, 0.9938641336771985, 0.8066874069923696, 0.9825055093496586, 0.7440167172756066, 0.011186191651265012, 0.2723930171009941, 0.07352224480178514, 0.28316789923310626, 0.10576479400663064, 0.5219128443533404
Info[iaw]:> The model will be saved as 
`/home/iaw/DATA2/AAReact/train/output/pt/ddg/hyper_seed_1_test_0-2/search_optuna/seed_42_test_0-2/lg
b_rdkit_xtb.pkl`
[OK] Finished target=ddg search=optuna split=seed_42_test_0-2 model=lgb descriptor=rdkit_xtb
[INFO] Train target=ddg hyper=seed_1_test_0-2 search=optuna split=seed_42_test_0-2 model=lgb descriptor=soap_acsf
                           Metric                           
┏━━━━━━━━━━━━━━━━━━┳━━━━━━━━━━━━━┳━━━━━━━━━━━━┳━━━━━━━━━━━━┓
┃       name       ┃    Train    ┃   Valid    ┃    Test    ┃
┡━━━━━━━━━━━━━━━━━━╇━━━━━━━━━━━━━╇━━━━━━━━━━━━╇━━━━━━━━━━━━┩
│        R2        │   0.9953    │   0.0000   │   0.6021   │
│        R         │   0.9977    │   0.0000   │   0.7919   │
│    Spearmanr     │   0.9880    │   0.0000   │   0.7405   │
│       MSE        │   0.0042    │   0.0000   │   0.2960   │
│       MAE        │   0.0446    │   0.0000   │   0.2851   │
│       RMSE       │   0.0645    │   0.0000   │   0.5441   │
└──────────────────┴─────────────┴────────────┴────────────┘
Info[iaw]:> Result, 0.9952564785875552, 0.6020973071304558, 0.9976611853288632, 0.7918544446958027, 0.9880005715003182, 0.7405121842383083, 0.004154371617427658, 0.2960016674594076, 0.04457892815055809, 0.28510579639656614, 0.06445441503440752, 0.5440603527729323
Info[iaw]:> The model will be saved as 
`/home/iaw/DATA2/AAReact/train/output/pt/ddg/hyper_seed_1_test_0-2/search_optuna/seed_42_test_0-2/lg
b_soap_acsf.pkl`
[OK] Finished target=ddg search=optuna split=seed_42_test_0-2 model=lgb descriptor=soap_acsf
[INFO] Train target=ddg hyper=seed_1_test_0-2 search=optuna split=seed_42_test_0-2 model=lgb descriptor=acsf_xtb
                           Metric                           
┏━━━━━━━━━━━━━━━━━━┳━━━━━━━━━━━━━┳━━━━━━━━━━━━┳━━━━━━━━━━━━┓
┃       name       ┃    Train    ┃   Valid    ┃    Test    ┃
┡━━━━━━━━━━━━━━━━━━╇━━━━━━━━━━━━━╇━━━━━━━━━━━━╇━━━━━━━━━━━━┩
│        R2        │   0.9966    │   0.0000   │   0.6019   │
│        R         │   0.9983    │   0.0000   │   0.7925   │
│    Spearmanr     │   0.9882    │   0.0000   │   0.7464   │
│       MSE        │   0.0030    │   0.0000   │   0.2961   │
│       MAE        │   0.0374    │   0.0000   │   0.2980   │
│       RMSE       │   0.0544    │   0.0000   │   0.5442   │
└──────────────────┴─────────────┴────────────┴────────────┘
Info[iaw]:> Result, 0.9966267103852714, 0.6019121660477227, 0.998338594827721, 0.7924777640271804, 0.9881858761489538, 0.7463893514437153, 0.0029543238902697277, 0.29613939477361356, 0.037422377967066774, 0.2979982714440398, 0.054353692517341706, 0.5441869116154977
Info[iaw]:> The model will be saved as 
`/home/iaw/DATA2/AAReact/train/output/pt/ddg/hyper_seed_1_test_0-2/search_optuna/seed_42_test_0-2/lg
b_acsf_xtb.pkl`
[OK] Finished target=ddg search=optuna split=seed_42_test_0-2 model=lgb descriptor=acsf_xtb
[INFO] Train target=ddg hyper=seed_1_test_0-2 search=optuna split=seed_42_test_0-2 model=lgb descriptor=rdkit_acsf
                           Metric                           
┏━━━━━━━━━━━━━━━━━━┳━━━━━━━━━━━━━┳━━━━━━━━━━━━┳━━━━━━━━━━━━┓
┃       name       ┃    Train    ┃   Valid    ┃    Test    ┃
┡━━━━━━━━━━━━━━━━━━╇━━━━━━━━━━━━━╇━━━━━━━━━━━━╇━━━━━━━━━━━━┩
│        R2        │   0.9806    │   0.0000   │   0.4764   │
│        R         │   0.9909    │   0.0000   │   0.7213   │
│    Spearmanr     │   0.9750    │   0.0000   │   0.6778   │
│       MSE        │   0.0170    │   0.0000   │   0.3895   │
│       MAE        │   0.0915    │   0.0000   │   0.3410   │
│       RMSE       │   0.1302    │   0.0000   │   0.6241   │
└──────────────────┴─────────────┴────────────┴────────────┘
Info[iaw]:> Result, 0.9806306017802551, 0.47644248403809075, 0.9909227790950235, 0.7212554253363206, 0.9749942633490785, 0.677822400713967, 0.016963700848835923, 0.3894768759115688, 0.0915335607617907, 0.34096080777580584, 0.1302447728273036, 0.62408082482285
Info[iaw]:> The model will be saved as 
`/home/iaw/DATA2/AAReact/train/output/pt/ddg/hyper_seed_1_test_0-2/search_optuna/seed_42_test_0-2/lg
b_rdkit_acsf.pkl`
[OK] Finished target=ddg search=optuna split=seed_42_test_0-2 model=lgb descriptor=rdkit_acsf
[INFO] Train target=ddg hyper=seed_1_test_0-2 search=optuna split=seed_42_test_0-2 model=lgb descriptor=rdkit_soap_xtb
                           Metric                           
┏━━━━━━━━━━━━━━━━━━┳━━━━━━━━━━━━━┳━━━━━━━━━━━━┳━━━━━━━━━━━━┓
┃       name       ┃    Train    ┃   Valid    ┃    Test    ┃
┡━━━━━━━━━━━━━━━━━━╇━━━━━━━━━━━━━╇━━━━━━━━━━━━╇━━━━━━━━━━━━┩
│        R2        │   0.9905    │   0.0000   │   0.6093   │
│        R         │   0.9954    │   0.0000   │   0.7935   │
│    Spearmanr     │   0.9837    │   0.0000   │   0.7497   │
│       MSE        │   0.0084    │   0.0000   │   0.2907   │
│       MAE        │   0.0654    │   0.0000   │   0.2877   │
│       RMSE       │   0.0914    │   0.0000   │   0.5391   │
└──────────────────┴─────────────┴────────────┴────────────┘
Info[iaw]:> Result, 0.990452765582491, 0.609273452062187, 0.9953527848580247, 0.7934756146697117, 0.9836685990881973, 0.7496544443356081, 0.008361458975387134, 0.29066329980372746, 0.06542303649088346, 0.28765550328345085, 0.09144101363932453, 0.5391319873683321
Info[iaw]:> The model will be saved as 
`/home/iaw/DATA2/AAReact/train/output/pt/ddg/hyper_seed_1_test_0-2/search_optuna/seed_42_test_0-2/lg
b_rdkit_soap_xtb.pkl`
[OK] Finished target=ddg search=optuna split=seed_42_test_0-2 model=lgb descriptor=rdkit_soap_xtb
[INFO] Train target=ddg hyper=seed_1_test_0-2 search=optuna split=seed_42_test_0-2 model=lgb descriptor=rdkit_soap_acsf
                           Metric                           
┏━━━━━━━━━━━━━━━━━━┳━━━━━━━━━━━━━┳━━━━━━━━━━━━┳━━━━━━━━━━━━┓
┃       name       ┃    Train    ┃   Valid    ┃    Test    ┃
┡━━━━━━━━━━━━━━━━━━╇━━━━━━━━━━━━━╇━━━━━━━━━━━━╇━━━━━━━━━━━━┩
│        R2        │   0.9934    │   0.0000   │   0.6139   │
│        R         │   0.9968    │   0.0000   │   0.7976   │
│    Spearmanr     │   0.9857    │   0.0000   │   0.7626   │
│       MSE        │   0.0058    │   0.0000   │   0.2872   │
│       MAE        │   0.0492    │   0.0000   │   0.2816   │
│       RMSE       │   0.0760    │   0.0000   │   0.5359   │
└──────────────────┴─────────────┴────────────┴────────────┘
Info[iaw]:> Result, 0.9934089084137793, 0.6139366346396165, 0.9967983909320277, 0.7975913614250317, 0.9857332738742093, 0.7626495140453414, 0.005772471847987071, 0.2871943365538624, 0.04921876186858007, 0.2815948770932436, 0.07597678492794407, 0.5359051563046043
Info[iaw]:> The model will be saved as 
`/home/iaw/DATA2/AAReact/train/output/pt/ddg/hyper_seed_1_test_0-2/search_optuna/seed_42_test_0-2/lg
b_rdkit_soap_acsf.pkl`
[OK] Finished target=ddg search=optuna split=seed_42_test_0-2 model=lgb descriptor=rdkit_soap_acsf
[INFO] Train target=ddg hyper=seed_1_test_0-2 search=optuna split=seed_42_test_0-2 model=lgb descriptor=rdkit_xtb_acsf
                           Metric                           
┏━━━━━━━━━━━━━━━━━━┳━━━━━━━━━━━━━┳━━━━━━━━━━━━┳━━━━━━━━━━━━┓
┃       name       ┃    Train    ┃   Valid    ┃    Test    ┃
┡━━━━━━━━━━━━━━━━━━╇━━━━━━━━━━━━━╇━━━━━━━━━━━━╇━━━━━━━━━━━━┩
│        R2        │   0.9927    │   0.0000   │   0.6226   │
│        R         │   0.9964    │   0.0000   │   0.8017   │
│    Spearmanr     │   0.9854    │   0.0000   │   0.7653   │
│       MSE        │   0.0064    │   0.0000   │   0.2808   │
│       MAE        │   0.0555    │   0.0000   │   0.2724   │
│       RMSE       │   0.0799    │   0.0000   │   0.5299   │
└──────────────────┴─────────────┴────────────┴────────────┘
Info[iaw]:> Result, 0.9927074124609816, 0.6225899219187985, 0.9964385811156258, 0.8016652170259763, 0.9853789436769118, 0.7652615883588556, 0.006386841347489475, 0.2807571158224035, 0.05550793200546934, 0.27238976723027114, 0.07991771610531344, 0.5298651864601065
Info[iaw]:> The model will be saved as 
`/home/iaw/DATA2/AAReact/train/output/pt/ddg/hyper_seed_1_test_0-2/search_optuna/seed_42_test_0-2/lg
b_rdkit_xtb_acsf.pkl`
[OK] Finished target=ddg search=optuna split=seed_42_test_0-2 model=lgb descriptor=rdkit_xtb_acsf
[INFO] Train target=ddg hyper=seed_1_test_0-2 search=optuna split=seed_42_test_0-2 model=lgb descriptor=soap_xtb_acsf
                           Metric                           
┏━━━━━━━━━━━━━━━━━━┳━━━━━━━━━━━━━┳━━━━━━━━━━━━┳━━━━━━━━━━━━┓
┃       name       ┃    Train    ┃   Valid    ┃    Test    ┃
┡━━━━━━━━━━━━━━━━━━╇━━━━━━━━━━━━━╇━━━━━━━━━━━━╇━━━━━━━━━━━━┩
│        R2        │   0.9953    │   0.0000   │   0.6136   │
│        R         │   0.9977    │   0.0000   │   0.7965   │
│    Spearmanr     │   0.9876    │   0.0000   │   0.7523   │
│       MSE        │   0.0041    │   0.0000   │   0.2874   │
│       MAE        │   0.0438    │   0.0000   │   0.2862   │
│       RMSE       │   0.0642    │   0.0000   │   0.5361   │
└──────────────────┴─────────────┴────────────┴────────────┘
Info[iaw]:> Result, 0.9953008544733046, 0.6135940532096916, 0.99767271251472, 0.7965006369671672, 0.987631347658364, 0.7523318205069602, 0.004115507258183404, 0.2874491844760192, 0.043820332995130745, 0.28619711453190444, 0.06415221943302822, 0.5361428769236977
Info[iaw]:> The model will be saved as 
`/home/iaw/DATA2/AAReact/train/output/pt/ddg/hyper_seed_1_test_0-2/search_optuna/seed_42_test_0-2/lg
b_soap_xtb_acsf.pkl`
[OK] Finished target=ddg search=optuna split=seed_42_test_0-2 model=lgb descriptor=soap_xtb_acsf
[INFO] Train target=ddg hyper=seed_1_test_0-2 search=optuna split=seed_42_test_0-2 model=lgb descriptor=rdkit_soap_xtb_acsf
                           Metric                           
┏━━━━━━━━━━━━━━━━━━┳━━━━━━━━━━━━━┳━━━━━━━━━━━━┳━━━━━━━━━━━━┓
┃       name       ┃    Train    ┃   Valid    ┃    Test    ┃
┡━━━━━━━━━━━━━━━━━━╇━━━━━━━━━━━━━╇━━━━━━━━━━━━╇━━━━━━━━━━━━┩
│        R2        │   0.9935    │   0.0000   │   0.6937   │
│        R         │   0.9969    │   0.0000   │   0.8397   │
│    Spearmanr     │   0.9866    │   0.0000   │   0.8102   │
│       MSE        │   0.0057    │   0.0000   │   0.2278   │
│       MAE        │   0.0496    │   0.0000   │   0.2657   │
│       RMSE       │   0.0755    │   0.0000   │   0.4773   │
└──────────────────┴─────────────┴────────────┴────────────┘
Info[iaw]:> Result, 0.9934963082022871, 0.6937448274354425, 0.996872256931879, 0.8397340727970263, 0.9866494062025103, 0.8101674992653543, 0.005695927194938077, 0.22782465002542382, 0.04959124664302896, 0.26567435236330345, 0.07547136672234098, 0.4773098050799122
Info[iaw]:> The model will be saved as 
`/home/iaw/DATA2/AAReact/train/output/pt/ddg/hyper_seed_1_test_0-2/search_optuna/seed_42_test_0-2/lg
b_rdkit_soap_xtb_acsf.pkl`
[OK] Finished target=ddg search=optuna split=seed_42_test_0-2 model=lgb descriptor=rdkit_soap_xtb_acsf
[INFO] Train target=ddg hyper=seed_1_test_0-2 search=optuna split=seed_42_test_0-2 model=xgb descriptor=rdkit
                           Metric                           
┏━━━━━━━━━━━━━━━━━━┳━━━━━━━━━━━━━┳━━━━━━━━━━━━┳━━━━━━━━━━━━┓
┃       name       ┃    Train    ┃   Valid    ┃    Test    ┃
┡━━━━━━━━━━━━━━━━━━╇━━━━━━━━━━━━━╇━━━━━━━━━━━━╇━━━━━━━━━━━━┩
│        R2        │   0.9733    │   0.0000   │   0.5435   │
│        R         │   0.9874    │   0.0000   │   0.7564   │
│    Spearmanr     │   0.9729    │   0.0000   │   0.6851   │
│       MSE        │   0.0234    │   0.0000   │   0.3396   │
│       MAE        │   0.0961    │   0.0000   │   0.3209   │
│       RMSE       │   0.1530    │   0.0000   │   0.5827   │
└──────────────────┴─────────────┴────────────┴────────────┘
Info[iaw]:> Result, 0.9732637056455882, 0.5435435658903297, 0.9874448997464653, 0.7563819075467372, 0.9728859467205839, 0.685092674219915, 0.023415621594909532, 0.3395600684294318, 0.09614240983635686, 0.3208743984932275, 0.15302163766902227, 0.5827178291672839
Info[iaw]:> The model will be saved as 
`/home/iaw/DATA2/AAReact/train/output/pt/ddg/hyper_seed_1_test_0-2/search_optuna/seed_42_test_0-2/xg
b_rdkit.pkl`
[OK] Finished target=ddg search=optuna split=seed_42_test_0-2 model=xgb descriptor=rdkit
[INFO] Train target=ddg hyper=seed_1_test_0-2 search=optuna split=seed_42_test_0-2 model=xgb descriptor=xtb
                           Metric                           
┏━━━━━━━━━━━━━━━━━━┳━━━━━━━━━━━━━┳━━━━━━━━━━━━┳━━━━━━━━━━━━┓
┃       name       ┃    Train    ┃   Valid    ┃    Test    ┃
┡━━━━━━━━━━━━━━━━━━╇━━━━━━━━━━━━━╇━━━━━━━━━━━━╇━━━━━━━━━━━━┩
│        R2        │   0.9889    │   0.0000   │   0.6196   │
│        R         │   0.9946    │   0.0000   │   0.7977   │
│    Spearmanr     │   0.9789    │   0.0000   │   0.7567   │
│       MSE        │   0.0097    │   0.0000   │   0.2830   │
│       MAE        │   0.0682    │   0.0000   │   0.2937   │
│       RMSE       │   0.0987    │   0.0000   │   0.5320   │
└──────────────────┴─────────────┴────────────┴────────────┘
Info[iaw]:> Result, 0.9888826440000568, 0.6195788012241772, 0.9946116564729729, 0.7976771338112856, 0.9788714600534266, 0.7566635104102046, 0.009736569989087238, 0.2829971025390092, 0.06821891869791821, 0.29369387811684916, 0.09867405935243183, 0.5319747198307541
Info[iaw]:> The model will be saved as 
`/home/iaw/DATA2/AAReact/train/output/pt/ddg/hyper_seed_1_test_0-2/search_optuna/seed_42_test_0-2/xg
b_xtb.pkl`
[OK] Finished target=ddg search=optuna split=seed_42_test_0-2 model=xgb descriptor=xtb
[INFO] Train target=ddg hyper=seed_1_test_0-2 search=optuna split=seed_42_test_0-2 model=xgb descriptor=soap
                           Metric                           
┏━━━━━━━━━━━━━━━━━━┳━━━━━━━━━━━━━┳━━━━━━━━━━━━┳━━━━━━━━━━━━┓
┃       name       ┃    Train    ┃   Valid    ┃    Test    ┃
┡━━━━━━━━━━━━━━━━━━╇━━━━━━━━━━━━━╇━━━━━━━━━━━━╇━━━━━━━━━━━━┩
│        R2        │   0.5180    │   0.0000   │   0.1256   │
│        R         │   0.7225    │   0.0000   │   0.4403   │
│    Spearmanr     │   0.6537    │   0.0000   │   0.3598   │
│       MSE        │   0.4221    │   0.0000   │   0.6505   │
│       MAE        │   0.4757    │   0.0000   │   0.6004   │
│       RMSE       │   0.6497    │   0.0000   │   0.8065   │
└──────────────────┴─────────────┴────────────┴────────────┘
Info[iaw]:> Result, 0.517996554227036, 0.12557563514326764, 0.7225106723204159, 0.440313146397394, 0.6536999017192635, 0.35982412032955674, 0.42213816709419316, 0.6504883598502968, 0.47567624266019304, 0.6003798261630688, 0.6497216073782626, 0.8065285858853961
Info[iaw]:> The model will be saved as 
`/home/iaw/DATA2/AAReact/train/output/pt/ddg/hyper_seed_1_test_0-2/search_optuna/seed_42_test_0-2/xg
b_soap.pkl`
[OK] Finished target=ddg search=optuna split=seed_42_test_0-2 model=xgb descriptor=soap
[INFO] Train target=ddg hyper=seed_1_test_0-2 search=optuna split=seed_42_test_0-2 model=xgb descriptor=acsf
                           Metric                           
┏━━━━━━━━━━━━━━━━━━┳━━━━━━━━━━━━━┳━━━━━━━━━━━━┳━━━━━━━━━━━━┓
┃       name       ┃    Train    ┃   Valid    ┃    Test    ┃
┡━━━━━━━━━━━━━━━━━━╇━━━━━━━━━━━━━╇━━━━━━━━━━━━╇━━━━━━━━━━━━┩
│        R2        │   0.9865    │   0.0000   │   0.5340   │
│        R         │   0.9934    │   0.0000   │   0.7563   │
│    Spearmanr     │   0.9812    │   0.0000   │   0.7010   │
│       MSE        │   0.0118    │   0.0000   │   0.3466   │
│       MAE        │   0.0740    │   0.0000   │   0.3208   │
│       RMSE       │   0.1086    │   0.0000   │   0.5888   │
└──────────────────┴─────────────┴────────────┴────────────┘
Info[iaw]:> Result, 0.9865377835194207, 0.5340139260920573, 0.9934255341162679, 0.7563089345125454, 0.9812288122751341, 0.7010045602464058, 0.011790196605386544, 0.34664921188366066, 0.07399019280040772, 0.3207781586130537, 0.10858267175468904, 0.5887692348311524
Info[iaw]:> The model will be saved as 
`/home/iaw/DATA2/AAReact/train/output/pt/ddg/hyper_seed_1_test_0-2/search_optuna/seed_42_test_0-2/xg
b_acsf.pkl`
[OK] Finished target=ddg search=optuna split=seed_42_test_0-2 model=xgb descriptor=acsf
[INFO] Train target=ddg hyper=seed_1_test_0-2 search=optuna split=seed_42_test_0-2 model=xgb descriptor=rdkit_soap
                           Metric                           
┏━━━━━━━━━━━━━━━━━━┳━━━━━━━━━━━━━┳━━━━━━━━━━━━┳━━━━━━━━━━━━┓
┃       name       ┃    Train    ┃   Valid    ┃    Test    ┃
┡━━━━━━━━━━━━━━━━━━╇━━━━━━━━━━━━━╇━━━━━━━━━━━━╇━━━━━━━━━━━━┩
│        R2        │   0.9895    │   0.0000   │   0.6304   │
│        R         │   0.9951    │   0.0000   │   0.8024   │
│    Spearmanr     │   0.9848    │   0.0000   │   0.7597   │
│       MSE        │   0.0092    │   0.0000   │   0.2749   │
│       MAE        │   0.0632    │   0.0000   │   0.2771   │
│       RMSE       │   0.0961    │   0.0000   │   0.5243   │
└──────────────────┴─────────────┴────────────┴────────────┘
Info[iaw]:> Result, 0.9894546740591172, 0.6304306855269857, 0.9950727405160025, 0.802427842124768, 0.984794974260838, 0.7597109304426379, 0.00923558659825824, 0.2749243352361727, 0.06319977057262213, 0.2770588412603147, 0.09610195938823642, 0.5243322756002845
Info[iaw]:> The model will be saved as 
`/home/iaw/DATA2/AAReact/train/output/pt/ddg/hyper_seed_1_test_0-2/search_optuna/seed_42_test_0-2/xg
b_rdkit_soap.pkl`
[OK] Finished target=ddg search=optuna split=seed_42_test_0-2 model=xgb descriptor=rdkit_soap
[INFO] Train target=ddg hyper=seed_1_test_0-2 search=optuna split=seed_42_test_0-2 model=xgb descriptor=soap_xtb
                           Metric                           
┏━━━━━━━━━━━━━━━━━━┳━━━━━━━━━━━━━┳━━━━━━━━━━━━┳━━━━━━━━━━━━┓
┃       name       ┃    Train    ┃   Valid    ┃    Test    ┃
┡━━━━━━━━━━━━━━━━━━╇━━━━━━━━━━━━━╇━━━━━━━━━━━━╇━━━━━━━━━━━━┩
│        R2        │   0.9935    │   0.0000   │   0.5948   │
│        R         │   0.9969    │   0.0000   │   0.7834   │
│    Spearmanr     │   0.9881    │   0.0000   │   0.7520   │
│       MSE        │   0.0057    │   0.0000   │   0.3014   │
│       MAE        │   0.0509    │   0.0000   │   0.2707   │
│       RMSE       │   0.0755    │   0.0000   │   0.5490   │
└──────────────────┴─────────────┴────────────┴────────────┘
Info[iaw]:> Result, 0.9934833315319572, 0.5948155438764356, 0.9968878205341242, 0.7834081338807031, 0.9881342679383992, 0.7520488457896628, 0.005707292150678654, 0.3014186050772218, 0.050918768757724074, 0.270714115043835, 0.07554662236446216, 0.549016033533832
Info[iaw]:> The model will be saved as 
`/home/iaw/DATA2/AAReact/train/output/pt/ddg/hyper_seed_1_test_0-2/search_optuna/seed_42_test_0-2/xg
b_soap_xtb.pkl`
[OK] Finished target=ddg search=optuna split=seed_42_test_0-2 model=xgb descriptor=soap_xtb
[INFO] Train target=ddg hyper=seed_1_test_0-2 search=optuna split=seed_42_test_0-2 model=xgb descriptor=rdkit_xtb
                           Metric                           
┏━━━━━━━━━━━━━━━━━━┳━━━━━━━━━━━━━┳━━━━━━━━━━━━┳━━━━━━━━━━━━┓
┃       name       ┃    Train    ┃   Valid    ┃    Test    ┃
┡━━━━━━━━━━━━━━━━━━╇━━━━━━━━━━━━━╇━━━━━━━━━━━━╇━━━━━━━━━━━━┩
│        R2        │   0.9961    │   0.0000   │   0.6399   │
│        R         │   0.9981    │   0.0000   │   0.8128   │
│    Spearmanr     │   0.9881    │   0.0000   │   0.7893   │
│       MSE        │   0.0034    │   0.0000   │   0.2679   │
│       MAE        │   0.0414    │   0.0000   │   0.2635   │
│       RMSE       │   0.0583    │   0.0000   │   0.5176   │
└──────────────────┴─────────────┴────────────┴────────────┘
Info[iaw]:> Result, 0.9961242802531393, 0.6398760176199776, 0.9980913345073467, 0.8128344789128197, 0.9880854306384784, 0.7892709047572405, 0.0033943517301766243, 0.2678979086767774, 0.041418341026720706, 0.2635304679467522, 0.05826106530245241, 0.517588551531791
Info[iaw]:> The model will be saved as 
`/home/iaw/DATA2/AAReact/train/output/pt/ddg/hyper_seed_1_test_0-2/search_optuna/seed_42_test_0-2/xg
b_rdkit_xtb.pkl`
[OK] Finished target=ddg search=optuna split=seed_42_test_0-2 model=xgb descriptor=rdkit_xtb
[INFO] Train target=ddg hyper=seed_1_test_0-2 search=optuna split=seed_42_test_0-2 model=xgb descriptor=soap_acsf
                           Metric                           
┏━━━━━━━━━━━━━━━━━━┳━━━━━━━━━━━━━┳━━━━━━━━━━━━┳━━━━━━━━━━━━┓
┃       name       ┃    Train    ┃   Valid    ┃    Test    ┃
┡━━━━━━━━━━━━━━━━━━╇━━━━━━━━━━━━━╇━━━━━━━━━━━━╇━━━━━━━━━━━━┩
│        R2        │   0.9978    │   0.0000   │   0.5445   │
│        R         │   0.9989    │   0.0000   │   0.7636   │
│    Spearmanr     │   0.9890    │   0.0000   │   0.7236   │
│       MSE        │   0.0019    │   0.0000   │   0.3389   │
│       MAE        │   0.0320    │   0.0000   │   0.3012   │
│       RMSE       │   0.0439    │   0.0000   │   0.5821   │
└──────────────────┴─────────────┴────────────┴────────────┘
Info[iaw]:> Result, 0.9978038838680446, 0.5444725217233386, 0.99892717115306, 0.7636250162916797, 0.989024076615679, 0.7236425376301957, 0.0019233564548131756, 0.33886901385630547, 0.031967380877652156, 0.3011706573158268, 0.04385608800170366, 0.5821245690196433
Info[iaw]:> The model will be saved as 
`/home/iaw/DATA2/AAReact/train/output/pt/ddg/hyper_seed_1_test_0-2/search_optuna/seed_42_test_0-2/xg
b_soap_acsf.pkl`
[OK] Finished target=ddg search=optuna split=seed_42_test_0-2 model=xgb descriptor=soap_acsf
[INFO] Train target=ddg hyper=seed_1_test_0-2 search=optuna split=seed_42_test_0-2 model=xgb descriptor=acsf_xtb
                           Metric                           
┏━━━━━━━━━━━━━━━━━━┳━━━━━━━━━━━━━┳━━━━━━━━━━━━┳━━━━━━━━━━━━┓
┃       name       ┃    Train    ┃   Valid    ┃    Test    ┃
┡━━━━━━━━━━━━━━━━━━╇━━━━━━━━━━━━━╇━━━━━━━━━━━━╇━━━━━━━━━━━━┩
│        R2        │   0.9952    │   0.0000   │   0.5986   │
│        R         │   0.9977    │   0.0000   │   0.7907   │
│    Spearmanr     │   0.9892    │   0.0000   │   0.7570   │
│       MSE        │   0.0042    │   0.0000   │   0.2986   │
│       MAE        │   0.0425    │   0.0000   │   0.2936   │
│       RMSE       │   0.0647    │   0.0000   │   0.5465   │
└──────────────────┴─────────────┴────────────┴────────────┘
Info[iaw]:> Result, 0.9952184283276642, 0.5985750574917139, 0.9976721961333967, 0.7906618922670817, 0.9891574266899308, 0.756990019699394, 0.004187695999460016, 0.2986218853794148, 0.04248534174229376, 0.2935922610457781, 0.06471240993395329, 0.5464630686326523
Info[iaw]:> The model will be saved as 
`/home/iaw/DATA2/AAReact/train/output/pt/ddg/hyper_seed_1_test_0-2/search_optuna/seed_42_test_0-2/xg
b_acsf_xtb.pkl`
[OK] Finished target=ddg search=optuna split=seed_42_test_0-2 model=xgb descriptor=acsf_xtb
[INFO] Train target=ddg hyper=seed_1_test_0-2 search=optuna split=seed_42_test_0-2 model=xgb descriptor=rdkit_acsf
                           Metric                           
┏━━━━━━━━━━━━━━━━━━┳━━━━━━━━━━━━━┳━━━━━━━━━━━━┳━━━━━━━━━━━━┓
┃       name       ┃    Train    ┃   Valid    ┃    Test    ┃
┡━━━━━━━━━━━━━━━━━━╇━━━━━━━━━━━━━╇━━━━━━━━━━━━╇━━━━━━━━━━━━┩
│        R2        │   0.9922    │   0.0000   │   0.5919   │
│        R         │   0.9964    │   0.0000   │   0.7834   │
│    Spearmanr     │   0.9859    │   0.0000   │   0.7383   │
│       MSE        │   0.0068    │   0.0000   │   0.3036   │
│       MAE        │   0.0567    │   0.0000   │   0.2822   │
│       RMSE       │   0.0826    │   0.0000   │   0.5510   │
└──────────────────┴─────────────┴────────────┴────────────┘
Info[iaw]:> Result, 0.9922074748453418, 0.591922149619869, 0.9964197882312437, 0.7833521913755723, 0.9859054166973343, 0.7383354556437132, 0.006824686243783109, 0.3035710145479514, 0.056707829774040874, 0.28222519031351745, 0.08261165924845662, 0.5509727892990283
Info[iaw]:> The model will be saved as 
`/home/iaw/DATA2/AAReact/train/output/pt/ddg/hyper_seed_1_test_0-2/search_optuna/seed_42_test_0-2/xg
b_rdkit_acsf.pkl`
[OK] Finished target=ddg search=optuna split=seed_42_test_0-2 model=xgb descriptor=rdkit_acsf
[INFO] Train target=ddg hyper=seed_1_test_0-2 search=optuna split=seed_42_test_0-2 model=xgb descriptor=rdkit_soap_xtb
                           Metric                           
┏━━━━━━━━━━━━━━━━━━┳━━━━━━━━━━━━━┳━━━━━━━━━━━━┳━━━━━━━━━━━━┓
┃       name       ┃    Train    ┃   Valid    ┃    Test    ┃
┡━━━━━━━━━━━━━━━━━━╇━━━━━━━━━━━━━╇━━━━━━━━━━━━╇━━━━━━━━━━━━┩
│        R2        │   0.9986    │   0.0000   │   0.6262   │
│        R         │   0.9993    │   0.0000   │   0.8038   │
│    Spearmanr     │   0.9912    │   0.0000   │   0.7512   │
│       MSE        │   0.0012    │   0.0000   │   0.2781   │
│       MAE        │   0.0231    │   0.0000   │   0.2652   │
│       RMSE       │   0.0345    │   0.0000   │   0.5273   │
└──────────────────┴─────────────┴────────────┴────────────┘
Info[iaw]:> Result, 0.9986424232074802, 0.6262248552529424, 0.9993300310501917, 0.8038465906015221, 0.9912113641972369, 0.7511999216377707, 0.0011889644854403743, 0.2780530719762787, 0.023067972074375612, 0.2651571532070666, 0.03448136432104122, 0.5273073790269568
Info[iaw]:> The model will be saved as 
`/home/iaw/DATA2/AAReact/train/output/pt/ddg/hyper_seed_1_test_0-2/search_optuna/seed_42_test_0-2/xg
b_rdkit_soap_xtb.pkl`
[OK] Finished target=ddg search=optuna split=seed_42_test_0-2 model=xgb descriptor=rdkit_soap_xtb
[INFO] Train target=ddg hyper=seed_1_test_0-2 search=optuna split=seed_42_test_0-2 model=xgb descriptor=rdkit_soap_acsf
                           Metric                           
┏━━━━━━━━━━━━━━━━━━┳━━━━━━━━━━━━━┳━━━━━━━━━━━━┳━━━━━━━━━━━━┓
┃       name       ┃    Train    ┃   Valid    ┃    Test    ┃
┡━━━━━━━━━━━━━━━━━━╇━━━━━━━━━━━━━╇━━━━━━━━━━━━╇━━━━━━━━━━━━┩
│        R2        │   0.9916    │   0.0000   │   0.6483   │
│        R         │   0.9961    │   0.0000   │   0.8129   │
│    Spearmanr     │   0.9857    │   0.0000   │   0.7501   │
│       MSE        │   0.0073    │   0.0000   │   0.2617   │
│       MAE        │   0.0536    │   0.0000   │   0.2650   │
│       RMSE       │   0.0857    │   0.0000   │   0.5115   │
└──────────────────┴─────────────┴────────────┴────────────┘
Info[iaw]:> Result, 0.9916107446608575, 0.6482668794571405, 0.9961129521982255, 0.8129337085863508, 0.9856515320105121, 0.7500897900545271, 0.0073473019813615455, 0.2616559074545439, 0.05356459125556732, 0.26504113225002485, 0.08571640438890064, 0.5115231250437696
Info[iaw]:> The model will be saved as 
`/home/iaw/DATA2/AAReact/train/output/pt/ddg/hyper_seed_1_test_0-2/search_optuna/seed_42_test_0-2/xg
b_rdkit_soap_acsf.pkl`
[OK] Finished target=ddg search=optuna split=seed_42_test_0-2 model=xgb descriptor=rdkit_soap_acsf
[INFO] Train target=ddg hyper=seed_1_test_0-2 search=optuna split=seed_42_test_0-2 model=xgb descriptor=rdkit_xtb_acsf
                           Metric                           
┏━━━━━━━━━━━━━━━━━━┳━━━━━━━━━━━━━┳━━━━━━━━━━━━┳━━━━━━━━━━━━┓
┃       name       ┃    Train    ┃   Valid    ┃    Test    ┃
┡━━━━━━━━━━━━━━━━━━╇━━━━━━━━━━━━━╇━━━━━━━━━━━━╇━━━━━━━━━━━━┩
│        R2        │   0.9938    │   0.0000   │   0.6574   │
│        R         │   0.9971    │   0.0000   │   0.8194   │
│    Spearmanr     │   0.9868    │   0.0000   │   0.7673   │
│       MSE        │   0.0054    │   0.0000   │   0.2548   │
│       MAE        │   0.0456    │   0.0000   │   0.2599   │
│       RMSE       │   0.0734    │   0.0000   │   0.5048   │
└──────────────────┴─────────────┴────────────┴────────────┘
Info[iaw]:> Result, 0.9938418585995442, 0.6574292139639812, 0.9970919787105117, 0.8194273906108879, 0.9867917617363219, 0.7672641786658831, 0.005393294480138929, 0.2548400041182603, 0.04563246044756945, 0.25985807248365383, 0.07343905282708192, 0.5048168025316315
Info[iaw]:> The model will be saved as 
`/home/iaw/DATA2/AAReact/train/output/pt/ddg/hyper_seed_1_test_0-2/search_optuna/seed_42_test_0-2/xg
b_rdkit_xtb_acsf.pkl`
[OK] Finished target=ddg search=optuna split=seed_42_test_0-2 model=xgb descriptor=rdkit_xtb_acsf
[INFO] Train target=ddg hyper=seed_1_test_0-2 search=optuna split=seed_42_test_0-2 model=xgb descriptor=soap_xtb_acsf
                           Metric                           
┏━━━━━━━━━━━━━━━━━━┳━━━━━━━━━━━━━┳━━━━━━━━━━━━┳━━━━━━━━━━━━┓
┃       name       ┃    Train    ┃   Valid    ┃    Test    ┃
┡━━━━━━━━━━━━━━━━━━╇━━━━━━━━━━━━━╇━━━━━━━━━━━━╇━━━━━━━━━━━━┩
│        R2        │   0.9892    │   0.0000   │   0.6057   │
│        R         │   0.9948    │   0.0000   │   0.7929   │
│    Spearmanr     │   0.9806    │   0.0000   │   0.7530   │
│       MSE        │   0.0094    │   0.0000   │   0.2934   │
│       MAE        │   0.0659    │   0.0000   │   0.2916   │
│       RMSE       │   0.0971    │   0.0000   │   0.5416   │
└──────────────────┴─────────────┴────────────┴────────────┘
Info[iaw]:> Result, 0.9892402394353338, 0.6056592783240906, 0.994761322047944, 0.7928966918822653, 0.9805589446294124, 0.7530283736572306, 0.009423388241253388, 0.29335190048961246, 0.06585676950139514, 0.291569827113024, 0.09707413785995417, 0.5416197009799518
Info[iaw]:> The model will be saved as 
`/home/iaw/DATA2/AAReact/train/output/pt/ddg/hyper_seed_1_test_0-2/search_optuna/seed_42_test_0-2/xg
b_soap_xtb_acsf.pkl`
[OK] Finished target=ddg search=optuna split=seed_42_test_0-2 model=xgb descriptor=soap_xtb_acsf
[INFO] Train target=ddg hyper=seed_1_test_0-2 search=optuna split=seed_42_test_0-2 model=xgb descriptor=rdkit_soap_xtb_acsf
                           Metric                           
┏━━━━━━━━━━━━━━━━━━┳━━━━━━━━━━━━━┳━━━━━━━━━━━━┳━━━━━━━━━━━━┓
┃       name       ┃    Train    ┃   Valid    ┃    Test    ┃
┡━━━━━━━━━━━━━━━━━━╇━━━━━━━━━━━━━╇━━━━━━━━━━━━╇━━━━━━━━━━━━┩
│        R2        │   0.9956    │   0.0000   │   0.6608   │
│        R         │   0.9979    │   0.0000   │   0.8203   │
│    Spearmanr     │   0.9890    │   0.0000   │   0.7818   │
│       MSE        │   0.0038    │   0.0000   │   0.2524   │
│       MAE        │   0.0416    │   0.0000   │   0.2549   │
│       RMSE       │   0.0618    │   0.0000   │   0.5024   │
└──────────────────┴─────────────┴────────────┴────────────┘
Info[iaw]:> Result, 0.9956365782267924, 0.6607587094844938, 0.9978818752854548, 0.8202558005673798, 0.9890199202497283, 0.781826492963725, 0.003821480708808783, 0.2523631768850416, 0.04161812977572891, 0.25493716265243704, 0.061818126053842674, 0.502357618519956
Info[iaw]:> The model will be saved as 
`/home/iaw/DATA2/AAReact/train/output/pt/ddg/hyper_seed_1_test_0-2/search_optuna/seed_42_test_0-2/xg
b_rdkit_soap_xtb_acsf.pkl`
[OK] Finished target=ddg search=optuna split=seed_42_test_0-2 model=xgb descriptor=rdkit_soap_xtb_acsf
[INFO] Train target=ddg hyper=seed_1_test_0-2 search=optuna split=seed_42_test_0-2 model=rf descriptor=rdkit
                           Metric                           
┏━━━━━━━━━━━━━━━━━━┳━━━━━━━━━━━━━┳━━━━━━━━━━━━┳━━━━━━━━━━━━┓
┃       name       ┃    Train    ┃   Valid    ┃    Test    ┃
┡━━━━━━━━━━━━━━━━━━╇━━━━━━━━━━━━━╇━━━━━━━━━━━━╇━━━━━━━━━━━━┩
│        R2        │   0.9785    │   0.0000   │   0.6198   │
│        R         │   0.9894    │   0.0000   │   0.7992   │
│    Spearmanr     │   0.9746    │   0.0000   │   0.7626   │
│       MSE        │   0.0189    │   0.0000   │   0.2828   │
│       MAE        │   0.0786    │   0.0000   │   0.2808   │
│       RMSE       │   0.1373    │   0.0000   │   0.5318   │
└──────────────────┴─────────────┴────────────┴────────────┘
Info[iaw]:> Result, 0.978462901507916, 0.6197775827910439, 0.9893970317225985, 0.7992227911123485, 0.9745623476540345, 0.7626495140453414, 0.01886217072036835, 0.2828492280050914, 0.07863719245688179, 0.280753302815138, 0.1373396181746853, 0.5318357152402341
Info[iaw]:> The model will be saved as 
`/home/iaw/DATA2/AAReact/train/output/pt/ddg/hyper_seed_1_test_0-2/search_optuna/seed_42_test_0-2/rf
_rdkit.pkl`
[OK] Finished target=ddg search=optuna split=seed_42_test_0-2 model=rf descriptor=rdkit
[INFO] Train target=ddg hyper=seed_1_test_0-2 search=optuna split=seed_42_test_0-2 model=rf descriptor=xtb
                           Metric                           
┏━━━━━━━━━━━━━━━━━━┳━━━━━━━━━━━━━┳━━━━━━━━━━━━┳━━━━━━━━━━━━┓
┃       name       ┃    Train    ┃   Valid    ┃    Test    ┃
┡━━━━━━━━━━━━━━━━━━╇━━━━━━━━━━━━━╇━━━━━━━━━━━━╇━━━━━━━━━━━━┩
│        R2        │   0.9910    │   0.0000   │   0.6479   │
│        R         │   0.9956    │   0.0000   │   0.8143   │
│    Spearmanr     │   0.9839    │   0.0000   │   0.7686   │
│       MSE        │   0.0079    │   0.0000   │   0.2620   │
│       MAE        │   0.0510    │   0.0000   │   0.2626   │
│       RMSE       │   0.0889    │   0.0000   │   0.5118   │
└──────────────────┴─────────────┴────────────┴────────────┘
Info[iaw]:> Result, 0.9909759944079978, 0.6478537662018617, 0.995614769981025, 0.8143164403034902, 0.9839356456005299, 0.7686355176804781, 0.007903215659271238, 0.261963224330261, 0.05101710059515805, 0.2626044065519172, 0.08890003182941635, 0.5118234308140465
Info[iaw]:> The model will be saved as 
`/home/iaw/DATA2/AAReact/train/output/pt/ddg/hyper_seed_1_test_0-2/search_optuna/seed_42_test_0-2/rf
_xtb.pkl`
[OK] Finished target=ddg search=optuna split=seed_42_test_0-2 model=rf descriptor=xtb
[INFO] Train target=ddg hyper=seed_1_test_0-2 search=optuna split=seed_42_test_0-2 model=rf descriptor=soap
                           Metric                           
┏━━━━━━━━━━━━━━━━━━┳━━━━━━━━━━━━━┳━━━━━━━━━━━━┳━━━━━━━━━━━━┓
┃       name       ┃    Train    ┃   Valid    ┃    Test    ┃
┡━━━━━━━━━━━━━━━━━━╇━━━━━━━━━━━━━╇━━━━━━━━━━━━╇━━━━━━━━━━━━┩
│        R2        │   0.4203    │   0.0000   │   0.1793   │
│        R         │   0.6486    │   0.0000   │   0.4767   │
│    Spearmanr     │   0.6180    │   0.0000   │   0.4163   │
│       MSE        │   0.5077    │   0.0000   │   0.6105   │
│       MAE        │   0.4933    │   0.0000   │   0.5514   │
│       RMSE       │   0.7126    │   0.0000   │   0.7814   │
└──────────────────┴─────────────┴────────────┴────────────┘
Info[iaw]:> Result, 0.4202601786165433, 0.17931363151045865, 0.6486029558660219, 0.476695364828313, 0.6179818245580614, 0.4163319946452477, 0.5077355934621297, 0.6105124139327073, 0.4932718345334348, 0.5514076270628587, 0.7125556774471239, 0.7813529381353265
Info[iaw]:> The model will be saved as 
`/home/iaw/DATA2/AAReact/train/output/pt/ddg/hyper_seed_1_test_0-2/search_optuna/seed_42_test_0-2/rf
_soap.pkl`
[OK] Finished target=ddg search=optuna split=seed_42_test_0-2 model=rf descriptor=soap
[INFO] Train target=ddg hyper=seed_1_test_0-2 search=optuna split=seed_42_test_0-2 model=rf descriptor=acsf
                           Metric                           
┏━━━━━━━━━━━━━━━━━━┳━━━━━━━━━━━━━┳━━━━━━━━━━━━┳━━━━━━━━━━━━┓
┃       name       ┃    Train    ┃   Valid    ┃    Test    ┃
┡━━━━━━━━━━━━━━━━━━╇━━━━━━━━━━━━━╇━━━━━━━━━━━━╇━━━━━━━━━━━━┩
│        R2        │   0.9821    │   0.0000   │   0.7251   │
│        R         │   0.9913    │   0.0000   │   0.8588   │
│    Spearmanr     │   0.9743    │   0.0000   │   0.8473   │
│       MSE        │   0.0157    │   0.0000   │   0.2045   │
│       MAE        │   0.0803    │   0.0000   │   0.2523   │
│       RMSE       │   0.1254    │   0.0000   │   0.4522   │
└──────────────────┴─────────────┴────────────┴────────────┘
Info[iaw]:> Result, 0.9820514343036998, 0.7250954230521627, 0.9913480916320374, 0.858831708324201, 0.9743361720735504, 0.847324256375094, 0.015719337053400933, 0.20450279585180253, 0.08027034003558904, 0.25225776371570546, 0.12537678035984548, 0.452219853447195
Info[iaw]:> The model will be saved as 
`/home/iaw/DATA2/AAReact/train/output/pt/ddg/hyper_seed_1_test_0-2/search_optuna/seed_42_test_0-2/rf
_acsf.pkl`
[OK] Finished target=ddg search=optuna split=seed_42_test_0-2 model=rf descriptor=acsf
[INFO] Train target=ddg hyper=seed_1_test_0-2 search=optuna split=seed_42_test_0-2 model=rf descriptor=rdkit_soap
                           Metric                           
┏━━━━━━━━━━━━━━━━━━┳━━━━━━━━━━━━━┳━━━━━━━━━━━━┳━━━━━━━━━━━━┓
┃       name       ┃    Train    ┃   Valid    ┃    Test    ┃
┡━━━━━━━━━━━━━━━━━━╇━━━━━━━━━━━━━╇━━━━━━━━━━━━╇━━━━━━━━━━━━┩
│        R2        │   0.9838    │   0.0000   │   0.7521   │
│        R         │   0.9919    │   0.0000   │   0.8714   │
│    Spearmanr     │   0.9816    │   0.0000   │   0.8466   │
│       MSE        │   0.0142    │   0.0000   │   0.1844   │
│       MAE        │   0.0632    │   0.0000   │   0.2237   │
│       RMSE       │   0.1191    │   0.0000   │   0.4295   │
└──────────────────┴─────────────┴────────────┴────────────┘
Info[iaw]:> Result, 0.9838124830641325, 0.7520591753282211, 0.9919273753281703, 0.871387949068322, 0.9816295552255478, 0.8466494705107696, 0.014177012195742682, 0.18444433488206882, 0.0632062997500443, 0.2237060362252335, 0.11906725912585156, 0.42946983000214206
Info[iaw]:> The model will be saved as 
`/home/iaw/DATA2/AAReact/train/output/pt/ddg/hyper_seed_1_test_0-2/search_optuna/seed_42_test_0-2/rf
_rdkit_soap.pkl`
[OK] Finished target=ddg search=optuna split=seed_42_test_0-2 model=rf descriptor=rdkit_soap
[INFO] Train target=ddg hyper=seed_1_test_0-2 search=optuna split=seed_42_test_0-2 model=rf descriptor=soap_xtb
                           Metric                           
┏━━━━━━━━━━━━━━━━━━┳━━━━━━━━━━━━━┳━━━━━━━━━━━━┳━━━━━━━━━━━━┓
┃       name       ┃    Train    ┃   Valid    ┃    Test    ┃
┡━━━━━━━━━━━━━━━━━━╇━━━━━━━━━━━━━╇━━━━━━━━━━━━╇━━━━━━━━━━━━┩
│        R2        │   0.9818    │   0.0000   │   0.5487   │
│        R         │   0.9910    │   0.0000   │   0.7636   │
│    Spearmanr     │   0.9813    │   0.0000   │   0.7116   │
│       MSE        │   0.0159    │   0.0000   │   0.3358   │
│       MAE        │   0.0736    │   0.0000   │   0.2906   │
│       RMSE       │   0.1263    │   0.0000   │   0.5794   │
└──────────────────┴─────────────┴────────────┴────────────┘
Info[iaw]:> Result, 0.9817949824022272, 0.5486529090173191, 0.9909885191817429, 0.7636320641738606, 0.9813472687047292, 0.7115834612161384, 0.01594393738890659, 0.3357592042676329, 0.0736156047783512, 0.290631529206003, 0.12626930501474454, 0.5794473265687166
Info[iaw]:> The model will be saved as 
`/home/iaw/DATA2/AAReact/train/output/pt/ddg/hyper_seed_1_test_0-2/search_optuna/seed_42_test_0-2/rf
_soap_xtb.pkl`
[OK] Finished target=ddg search=optuna split=seed_42_test_0-2 model=rf descriptor=soap_xtb
[INFO] Train target=ddg hyper=seed_1_test_0-2 search=optuna split=seed_42_test_0-2 model=rf descriptor=rdkit_xtb
                           Metric                           
┏━━━━━━━━━━━━━━━━━━┳━━━━━━━━━━━━━┳━━━━━━━━━━━━┳━━━━━━━━━━━━┓
┃       name       ┃    Train    ┃   Valid    ┃    Test    ┃
┡━━━━━━━━━━━━━━━━━━╇━━━━━━━━━━━━━╇━━━━━━━━━━━━╇━━━━━━━━━━━━┩
│        R2        │   0.9766    │   0.0000   │   0.6499   │
│        R         │   0.9907    │   0.0000   │   0.8146   │
│    Spearmanr     │   0.9690    │   0.0000   │   0.7834   │
│       MSE        │   0.0205    │   0.0000   │   0.2605   │
│       MAE        │   0.0965    │   0.0000   │   0.2977   │
│       RMSE       │   0.1430    │   0.0000   │   0.5103   │
└──────────────────┴─────────────┴────────────┴────────────┘
Info[iaw]:> Result, 0.976637112082728, 0.6498795503009103, 0.9906808273895683, 0.8146081714144933, 0.9689540245312181, 0.7833502029799416, 0.02046119539168128, 0.2604562340987882, 0.09653524025818098, 0.29774522576849755, 0.14304263487394686, 0.5103491296150001
Info[iaw]:> The model will be saved as 
`/home/iaw/DATA2/AAReact/train/output/pt/ddg/hyper_seed_1_test_0-2/search_optuna/seed_42_test_0-2/rf
_rdkit_xtb.pkl`
[OK] Finished target=ddg search=optuna split=seed_42_test_0-2 model=rf descriptor=rdkit_xtb
[INFO] Train target=ddg hyper=seed_1_test_0-2 search=optuna split=seed_42_test_0-2 model=rf descriptor=soap_acsf
                           Metric                           
┏━━━━━━━━━━━━━━━━━━┳━━━━━━━━━━━━━┳━━━━━━━━━━━━┳━━━━━━━━━━━━┓
┃       name       ┃    Train    ┃   Valid    ┃    Test    ┃
┡━━━━━━━━━━━━━━━━━━╇━━━━━━━━━━━━━╇━━━━━━━━━━━━╇━━━━━━━━━━━━┩
│        R2        │   0.9919    │   0.0000   │   0.6484   │
│        R         │   0.9960    │   0.0000   │   0.8179   │
│    Spearmanr     │   0.9868    │   0.0000   │   0.7876   │
│       MSE        │   0.0071    │   0.0000   │   0.2616   │
│       MAE        │   0.0497    │   0.0000   │   0.2615   │
│       RMSE       │   0.0841    │   0.0000   │   0.5114   │
└──────────────────┴─────────────┴────────────┴────────────┘
Info[iaw]:> Result, 0.991916434345516, 0.6483769760752915, 0.9960052212857468, 0.817929759038709, 0.9868263981192444, 0.7875948237394022, 0.007079579241383231, 0.26157400606724907, 0.049654379413962946, 0.26152829822542867, 0.08414023556767138, 0.511443062390379
Info[iaw]:> The model will be saved as 
`/home/iaw/DATA2/AAReact/train/output/pt/ddg/hyper_seed_1_test_0-2/search_optuna/seed_42_test_0-2/rf
_soap_acsf.pkl`
[OK] Finished target=ddg search=optuna split=seed_42_test_0-2 model=rf descriptor=soap_acsf
[INFO] Train target=ddg hyper=seed_1_test_0-2 search=optuna split=seed_42_test_0-2 model=rf descriptor=acsf_xtb
                           Metric                           
┏━━━━━━━━━━━━━━━━━━┳━━━━━━━━━━━━━┳━━━━━━━━━━━━┳━━━━━━━━━━━━┓
┃       name       ┃    Train    ┃   Valid    ┃    Test    ┃
┡━━━━━━━━━━━━━━━━━━╇━━━━━━━━━━━━━╇━━━━━━━━━━━━╇━━━━━━━━━━━━┩
│        R2        │   0.9875    │   0.0000   │   0.7311   │
│        R         │   0.9939    │   0.0000   │   0.8600   │
│    Spearmanr     │   0.9818    │   0.0000   │   0.8479   │
│       MSE        │   0.0110    │   0.0000   │   0.2000   │
│       MAE        │   0.0656    │   0.0000   │   0.2497   │
│       RMSE       │   0.1048    │   0.0000   │   0.4473   │
└──────────────────┴─────────────┴────────────┴────────────┘
Info[iaw]:> Result, 0.9874506887658869, 0.7310857908782782, 0.9938902894750539, 0.859992036212473, 0.9818474180741306, 0.8479337403815806, 0.010990675044174579, 0.20004653331073263, 0.0656096418893779, 0.24971413152176714, 0.10483642040900948, 0.44726561829715084
Info[iaw]:> The model will be saved as 
`/home/iaw/DATA2/AAReact/train/output/pt/ddg/hyper_seed_1_test_0-2/search_optuna/seed_42_test_0-2/rf
_acsf_xtb.pkl`
[OK] Finished target=ddg search=optuna split=seed_42_test_0-2 model=rf descriptor=acsf_xtb
[INFO] Train target=ddg hyper=seed_1_test_0-2 search=optuna split=seed_42_test_0-2 model=rf descriptor=rdkit_acsf
                           Metric                           
┏━━━━━━━━━━━━━━━━━━┳━━━━━━━━━━━━━┳━━━━━━━━━━━━┳━━━━━━━━━━━━┓
┃       name       ┃    Train    ┃   Valid    ┃    Test    ┃
┡━━━━━━━━━━━━━━━━━━╇━━━━━━━━━━━━━╇━━━━━━━━━━━━╇━━━━━━━━━━━━┩
│        R2        │   0.9833    │   0.0000   │   0.6995   │
│        R         │   0.9917    │   0.0000   │   0.8411   │
│    Spearmanr     │   0.9820    │   0.0000   │   0.8158   │
│       MSE        │   0.0147    │   0.0000   │   0.2235   │
│       MAE        │   0.0685    │   0.0000   │   0.2604   │
│       RMSE       │   0.1211    │   0.0000   │   0.4728   │
└──────────────────┴─────────────┴────────────┴────────────┘
Info[iaw]:> Result, 0.9832613799145256, 0.6995216851919897, 0.991729706058354, 0.8410735809100475, 0.9819866563334791, 0.8157616917534638, 0.014659667818840625, 0.22352721862006675, 0.0685375032718085, 0.26039873859934515, 0.121077115173928, 0.47278665232858125
Info[iaw]:> The model will be saved as 
`/home/iaw/DATA2/AAReact/train/output/pt/ddg/hyper_seed_1_test_0-2/search_optuna/seed_42_test_0-2/rf
_rdkit_acsf.pkl`
[OK] Finished target=ddg search=optuna split=seed_42_test_0-2 model=rf descriptor=rdkit_acsf
[INFO] Train target=ddg hyper=seed_1_test_0-2 search=optuna split=seed_42_test_0-2 model=rf descriptor=rdkit_soap_xtb
                           Metric                           
┏━━━━━━━━━━━━━━━━━━┳━━━━━━━━━━━━━┳━━━━━━━━━━━━┳━━━━━━━━━━━━┓
┃       name       ┃    Train    ┃   Valid    ┃    Test    ┃
┡━━━━━━━━━━━━━━━━━━╇━━━━━━━━━━━━━╇━━━━━━━━━━━━╇━━━━━━━━━━━━┩
│        R2        │   0.9785    │   0.0000   │   0.6585   │
│        R         │   0.9913    │   0.0000   │   0.8205   │
│    Spearmanr     │   0.9793    │   0.0000   │   0.7872   │
│       MSE        │   0.0188    │   0.0000   │   0.2540   │
│       MAE        │   0.0867    │   0.0000   │   0.2949   │
│       RMSE       │   0.1373    │   0.0000   │   0.5040   │
└──────────────────┴─────────────┴────────────┴────────────┘
Info[iaw]:> Result, 0.9784897665756753, 0.6585032484863362, 0.9912958171532428, 0.8204589582074727, 0.9792621584527927, 0.7871812453064291, 0.018838642319145803, 0.25404102483206015, 0.08673937124150784, 0.29491579621824504, 0.13725393371100808, 0.5040248256108623
Info[iaw]:> The model will be saved as 
`/home/iaw/DATA2/AAReact/train/output/pt/ddg/hyper_seed_1_test_0-2/search_optuna/seed_42_test_0-2/rf
_rdkit_soap_xtb.pkl`
[OK] Finished target=ddg search=optuna split=seed_42_test_0-2 model=rf descriptor=rdkit_soap_xtb
[INFO] Train target=ddg hyper=seed_1_test_0-2 search=optuna split=seed_42_test_0-2 model=rf descriptor=rdkit_soap_acsf
                           Metric                           
┏━━━━━━━━━━━━━━━━━━┳━━━━━━━━━━━━━┳━━━━━━━━━━━━┳━━━━━━━━━━━━┓
┃       name       ┃    Train    ┃   Valid    ┃    Test    ┃
┡━━━━━━━━━━━━━━━━━━╇━━━━━━━━━━━━━╇━━━━━━━━━━━━╇━━━━━━━━━━━━┩
│        R2        │   0.9821    │   0.0000   │   0.6451   │
│        R         │   0.9925    │   0.0000   │   0.8117   │
│    Spearmanr     │   0.9798    │   0.0000   │   0.7723   │
│       MSE        │   0.0157    │   0.0000   │   0.2640   │
│       MAE        │   0.0809    │   0.0000   │   0.2965   │
│       RMSE       │   0.1251    │   0.0000   │   0.5138   │
└──────────────────┴─────────────┴────────────┴────────────┘
Info[iaw]:> Result, 0.9821294818846955, 0.6451299461199593, 0.9924757790952481, 0.8116649613366808, 0.9797650787328279, 0.772292421719398, 0.01565098305494594, 0.263989486782239, 0.08085247476930944, 0.29652380049475424, 0.12510388904804653, 0.5137990723835913
Info[iaw]:> The model will be saved as 
`/home/iaw/DATA2/AAReact/train/output/pt/ddg/hyper_seed_1_test_0-2/search_optuna/seed_42_test_0-2/rf
_rdkit_soap_acsf.pkl`
[OK] Finished target=ddg search=optuna split=seed_42_test_0-2 model=rf descriptor=rdkit_soap_acsf
[INFO] Train target=ddg hyper=seed_1_test_0-2 search=optuna split=seed_42_test_0-2 model=rf descriptor=rdkit_xtb_acsf
                           Metric                           
┏━━━━━━━━━━━━━━━━━━┳━━━━━━━━━━━━━┳━━━━━━━━━━━━┳━━━━━━━━━━━━┓
┃       name       ┃    Train    ┃   Valid    ┃    Test    ┃
┡━━━━━━━━━━━━━━━━━━╇━━━━━━━━━━━━━╇━━━━━━━━━━━━╇━━━━━━━━━━━━┩
│        R2        │   0.9818    │   0.0000   │   0.6651   │
│        R         │   0.9924    │   0.0000   │   0.8237   │
│    Spearmanr     │   0.9793    │   0.0000   │   0.7827   │
│       MSE        │   0.0159    │   0.0000   │   0.2491   │
│       MAE        │   0.0804    │   0.0000   │   0.2845   │
│       RMSE       │   0.1261    │   0.0000   │   0.4991   │
└──────────────────┴─────────────┴────────────┴────────────┘
Info[iaw]:> Result, 0.9818305164197169, 0.665090136055855, 0.9923519674120693, 0.8236522078878958, 0.9792843257378632, 0.7826536498296711, 0.015912816729616423, 0.24914100847407972, 0.08035668357227335, 0.2845004320251933, 0.12614601353041807, 0.4991402693372673
Info[iaw]:> The model will be saved as 
`/home/iaw/DATA2/AAReact/train/output/pt/ddg/hyper_seed_1_test_0-2/search_optuna/seed_42_test_0-2/rf
_rdkit_xtb_acsf.pkl`
[OK] Finished target=ddg search=optuna split=seed_42_test_0-2 model=rf descriptor=rdkit_xtb_acsf
[INFO] Train target=ddg hyper=seed_1_test_0-2 search=optuna split=seed_42_test_0-2 model=rf descriptor=soap_xtb_acsf
                           Metric                           
┏━━━━━━━━━━━━━━━━━━┳━━━━━━━━━━━━━┳━━━━━━━━━━━━┳━━━━━━━━━━━━┓
┃       name       ┃    Train    ┃   Valid    ┃    Test    ┃
┡━━━━━━━━━━━━━━━━━━╇━━━━━━━━━━━━━╇━━━━━━━━━━━━╇━━━━━━━━━━━━┩
│        R2        │   0.9771    │   0.0000   │   0.5402   │
│        R         │   0.9887    │   0.0000   │   0.7606   │
│    Spearmanr     │   0.9789    │   0.0000   │   0.7091   │
│       MSE        │   0.0200    │   0.0000   │   0.3420   │
│       MAE        │   0.0846    │   0.0000   │   0.3044   │
│       RMSE       │   0.1415    │   0.0000   │   0.5848   │
└──────────────────┴─────────────┴────────────┴────────────┘
Info[iaw]:> Result, 0.9771452742940001, 0.5402348775126263, 0.9886786428491734, 0.7605895619243501, 0.9788607227747206, 0.7091455251901918, 0.020016147402223593, 0.3420214171321531, 0.08462178922831645, 0.3043786708449463, 0.14147843440688618, 0.5848259716634968
Info[iaw]:> The model will be saved as 
`/home/iaw/DATA2/AAReact/train/output/pt/ddg/hyper_seed_1_test_0-2/search_optuna/seed_42_test_0-2/rf
_soap_xtb_acsf.pkl`
[OK] Finished target=ddg search=optuna split=seed_42_test_0-2 model=rf descriptor=soap_xtb_acsf
[INFO] Train target=ddg hyper=seed_1_test_0-2 search=optuna split=seed_42_test_0-2 model=rf descriptor=rdkit_soap_xtb_acsf
                           Metric                           
┏━━━━━━━━━━━━━━━━━━┳━━━━━━━━━━━━━┳━━━━━━━━━━━━┳━━━━━━━━━━━━┓
┃       name       ┃    Train    ┃   Valid    ┃    Test    ┃
┡━━━━━━━━━━━━━━━━━━╇━━━━━━━━━━━━━╇━━━━━━━━━━━━╇━━━━━━━━━━━━┩
│        R2        │   0.9818    │   0.0000   │   0.6624   │
│        R         │   0.9922    │   0.0000   │   0.8219   │
│    Spearmanr     │   0.9778    │   0.0000   │   0.7858   │
│       MSE        │   0.0159    │   0.0000   │   0.2511   │
│       MAE        │   0.0816    │   0.0000   │   0.2897   │
│       RMSE       │   0.1261    │   0.0000   │   0.5011   │
└──────────────────┴─────────────┴────────────┴────────────┘
Info[iaw]:> Result, 0.9818446918133599, 0.6624210413543763, 0.992231788747495, 0.8218873971380353, 0.9777603248892718, 0.7858099062918341, 0.01590040193311905, 0.2511265604605393, 0.08157636601607979, 0.28965009140343256, 0.12609679588759998, 0.5011252941735622
Info[iaw]:> The model will be saved as 
`/home/iaw/DATA2/AAReact/train/output/pt/ddg/hyper_seed_1_test_0-2/search_optuna/seed_42_test_0-2/rf
_rdkit_soap_xtb_acsf.pkl`
[OK] Finished target=ddg search=optuna split=seed_42_test_0-2 model=rf descriptor=rdkit_soap_xtb_acsf
[INFO] Train target=ddg hyper=seed_1_test_0-2 search=optuna split=seed_42_test_0-3 model=lgb descriptor=rdkit
                           Metric                           
┏━━━━━━━━━━━━━━━━━━┳━━━━━━━━━━━━━┳━━━━━━━━━━━━┳━━━━━━━━━━━━┓
┃       name       ┃    Train    ┃   Valid    ┃    Test    ┃
┡━━━━━━━━━━━━━━━━━━╇━━━━━━━━━━━━━╇━━━━━━━━━━━━╇━━━━━━━━━━━━┩
│        R2        │   0.9896    │   0.0000   │   0.6446   │
│        R         │   0.9950    │   0.0000   │   0.8133   │
│    Spearmanr     │   0.9876    │   0.0000   │   0.7437   │
│       MSE        │   0.0092    │   0.0000   │   0.2870   │
│       MAE        │   0.0642    │   0.0000   │   0.2761   │
│       RMSE       │   0.0957    │   0.0000   │   0.5357   │
└──────────────────┴─────────────┴────────────┴────────────┘
Info[iaw]:> Result, 0.9895541588160873, 0.644612366561109, 0.9949977400380078, 0.8132557206136534, 0.9875924668363512, 0.7437154170589828, 0.009156268454651274, 0.28696080658393325, 0.06416685774413936, 0.2761475039269672, 0.09568839247605361, 0.5356872283188514
Info[iaw]:> The model will be saved as 
`/home/iaw/DATA2/AAReact/train/output/pt/ddg/hyper_seed_1_test_0-2/search_optuna/seed_42_test_0-3/lg
b_rdkit.pkl`
[OK] Finished target=ddg search=optuna split=seed_42_test_0-3 model=lgb descriptor=rdkit
[INFO] Train target=ddg hyper=seed_1_test_0-2 search=optuna split=seed_42_test_0-3 model=lgb descriptor=xtb
                           Metric                           
┏━━━━━━━━━━━━━━━━━━┳━━━━━━━━━━━━━┳━━━━━━━━━━━━┳━━━━━━━━━━━━┓
┃       name       ┃    Train    ┃   Valid    ┃    Test    ┃
┡━━━━━━━━━━━━━━━━━━╇━━━━━━━━━━━━━╇━━━━━━━━━━━━╇━━━━━━━━━━━━┩
│        R2        │   0.9775    │   0.0000   │   0.7300   │
│        R         │   0.9891    │   0.0000   │   0.8558   │
│    Spearmanr     │   0.9690    │   0.0000   │   0.8206   │
│       MSE        │   0.0197    │   0.0000   │   0.2180   │
│       MAE        │   0.1016    │   0.0000   │   0.2978   │
│       RMSE       │   0.1403    │   0.0000   │   0.4669   │
└──────────────────┴─────────────┴────────────┴────────────┘
Info[iaw]:> Result, 0.9775388243967713, 0.730013778433897, 0.9890713011100997, 0.8557735781730501, 0.9689601725183637, 0.8206265880744477, 0.019688271151102416, 0.21800270076217876, 0.10158739046749284, 0.297814293197252, 0.14031489996113178, 0.4669075933867201
Info[iaw]:> The model will be saved as 
`/home/iaw/DATA2/AAReact/train/output/pt/ddg/hyper_seed_1_test_0-2/search_optuna/seed_42_test_0-3/lg
b_xtb.pkl`
[OK] Finished target=ddg search=optuna split=seed_42_test_0-3 model=lgb descriptor=xtb
[INFO] Train target=ddg hyper=seed_1_test_0-2 search=optuna split=seed_42_test_0-3 model=lgb descriptor=soap
                           Metric                           
┏━━━━━━━━━━━━━━━━━━┳━━━━━━━━━━━━━┳━━━━━━━━━━━━┳━━━━━━━━━━━━┓
┃       name       ┃    Train    ┃   Valid    ┃    Test    ┃
┡━━━━━━━━━━━━━━━━━━╇━━━━━━━━━━━━━╇━━━━━━━━━━━━╇━━━━━━━━━━━━┩
│        R2        │   0.5212    │   0.0000   │   0.2822   │
│        R         │   0.7267    │   0.0000   │   0.5399   │
│    Spearmanr     │   0.6674    │   0.0000   │   0.4768   │
│       MSE        │   0.4197    │   0.0000   │   0.5796   │
│       MAE        │   0.4718    │   0.0000   │   0.5762   │
│       RMSE       │   0.6478    │   0.0000   │   0.7613   │
└──────────────────┴─────────────┴────────────┴────────────┘
Info[iaw]:> Result, 0.5211889864206225, 0.28220169380071414, 0.726743720502725, 0.5398990379805556, 0.6673879123100769, 0.47678348015632455, 0.4197002522045143, 0.5795924267774121, 0.471756682834337, 0.5761632124757272, 0.6478427681193287, 0.7613096786311153
Info[iaw]:> The model will be saved as 
`/home/iaw/DATA2/AAReact/train/output/pt/ddg/hyper_seed_1_test_0-2/search_optuna/seed_42_test_0-3/lg
b_soap.pkl`
[OK] Finished target=ddg search=optuna split=seed_42_test_0-3 model=lgb descriptor=soap
[INFO] Train target=ddg hyper=seed_1_test_0-2 search=optuna split=seed_42_test_0-3 model=lgb descriptor=acsf
                           Metric                           
┏━━━━━━━━━━━━━━━━━━┳━━━━━━━━━━━━━┳━━━━━━━━━━━━┳━━━━━━━━━━━━┓
┃       name       ┃    Train    ┃   Valid    ┃    Test    ┃
┡━━━━━━━━━━━━━━━━━━╇━━━━━━━━━━━━━╇━━━━━━━━━━━━╇━━━━━━━━━━━━┩
│        R2        │   0.9880    │   0.0000   │   0.6803   │
│        R         │   0.9942    │   0.0000   │   0.8293   │
│    Spearmanr     │   0.9779    │   0.0000   │   0.7677   │
│       MSE        │   0.0105    │   0.0000   │   0.2581   │
│       MAE        │   0.0721    │   0.0000   │   0.2872   │
│       RMSE       │   0.1025    │   0.0000   │   0.5081   │
└──────────────────┴─────────────┴────────────┴────────────┘
Info[iaw]:> Result, 0.9880200812587249, 0.6803233551582667, 0.9941640194238907, 0.8293322653980935, 0.9779271877122137, 0.7676864737975777, 0.010500959197901238, 0.25812566116092267, 0.07209518202525153, 0.28716833157241695, 0.10247418795921848, 0.5080606864941655
Info[iaw]:> The model will be saved as 
`/home/iaw/DATA2/AAReact/train/output/pt/ddg/hyper_seed_1_test_0-2/search_optuna/seed_42_test_0-3/lg
b_acsf.pkl`
[OK] Finished target=ddg search=optuna split=seed_42_test_0-3 model=lgb descriptor=acsf
[INFO] Train target=ddg hyper=seed_1_test_0-2 search=optuna split=seed_42_test_0-3 model=lgb descriptor=rdkit_soap
                           Metric                           
┏━━━━━━━━━━━━━━━━━━┳━━━━━━━━━━━━━┳━━━━━━━━━━━━┳━━━━━━━━━━━━┓
┃       name       ┃    Train    ┃   Valid    ┃    Test    ┃
┡━━━━━━━━━━━━━━━━━━╇━━━━━━━━━━━━━╇━━━━━━━━━━━━╇━━━━━━━━━━━━┩
│        R2        │   0.9907    │   0.0000   │   0.6834   │
│        R         │   0.9956    │   0.0000   │   0.8324   │
│    Spearmanr     │   0.9898    │   0.0000   │   0.7800   │
│       MSE        │   0.0081    │   0.0000   │   0.2556   │
│       MAE        │   0.0573    │   0.0000   │   0.2738   │
│       RMSE       │   0.0903    │   0.0000   │   0.5056   │
└──────────────────┴─────────────┴────────────┴────────────┘
Info[iaw]:> Result, 0.9907022631631291, 0.6834107364808626, 0.9955635110679107, 0.8323673378760891, 0.9897784943003624, 0.7799912293147258, 0.008149901286092689, 0.2556327285116029, 0.05733005879763113, 0.273762639640906, 0.09027680369891641, 0.5056013533522264
Info[iaw]:> The model will be saved as 
`/home/iaw/DATA2/AAReact/train/output/pt/ddg/hyper_seed_1_test_0-2/search_optuna/seed_42_test_0-3/lg
b_rdkit_soap.pkl`
[OK] Finished target=ddg search=optuna split=seed_42_test_0-3 model=lgb descriptor=rdkit_soap
[INFO] Train target=ddg hyper=seed_1_test_0-2 search=optuna split=seed_42_test_0-3 model=lgb descriptor=soap_xtb
                           Metric                           
┏━━━━━━━━━━━━━━━━━━┳━━━━━━━━━━━━━┳━━━━━━━━━━━━┳━━━━━━━━━━━━┓
┃       name       ┃    Train    ┃   Valid    ┃    Test    ┃
┡━━━━━━━━━━━━━━━━━━╇━━━━━━━━━━━━━╇━━━━━━━━━━━━╇━━━━━━━━━━━━┩
│        R2        │   0.9917    │   0.0000   │   0.7132   │
│        R         │   0.9960    │   0.0000   │   0.8470   │
│    Spearmanr     │   0.9901    │   0.0000   │   0.8083   │
│       MSE        │   0.0073    │   0.0000   │   0.2316   │
│       MAE        │   0.0509    │   0.0000   │   0.2565   │
│       RMSE       │   0.0855    │   0.0000   │   0.4812   │
└──────────────────┴─────────────┴────────────┴────────────┘
Info[iaw]:> Result, 0.9916598395078714, 0.7131984421018522, 0.9960204506430123, 0.8470206374625399, 0.9901320325338117, 0.8083347306238795, 0.007310540824458705, 0.23158038896176938, 0.05089104835731654, 0.2565311515925702, 0.08550170071091397, 0.48122800101591073
Info[iaw]:> The model will be saved as 
`/home/iaw/DATA2/AAReact/train/output/pt/ddg/hyper_seed_1_test_0-2/search_optuna/seed_42_test_0-3/lg
b_soap_xtb.pkl`
[OK] Finished target=ddg search=optuna split=seed_42_test_0-3 model=lgb descriptor=soap_xtb
[INFO] Train target=ddg hyper=seed_1_test_0-2 search=optuna split=seed_42_test_0-3 model=lgb descriptor=rdkit_xtb
                           Metric                           
┏━━━━━━━━━━━━━━━━━━┳━━━━━━━━━━━━━┳━━━━━━━━━━━━┳━━━━━━━━━━━━┓
┃       name       ┃    Train    ┃   Valid    ┃    Test    ┃
┡━━━━━━━━━━━━━━━━━━╇━━━━━━━━━━━━━╇━━━━━━━━━━━━╇━━━━━━━━━━━━┩
│        R2        │   0.9885    │   0.0000   │   0.7260   │
│        R         │   0.9945    │   0.0000   │   0.8553   │
│    Spearmanr     │   0.9826    │   0.0000   │   0.7877   │
│       MSE        │   0.0101    │   0.0000   │   0.2213   │
│       MAE        │   0.0702    │   0.0000   │   0.2654   │
│       RMSE       │   0.1005    │   0.0000   │   0.4704   │
└──────────────────┴─────────────┴────────────┴────────────┘
Info[iaw]:> Result, 0.9884850040565607, 0.7259721835122454, 0.9945421691674373, 0.855273896299848, 0.9825563613554718, 0.7876784769962982, 0.010093432616487253, 0.2212661214034097, 0.07017264255773367, 0.2654409582583114, 0.10046607694384833, 0.47038932960199015
Info[iaw]:> The model will be saved as 
`/home/iaw/DATA2/AAReact/train/output/pt/ddg/hyper_seed_1_test_0-2/search_optuna/seed_42_test_0-3/lg
b_rdkit_xtb.pkl`
[OK] Finished target=ddg search=optuna split=seed_42_test_0-3 model=lgb descriptor=rdkit_xtb
[INFO] Train target=ddg hyper=seed_1_test_0-2 search=optuna split=seed_42_test_0-3 model=lgb descriptor=soap_acsf
                           Metric                           
┏━━━━━━━━━━━━━━━━━━┳━━━━━━━━━━━━━┳━━━━━━━━━━━━┳━━━━━━━━━━━━┓
┃       name       ┃    Train    ┃   Valid    ┃    Test    ┃
┡━━━━━━━━━━━━━━━━━━╇━━━━━━━━━━━━━╇━━━━━━━━━━━━╇━━━━━━━━━━━━┩
│        R2        │   0.9950    │   0.0000   │   0.7309   │
│        R         │   0.9975    │   0.0000   │   0.8615   │
│    Spearmanr     │   0.9878    │   0.0000   │   0.8217   │
│       MSE        │   0.0044    │   0.0000   │   0.2173   │
│       MAE        │   0.0465    │   0.0000   │   0.2544   │
│       RMSE       │   0.0663    │   0.0000   │   0.4661   │
└──────────────────┴─────────────┴────────────┴────────────┘
Info[iaw]:> Result, 0.9949787009694989, 0.7309117048528667, 0.9975223316776017, 0.8615253107211233, 0.9877904897178433, 0.8217487198668919, 0.004401403496843748, 0.21727766233878953, 0.04650055037928056, 0.2544222651408682, 0.06634307421912063, 0.4661305207115165
Info[iaw]:> The model will be saved as 
`/home/iaw/DATA2/AAReact/train/output/pt/ddg/hyper_seed_1_test_0-2/search_optuna/seed_42_test_0-3/lg
b_soap_acsf.pkl`
[OK] Finished target=ddg search=optuna split=seed_42_test_0-3 model=lgb descriptor=soap_acsf
[INFO] Train target=ddg hyper=seed_1_test_0-2 search=optuna split=seed_42_test_0-3 model=lgb descriptor=acsf_xtb
                           Metric                           
┏━━━━━━━━━━━━━━━━━━┳━━━━━━━━━━━━━┳━━━━━━━━━━━━┳━━━━━━━━━━━━┓
┃       name       ┃    Train    ┃   Valid    ┃    Test    ┃
┡━━━━━━━━━━━━━━━━━━╇━━━━━━━━━━━━━╇━━━━━━━━━━━━╇━━━━━━━━━━━━┩
│        R2        │   0.9968    │   0.0000   │   0.7261   │
│        R         │   0.9984    │   0.0000   │   0.8577   │
│    Spearmanr     │   0.9917    │   0.0000   │   0.8002   │
│       MSE        │   0.0028    │   0.0000   │   0.2211   │
│       MAE        │   0.0346    │   0.0000   │   0.2675   │
│       RMSE       │   0.0530    │   0.0000   │   0.4703   │
└──────────────────┴─────────────┴────────────┴────────────┘
Info[iaw]:> Result, 0.9967898482275338, 0.7261273653736675, 0.9984248977805845, 0.8577142707935813, 0.9917338406589704, 0.8001509073789839, 0.002813848199620584, 0.221140818472382, 0.03458506790623346, 0.26747702829163766, 0.053045718013997926, 0.47025612007966683
Info[iaw]:> The model will be saved as 
`/home/iaw/DATA2/AAReact/train/output/pt/ddg/hyper_seed_1_test_0-2/search_optuna/seed_42_test_0-3/lg
b_acsf_xtb.pkl`
[OK] Finished target=ddg search=optuna split=seed_42_test_0-3 model=lgb descriptor=acsf_xtb
[INFO] Train target=ddg hyper=seed_1_test_0-2 search=optuna split=seed_42_test_0-3 model=lgb descriptor=rdkit_acsf
                           Metric                           
┏━━━━━━━━━━━━━━━━━━┳━━━━━━━━━━━━━┳━━━━━━━━━━━━┳━━━━━━━━━━━━┓
┃       name       ┃    Train    ┃   Valid    ┃    Test    ┃
┡━━━━━━━━━━━━━━━━━━╇━━━━━━━━━━━━━╇━━━━━━━━━━━━╇━━━━━━━━━━━━┩
│        R2        │   0.9827    │   0.0000   │   0.6417   │
│        R         │   0.9920    │   0.0000   │   0.8094   │
│    Spearmanr     │   0.9785    │   0.0000   │   0.7491   │
│       MSE        │   0.0152    │   0.0000   │   0.2893   │
│       MAE        │   0.0883    │   0.0000   │   0.2999   │
│       RMSE       │   0.1232    │   0.0000   │   0.5379   │
└──────────────────┴─────────────┴────────────┴────────────┘
Info[iaw]:> Result, 0.9826949078601848, 0.6417060559568135, 0.991984728415428, 0.8094140349185139, 0.9784901532862986, 0.7490939108227677, 0.015168722793588694, 0.2893075321216846, 0.08834246780928487, 0.2999058153917926, 0.12316136891732202, 0.5378731561638715
Info[iaw]:> The model will be saved as 
`/home/iaw/DATA2/AAReact/train/output/pt/ddg/hyper_seed_1_test_0-2/search_optuna/seed_42_test_0-3/lg
b_rdkit_acsf.pkl`
[OK] Finished target=ddg search=optuna split=seed_42_test_0-3 model=lgb descriptor=rdkit_acsf
[INFO] Train target=ddg hyper=seed_1_test_0-2 search=optuna split=seed_42_test_0-3 model=lgb descriptor=rdkit_soap_xtb
                           Metric                           
┏━━━━━━━━━━━━━━━━━━┳━━━━━━━━━━━━━┳━━━━━━━━━━━━┳━━━━━━━━━━━━┓
┃       name       ┃    Train    ┃   Valid    ┃    Test    ┃
┡━━━━━━━━━━━━━━━━━━╇━━━━━━━━━━━━━╇━━━━━━━━━━━━╇━━━━━━━━━━━━┩
│        R2        │   0.9919    │   0.0000   │   0.7109   │
│        R         │   0.9961    │   0.0000   │   0.8486   │
│    Spearmanr     │   0.9876    │   0.0000   │   0.8074   │
│       MSE        │   0.0071    │   0.0000   │   0.2335   │
│       MAE        │   0.0577    │   0.0000   │   0.2727   │
│       RMSE       │   0.0842    │   0.0000   │   0.4832   │
└──────────────────┴─────────────┴────────────┴────────────┘
Info[iaw]:> Result, 0.9919204089193185, 0.7108718318772489, 0.9960850290408922, 0.848587355789269, 0.987642750133484, 0.8074254169300021, 0.007082139545875757, 0.23345903043333155, 0.05773870368376681, 0.2727235099843565, 0.08415544869986588, 0.48317598288132196
Info[iaw]:> The model will be saved as 
`/home/iaw/DATA2/AAReact/train/output/pt/ddg/hyper_seed_1_test_0-2/search_optuna/seed_42_test_0-3/lg
b_rdkit_soap_xtb.pkl`
[OK] Finished target=ddg search=optuna split=seed_42_test_0-3 model=lgb descriptor=rdkit_soap_xtb
[INFO] Train target=ddg hyper=seed_1_test_0-2 search=optuna split=seed_42_test_0-3 model=lgb descriptor=rdkit_soap_acsf
                           Metric                           
┏━━━━━━━━━━━━━━━━━━┳━━━━━━━━━━━━━┳━━━━━━━━━━━━┳━━━━━━━━━━━━┓
┃       name       ┃    Train    ┃   Valid    ┃    Test    ┃
┡━━━━━━━━━━━━━━━━━━╇━━━━━━━━━━━━━╇━━━━━━━━━━━━╇━━━━━━━━━━━━┩
│        R2        │   0.9958    │   0.0000   │   0.6724   │
│        R         │   0.9980    │   0.0000   │   0.8300   │
│    Spearmanr     │   0.9921    │   0.0000   │   0.7775   │
│       MSE        │   0.0037    │   0.0000   │   0.2645   │
│       MAE        │   0.0394    │   0.0000   │   0.2722   │
│       RMSE       │   0.0605    │   0.0000   │   0.5143   │
└──────────────────┴─────────────┴────────────┴────────────┘
Info[iaw]:> Result, 0.9958178611048616, 0.6724289803755725, 0.9979817271213962, 0.8299859482062361, 0.9921444011881373, 0.7774632082650811, 0.0036658403822470414, 0.26450004209589495, 0.03944009010322651, 0.2722302918237858, 0.06054618387848273, 0.5142956757507251
Info[iaw]:> The model will be saved as 
`/home/iaw/DATA2/AAReact/train/output/pt/ddg/hyper_seed_1_test_0-2/search_optuna/seed_42_test_0-3/lg
b_rdkit_soap_acsf.pkl`
[OK] Finished target=ddg search=optuna split=seed_42_test_0-3 model=lgb descriptor=rdkit_soap_acsf
[INFO] Train target=ddg hyper=seed_1_test_0-2 search=optuna split=seed_42_test_0-3 model=lgb descriptor=rdkit_xtb_acsf
                           Metric                           
┏━━━━━━━━━━━━━━━━━━┳━━━━━━━━━━━━━┳━━━━━━━━━━━━┳━━━━━━━━━━━━┓
┃       name       ┃    Train    ┃   Valid    ┃    Test    ┃
┡━━━━━━━━━━━━━━━━━━╇━━━━━━━━━━━━━╇━━━━━━━━━━━━╇━━━━━━━━━━━━┩
│        R2        │   0.9929    │   0.0000   │   0.7247   │
│        R         │   0.9965    │   0.0000   │   0.8546   │
│    Spearmanr     │   0.9881    │   0.0000   │   0.8058   │
│       MSE        │   0.0062    │   0.0000   │   0.2223   │
│       MAE        │   0.0560    │   0.0000   │   0.2570   │
│       RMSE       │   0.0790    │   0.0000   │   0.4715   │
└──────────────────┴─────────────┴────────────┴────────────┘
Info[iaw]:> Result, 0.9928785458200462, 0.7247232841351076, 0.9965341151359061, 0.8545815875702731, 0.9881227741865252, 0.8057938115076551, 0.006242287730697758, 0.22227455596579934, 0.05600786383938618, 0.2570467507960686, 0.07900814977391736, 0.47146002584079105
Info[iaw]:> The model will be saved as 
`/home/iaw/DATA2/AAReact/train/output/pt/ddg/hyper_seed_1_test_0-2/search_optuna/seed_42_test_0-3/lg
b_rdkit_xtb_acsf.pkl`
[OK] Finished target=ddg search=optuna split=seed_42_test_0-3 model=lgb descriptor=rdkit_xtb_acsf
[INFO] Train target=ddg hyper=seed_1_test_0-2 search=optuna split=seed_42_test_0-3 model=lgb descriptor=soap_xtb_acsf
                           Metric                           
┏━━━━━━━━━━━━━━━━━━┳━━━━━━━━━━━━━┳━━━━━━━━━━━━┳━━━━━━━━━━━━┓
┃       name       ┃    Train    ┃   Valid    ┃    Test    ┃
┡━━━━━━━━━━━━━━━━━━╇━━━━━━━━━━━━━╇━━━━━━━━━━━━╇━━━━━━━━━━━━┩
│        R2        │   0.9960    │   0.0000   │   0.7347   │
│        R         │   0.9980    │   0.0000   │   0.8618   │
│    Spearmanr     │   0.9890    │   0.0000   │   0.8227   │
│       MSE        │   0.0035    │   0.0000   │   0.2142   │
│       MAE        │   0.0411    │   0.0000   │   0.2505   │
│       RMSE       │   0.0591    │   0.0000   │   0.4628   │
└──────────────────┴─────────────┴────────────┴────────────┘
Info[iaw]:> Result, 0.996014705972904, 0.7346972540244411, 0.9980391695468552, 0.8617800199893658, 0.9889755166997569, 0.8227031767937986, 0.0034932966469954346, 0.21422098804450823, 0.04111767547190995, 0.250484591280173, 0.05910411700546278, 0.4628401322751823
Info[iaw]:> The model will be saved as 
`/home/iaw/DATA2/AAReact/train/output/pt/ddg/hyper_seed_1_test_0-2/search_optuna/seed_42_test_0-3/lg
b_soap_xtb_acsf.pkl`
[OK] Finished target=ddg search=optuna split=seed_42_test_0-3 model=lgb descriptor=soap_xtb_acsf
[INFO] Train target=ddg hyper=seed_1_test_0-2 search=optuna split=seed_42_test_0-3 model=lgb descriptor=rdkit_soap_xtb_acsf
                           Metric                           
┏━━━━━━━━━━━━━━━━━━┳━━━━━━━━━━━━━┳━━━━━━━━━━━━┳━━━━━━━━━━━━┓
┃       name       ┃    Train    ┃   Valid    ┃    Test    ┃
┡━━━━━━━━━━━━━━━━━━╇━━━━━━━━━━━━━╇━━━━━━━━━━━━╇━━━━━━━━━━━━┩
│        R2        │   0.9943    │   0.0000   │   0.7413   │
│        R         │   0.9973    │   0.0000   │   0.8660   │
│    Spearmanr     │   0.9914    │   0.0000   │   0.8211   │
│       MSE        │   0.0050    │   0.0000   │   0.2089   │
│       MAE        │   0.0470    │   0.0000   │   0.2405   │
│       RMSE       │   0.0707    │   0.0000   │   0.4570   │
└──────────────────┴─────────────┴────────────┴────────────┘
Info[iaw]:> Result, 0.9943011453397931, 0.7413468092318936, 0.9972643431025685, 0.866025042223983, 0.9914368063367323, 0.8211425107376404, 0.004995312702365797, 0.20885174740073367, 0.0470104543759344, 0.24045589656695163, 0.07067752614774937, 0.4570030058990134
Info[iaw]:> The model will be saved as 
`/home/iaw/DATA2/AAReact/train/output/pt/ddg/hyper_seed_1_test_0-2/search_optuna/seed_42_test_0-3/lg
b_rdkit_soap_xtb_acsf.pkl`
[OK] Finished target=ddg search=optuna split=seed_42_test_0-3 model=lgb descriptor=rdkit_soap_xtb_acsf
[INFO] Train target=ddg hyper=seed_1_test_0-2 search=optuna split=seed_42_test_0-3 model=xgb descriptor=rdkit
                           Metric                           
┏━━━━━━━━━━━━━━━━━━┳━━━━━━━━━━━━━┳━━━━━━━━━━━━┳━━━━━━━━━━━━┓
┃       name       ┃    Train    ┃   Valid    ┃    Test    ┃
┡━━━━━━━━━━━━━━━━━━╇━━━━━━━━━━━━━╇━━━━━━━━━━━━╇━━━━━━━━━━━━┩
│        R2        │   0.9788    │   0.0000   │   0.6494   │
│        R         │   0.9904    │   0.0000   │   0.8113   │
│    Spearmanr     │   0.9771    │   0.0000   │   0.7378   │
│       MSE        │   0.0186    │   0.0000   │   0.2831   │
│       MAE        │   0.0942    │   0.0000   │   0.2876   │
│       RMSE       │   0.1363    │   0.0000   │   0.5321   │
└──────────────────┴─────────────┴────────────┴────────────┘
Info[iaw]:> Result, 0.9788020970023418, 0.6493934722235151, 0.9904088754322844, 0.8112593005845283, 0.9771205814200625, 0.7378210006320053, 0.018580953616366774, 0.2831002616235725, 0.0942339095816537, 0.28759351980680775, 0.13631197165460843, 0.5320716696306734
Info[iaw]:> The model will be saved as 
`/home/iaw/DATA2/AAReact/train/output/pt/ddg/hyper_seed_1_test_0-2/search_optuna/seed_42_test_0-3/xg
b_rdkit.pkl`
[OK] Finished target=ddg search=optuna split=seed_42_test_0-3 model=xgb descriptor=rdkit
[INFO] Train target=ddg hyper=seed_1_test_0-2 search=optuna split=seed_42_test_0-3 model=xgb descriptor=xtb
                           Metric                           
┏━━━━━━━━━━━━━━━━━━┳━━━━━━━━━━━━━┳━━━━━━━━━━━━┳━━━━━━━━━━━━┓
┃       name       ┃    Train    ┃   Valid    ┃    Test    ┃
┡━━━━━━━━━━━━━━━━━━╇━━━━━━━━━━━━━╇━━━━━━━━━━━━╇━━━━━━━━━━━━┩
│        R2        │   0.9897    │   0.0000   │   0.7480   │
│        R         │   0.9950    │   0.0000   │   0.8665   │
│    Spearmanr     │   0.9810    │   0.0000   │   0.8224   │
│       MSE        │   0.0091    │   0.0000   │   0.2035   │
│       MAE        │   0.0655    │   0.0000   │   0.2677   │
│       RMSE       │   0.0952    │   0.0000   │   0.4511   │
└──────────────────┴─────────────┴────────────┴────────────┘
Info[iaw]:> Result, 0.9896672297320955, 0.7480031836459383, 0.9950046110404542, 0.8665251311699671, 0.9810385315203699, 0.8224129702957527, 0.009057156507307188, 0.20347700052984294, 0.06550270876399197, 0.26766017598383846, 0.0951690942864709, 0.4510842499243827
Info[iaw]:> The model will be saved as 
`/home/iaw/DATA2/AAReact/train/output/pt/ddg/hyper_seed_1_test_0-2/search_optuna/seed_42_test_0-3/xg
b_xtb.pkl`
[OK] Finished target=ddg search=optuna split=seed_42_test_0-3 model=xgb descriptor=xtb
[INFO] Train target=ddg hyper=seed_1_test_0-2 search=optuna split=seed_42_test_0-3 model=xgb descriptor=soap
                           Metric                           
┏━━━━━━━━━━━━━━━━━━┳━━━━━━━━━━━━━┳━━━━━━━━━━━━┳━━━━━━━━━━━━┓
┃       name       ┃    Train    ┃   Valid    ┃    Test    ┃
┡━━━━━━━━━━━━━━━━━━╇━━━━━━━━━━━━━╇━━━━━━━━━━━━╇━━━━━━━━━━━━┩
│        R2        │   0.5261    │   0.0000   │   0.2731   │
│        R         │   0.7289    │   0.0000   │   0.5350   │
│    Spearmanr     │   0.6665    │   0.0000   │   0.4554   │
│       MSE        │   0.4154    │   0.0000   │   0.5870   │
│       MAE        │   0.4689    │   0.0000   │   0.5791   │
│       RMSE       │   0.6445    │   0.0000   │   0.7661   │
└──────────────────┴─────────────┴────────────┴────────────┘
Info[iaw]:> Result, 0.5260993239182986, 0.2730783307026484, 0.7289328904895839, 0.5350378374709159, 0.6664936990363232, 0.4553855877004037, 0.4153961116819774, 0.5869591649164002, 0.4688969162771384, 0.5791227948697573, 0.6445123052991133, 0.7661326026977315
Info[iaw]:> The model will be saved as 
`/home/iaw/DATA2/AAReact/train/output/pt/ddg/hyper_seed_1_test_0-2/search_optuna/seed_42_test_0-3/xg
b_soap.pkl`
[OK] Finished target=ddg search=optuna split=seed_42_test_0-3 model=xgb descriptor=soap
[INFO] Train target=ddg hyper=seed_1_test_0-2 search=optuna split=seed_42_test_0-3 model=xgb descriptor=acsf
                           Metric                           
┏━━━━━━━━━━━━━━━━━━┳━━━━━━━━━━━━━┳━━━━━━━━━━━━┳━━━━━━━━━━━━┓
┃       name       ┃    Train    ┃   Valid    ┃    Test    ┃
┡━━━━━━━━━━━━━━━━━━╇━━━━━━━━━━━━━╇━━━━━━━━━━━━╇━━━━━━━━━━━━┩
│        R2        │   0.9880    │   0.0000   │   0.6950   │
│        R         │   0.9941    │   0.0000   │   0.8388   │
│    Spearmanr     │   0.9786    │   0.0000   │   0.7769   │
│       MSE        │   0.0105    │   0.0000   │   0.2463   │
│       MAE        │   0.0713    │   0.0000   │   0.2801   │
│       RMSE       │   0.1025    │   0.0000   │   0.4963   │
└──────────────────┴─────────────┴────────────┴────────────┘
Info[iaw]:> Result, 0.9880112296460681, 0.6949614079752067, 0.9941363197318199, 0.8387940027305589, 0.9786057530312534, 0.7768827952689892, 0.010508718050473658, 0.24630603929473407, 0.07126945386347369, 0.28011454932266616, 0.10251203856364216, 0.49629229219758597
Info[iaw]:> The model will be saved as 
`/home/iaw/DATA2/AAReact/train/output/pt/ddg/hyper_seed_1_test_0-2/search_optuna/seed_42_test_0-3/xg
b_acsf.pkl`
[OK] Finished target=ddg search=optuna split=seed_42_test_0-3 model=xgb descriptor=acsf
[INFO] Train target=ddg hyper=seed_1_test_0-2 search=optuna split=seed_42_test_0-3 model=xgb descriptor=rdkit_soap
                           Metric                           
┏━━━━━━━━━━━━━━━━━━┳━━━━━━━━━━━━━┳━━━━━━━━━━━━┳━━━━━━━━━━━━┓
┃       name       ┃    Train    ┃   Valid    ┃    Test    ┃
┡━━━━━━━━━━━━━━━━━━╇━━━━━━━━━━━━━╇━━━━━━━━━━━━╇━━━━━━━━━━━━┩
│        R2        │   0.9918    │   0.0000   │   0.6884   │
│        R         │   0.9962    │   0.0000   │   0.8372   │
│    Spearmanr     │   0.9885    │   0.0000   │   0.7741   │
│       MSE        │   0.0072    │   0.0000   │   0.2516   │
│       MAE        │   0.0544    │   0.0000   │   0.2618   │
│       RMSE       │   0.0848    │   0.0000   │   0.5016   │
└──────────────────┴─────────────┴────────────┴────────────┘
Info[iaw]:> Result, 0.9917872480522897, 0.6884147469800884, 0.9962124536462502, 0.8372024884100586, 0.9884866801101049, 0.7741484051540674, 0.007198861275098295, 0.25159219712023917, 0.054350858733471924, 0.26176018652525007, 0.0848461034762251, 0.5015896700693099
Info[iaw]:> The model will be saved as 
`/home/iaw/DATA2/AAReact/train/output/pt/ddg/hyper_seed_1_test_0-2/search_optuna/seed_42_test_0-3/xg
b_rdkit_soap.pkl`
[OK] Finished target=ddg search=optuna split=seed_42_test_0-3 model=xgb descriptor=rdkit_soap
[INFO] Train target=ddg hyper=seed_1_test_0-2 search=optuna split=seed_42_test_0-3 model=xgb descriptor=soap_xtb
                           Metric                           
┏━━━━━━━━━━━━━━━━━━┳━━━━━━━━━━━━━┳━━━━━━━━━━━━┳━━━━━━━━━━━━┓
┃       name       ┃    Train    ┃   Valid    ┃    Test    ┃
┡━━━━━━━━━━━━━━━━━━╇━━━━━━━━━━━━━╇━━━━━━━━━━━━╇━━━━━━━━━━━━┩
│        R2        │   0.9931    │   0.0000   │   0.6923   │
│        R         │   0.9967    │   0.0000   │   0.8355   │
│    Spearmanr     │   0.9852    │   0.0000   │   0.8037   │
│       MSE        │   0.0061    │   0.0000   │   0.2485   │
│       MAE        │   0.0510    │   0.0000   │   0.2518   │
│       RMSE       │   0.0778    │   0.0000   │   0.4985   │
└──────────────────┴─────────────┴────────────┴────────────┘
Info[iaw]:> Result, 0.9930917197492206, 0.6922787194006343, 0.9967498330945561, 0.8354955222047261, 0.9852229312570306, 0.803723671821594, 0.0060554308094897084, 0.2484721992978935, 0.05101605962012782, 0.25178664329960165, 0.07781664866524199, 0.49846985796324084
Info[iaw]:> The model will be saved as 
`/home/iaw/DATA2/AAReact/train/output/pt/ddg/hyper_seed_1_test_0-2/search_optuna/seed_42_test_0-3/xg
b_soap_xtb.pkl`
[OK] Finished target=ddg search=optuna split=seed_42_test_0-3 model=xgb descriptor=soap_xtb
[INFO] Train target=ddg hyper=seed_1_test_0-2 search=optuna split=seed_42_test_0-3 model=xgb descriptor=rdkit_xtb
                           Metric                           
┏━━━━━━━━━━━━━━━━━━┳━━━━━━━━━━━━━┳━━━━━━━━━━━━┳━━━━━━━━━━━━┓
┃       name       ┃    Train    ┃   Valid    ┃    Test    ┃
┡━━━━━━━━━━━━━━━━━━╇━━━━━━━━━━━━━╇━━━━━━━━━━━━╇━━━━━━━━━━━━┩
│        R2        │   0.9963    │   0.0000   │   0.7461   │
│        R         │   0.9982    │   0.0000   │   0.8684   │
│    Spearmanr     │   0.9908    │   0.0000   │   0.8239   │
│       MSE        │   0.0032    │   0.0000   │   0.2050   │
│       MAE        │   0.0406    │   0.0000   │   0.2477   │
│       RMSE       │   0.0570    │   0.0000   │   0.4528   │
└──────────────────┴─────────────┴────────────┴────────────┘
Info[iaw]:> Result, 0.9962953141379556, 0.7460970530744719, 0.9981753021886877, 0.8683546064330231, 0.990825112619034, 0.8239349421521713, 0.003247330463464366, 0.20501612208269338, 0.0406474368537814, 0.24773830788524567, 0.05698535306080296, 0.45278706041879485
Info[iaw]:> The model will be saved as 
`/home/iaw/DATA2/AAReact/train/output/pt/ddg/hyper_seed_1_test_0-2/search_optuna/seed_42_test_0-3/xg
b_rdkit_xtb.pkl`
[OK] Finished target=ddg search=optuna split=seed_42_test_0-3 model=xgb descriptor=rdkit_xtb
[INFO] Train target=ddg hyper=seed_1_test_0-2 search=optuna split=seed_42_test_0-3 model=xgb descriptor=soap_acsf
                           Metric                           
┏━━━━━━━━━━━━━━━━━━┳━━━━━━━━━━━━━┳━━━━━━━━━━━━┳━━━━━━━━━━━━┓
┃       name       ┃    Train    ┃   Valid    ┃    Test    ┃
┡━━━━━━━━━━━━━━━━━━╇━━━━━━━━━━━━━╇━━━━━━━━━━━━╇━━━━━━━━━━━━┩
│        R2        │   0.9977    │   0.0000   │   0.6698   │
│        R         │   0.9989    │   0.0000   │   0.8270   │
│    Spearmanr     │   0.9901    │   0.0000   │   0.7768   │
│       MSE        │   0.0020    │   0.0000   │   0.2666   │
│       MAE        │   0.0317    │   0.0000   │   0.2644   │
│       RMSE       │   0.0452    │   0.0000   │   0.5163   │
└──────────────────┴─────────────┴────────────┴────────────┘
Info[iaw]:> Result, 0.9976696428926343, 0.6698151589031456, 0.9988645806858862, 0.8270447954826773, 0.9900568667803656, 0.7767731617030608, 0.0020426670188233276, 0.2666105947640789, 0.03167110021777982, 0.26438205317067076, 0.04519587391370287, 0.5163434852538366
Info[iaw]:> The model will be saved as 
`/home/iaw/DATA2/AAReact/train/output/pt/ddg/hyper_seed_1_test_0-2/search_optuna/seed_42_test_0-3/xg
b_soap_acsf.pkl`
[OK] Finished target=ddg search=optuna split=seed_42_test_0-3 model=xgb descriptor=soap_acsf
[INFO] Train target=ddg hyper=seed_1_test_0-2 search=optuna split=seed_42_test_0-3 model=xgb descriptor=acsf_xtb
                           Metric                           
┏━━━━━━━━━━━━━━━━━━┳━━━━━━━━━━━━━┳━━━━━━━━━━━━┳━━━━━━━━━━━━┓
┃       name       ┃    Train    ┃   Valid    ┃    Test    ┃
┡━━━━━━━━━━━━━━━━━━╇━━━━━━━━━━━━━╇━━━━━━━━━━━━╇━━━━━━━━━━━━┩
│        R2        │   0.9950    │   0.0000   │   0.7087   │
│        R         │   0.9976    │   0.0000   │   0.8468   │
│    Spearmanr     │   0.9904    │   0.0000   │   0.7898   │
│       MSE        │   0.0044    │   0.0000   │   0.2352   │
│       MAE        │   0.0413    │   0.0000   │   0.2562   │
│       RMSE       │   0.0660    │   0.0000   │   0.4850   │
└──────────────────┴─────────────┴────────────┴────────────┘
Info[iaw]:> Result, 0.9950312132482595, 0.708702986714892, 0.9975828599946908, 0.8467696074812643, 0.9904295852405564, 0.789767963782229, 0.004355374027983182, 0.23521028314610387, 0.04128001551179124, 0.25621114947077034, 0.06599525761737113, 0.4849848277483574
Info[iaw]:> The model will be saved as 
`/home/iaw/DATA2/AAReact/train/output/pt/ddg/hyper_seed_1_test_0-2/search_optuna/seed_42_test_0-3/xg
b_acsf_xtb.pkl`
[OK] Finished target=ddg search=optuna split=seed_42_test_0-3 model=xgb descriptor=acsf_xtb
[INFO] Train target=ddg hyper=seed_1_test_0-2 search=optuna split=seed_42_test_0-3 model=xgb descriptor=rdkit_acsf
                           Metric                           
┏━━━━━━━━━━━━━━━━━━┳━━━━━━━━━━━━━┳━━━━━━━━━━━━┳━━━━━━━━━━━━┓
┃       name       ┃    Train    ┃   Valid    ┃    Test    ┃
┡━━━━━━━━━━━━━━━━━━╇━━━━━━━━━━━━━╇━━━━━━━━━━━━╇━━━━━━━━━━━━┩
│        R2        │   0.9936    │   0.0000   │   0.6400   │
│        R         │   0.9971    │   0.0000   │   0.8116   │
│    Spearmanr     │   0.9878    │   0.0000   │   0.7599   │
│       MSE        │   0.0056    │   0.0000   │   0.2907   │
│       MAE        │   0.0521    │   0.0000   │   0.2598   │
│       RMSE       │   0.0750    │   0.0000   │   0.5392   │
└──────────────────┴─────────────┴────────────┴────────────┘
Info[iaw]:> Result, 0.9935880533048234, 0.6399826735734443, 0.9970928465427804, 0.8115626061763901, 0.9877739014136345, 0.7599476338496859, 0.005620371229496342, 0.29069909207552647, 0.05211273192189567, 0.2597957751302241, 0.07496913517906113, 0.5391651806965343
Info[iaw]:> The model will be saved as 
`/home/iaw/DATA2/AAReact/train/output/pt/ddg/hyper_seed_1_test_0-2/search_optuna/seed_42_test_0-3/xg
b_rdkit_acsf.pkl`
[OK] Finished target=ddg search=optuna split=seed_42_test_0-3 model=xgb descriptor=rdkit_acsf
[INFO] Train target=ddg hyper=seed_1_test_0-2 search=optuna split=seed_42_test_0-3 model=xgb descriptor=rdkit_soap_xtb
                           Metric                           
┏━━━━━━━━━━━━━━━━━━┳━━━━━━━━━━━━━┳━━━━━━━━━━━━┳━━━━━━━━━━━━┓
┃       name       ┃    Train    ┃   Valid    ┃    Test    ┃
┡━━━━━━━━━━━━━━━━━━╇━━━━━━━━━━━━━╇━━━━━━━━━━━━╇━━━━━━━━━━━━┩
│        R2        │   0.9991    │   0.0000   │   0.7383   │
│        R         │   0.9995    │   0.0000   │   0.8661   │
│    Spearmanr     │   0.9945    │   0.0000   │   0.8062   │
│       MSE        │   0.0008    │   0.0000   │   0.2113   │
│       MAE        │   0.0191    │   0.0000   │   0.2388   │
│       RMSE       │   0.0286    │   0.0000   │   0.4597   │
└──────────────────┴─────────────┴────────────┴────────────┘
Info[iaw]:> Result, 0.999066686372937, 0.7382563706176561, 0.9995399834192443, 0.8661485120967224, 0.994526896380121, 0.8061807535050496, 0.0008180930545768882, 0.2113471486865305, 0.01906807436749578, 0.23884433625754803, 0.028602326034378536, 0.4597250794622048
Info[iaw]:> The model will be saved as 
`/home/iaw/DATA2/AAReact/train/output/pt/ddg/hyper_seed_1_test_0-2/search_optuna/seed_42_test_0-3/xg
b_rdkit_soap_xtb.pkl`
[OK] Finished target=ddg search=optuna split=seed_42_test_0-3 model=xgb descriptor=rdkit_soap_xtb
[INFO] Train target=ddg hyper=seed_1_test_0-2 search=optuna split=seed_42_test_0-3 model=xgb descriptor=rdkit_soap_acsf
                           Metric                           
┏━━━━━━━━━━━━━━━━━━┳━━━━━━━━━━━━━┳━━━━━━━━━━━━┳━━━━━━━━━━━━┓
┃       name       ┃    Train    ┃   Valid    ┃    Test    ┃
┡━━━━━━━━━━━━━━━━━━╇━━━━━━━━━━━━━╇━━━━━━━━━━━━╇━━━━━━━━━━━━┩
│        R2        │   0.9926    │   0.0000   │   0.7216   │
│        R         │   0.9966    │   0.0000   │   0.8526   │
│    Spearmanr     │   0.9881    │   0.0000   │   0.7981   │
│       MSE        │   0.0065    │   0.0000   │   0.2248   │
│       MAE        │   0.0536    │   0.0000   │   0.2564   │
│       RMSE       │   0.0806    │   0.0000   │   0.4741   │
└──────────────────┴─────────────┴────────────┴────────────┘
Info[iaw]:> Result, 0.9925870499875179, 0.7215973409416623, 0.9965905160657064, 0.8526074107291403, 0.988097891730212, 0.798067869626343, 0.006497797464097857, 0.22479862572997938, 0.053558497840862196, 0.2563820079875853, 0.08060891677784696, 0.4741293343909227
Info[iaw]:> The model will be saved as 
`/home/iaw/DATA2/AAReact/train/output/pt/ddg/hyper_seed_1_test_0-2/search_optuna/seed_42_test_0-3/xg
b_rdkit_soap_acsf.pkl`
[OK] Finished target=ddg search=optuna split=seed_42_test_0-3 model=xgb descriptor=rdkit_soap_acsf
[INFO] Train target=ddg hyper=seed_1_test_0-2 search=optuna split=seed_42_test_0-3 model=xgb descriptor=rdkit_xtb_acsf
                           Metric                           
┏━━━━━━━━━━━━━━━━━━┳━━━━━━━━━━━━━┳━━━━━━━━━━━━┳━━━━━━━━━━━━┓
┃       name       ┃    Train    ┃   Valid    ┃    Test    ┃
┡━━━━━━━━━━━━━━━━━━╇━━━━━━━━━━━━━╇━━━━━━━━━━━━╇━━━━━━━━━━━━┩
│        R2        │   0.9932    │   0.0000   │   0.6960   │
│        R         │   0.9968    │   0.0000   │   0.8396   │
│    Spearmanr     │   0.9908    │   0.0000   │   0.7770   │
│       MSE        │   0.0060    │   0.0000   │   0.2455   │
│       MAE        │   0.0475    │   0.0000   │   0.2569   │
│       RMSE       │   0.0775    │   0.0000   │   0.4954   │
└──────────────────┴─────────────┴────────────┴────────────┘
Info[iaw]:> Result, 0.993153629498622, 0.6960163108125614, 0.996762441643388, 0.8395777327539923, 0.9907743109373947, 0.777037572067947, 0.006001164017998419, 0.2454542489098358, 0.047510874878050884, 0.25686617194360695, 0.07746718026363435, 0.4954333950288735
Info[iaw]:> The model will be saved as 
`/home/iaw/DATA2/AAReact/train/output/pt/ddg/hyper_seed_1_test_0-2/search_optuna/seed_42_test_0-3/xg
b_rdkit_xtb_acsf.pkl`
[OK] Finished target=ddg search=optuna split=seed_42_test_0-3 model=xgb descriptor=rdkit_xtb_acsf
[INFO] Train target=ddg hyper=seed_1_test_0-2 search=optuna split=seed_42_test_0-3 model=xgb descriptor=soap_xtb_acsf
                           Metric                           
┏━━━━━━━━━━━━━━━━━━┳━━━━━━━━━━━━━┳━━━━━━━━━━━━┳━━━━━━━━━━━━┓
┃       name       ┃    Train    ┃   Valid    ┃    Test    ┃
┡━━━━━━━━━━━━━━━━━━╇━━━━━━━━━━━━━╇━━━━━━━━━━━━╇━━━━━━━━━━━━┩
│        R2        │   0.9906    │   0.0000   │   0.7406   │
│        R         │   0.9954    │   0.0000   │   0.8635   │
│    Spearmanr     │   0.9838    │   0.0000   │   0.8172   │
│       MSE        │   0.0082    │   0.0000   │   0.2095   │
│       MAE        │   0.0611    │   0.0000   │   0.2548   │
│       RMSE       │   0.0908    │   0.0000   │   0.4577   │
└──────────────────┴─────────────┴────────────┴────────────┘
Info[iaw]:> Result, 0.990604290025009, 0.7406032845827428, 0.9954440589545313, 0.863538507880707, 0.9837906348655051, 0.8171505591311863, 0.008235779324843035, 0.20945211278478137, 0.06106955298774518, 0.25476920706562706, 0.09075119461937145, 0.4576593851160286
Info[iaw]:> The model will be saved as 
`/home/iaw/DATA2/AAReact/train/output/pt/ddg/hyper_seed_1_test_0-2/search_optuna/seed_42_test_0-3/xg
b_soap_xtb_acsf.pkl`
[OK] Finished target=ddg search=optuna split=seed_42_test_0-3 model=xgb descriptor=soap_xtb_acsf
[INFO] Train target=ddg hyper=seed_1_test_0-2 search=optuna split=seed_42_test_0-3 model=xgb descriptor=rdkit_soap_xtb_acsf
                           Metric                           
┏━━━━━━━━━━━━━━━━━━┳━━━━━━━━━━━━━┳━━━━━━━━━━━━┳━━━━━━━━━━━━┓
┃       name       ┃    Train    ┃   Valid    ┃    Test    ┃
┡━━━━━━━━━━━━━━━━━━╇━━━━━━━━━━━━━╇━━━━━━━━━━━━╇━━━━━━━━━━━━┩
│        R2        │   0.9958    │   0.0000   │   0.6898   │
│        R         │   0.9980    │   0.0000   │   0.8401   │
│    Spearmanr     │   0.9911    │   0.0000   │   0.7990   │
│       MSE        │   0.0037    │   0.0000   │   0.2505   │
│       MAE        │   0.0410    │   0.0000   │   0.2463   │
│       RMSE       │   0.0605    │   0.0000   │   0.5005   │
└──────────────────┴─────────────┴────────────┴────────────┘
Info[iaw]:> Result, 0.9958306178394201, 0.6897732790828631, 0.9979790851791891, 0.840098494221895, 0.9911055586370635, 0.79900297945338, 0.0036546585076458493, 0.25049523866895573, 0.041003977634672215, 0.24631054352126722, 0.06045377165773736, 0.500494993650242
Info[iaw]:> The model will be saved as 
`/home/iaw/DATA2/AAReact/train/output/pt/ddg/hyper_seed_1_test_0-2/search_optuna/seed_42_test_0-3/xg
b_rdkit_soap_xtb_acsf.pkl`
[OK] Finished target=ddg search=optuna split=seed_42_test_0-3 model=xgb descriptor=rdkit_soap_xtb_acsf
[INFO] Train target=ddg hyper=seed_1_test_0-2 search=optuna split=seed_42_test_0-3 model=rf descriptor=rdkit
                           Metric                           
┏━━━━━━━━━━━━━━━━━━┳━━━━━━━━━━━━━┳━━━━━━━━━━━━┳━━━━━━━━━━━━┓
┃       name       ┃    Train    ┃   Valid    ┃    Test    ┃
┡━━━━━━━━━━━━━━━━━━╇━━━━━━━━━━━━━╇━━━━━━━━━━━━╇━━━━━━━━━━━━┩
│        R2        │   0.9850    │   0.0000   │   0.6924   │
│        R         │   0.9927    │   0.0000   │   0.8375   │
│    Spearmanr     │   0.9809    │   0.0000   │   0.7882   │
│       MSE        │   0.0131    │   0.0000   │   0.2484   │
│       MAE        │   0.0696    │   0.0000   │   0.2612   │
│       RMSE       │   0.1145    │   0.0000   │   0.4984   │
└──────────────────┴─────────────┴────────────┴────────────┘
Info[iaw]:> Result, 0.985040549886865, 0.6923536275972039, 0.9927032726575419, 0.837498551528688, 0.9809307075430129, 0.788194399659491, 0.013112657827956946, 0.24841171402917622, 0.06961113284823854, 0.26118842247167917, 0.11451051404983276, 0.49840918333150347
Info[iaw]:> The model will be saved as 
`/home/iaw/DATA2/AAReact/train/output/pt/ddg/hyper_seed_1_test_0-2/search_optuna/seed_42_test_0-3/rf
_rdkit.pkl`
[OK] Finished target=ddg search=optuna split=seed_42_test_0-3 model=rf descriptor=rdkit
[INFO] Train target=ddg hyper=seed_1_test_0-2 search=optuna split=seed_42_test_0-3 model=rf descriptor=xtb
                           Metric                           
┏━━━━━━━━━━━━━━━━━━┳━━━━━━━━━━━━━┳━━━━━━━━━━━━┳━━━━━━━━━━━━┓
┃       name       ┃    Train    ┃   Valid    ┃    Test    ┃
┡━━━━━━━━━━━━━━━━━━╇━━━━━━━━━━━━━╇━━━━━━━━━━━━╇━━━━━━━━━━━━┩
│        R2        │   0.9895    │   0.0000   │   0.7679   │
│        R         │   0.9949    │   0.0000   │   0.8773   │
│    Spearmanr     │   0.9859    │   0.0000   │   0.8387   │
│       MSE        │   0.0092    │   0.0000   │   0.1874   │
│       MAE        │   0.0556    │   0.0000   │   0.2370   │
│       RMSE       │   0.0960    │   0.0000   │   0.4329   │
└──────────────────┴─────────────┴────────────┴────────────┘
Info[iaw]:> Result, 0.9894897058748402, 0.7679496342942371, 0.9948572927841547, 0.8772538154423146, 0.9859123826507074, 0.8386903303194851, 0.009212764472766049, 0.1873710670984067, 0.05562014541506253, 0.23699347066562115, 0.09598314681633463, 0.4328637973986814
Info[iaw]:> The model will be saved as 
`/home/iaw/DATA2/AAReact/train/output/pt/ddg/hyper_seed_1_test_0-2/search_optuna/seed_42_test_0-3/rf
_xtb.pkl`
[OK] Finished target=ddg search=optuna split=seed_42_test_0-3 model=rf descriptor=xtb
[INFO] Train target=ddg hyper=seed_1_test_0-2 search=optuna split=seed_42_test_0-3 model=rf descriptor=soap
                           Metric                           
┏━━━━━━━━━━━━━━━━━━┳━━━━━━━━━━━━━┳━━━━━━━━━━━━┳━━━━━━━━━━━━┓
┃       name       ┃    Train    ┃   Valid    ┃    Test    ┃
┡━━━━━━━━━━━━━━━━━━╇━━━━━━━━━━━━━╇━━━━━━━━━━━━╇━━━━━━━━━━━━┩
│        R2        │   0.4348    │   0.0000   │   0.2727   │
│        R         │   0.6596    │   0.0000   │   0.5345   │
│    Spearmanr     │   0.5944    │   0.0000   │   0.4306   │
│       MSE        │   0.4954    │   0.0000   │   0.5873   │
│       MAE        │   0.5086    │   0.0000   │   0.5615   │
│       RMSE       │   0.7039    │   0.0000   │   0.7664   │
└──────────────────┴─────────────┴────────────┴────────────┘
Info[iaw]:> Result, 0.4347964940569009, 0.27266297048428334, 0.6596427143528091, 0.5344980248167052, 0.5944185540182575, 0.43056325856754074, 0.4954273132062543, 0.5872945511033971, 0.5085559396896987, 0.5615086596998848, 0.703865976735809, 0.7663514540361994
Info[iaw]:> The model will be saved as 
`/home/iaw/DATA2/AAReact/train/output/pt/ddg/hyper_seed_1_test_0-2/search_optuna/seed_42_test_0-3/rf
_soap.pkl`
[OK] Finished target=ddg search=optuna split=seed_42_test_0-3 model=rf descriptor=soap
[INFO] Train target=ddg hyper=seed_1_test_0-2 search=optuna split=seed_42_test_0-3 model=rf descriptor=acsf
                           Metric                           
┏━━━━━━━━━━━━━━━━━━┳━━━━━━━━━━━━━┳━━━━━━━━━━━━┳━━━━━━━━━━━━┓
┃       name       ┃    Train    ┃   Valid    ┃    Test    ┃
┡━━━━━━━━━━━━━━━━━━╇━━━━━━━━━━━━━╇━━━━━━━━━━━━╇━━━━━━━━━━━━┩
│        R2        │   0.9757    │   0.0000   │   0.7269   │
│        R         │   0.9883    │   0.0000   │   0.8534   │
│    Spearmanr     │   0.9699    │   0.0000   │   0.7780   │
│       MSE        │   0.0213    │   0.0000   │   0.2205   │
│       MAE        │   0.0923    │   0.0000   │   0.2563   │
│       RMSE       │   0.1459    │   0.0000   │   0.4696   │
└──────────────────┴─────────────┴────────────┴────────────┘
Info[iaw]:> Result, 0.9757121630651086, 0.7269142473047153, 0.9883042046123078, 0.8533539810985872, 0.9699119264723416, 0.7780049270614335, 0.021289425259609585, 0.22050544387750706, 0.09231784053407033, 0.2562771544051082, 0.14590896223196703, 0.4695800718487818
Info[iaw]:> The model will be saved as 
`/home/iaw/DATA2/AAReact/train/output/pt/ddg/hyper_seed_1_test_0-2/search_optuna/seed_42_test_0-3/rf
_acsf.pkl`
[OK] Finished target=ddg search=optuna split=seed_42_test_0-3 model=rf descriptor=acsf
[INFO] Train target=ddg hyper=seed_1_test_0-2 search=optuna split=seed_42_test_0-3 model=rf descriptor=rdkit_soap
                           Metric                           
┏━━━━━━━━━━━━━━━━━━┳━━━━━━━━━━━━━┳━━━━━━━━━━━━┳━━━━━━━━━━━━┓
┃       name       ┃    Train    ┃   Valid    ┃    Test    ┃
┡━━━━━━━━━━━━━━━━━━╇━━━━━━━━━━━━━╇━━━━━━━━━━━━╇━━━━━━━━━━━━┩
│        R2        │   0.9881    │   0.0000   │   0.7734   │
│        R         │   0.9941    │   0.0000   │   0.8825   │
│    Spearmanr     │   0.9852    │   0.0000   │   0.8292   │
│       MSE        │   0.0104    │   0.0000   │   0.1829   │
│       MAE        │   0.0585    │   0.0000   │   0.2358   │
│       RMSE       │   0.1022    │   0.0000   │   0.4277   │
└──────────────────┴─────────────┴────────────┴────────────┘
Info[iaw]:> Result, 0.9880877999955273, 0.7734267710524555, 0.9940963304209018, 0.8824729933021613, 0.9852441850217981, 0.8291522100837084, 0.01044160055720806, 0.18294850583283828, 0.058456145855070904, 0.23577555193414743, 0.10218415022501318, 0.42772480151709497
Info[iaw]:> The model will be saved as 
`/home/iaw/DATA2/AAReact/train/output/pt/ddg/hyper_seed_1_test_0-2/search_optuna/seed_42_test_0-3/rf
_rdkit_soap.pkl`
[OK] Finished target=ddg search=optuna split=seed_42_test_0-3 model=rf descriptor=rdkit_soap
[INFO] Train target=ddg hyper=seed_1_test_0-2 search=optuna split=seed_42_test_0-3 model=rf descriptor=soap_xtb
                           Metric                           
┏━━━━━━━━━━━━━━━━━━┳━━━━━━━━━━━━━┳━━━━━━━━━━━━┳━━━━━━━━━━━━┓
┃       name       ┃    Train    ┃   Valid    ┃    Test    ┃
┡━━━━━━━━━━━━━━━━━━╇━━━━━━━━━━━━━╇━━━━━━━━━━━━╇━━━━━━━━━━━━┩
│        R2        │   0.9789    │   0.0000   │   0.7241   │
│        R         │   0.9895    │   0.0000   │   0.8549   │
│    Spearmanr     │   0.9784    │   0.0000   │   0.8131   │
│       MSE        │   0.0185    │   0.0000   │   0.2228   │
│       MAE        │   0.0808    │   0.0000   │   0.2474   │
│       RMSE       │   0.1361    │   0.0000   │   0.4720   │
└──────────────────┴─────────────┴────────────┴────────────┘
Info[iaw]:> Result, 0.9788669355074155, 0.7241073235517141, 0.9894673904660607, 0.8548963181880813, 0.9784492009102832, 0.8130812191252531, 0.018524119633521224, 0.22277191864587947, 0.08082571710411726, 0.24741919878004381, 0.13610334174266708, 0.4719872017818698
Info[iaw]:> The model will be saved as 
`/home/iaw/DATA2/AAReact/train/output/pt/ddg/hyper_seed_1_test_0-2/search_optuna/seed_42_test_0-3/rf
_soap_xtb.pkl`
[OK] Finished target=ddg search=optuna split=seed_42_test_0-3 model=rf descriptor=soap_xtb
[INFO] Train target=ddg hyper=seed_1_test_0-2 search=optuna split=seed_42_test_0-3 model=rf descriptor=rdkit_xtb
                           Metric                           
┏━━━━━━━━━━━━━━━━━━┳━━━━━━━━━━━━━┳━━━━━━━━━━━━┳━━━━━━━━━━━━┓
┃       name       ┃    Train    ┃   Valid    ┃    Test    ┃
┡━━━━━━━━━━━━━━━━━━╇━━━━━━━━━━━━━╇━━━━━━━━━━━━╇━━━━━━━━━━━━┩
│        R2        │   0.9769    │   0.0000   │   0.7212   │
│        R         │   0.9902    │   0.0000   │   0.8516   │
│    Spearmanr     │   0.9712    │   0.0000   │   0.8033   │
│       MSE        │   0.0202    │   0.0000   │   0.2251   │
│       MAE        │   0.0929    │   0.0000   │   0.2812   │
│       RMSE       │   0.1422    │   0.0000   │   0.4745   │
└──────────────────┴─────────────┴────────────┴────────────┘
Info[iaw]:> Result, 0.9769291107865326, 0.7211760201493953, 0.990194720969128, 0.8515584660276194, 0.9711959648950013, 0.8033302807909094, 0.02022271365290867, 0.2251388248337287, 0.09291166445779692, 0.28119356520742605, 0.14220658793779095, 0.47448796068364973
Info[iaw]:> The model will be saved as 
`/home/iaw/DATA2/AAReact/train/output/pt/ddg/hyper_seed_1_test_0-2/search_optuna/seed_42_test_0-3/rf
_rdkit_xtb.pkl`
[OK] Finished target=ddg search=optuna split=seed_42_test_0-3 model=rf descriptor=rdkit_xtb
[INFO] Train target=ddg hyper=seed_1_test_0-2 search=optuna split=seed_42_test_0-3 model=rf descriptor=soap_acsf
                           Metric                           
┏━━━━━━━━━━━━━━━━━━┳━━━━━━━━━━━━━┳━━━━━━━━━━━━┳━━━━━━━━━━━━┓
┃       name       ┃    Train    ┃   Valid    ┃    Test    ┃
┡━━━━━━━━━━━━━━━━━━╇━━━━━━━━━━━━━╇━━━━━━━━━━━━╇━━━━━━━━━━━━┩
│        R2        │   0.9906    │   0.0000   │   0.7953   │
│        R         │   0.9954    │   0.0000   │   0.8930   │
│    Spearmanr     │   0.9890    │   0.0000   │   0.8479   │
│       MSE        │   0.0082    │   0.0000   │   0.1653   │
│       MAE        │   0.0518    │   0.0000   │   0.2154   │
│       RMSE       │   0.0906    │   0.0000   │   0.4065   │
└──────────────────┴─────────────┴────────────┴────────────┘
Info[iaw]:> Result, 0.990638888421325, 0.7953275442206258, 0.9953674756127795, 0.8930030701388714, 0.9890465353771506, 0.847860855657737, 0.008205452211957476, 0.16526453784459777, 0.051788641672915185, 0.21540061687656903, 0.09058395118318407, 0.4065274133986511
Info[iaw]:> The model will be saved as 
`/home/iaw/DATA2/AAReact/train/output/pt/ddg/hyper_seed_1_test_0-2/search_optuna/seed_42_test_0-3/rf
_soap_acsf.pkl`
[OK] Finished target=ddg search=optuna split=seed_42_test_0-3 model=rf descriptor=soap_acsf
[INFO] Train target=ddg hyper=seed_1_test_0-2 search=optuna split=seed_42_test_0-3 model=rf descriptor=acsf_xtb
                           Metric                           
┏━━━━━━━━━━━━━━━━━━┳━━━━━━━━━━━━━┳━━━━━━━━━━━━┳━━━━━━━━━━━━┓
┃       name       ┃    Train    ┃   Valid    ┃    Test    ┃
┡━━━━━━━━━━━━━━━━━━╇━━━━━━━━━━━━━╇━━━━━━━━━━━━╇━━━━━━━━━━━━┩
│        R2        │   0.9851    │   0.0000   │   0.7607   │
│        R         │   0.9927    │   0.0000   │   0.8732   │
│    Spearmanr     │   0.9810    │   0.0000   │   0.8192   │
│       MSE        │   0.0130    │   0.0000   │   0.1932   │
│       MAE        │   0.0736    │   0.0000   │   0.2444   │
│       RMSE       │   0.1141    │   0.0000   │   0.4396   │
└──────────────────┴─────────────┴────────────┴────────────┘
Info[iaw]:> Result, 0.9851416345656412, 0.7606796278529993, 0.9927443009885776, 0.8732283963817679, 0.9810354212133308, 0.8192013517173775, 0.013024052378263495, 0.19324129643661112, 0.07355849928612662, 0.24444365751689584, 0.1141229704234143, 0.43959219332992155
Info[iaw]:> The model will be saved as 
`/home/iaw/DATA2/AAReact/train/output/pt/ddg/hyper_seed_1_test_0-2/search_optuna/seed_42_test_0-3/rf
_acsf_xtb.pkl`
[OK] Finished target=ddg search=optuna split=seed_42_test_0-3 model=rf descriptor=acsf_xtb
[INFO] Train target=ddg hyper=seed_1_test_0-2 search=optuna split=seed_42_test_0-3 model=rf descriptor=rdkit_acsf
                           Metric                           
┏━━━━━━━━━━━━━━━━━━┳━━━━━━━━━━━━━┳━━━━━━━━━━━━┳━━━━━━━━━━━━┓
┃       name       ┃    Train    ┃   Valid    ┃    Test    ┃
┡━━━━━━━━━━━━━━━━━━╇━━━━━━━━━━━━━╇━━━━━━━━━━━━╇━━━━━━━━━━━━┩
│        R2        │   0.9841    │   0.0000   │   0.6984   │
│        R         │   0.9922    │   0.0000   │   0.8407   │
│    Spearmanr     │   0.9824    │   0.0000   │   0.7869   │
│       MSE        │   0.0139    │   0.0000   │   0.2435   │
│       MAE        │   0.0667    │   0.0000   │   0.2689   │
│       RMSE       │   0.1179    │   0.0000   │   0.4935   │
└──────────────────┴─────────────┴────────────┴────────────┘
Info[iaw]:> Result, 0.984147185226946, 0.6983954898584617, 0.9922176195283614, 0.8406716278141184, 0.98241795269223, 0.7869239401013788, 0.013895733744017572, 0.24353316029059285, 0.06673447017744097, 0.26894682986179264, 0.11788016688153088, 0.4934907904820442
Info[iaw]:> The model will be saved as 
`/home/iaw/DATA2/AAReact/train/output/pt/ddg/hyper_seed_1_test_0-2/search_optuna/seed_42_test_0-3/rf
_rdkit_acsf.pkl`
[OK] Finished target=ddg search=optuna split=seed_42_test_0-3 model=rf descriptor=rdkit_acsf
[INFO] Train target=ddg hyper=seed_1_test_0-2 search=optuna split=seed_42_test_0-3 model=rf descriptor=rdkit_soap_xtb
                           Metric                           
┏━━━━━━━━━━━━━━━━━━┳━━━━━━━━━━━━━┳━━━━━━━━━━━━┳━━━━━━━━━━━━┓
┃       name       ┃    Train    ┃   Valid    ┃    Test    ┃
┡━━━━━━━━━━━━━━━━━━╇━━━━━━━━━━━━━╇━━━━━━━━━━━━╇━━━━━━━━━━━━┩
│        R2        │   0.9783    │   0.0000   │   0.7205   │
│        R         │   0.9911    │   0.0000   │   0.8504   │
│    Spearmanr     │   0.9777    │   0.0000   │   0.7902   │
│       MSE        │   0.0190    │   0.0000   │   0.2257   │
│       MAE        │   0.0862    │   0.0000   │   0.2795   │
│       RMSE       │   0.1380    │   0.0000   │   0.4751   │
└──────────────────┴─────────────┴────────────┴────────────┘
Info[iaw]:> Result, 0.978287638577558, 0.7205136989632683, 0.99111522881094, 0.8503547290702769, 0.9777255361391759, 0.7901742528794934, 0.01903190049207962, 0.2256736217819217, 0.08618013203819552, 0.27951481287162505, 0.13795615423778534, 0.4750511780660287
Info[iaw]:> The model will be saved as 
`/home/iaw/DATA2/AAReact/train/output/pt/ddg/hyper_seed_1_test_0-2/search_optuna/seed_42_test_0-3/rf
_rdkit_soap_xtb.pkl`
[OK] Finished target=ddg search=optuna split=seed_42_test_0-3 model=rf descriptor=rdkit_soap_xtb
[INFO] Train target=ddg hyper=seed_1_test_0-2 search=optuna split=seed_42_test_0-3 model=rf descriptor=rdkit_soap_acsf
                           Metric                           
┏━━━━━━━━━━━━━━━━━━┳━━━━━━━━━━━━━┳━━━━━━━━━━━━┳━━━━━━━━━━━━┓
┃       name       ┃    Train    ┃   Valid    ┃    Test    ┃
┡━━━━━━━━━━━━━━━━━━╇━━━━━━━━━━━━━╇━━━━━━━━━━━━╇━━━━━━━━━━━━┩
│        R2        │   0.9792    │   0.0000   │   0.6993   │
│        R         │   0.9918    │   0.0000   │   0.8397   │
│    Spearmanr     │   0.9761    │   0.0000   │   0.7780   │
│       MSE        │   0.0182    │   0.0000   │   0.2428   │
│       MAE        │   0.0897    │   0.0000   │   0.2893   │
│       RMSE       │   0.1351    │   0.0000   │   0.4928   │
└──────────────────┴─────────────┴────────────┴────────────┘
Info[iaw]:> Result, 0.9791908140764637, 0.6992615620392612, 0.9918333217606362, 0.8397270888980286, 0.9760853675605343, 0.7780178251280133, 0.018240224916695573, 0.2428338428462653, 0.08968227058833313, 0.28932197602482207, 0.13505637680870747, 0.492781739562522
Info[iaw]:> The model will be saved as 
`/home/iaw/DATA2/AAReact/train/output/pt/ddg/hyper_seed_1_test_0-2/search_optuna/seed_42_test_0-3/rf
_rdkit_soap_acsf.pkl`
[OK] Finished target=ddg search=optuna split=seed_42_test_0-3 model=rf descriptor=rdkit_soap_acsf
[INFO] Train target=ddg hyper=seed_1_test_0-2 search=optuna split=seed_42_test_0-3 model=rf descriptor=rdkit_xtb_acsf
                           Metric                           
┏━━━━━━━━━━━━━━━━━━┳━━━━━━━━━━━━━┳━━━━━━━━━━━━┳━━━━━━━━━━━━┓
┃       name       ┃    Train    ┃   Valid    ┃    Test    ┃
┡━━━━━━━━━━━━━━━━━━╇━━━━━━━━━━━━━╇━━━━━━━━━━━━╇━━━━━━━━━━━━┩
│        R2        │   0.9781    │   0.0000   │   0.7012   │
│        R         │   0.9913    │   0.0000   │   0.8395   │
│    Spearmanr     │   0.9776    │   0.0000   │   0.7680   │
│       MSE        │   0.0192    │   0.0000   │   0.2413   │
│       MAE        │   0.0906    │   0.0000   │   0.2884   │
│       RMSE       │   0.1386    │   0.0000   │   0.4912   │
└──────────────────┴─────────────┴────────────┴────────────┘
Info[iaw]:> Result, 0.9780943157086329, 0.7011813158119637, 0.9913368804680075, 0.8394538895826373, 0.9775923113209992, 0.768021823528653, 0.01920135703034549, 0.24128372112220145, 0.09062163263067638, 0.2884306970852348, 0.1385689612804595, 0.4912063936088388
Info[iaw]:> The model will be saved as 
`/home/iaw/DATA2/AAReact/train/output/pt/ddg/hyper_seed_1_test_0-2/search_optuna/seed_42_test_0-3/rf
_rdkit_xtb_acsf.pkl`
[OK] Finished target=ddg search=optuna split=seed_42_test_0-3 model=rf descriptor=rdkit_xtb_acsf
[INFO] Train target=ddg hyper=seed_1_test_0-2 search=optuna split=seed_42_test_0-3 model=rf descriptor=soap_xtb_acsf
                           Metric                           
┏━━━━━━━━━━━━━━━━━━┳━━━━━━━━━━━━━┳━━━━━━━━━━━━┳━━━━━━━━━━━━┓
┃       name       ┃    Train    ┃   Valid    ┃    Test    ┃
┡━━━━━━━━━━━━━━━━━━╇━━━━━━━━━━━━━╇━━━━━━━━━━━━╇━━━━━━━━━━━━┩
│        R2        │   0.9781    │   0.0000   │   0.7427   │
│        R         │   0.9891    │   0.0000   │   0.8638   │
│    Spearmanr     │   0.9789    │   0.0000   │   0.8164   │
│       MSE        │   0.0192    │   0.0000   │   0.2077   │
│       MAE        │   0.0809    │   0.0000   │   0.2490   │
│       RMSE       │   0.1384    │   0.0000   │   0.4558   │
└──────────────────┴─────────────┴────────────┴────────────┘
Info[iaw]:> Result, 0.9781366193329253, 0.7427282703313336, 0.9891421793392889, 0.8637673894485297, 0.9788758313591523, 0.8164347164360063, 0.019164275924687692, 0.20773627473354025, 0.08088337088546875, 0.2490422004041081, 0.1384350964339885, 0.455780950384656
Info[iaw]:> The model will be saved as 
`/home/iaw/DATA2/AAReact/train/output/pt/ddg/hyper_seed_1_test_0-2/search_optuna/seed_42_test_0-3/rf
_soap_xtb_acsf.pkl`
[OK] Finished target=ddg search=optuna split=seed_42_test_0-3 model=rf descriptor=soap_xtb_acsf
[INFO] Train target=ddg hyper=seed_1_test_0-2 search=optuna split=seed_42_test_0-3 model=rf descriptor=rdkit_soap_xtb_acsf
                           Metric                           
┏━━━━━━━━━━━━━━━━━━┳━━━━━━━━━━━━━┳━━━━━━━━━━━━┳━━━━━━━━━━━━┓
┃       name       ┃    Train    ┃   Valid    ┃    Test    ┃
┡━━━━━━━━━━━━━━━━━━╇━━━━━━━━━━━━━╇━━━━━━━━━━━━╇━━━━━━━━━━━━┩
│        R2        │   0.9791    │   0.0000   │   0.7050   │
│        R         │   0.9915    │   0.0000   │   0.8424   │
│    Spearmanr     │   0.9746    │   0.0000   │   0.7729   │
│       MSE        │   0.0183    │   0.0000   │   0.2382   │
│       MAE        │   0.0882    │   0.0000   │   0.2838   │
│       RMSE       │   0.1353    │   0.0000   │   0.4880   │
└──────────────────┴─────────────┴────────────┴────────────┘
Info[iaw]:> Result, 0.9791165051986703, 0.7050100098172203, 0.991450142267626, 0.8423918950852913, 0.9745659825719128, 0.7729295378622745, 0.018305360124254284, 0.23819220916023431, 0.08816202794988308, 0.28377704651910685, 0.13529730272349957, 0.4880493921318152
Info[iaw]:> The model will be saved as 
`/home/iaw/DATA2/AAReact/train/output/pt/ddg/hyper_seed_1_test_0-2/search_optuna/seed_42_test_0-3/rf
_rdkit_soap_xtb_acsf.pkl`
[OK] Finished target=ddg search=optuna split=seed_42_test_0-3 model=rf descriptor=rdkit_soap_xtb_acsf
[OK] Finished 405 training runs.
[OK] Train log saved: /home/iaw/DATA2/AAReact/train/logs/train_20260724_021522.log
[OK] Extract metrics with: /home/iaw/DATA2/AAReact/train/2_extract_train_model_metric.sh /home/iaw/DATA2/AAReact/train/logs/train_20260724_021522.log /home/iaw/DATA2/AAReact/train/train_20260724_021522.csv
