DATA_ID,CAT_NAME,SOL_NAME,PRO_R_NAME,PRO_S_NAME,REA_NAME,CAT_SMI,SOL_SMI,PRO_R_SMI,PRO_S_SMI,REA_SMI,TEMP,PRESSURE,EE,DDG,CONV,BATCH
IAW00000436,CAT-1,SOL-1,,,REA-11,[Ru+2]123(<-[P:1]([C:7]4=[C:8]([H:40])[C:60]([H:66])=[C:67]5[C:61](=[C:9]4[C:15]4=[C:14]6[C:13](=[C:12]([H:42])[C:11]([H:41])=[C:10]4[P:2]->1([C:28]1=[C:29]([H:54])[C:30]([H:55])=[C:31]([H:56])[C:32]([H:57])=[C:33]1[H:58])[C:34]1=[C:35]([H:59])[C:65]([H:74])=[C:75]([H:82])[C:73]([H:81])=[C:64]1[H:72])[C:62]([H:43])=[C:69]([H:79])[C:71]([H:80])=[C:63]6[H:70])[C:68]([H:77])=[C:78]([H:85])[C:83]([H:86])=[C:76]5[H:84])([C:16]1=[C:21]([H:48])[C:20]([H:47])=[C:19]([H:46])[C:18]([H:45])=[C:17]1[H:44])[C:22]1=[C:27]([H:53])[C:26]([H:52])=[C:25]([H:51])[C:24]([H:50])=[C:23]1[H:49])(<-[O-:3][C:36](=[O:4]->2)[C@@:37]([H:87])([H:88])[H:92])<-[O:5]=[C:38]([O-:6]->3)[C@@:39]([H:89])([H:90])[H:91],[H]OC([H])([H])[H],CC[C@@H](C(O)=O)C1=CC=C(C)C=C1,CC[C@H](C(O)=O)C1=CC=C(C)C=C1,C/C=C(C(O)=O)\C1=CC=C(C)C=C1,60,5,,,,2
IAW00000437,CAT-1,SOL-1,,,REA-11,[Ru+2]123(<-[P:1]([C:7]4=[C:8]([H:40])[C:60]([H:66])=[C:67]5[C:61](=[C:9]4[C:15]4=[C:14]6[C:13](=[C:12]([H:42])[C:11]([H:41])=[C:10]4[P:2]->1([C:28]1=[C:29]([H:54])[C:30]([H:55])=[C:31]([H:56])[C:32]([H:57])=[C:33]1[H:58])[C:34]1=[C:35]([H:59])[C:65]([H:74])=[C:75]([H:82])[C:73]([H:81])=[C:64]1[H:72])[C:62]([H:43])=[C:69]([H:79])[C:71]([H:80])=[C:63]6[H:70])[C:68]([H:77])=[C:78]([H:85])[C:83]([H:86])=[C:76]5[H:84])([C:16]1=[C:21]([H:48])[C:20]([H:47])=[C:19]([H:46])[C:18]([H:45])=[C:17]1[H:44])[C:22]1=[C:27]([H:53])[C:26]([H:52])=[C:25]([H:51])[C:24]([H:50])=[C:23]1[H:49])(<-[O-:3][C:36](=[O:4]->2)[C@@:37]([H:87])([H:88])[H:92])<-[O:5]=[C:38]([O-:6]->3)[C@@:39]([H:89])([H:90])[H:91],[H]OC([H])([H])[H],CC[C@@H](C(O)=O)C1=CC=C(C)C=C1,CC[C@H](C(O)=O)C1=CC=C(C)C=C1,C/C=C(C(O)=O)\C1=CC=C(C)C=C1,60,10,,,,2
IAW00000438,CAT-1,SOL-1,,,REA-11,[Ru+2]123(<-[P:1]([C:7]4=[C:8]([H:40])[C:60]([H:66])=[C:67]5[C:61](=[C:9]4[C:15]4=[C:14]6[C:13](=[C:12]([H:42])[C:11]([H:41])=[C:10]4[P:2]->1([C:28]1=[C:29]([H:54])[C:30]([H:55])=[C:31]([H:56])[C:32]([H:57])=[C:33]1[H:58])[C:34]1=[C:35]([H:59])[C:65]([H:74])=[C:75]([H:82])[C:73]([H:81])=[C:64]1[H:72])[C:62]([H:43])=[C:69]([H:79])[C:71]([H:80])=[C:63]6[H:70])[C:68]([H:77])=[C:78]([H:85])[C:83]([H:86])=[C:76]5[H:84])([C:16]1=[C:21]([H:48])[C:20]([H:47])=[C:19]([H:46])[C:18]([H:45])=[C:17]1[H:44])[C:22]1=[C:27]([H:53])[C:26]([H:52])=[C:25]([H:51])[C:24]([H:50])=[C:23]1[H:49])(<-[O-:3][C:36](=[O:4]->2)[C@@:37]([H:87])([H:88])[H:92])<-[O:5]=[C:38]([O-:6]->3)[C@@:39]([H:89])([H:90])[H:91],[H]OC([H])([H])[H],CC[C@@H](C(O)=O)C1=CC=C(C)C=C1,CC[C@H](C(O)=O)C1=CC=C(C)C=C1,C/C=C(C(O)=O)\C1=CC=C(C)C=C1,60,30,,,,2
IAW00000439,CAT-1,SOL-1,,,REA-11,[Ru+2]123(<-[P:1]([C:7]4=[C:8]([H:40])[C:60]([H:66])=[C:67]5[C:61](=[C:9]4[C:15]4=[C:14]6[C:13](=[C:12]([H:42])[C:11]([H:41])=[C:10]4[P:2]->1([C:28]1=[C:29]([H:54])[C:30]([H:55])=[C:31]([H:56])[C:32]([H:57])=[C:33]1[H:58])[C:34]1=[C:35]([H:59])[C:65]([H:74])=[C:75]([H:82])[C:73]([H:81])=[C:64]1[H:72])[C:62]([H:43])=[C:69]([H:79])[C:71]([H:80])=[C:63]6[H:70])[C:68]([H:77])=[C:78]([H:85])[C:83]([H:86])=[C:76]5[H:84])([C:16]1=[C:21]([H:48])[C:20]([H:47])=[C:19]([H:46])[C:18]([H:45])=[C:17]1[H:44])[C:22]1=[C:27]([H:53])[C:26]([H:52])=[C:25]([H:51])[C:24]([H:50])=[C:23]1[H:49])(<-[O-:3][C:36](=[O:4]->2)[C@@:37]([H:87])([H:88])[H:92])<-[O:5]=[C:38]([O-:6]->3)[C@@:39]([H:89])([H:90])[H:91],[H]OC([H])([H])[H],CC[C@@H](C(O)=O)C1=CC=C(C)C=C1,CC[C@H](C(O)=O)C1=CC=C(C)C=C1,C/C=C(C(O)=O)\C1=CC=C(C)C=C1,60,50,,,,2
IAW00000440,CAT-1,SOL-1,,,REA-11,[Ru+2]123(<-[P:1]([C:7]4=[C:8]([H:40])[C:60]([H:66])=[C:67]5[C:61](=[C:9]4[C:15]4=[C:14]6[C:13](=[C:12]([H:42])[C:11]([H:41])=[C:10]4[P:2]->1([C:28]1=[C:29]([H:54])[C:30]([H:55])=[C:31]([H:56])[C:32]([H:57])=[C:33]1[H:58])[C:34]1=[C:35]([H:59])[C:65]([H:74])=[C:75]([H:82])[C:73]([H:81])=[C:64]1[H:72])[C:62]([H:43])=[C:69]([H:79])[C:71]([H:80])=[C:63]6[H:70])[C:68]([H:77])=[C:78]([H:85])[C:83]([H:86])=[C:76]5[H:84])([C:16]1=[C:21]([H:48])[C:20]([H:47])=[C:19]([H:46])[C:18]([H:45])=[C:17]1[H:44])[C:22]1=[C:27]([H:53])[C:26]([H:52])=[C:25]([H:51])[C:24]([H:50])=[C:23]1[H:49])(<-[O-:3][C:36](=[O:4]->2)[C@@:37]([H:87])([H:88])[H:92])<-[O:5]=[C:38]([O-:6]->3)[C@@:39]([H:89])([H:90])[H:91],[H]OC([H])([H])[H],CC[C@@H](C(O)=O)C1=CC=C(C)C=C1,CC[C@H](C(O)=O)C1=CC=C(C)C=C1,C/C=C(C(O)=O)\C1=CC=C(C)C=C1,60,70,,,,2
IAW00000441,CAT-1,SOL-1,,,REA-11,[Ru+2]123(<-[P:1]([C:7]4=[C:8]([H:40])[C:60]([H:66])=[C:67]5[C:61](=[C:9]4[C:15]4=[C:14]6[C:13](=[C:12]([H:42])[C:11]([H:41])=[C:10]4[P:2]->1([C:28]1=[C:29]([H:54])[C:30]([H:55])=[C:31]([H:56])[C:32]([H:57])=[C:33]1[H:58])[C:34]1=[C:35]([H:59])[C:65]([H:74])=[C:75]([H:82])[C:73]([H:81])=[C:64]1[H:72])[C:62]([H:43])=[C:69]([H:79])[C:71]([H:80])=[C:63]6[H:70])[C:68]([H:77])=[C:78]([H:85])[C:83]([H:86])=[C:76]5[H:84])([C:16]1=[C:21]([H:48])[C:20]([H:47])=[C:19]([H:46])[C:18]([H:45])=[C:17]1[H:44])[C:22]1=[C:27]([H:53])[C:26]([H:52])=[C:25]([H:51])[C:24]([H:50])=[C:23]1[H:49])(<-[O-:3][C:36](=[O:4]->2)[C@@:37]([H:87])([H:88])[H:92])<-[O:5]=[C:38]([O-:6]->3)[C@@:39]([H:89])([H:90])[H:91],[H]OC([H])([H])[H],CC[C@@H](C(O)=O)C1=CC=C(C)C=C1,CC[C@H](C(O)=O)C1=CC=C(C)C=C1,C/C=C(C(O)=O)\C1=CC=C(C)C=C1,60,90,,,,2
IAW00000442,CAT-1,SOL-1,,,REA-11,[Ru+2]123(<-[P:1]([C:7]4=[C:8]([H:40])[C:60]([H:66])=[C:67]5[C:61](=[C:9]4[C:15]4=[C:14]6[C:13](=[C:12]([H:42])[C:11]([H:41])=[C:10]4[P:2]->1([C:28]1=[C:29]([H:54])[C:30]([H:55])=[C:31]([H:56])[C:32]([H:57])=[C:33]1[H:58])[C:34]1=[C:35]([H:59])[C:65]([H:74])=[C:75]([H:82])[C:73]([H:81])=[C:64]1[H:72])[C:62]([H:43])=[C:69]([H:79])[C:71]([H:80])=[C:63]6[H:70])[C:68]([H:77])=[C:78]([H:85])[C:83]([H:86])=[C:76]5[H:84])([C:16]1=[C:21]([H:48])[C:20]([H:47])=[C:19]([H:46])[C:18]([H:45])=[C:17]1[H:44])[C:22]1=[C:27]([H:53])[C:26]([H:52])=[C:25]([H:51])[C:24]([H:50])=[C:23]1[H:49])(<-[O-:3][C:36](=[O:4]->2)[C@@:37]([H:87])([H:88])[H:92])<-[O:5]=[C:38]([O-:6]->3)[C@@:39]([H:89])([H:90])[H:91],[H]OC([H])([H])[H],CC[C@@H](C(O)=O)C1=CC=C(C)C=C1,CC[C@H](C(O)=O)C1=CC=C(C)C=C1,C/C=C(C(O)=O)\C1=CC=C(C)C=C1,60,100,,,,2
IAW00000443,CAT-1,SOL-1,,,REA-11,[Ru+2]123(<-[P:1]([C:7]4=[C:8]([H:40])[C:60]([H:66])=[C:67]5[C:61](=[C:9]4[C:15]4=[C:14]6[C:13](=[C:12]([H:42])[C:11]([H:41])=[C:10]4[P:2]->1([C:28]1=[C:29]([H:54])[C:30]([H:55])=[C:31]([H:56])[C:32]([H:57])=[C:33]1[H:58])[C:34]1=[C:35]([H:59])[C:65]([H:74])=[C:75]([H:82])[C:73]([H:81])=[C:64]1[H:72])[C:62]([H:43])=[C:69]([H:79])[C:71]([H:80])=[C:63]6[H:70])[C:68]([H:77])=[C:78]([H:85])[C:83]([H:86])=[C:76]5[H:84])([C:16]1=[C:21]([H:48])[C:20]([H:47])=[C:19]([H:46])[C:18]([H:45])=[C:17]1[H:44])[C:22]1=[C:27]([H:53])[C:26]([H:52])=[C:25]([H:51])[C:24]([H:50])=[C:23]1[H:49])(<-[O-:3][C:36](=[O:4]->2)[C@@:37]([H:87])([H:88])[H:92])<-[O:5]=[C:38]([O-:6]->3)[C@@:39]([H:89])([H:90])[H:91],[H]OC([H])([H])[H],CC[C@@H](C(O)=O)C1=CC=C(C)C=C1,CC[C@H](C(O)=O)C1=CC=C(C)C=C1,C/C=C(C(O)=O)\C1=CC=C(C)C=C1,50,100,,,,2
IAW00000444,CAT-1,SOL-1,,,REA-11,[Ru+2]123(<-[P:1]([C:7]4=[C:8]([H:40])[C:60]([H:66])=[C:67]5[C:61](=[C:9]4[C:15]4=[C:14]6[C:13](=[C:12]([H:42])[C:11]([H:41])=[C:10]4[P:2]->1([C:28]1=[C:29]([H:54])[C:30]([H:55])=[C:31]([H:56])[C:32]([H:57])=[C:33]1[H:58])[C:34]1=[C:35]([H:59])[C:65]([H:74])=[C:75]([H:82])[C:73]([H:81])=[C:64]1[H:72])[C:62]([H:43])=[C:69]([H:79])[C:71]([H:80])=[C:63]6[H:70])[C:68]([H:77])=[C:78]([H:85])[C:83]([H:86])=[C:76]5[H:84])([C:16]1=[C:21]([H:48])[C:20]([H:47])=[C:19]([H:46])[C:18]([H:45])=[C:17]1[H:44])[C:22]1=[C:27]([H:53])[C:26]([H:52])=[C:25]([H:51])[C:24]([H:50])=[C:23]1[H:49])(<-[O-:3][C:36](=[O:4]->2)[C@@:37]([H:87])([H:88])[H:92])<-[O:5]=[C:38]([O-:6]->3)[C@@:39]([H:89])([H:90])[H:91],[H]OC([H])([H])[H],CC[C@@H](C(O)=O)C1=CC=C(C)C=C1,CC[C@H](C(O)=O)C1=CC=C(C)C=C1,C/C=C(C(O)=O)\C1=CC=C(C)C=C1,40,100,,,,2
IAW00000445,CAT-2,SOL-1,,,REA-11,[Ru+2]123(<-[P:1]([C:9]4=[C:17]([H:19])[C:11]([H:67])=[C:27]([H:68])[C:41]([H:69])=[C:13]4[H:15])([C:25]4=[C:31]([H:33])[C:23]([H:70])=[C:43]([H:71])[C:53]([H:72])=[C:49]4[H:51])[C:39]4=[C:21]([C:22]5=[C:8]6[O:4][C@:56]([H:58])([H:60])[O:6][C:30]6=[C:36]([H:38])[C:46]([H:48])=[C:40]5[P:2]->1([C:10]1=[C:14]([H:16])[C:42]([H:64])=[C:28]([H:65])[C:12]([H:66])=[C:18]1[H:20])[C:26]1=[C:32]([H:34])[C:24]([H:63])=[C:44]([H:62])[C:54]([H:61])=[C:50]1[H:52])[C:7]1=[C:29]([O:5][C@@:55]([H:57])([H:59])[O:3]1)[C:35]([H:37])=[C:45]4[H:47])(<-[O-:75][C:73](=[O:77]->2)[C@@:79]([H:80])([H:81])[H:85])<-[O-:76][C:74](=[O:78]->3)[C@:82]([H:83])([H:84])[H:86],[H]OC([H])([H])[H],CC[C@@H](C(O)=O)C1=CC=C(C)C=C1,CC[C@H](C(O)=O)C1=CC=C(C)C=C1,C/C=C(C(O)=O)\C1=CC=C(C)C=C1,60,10,,,,2
IAW00000446,CAT-2,SOL-1,,,REA-11,[Ru+2]123(<-[P:1]([C:9]4=[C:17]([H:19])[C:11]([H:67])=[C:27]([H:68])[C:41]([H:69])=[C:13]4[H:15])([C:25]4=[C:31]([H:33])[C:23]([H:70])=[C:43]([H:71])[C:53]([H:72])=[C:49]4[H:51])[C:39]4=[C:21]([C:22]5=[C:8]6[O:4][C@:56]([H:58])([H:60])[O:6][C:30]6=[C:36]([H:38])[C:46]([H:48])=[C:40]5[P:2]->1([C:10]1=[C:14]([H:16])[C:42]([H:64])=[C:28]([H:65])[C:12]([H:66])=[C:18]1[H:20])[C:26]1=[C:32]([H:34])[C:24]([H:63])=[C:44]([H:62])[C:54]([H:61])=[C:50]1[H:52])[C:7]1=[C:29]([O:5][C@@:55]([H:57])([H:59])[O:3]1)[C:35]([H:37])=[C:45]4[H:47])(<-[O-:75][C:73](=[O:77]->2)[C@@:79]([H:80])([H:81])[H:85])<-[O-:76][C:74](=[O:78]->3)[C@:82]([H:83])([H:84])[H:86],[H]OC([H])([H])[H],CC[C@@H](C(O)=O)C1=CC=C(C)C=C1,CC[C@H](C(O)=O)C1=CC=C(C)C=C1,C/C=C(C(O)=O)\C1=CC=C(C)C=C1,60,30,,,,2
IAW00000447,CAT-2,SOL-1,,,REA-11,[Ru+2]123(<-[P:1]([C:9]4=[C:17]([H:19])[C:11]([H:67])=[C:27]([H:68])[C:41]([H:69])=[C:13]4[H:15])([C:25]4=[C:31]([H:33])[C:23]([H:70])=[C:43]([H:71])[C:53]([H:72])=[C:49]4[H:51])[C:39]4=[C:21]([C:22]5=[C:8]6[O:4][C@:56]([H:58])([H:60])[O:6][C:30]6=[C:36]([H:38])[C:46]([H:48])=[C:40]5[P:2]->1([C:10]1=[C:14]([H:16])[C:42]([H:64])=[C:28]([H:65])[C:12]([H:66])=[C:18]1[H:20])[C:26]1=[C:32]([H:34])[C:24]([H:63])=[C:44]([H:62])[C:54]([H:61])=[C:50]1[H:52])[C:7]1=[C:29]([O:5][C@@:55]([H:57])([H:59])[O:3]1)[C:35]([H:37])=[C:45]4[H:47])(<-[O-:75][C:73](=[O:77]->2)[C@@:79]([H:80])([H:81])[H:85])<-[O-:76][C:74](=[O:78]->3)[C@:82]([H:83])([H:84])[H:86],[H]OC([H])([H])[H],CC[C@@H](C(O)=O)C1=CC=C(C)C=C1,CC[C@H](C(O)=O)C1=CC=C(C)C=C1,C/C=C(C(O)=O)\C1=CC=C(C)C=C1,60,50,,,,2
IAW00000448,CAT-2,SOL-1,,,REA-11,[Ru+2]123(<-[P:1]([C:9]4=[C:17]([H:19])[C:11]([H:67])=[C:27]([H:68])[C:41]([H:69])=[C:13]4[H:15])([C:25]4=[C:31]([H:33])[C:23]([H:70])=[C:43]([H:71])[C:53]([H:72])=[C:49]4[H:51])[C:39]4=[C:21]([C:22]5=[C:8]6[O:4][C@:56]([H:58])([H:60])[O:6][C:30]6=[C:36]([H:38])[C:46]([H:48])=[C:40]5[P:2]->1([C:10]1=[C:14]([H:16])[C:42]([H:64])=[C:28]([H:65])[C:12]([H:66])=[C:18]1[H:20])[C:26]1=[C:32]([H:34])[C:24]([H:63])=[C:44]([H:62])[C:54]([H:61])=[C:50]1[H:52])[C:7]1=[C:29]([O:5][C@@:55]([H:57])([H:59])[O:3]1)[C:35]([H:37])=[C:45]4[H:47])(<-[O-:75][C:73](=[O:77]->2)[C@@:79]([H:80])([H:81])[H:85])<-[O-:76][C:74](=[O:78]->3)[C@:82]([H:83])([H:84])[H:86],[H]OC([H])([H])[H],CC[C@@H](C(O)=O)C1=CC=C(C)C=C1,CC[C@H](C(O)=O)C1=CC=C(C)C=C1,C/C=C(C(O)=O)\C1=CC=C(C)C=C1,60,70,,,,2
IAW00000449,CAT-2,SOL-1,,,REA-11,[Ru+2]123(<-[P:1]([C:9]4=[C:17]([H:19])[C:11]([H:67])=[C:27]([H:68])[C:41]([H:69])=[C:13]4[H:15])([C:25]4=[C:31]([H:33])[C:23]([H:70])=[C:43]([H:71])[C:53]([H:72])=[C:49]4[H:51])[C:39]4=[C:21]([C:22]5=[C:8]6[O:4][C@:56]([H:58])([H:60])[O:6][C:30]6=[C:36]([H:38])[C:46]([H:48])=[C:40]5[P:2]->1([C:10]1=[C:14]([H:16])[C:42]([H:64])=[C:28]([H:65])[C:12]([H:66])=[C:18]1[H:20])[C:26]1=[C:32]([H:34])[C:24]([H:63])=[C:44]([H:62])[C:54]([H:61])=[C:50]1[H:52])[C:7]1=[C:29]([O:5][C@@:55]([H:57])([H:59])[O:3]1)[C:35]([H:37])=[C:45]4[H:47])(<-[O-:75][C:73](=[O:77]->2)[C@@:79]([H:80])([H:81])[H:85])<-[O-:76][C:74](=[O:78]->3)[C@:82]([H:83])([H:84])[H:86],[H]OC([H])([H])[H],CC[C@@H](C(O)=O)C1=CC=C(C)C=C1,CC[C@H](C(O)=O)C1=CC=C(C)C=C1,C/C=C(C(O)=O)\C1=CC=C(C)C=C1,60,90,,,,2
IAW00000450,CAT-2,SOL-1,,,REA-11,[Ru+2]123(<-[P:1]([C:9]4=[C:17]([H:19])[C:11]([H:67])=[C:27]([H:68])[C:41]([H:69])=[C:13]4[H:15])([C:25]4=[C:31]([H:33])[C:23]([H:70])=[C:43]([H:71])[C:53]([H:72])=[C:49]4[H:51])[C:39]4=[C:21]([C:22]5=[C:8]6[O:4][C@:56]([H:58])([H:60])[O:6][C:30]6=[C:36]([H:38])[C:46]([H:48])=[C:40]5[P:2]->1([C:10]1=[C:14]([H:16])[C:42]([H:64])=[C:28]([H:65])[C:12]([H:66])=[C:18]1[H:20])[C:26]1=[C:32]([H:34])[C:24]([H:63])=[C:44]([H:62])[C:54]([H:61])=[C:50]1[H:52])[C:7]1=[C:29]([O:5][C@@:55]([H:57])([H:59])[O:3]1)[C:35]([H:37])=[C:45]4[H:47])(<-[O-:75][C:73](=[O:77]->2)[C@@:79]([H:80])([H:81])[H:85])<-[O-:76][C:74](=[O:78]->3)[C@:82]([H:83])([H:84])[H:86],[H]OC([H])([H])[H],CC[C@@H](C(O)=O)C1=CC=C(C)C=C1,CC[C@H](C(O)=O)C1=CC=C(C)C=C1,C/C=C(C(O)=O)\C1=CC=C(C)C=C1,60,100,,,,2
IAW00000451,CAT-3,SOL-1,,,REA-11,[Ru+2]123(<-[P:1]([C:13]4=[C:17]([H:19])[C:45]([C@:67]([C@:145]([H:147])([H:149])[H:151])([C@:153]([H:155])([H:157])[H:159])[C@:161]([H:163])([H:165])[H:167])=[C:31]([O:9][C@:121]([H:123])([H:125])[H:127])[C:15]([C@:69]([C@:87]([H:89])([H:91])[H:93])([C@:105]([H:107])([H:109])[H:111])[C@:129]([H:131])([H:133])[H:135])=[C:21]4[H:23])([C:29]4=[C:55]([H:57])[C:71]([C@:103]([C@:95]([H:97])([H:99])[H:101])([C@:137]([H:139])([H:141])[H:143])[C@:171]([H:179])([H:180])[H:181])=[C:47]([O:7][C@@:169]([H:173])([H:174])[H:175])[C:27]([C@@:49]([C@:59]([H:61])([H:63])[H:65])([C@:73]([H:75])([H:77])[H:79])[C@:113]([H:115])([H:117])[H:119])=[C:35]4[H:37])[C:43]4=[C:25]([C:26]5=[C:12]6[O:4][C@:82]([H:84])([H:86])[O:6][C:34]6=[C:40]([H:42])[C:52]([H:54])=[C:44]5[P:2]->1([C:14]1=[C:18]([H:20])[C:46]([C@:68]([C@:146]([H:148])([H:150])[H:152])([C@:154]([H:156])([H:158])[H:160])[C@:162]([H:164])([H:166])[H:168])=[C:32]([O:10][C@:122]([H:124])([H:126])[H:128])[C:16]([C@:70]([C@:88]([H:90])([H:92])[H:94])([C@:106]([H:108])([H:110])[H:112])[C@:130]([H:132])([H:134])[H:136])=[C:22]1[H:24])[C:30]1=[C:36]([H:38])[C:28]([C@@:50]([C@:60]([H:62])([H:64])[H:66])([C@:74]([H:76])([H:78])[H:80])[C@:114]([H:116])([H:118])[H:120])=[C:48]([O:8][C@@:170]([H:176])([H:177])[H:178])[C:72]([C@:104]([C@:96]([H:98])([H:100])[H:102])([C@:138]([H:140])([H:142])[H:144])[C@:172]([H:182])([H:183])[H:184])=[C:56]1[H:58])[C:11]1=[C:33]([O:5][C@@:81]([H:83])([H:85])[O:3]1)[C:39]([H:41])=[C:51]4[H:53])(<-[O:187]=[C:185]([O-:189]->2)[C@@:191]([H:192])([H:193])[H:194])<-[O:188]=[C:186]([O-:190]->3)[C@@:195]([H:196])([H:197])[H:198],[H]OC([H])([H])[H],CC[C@@H](C(O)=O)C1=CC=C(C)C=C1,CC[C@H](C(O)=O)C1=CC=C(C)C=C1,C/C=C(C(O)=O)\C1=CC=C(C)C=C1,60,5,,,,2
IAW00000452,CAT-3,SOL-1,,,REA-11,[Ru+2]123(<-[P:1]([C:13]4=[C:17]([H:19])[C:45]([C@:67]([C@:145]([H:147])([H:149])[H:151])([C@:153]([H:155])([H:157])[H:159])[C@:161]([H:163])([H:165])[H:167])=[C:31]([O:9][C@:121]([H:123])([H:125])[H:127])[C:15]([C@:69]([C@:87]([H:89])([H:91])[H:93])([C@:105]([H:107])([H:109])[H:111])[C@:129]([H:131])([H:133])[H:135])=[C:21]4[H:23])([C:29]4=[C:55]([H:57])[C:71]([C@:103]([C@:95]([H:97])([H:99])[H:101])([C@:137]([H:139])([H:141])[H:143])[C@:171]([H:179])([H:180])[H:181])=[C:47]([O:7][C@@:169]([H:173])([H:174])[H:175])[C:27]([C@@:49]([C@:59]([H:61])([H:63])[H:65])([C@:73]([H:75])([H:77])[H:79])[C@:113]([H:115])([H:117])[H:119])=[C:35]4[H:37])[C:43]4=[C:25]([C:26]5=[C:12]6[O:4][C@:82]([H:84])([H:86])[O:6][C:34]6=[C:40]([H:42])[C:52]([H:54])=[C:44]5[P:2]->1([C:14]1=[C:18]([H:20])[C:46]([C@:68]([C@:146]([H:148])([H:150])[H:152])([C@:154]([H:156])([H:158])[H:160])[C@:162]([H:164])([H:166])[H:168])=[C:32]([O:10][C@:122]([H:124])([H:126])[H:128])[C:16]([C@:70]([C@:88]([H:90])([H:92])[H:94])([C@:106]([H:108])([H:110])[H:112])[C@:130]([H:132])([H:134])[H:136])=[C:22]1[H:24])[C:30]1=[C:36]([H:38])[C:28]([C@@:50]([C@:60]([H:62])([H:64])[H:66])([C@:74]([H:76])([H:78])[H:80])[C@:114]([H:116])([H:118])[H:120])=[C:48]([O:8][C@@:170]([H:176])([H:177])[H:178])[C:72]([C@:104]([C@:96]([H:98])([H:100])[H:102])([C@:138]([H:140])([H:142])[H:144])[C@:172]([H:182])([H:183])[H:184])=[C:56]1[H:58])[C:11]1=[C:33]([O:5][C@@:81]([H:83])([H:85])[O:3]1)[C:39]([H:41])=[C:51]4[H:53])(<-[O:187]=[C:185]([O-:189]->2)[C@@:191]([H:192])([H:193])[H:194])<-[O:188]=[C:186]([O-:190]->3)[C@@:195]([H:196])([H:197])[H:198],[H]OC([H])([H])[H],CC[C@@H](C(O)=O)C1=CC=C(C)C=C1,CC[C@H](C(O)=O)C1=CC=C(C)C=C1,C/C=C(C(O)=O)\C1=CC=C(C)C=C1,60,10,,,,2
IAW00000453,CAT-3,SOL-1,,,REA-11,[Ru+2]123(<-[P:1]([C:13]4=[C:17]([H:19])[C:45]([C@:67]([C@:145]([H:147])([H:149])[H:151])([C@:153]([H:155])([H:157])[H:159])[C@:161]([H:163])([H:165])[H:167])=[C:31]([O:9][C@:121]([H:123])([H:125])[H:127])[C:15]([C@:69]([C@:87]([H:89])([H:91])[H:93])([C@:105]([H:107])([H:109])[H:111])[C@:129]([H:131])([H:133])[H:135])=[C:21]4[H:23])([C:29]4=[C:55]([H:57])[C:71]([C@:103]([C@:95]([H:97])([H:99])[H:101])([C@:137]([H:139])([H:141])[H:143])[C@:171]([H:179])([H:180])[H:181])=[C:47]([O:7][C@@:169]([H:173])([H:174])[H:175])[C:27]([C@@:49]([C@:59]([H:61])([H:63])[H:65])([C@:73]([H:75])([H:77])[H:79])[C@:113]([H:115])([H:117])[H:119])=[C:35]4[H:37])[C:43]4=[C:25]([C:26]5=[C:12]6[O:4][C@:82]([H:84])([H:86])[O:6][C:34]6=[C:40]([H:42])[C:52]([H:54])=[C:44]5[P:2]->1([C:14]1=[C:18]([H:20])[C:46]([C@:68]([C@:146]([H:148])([H:150])[H:152])([C@:154]([H:156])([H:158])[H:160])[C@:162]([H:164])([H:166])[H:168])=[C:32]([O:10][C@:122]([H:124])([H:126])[H:128])[C:16]([C@:70]([C@:88]([H:90])([H:92])[H:94])([C@:106]([H:108])([H:110])[H:112])[C@:130]([H:132])([H:134])[H:136])=[C:22]1[H:24])[C:30]1=[C:36]([H:38])[C:28]([C@@:50]([C@:60]([H:62])([H:64])[H:66])([C@:74]([H:76])([H:78])[H:80])[C@:114]([H:116])([H:118])[H:120])=[C:48]([O:8][C@@:170]([H:176])([H:177])[H:178])[C:72]([C@:104]([C@:96]([H:98])([H:100])[H:102])([C@:138]([H:140])([H:142])[H:144])[C@:172]([H:182])([H:183])[H:184])=[C:56]1[H:58])[C:11]1=[C:33]([O:5][C@@:81]([H:83])([H:85])[O:3]1)[C:39]([H:41])=[C:51]4[H:53])(<-[O:187]=[C:185]([O-:189]->2)[C@@:191]([H:192])([H:193])[H:194])<-[O:188]=[C:186]([O-:190]->3)[C@@:195]([H:196])([H:197])[H:198],[H]OC([H])([H])[H],CC[C@@H](C(O)=O)C1=CC=C(C)C=C1,CC[C@H](C(O)=O)C1=CC=C(C)C=C1,C/C=C(C(O)=O)\C1=CC=C(C)C=C1,60,30,,,,2
IAW00000454,CAT-3,SOL-1,,,REA-11,[Ru+2]123(<-[P:1]([C:13]4=[C:17]([H:19])[C:45]([C@:67]([C@:145]([H:147])([H:149])[H:151])([C@:153]([H:155])([H:157])[H:159])[C@:161]([H:163])([H:165])[H:167])=[C:31]([O:9][C@:121]([H:123])([H:125])[H:127])[C:15]([C@:69]([C@:87]([H:89])([H:91])[H:93])([C@:105]([H:107])([H:109])[H:111])[C@:129]([H:131])([H:133])[H:135])=[C:21]4[H:23])([C:29]4=[C:55]([H:57])[C:71]([C@:103]([C@:95]([H:97])([H:99])[H:101])([C@:137]([H:139])([H:141])[H:143])[C@:171]([H:179])([H:180])[H:181])=[C:47]([O:7][C@@:169]([H:173])([H:174])[H:175])[C:27]([C@@:49]([C@:59]([H:61])([H:63])[H:65])([C@:73]([H:75])([H:77])[H:79])[C@:113]([H:115])([H:117])[H:119])=[C:35]4[H:37])[C:43]4=[C:25]([C:26]5=[C:12]6[O:4][C@:82]([H:84])([H:86])[O:6][C:34]6=[C:40]([H:42])[C:52]([H:54])=[C:44]5[P:2]->1([C:14]1=[C:18]([H:20])[C:46]([C@:68]([C@:146]([H:148])([H:150])[H:152])([C@:154]([H:156])([H:158])[H:160])[C@:162]([H:164])([H:166])[H:168])=[C:32]([O:10][C@:122]([H:124])([H:126])[H:128])[C:16]([C@:70]([C@:88]([H:90])([H:92])[H:94])([C@:106]([H:108])([H:110])[H:112])[C@:130]([H:132])([H:134])[H:136])=[C:22]1[H:24])[C:30]1=[C:36]([H:38])[C:28]([C@@:50]([C@:60]([H:62])([H:64])[H:66])([C@:74]([H:76])([H:78])[H:80])[C@:114]([H:116])([H:118])[H:120])=[C:48]([O:8][C@@:170]([H:176])([H:177])[H:178])[C:72]([C@:104]([C@:96]([H:98])([H:100])[H:102])([C@:138]([H:140])([H:142])[H:144])[C@:172]([H:182])([H:183])[H:184])=[C:56]1[H:58])[C:11]1=[C:33]([O:5][C@@:81]([H:83])([H:85])[O:3]1)[C:39]([H:41])=[C:51]4[H:53])(<-[O:187]=[C:185]([O-:189]->2)[C@@:191]([H:192])([H:193])[H:194])<-[O:188]=[C:186]([O-:190]->3)[C@@:195]([H:196])([H:197])[H:198],[H]OC([H])([H])[H],CC[C@@H](C(O)=O)C1=CC=C(C)C=C1,CC[C@H](C(O)=O)C1=CC=C(C)C=C1,C/C=C(C(O)=O)\C1=CC=C(C)C=C1,60,50,,,,2
IAW00000455,CAT-63,SOL-1,,,REA-11,[Ru+2]123(<-[P:1]([C:13]4=[C:17]([H:19])[C:45]([C@:67]([C@:145]([H:147])([H:149])[H:151])([C@:153]([H:155])([H:157])[H:159])[C@:161]([H:163])([H:165])[H:167])=[C:31]([O:9][C@:121]([H:123])([H:125])[H:127])[C:15]([C@:69]([C@:87]([H:89])([H:91])[H:93])([C@:105]([H:107])([H:109])[H:111])[C@:129]([H:131])([H:133])[H:135])=[C:21]4[H:23])([C:29]4=[C:55]([H:57])[C:71]([C@:103]([C@:95]([H:97])([H:99])[H:101])([C@:137]([H:139])([H:141])[H:143])[C@:171]([H:179])([H:180])[H:181])=[C:47]([O:7][C@@:169]([H:173])([H:174])[H:175])[C:27]([C@@:49]([C@:59]([H:61])([H:63])[H:65])([C@:73]([H:75])([H:77])[H:79])[C@:113]([H:115])([H:117])[H:119])=[C:35]4[H:37])[C:43]4=[C:25]([C:26]5=[C:12]6[O:4][C@:82]([H:84])([H:86])[O:6][C:34]6=[C:40]([H:42])[C:52]([H:54])=[C:44]5[P:2]->1([C:14]1=[C:18]([H:20])[C:46]([C@:68]([C@:146]([H:148])([H:150])[H:152])([C@:154]([H:156])([H:158])[H:160])[C@:162]([H:164])([H:166])[H:168])=[C:32]([O:10][C@:122]([H:124])([H:126])[H:128])[C:16]([C@:70]([C@:88]([H:90])([H:92])[H:94])([C@:106]([H:108])([H:110])[H:112])[C@:130]([H:132])([H:134])[H:136])=[C:22]1[H:24])[C:30]1=[C:36]([H:38])[C:28]([C@@:50]([C@:60]([H:62])([H:64])[H:66])([C@:74]([H:76])([H:78])[H:80])[C@:114]([H:116])([H:118])[H:120])=[C:48]([O:8][C@@:170]([H:176])([H:177])[H:178])[C:72]([C@:104]([C@:96]([H:98])([H:100])[H:102])([C@:138]([H:140])([H:142])[H:144])[C@:172]([H:182])([H:183])[H:184])=[C:56]1[H:58])[C:11]1=[C:33]([O:5][C@@:81]([H:83])([H:85])[O:3]1)[C:39]([H:41])=[C:51]4[H:53])(<-[O:187]=[C:185]([O-:189]->2)[C@@:191]([H:192])([H:193])[H:194])<-[O:188]=[C:186]([O-:190]->3)[C@@:195]([H:196])([H:197])[H:198],[H]OC([H])([H])[H],CC[C@@H](C(O)=O)C1=CC=C(C)C=C1,CC[C@H](C(O)=O)C1=CC=C(C)C=C1,C/C=C(C(O)=O)\C1=CC=C(C)C=C1,60,50,,,,2
IAW00000456,CAT-3,SOL-1,,,REA-11,[H]c1c([H])c2[P](c3c([H])c(C(C([H])([H])[H])(C([H])([H])[H])C([H])([H])[H])c(OC([H])([H])[H])c(C(C([H])([H])[H])(C([H])([H])[H])C([H])([H])[H])c3[H])(c3c([H])c(C(C([H])([H])[H])(C([H])([H])[H])C([H])([H])[H])c(OC([H])([H])[H])c(C(C([H])([H])[H])(C([H])([H])[H])C([H])([H])[H])c3[H])->[Ru+2](<-[O-]C(=O)C([H])([H])[H])(<-[O-]C(=O)C([H])([H])[H])<-[P](c3c([H])c(C(C([H])([H])[H])(C([H])([H])[H])C([H])([H])[H])c(OC([H])([H])[H])c(C(C([H])([H])[H])(C([H])([H])[H])C([H])([H])[H])c3[H])(c3c([H])c(C(C([H])([H])[H])(C([H])([H])[H])C([H])([H])[H])c(OC([H])([H])[H])c(C(C([H])([H])[H])(C([H])([H])[H])C([H])([H])[H])c3[H])c3c([H])c([H])c4c(c3-c2c2c1OC([H])([H])O2)OC([H])([H])O4,[H]OC([H])([H])[H],CC[C@@H](C(O)=O)C1=CC=C(C)C=C1,CC[C@H](C(O)=O)C1=CC=C(C)C=C1,C/C=C(C(O)=O)\C1=CC=C(C)C=C1,60,70,,,,2
IAW00000457,CAT-3,SOL-1,,,REA-11,[Ru+2]123(<-[P:1]([C:13]4=[C:17]([H:19])[C:45]([C@:67]([C@:145]([H:147])([H:149])[H:151])([C@:153]([H:155])([H:157])[H:159])[C@:161]([H:163])([H:165])[H:167])=[C:31]([O:9][C@:121]([H:123])([H:125])[H:127])[C:15]([C@:69]([C@:87]([H:89])([H:91])[H:93])([C@:105]([H:107])([H:109])[H:111])[C@:129]([H:131])([H:133])[H:135])=[C:21]4[H:23])([C:29]4=[C:55]([H:57])[C:71]([C@:103]([C@:95]([H:97])([H:99])[H:101])([C@:137]([H:139])([H:141])[H:143])[C@:171]([H:179])([H:180])[H:181])=[C:47]([O:7][C@@:169]([H:173])([H:174])[H:175])[C:27]([C@@:49]([C@:59]([H:61])([H:63])[H:65])([C@:73]([H:75])([H:77])[H:79])[C@:113]([H:115])([H:117])[H:119])=[C:35]4[H:37])[C:43]4=[C:25]([C:26]5=[C:12]6[O:4][C@:82]([H:84])([H:86])[O:6][C:34]6=[C:40]([H:42])[C:52]([H:54])=[C:44]5[P:2]->1([C:14]1=[C:18]([H:20])[C:46]([C@:68]([C@:146]([H:148])([H:150])[H:152])([C@:154]([H:156])([H:158])[H:160])[C@:162]([H:164])([H:166])[H:168])=[C:32]([O:10][C@:122]([H:124])([H:126])[H:128])[C:16]([C@:70]([C@:88]([H:90])([H:92])[H:94])([C@:106]([H:108])([H:110])[H:112])[C@:130]([H:132])([H:134])[H:136])=[C:22]1[H:24])[C:30]1=[C:36]([H:38])[C:28]([C@@:50]([C@:60]([H:62])([H:64])[H:66])([C@:74]([H:76])([H:78])[H:80])[C@:114]([H:116])([H:118])[H:120])=[C:48]([O:8][C@@:170]([H:176])([H:177])[H:178])[C:72]([C@:104]([C@:96]([H:98])([H:100])[H:102])([C@:138]([H:140])([H:142])[H:144])[C@:172]([H:182])([H:183])[H:184])=[C:56]1[H:58])[C:11]1=[C:33]([O:5][C@@:81]([H:83])([H:85])[O:3]1)[C:39]([H:41])=[C:51]4[H:53])(<-[O:187]=[C:185]([O-:189]->2)[C@@:191]([H:192])([H:193])[H:194])<-[O:188]=[C:186]([O-:190]->3)[C@@:195]([H:196])([H:197])[H:198],[H]OC([H])([H])[H],CC[C@@H](C(O)=O)C1=CC=C(C)C=C1,CC[C@H](C(O)=O)C1=CC=C(C)C=C1,C/C=C(C(O)=O)\C1=CC=C(C)C=C1,60,90,,,,2
IAW00000458,CAT-3,SOL-1,,,REA-11,[Ru+2]123(<-[P:1]([C:13]4=[C:17]([H:19])[C:45]([C@:67]([C@:145]([H:147])([H:149])[H:151])([C@:153]([H:155])([H:157])[H:159])[C@:161]([H:163])([H:165])[H:167])=[C:31]([O:9][C@:121]([H:123])([H:125])[H:127])[C:15]([C@:69]([C@:87]([H:89])([H:91])[H:93])([C@:105]([H:107])([H:109])[H:111])[C@:129]([H:131])([H:133])[H:135])=[C:21]4[H:23])([C:29]4=[C:55]([H:57])[C:71]([C@:103]([C@:95]([H:97])([H:99])[H:101])([C@:137]([H:139])([H:141])[H:143])[C@:171]([H:179])([H:180])[H:181])=[C:47]([O:7][C@@:169]([H:173])([H:174])[H:175])[C:27]([C@@:49]([C@:59]([H:61])([H:63])[H:65])([C@:73]([H:75])([H:77])[H:79])[C@:113]([H:115])([H:117])[H:119])=[C:35]4[H:37])[C:43]4=[C:25]([C:26]5=[C:12]6[O:4][C@:82]([H:84])([H:86])[O:6][C:34]6=[C:40]([H:42])[C:52]([H:54])=[C:44]5[P:2]->1([C:14]1=[C:18]([H:20])[C:46]([C@:68]([C@:146]([H:148])([H:150])[H:152])([C@:154]([H:156])([H:158])[H:160])[C@:162]([H:164])([H:166])[H:168])=[C:32]([O:10][C@:122]([H:124])([H:126])[H:128])[C:16]([C@:70]([C@:88]([H:90])([H:92])[H:94])([C@:106]([H:108])([H:110])[H:112])[C@:130]([H:132])([H:134])[H:136])=[C:22]1[H:24])[C:30]1=[C:36]([H:38])[C:28]([C@@:50]([C@:60]([H:62])([H:64])[H:66])([C@:74]([H:76])([H:78])[H:80])[C@:114]([H:116])([H:118])[H:120])=[C:48]([O:8][C@@:170]([H:176])([H:177])[H:178])[C:72]([C@:104]([C@:96]([H:98])([H:100])[H:102])([C@:138]([H:140])([H:142])[H:144])[C@:172]([H:182])([H:183])[H:184])=[C:56]1[H:58])[C:11]1=[C:33]([O:5][C@@:81]([H:83])([H:85])[O:3]1)[C:39]([H:41])=[C:51]4[H:53])(<-[O:187]=[C:185]([O-:189]->2)[C@@:191]([H:192])([H:193])[H:194])<-[O:188]=[C:186]([O-:190]->3)[C@@:195]([H:196])([H:197])[H:198],[H]OC([H])([H])[H],CC[C@@H](C(O)=O)C1=CC=C(C)C=C1,CC[C@H](C(O)=O)C1=CC=C(C)C=C1,C/C=C(C(O)=O)\C1=CC=C(C)C=C1,60,100,,,,2
IAW00000459,CAT-4,SOL-1,,,REA-11,[Ru+2]1(<-[Cl-:1])(<-[Cl-:2])<-[P:3]([C:5]2=[C:11]([H:24])[C:23]([H:45])=[C:46]([H:63])[C:25]([H:47])=[C:12]2[H:26])([C:6]2=[C:14]([C:19]3=[C:9]([P:4]->1([C:8]1=[C:17]([H:34])[C:35]([H:54])=[C:55]([H:68])[C:37]([H:56])=[C:18]1[H:36])[C:10]1=[C:22]([H:44])[C:43]([H:62])=[C:61]([H:72])[C:42]([H:60])=[C:21]1[H:41])[C:20]([H:39])=[C:40]([H:59])[C:58]1=[C:38]3[C:57]([H:69])=[C:70]([H:76])[C:77]([H:80])=[C:71]1[H:78])[C:29]1=[C:49]([C:28]([H:48])=[C:13]2[H:27])[C:64]([H:73])=[C:74]([H:79])[C:66]([H:75])=[C:50]1[H:65])[C:7]1=[C:16]([H:32])[C:33]([H:53])=[C:52]([H:67])[C:31]([H:51])=[C:15]1[H:30],[H]OC([H])([H])[H],CC[C@@H](C(O)=O)C1=CC=C(C)C=C1,CC[C@H](C(O)=O)C1=CC=C(C)C=C1,C/C=C(C(O)=O)\C1=CC=C(C)C=C1,60,100,,,,2
IAW00000460,CAT-5,SOL-1,,,REA-11,[Ru+2]123456(<-[P:1]([C:4]7=[C:3]([C:19]8=[C:20]([P:2]->1([C:57]1=[C:66]([H:67])[C:64]([H:65])=[C:62]([H:63])[C:60]([H:61])=[C:58]1[H:59])[C:68]1=[C:69]([H:70])[C:71]([H:72])=[C:73]([H:74])[C:75]([H:76])=[C:77]1[H:78])[C:21]([H:22])=[C:23]([H:24])[C:25]1=[C:26]8[C:27]([H:28])=[C:29]([H:30])[C:31]([H:32])=[C:33]1[H:34])[C:10]1=[C:9]([C:7]([H:8])=[C:5]7[H:6])[C:17]([H:18])=[C:15]([H:16])[C:13]([H:14])=[C:11]1[H:12])([C:35]1=[C:44]([H:45])[C:42]([H:43])=[C:40]([H:41])[C:38]([H:39])=[C:36]1[H:37])[C:46]1=[C:47]([H:48])[C:49]([H:50])=[C:51]([H:52])[C:53]([H:54])=[C:55]1[H:56])(<-[C:79]1([C@:89]([H:90])([H:91])[H:92])=[C:87]->2([H:88])[C:85]->3([H:86])=[C:84]->4([C@:93]([H:94])([C@@:95]([H:101])([H:102])[H:103])[C@@:96]([H:98])([H:99])[H:100])[C:82]->5([H:83])=[C:80]->61[H:81])<-[Cl-:97],[H]OC([H])([H])[H],CC[C@@H](C(O)=O)C1=CC=C(C)C=C1,CC[C@H](C(O)=O)C1=CC=C(C)C=C1,C/C=C(C(O)=O)\C1=CC=C(C)C=C1,60,100,,,,2
IAW00000461,CAT-6,SOL-1,,,REA-11,[Ru+2]123456(<-[Cl-:1])(<-[P:2]([C:5]7=[C:4]([C:20]8=[C:21]([P:3]->1([C:47]1=[C:55]([H:56])[C:53]([H:54])=[C:52]([C@@:100]([H:101])([H:102])[H:103])[C:50]([H:51])=[C:48]1[H:49])[C:57]1=[C:86]([H:58])[C:96]([H:99])=[C:98]([C@@:104]([H:105])([H:106])[H:107])[C:95]([H:97])=[C:85]1[H:94])[C:80]([H:90])=[C:82]([H:92])[C:22]1=[C:23]8[C:24]([H:25])=[C:26]([H:27])[C:28]([H:29])=[C:81]1[H:91])[C:11]1=[C:10]([C:8]([H:9])=[C:6]7[H:7])[C:18]([H:19])=[C:16]([H:17])[C:14]([H:15])=[C:12]1[H:13])([C:30]1=[C:31]([H:32])[C:33]([H:34])=[C:35]([C@@:108]([H:109])([H:110])[H:111])[C:36]([H:37])=[C:38]1[H:39])[C:40]1=[C:41]([H:42])[C:83]([H:93])=[C:84]([C@@:112]([H:113])([H:114])[H:115])[C:43]([H:44])=[C:45]1[H:46])<-[C:59]1([C@:68]([H:69])([H:70])[H:88])=[C:66]->2([H:67])[C:64]->3([H:65])=[C:63]->4([C@:71]([H:72])([C@@:73]([H:74])([H:75])[H:89])[C@:76]([H:77])([H:78])[H:79])[C:61]->5([H:62])=[C:60]->61[H:87],[H]OC([H])([H])[H],CC[C@@H](C(O)=O)C1=CC=C(C)C=C1,CC[C@H](C(O)=O)C1=CC=C(C)C=C1,C/C=C(C(O)=O)\C1=CC=C(C)C=C1,60,100,,,,2
IAW00000462,CAT-7,SOL-1,,,REA-11,[Ru+2]12(<-[Cl-:1])(<-[Cl-:2])(<-[P:3]([C:29]3=[C:38]([C:28]4=[C:21]([P:4]->1([C:52]1=[C:53]([H:99])[C:54]([H:100])=[C:55]([C@:58]([H:102])([H:103])[H:113])[C:56]([H:112])=[C:57]1[H:101])[C:59]1=[C:60]([H:104])[C:114]([H:120])=[C:115]([C@:121]([H:122])([H:123])[H:124])[C:61]([H:105])=[C:62]1[H:106])[C:22]([H:79])=[C:23]([H:80])[C:24]1=[C:27]4[C:26]([H:82])=[C:108]([H:117])[C:107]([H:116])=[C:25]1[H:81])[C:37]1=[C:32]([C:31]([H:84])=[C:30]3[H:83])[C:33]([H:85])=[C:34]([H:109])[C:35]([H:110])=[C:36]1[H:86])([C:39]1=[C:40]([H:87])[C:41]([H:88])=[C:42]([C@:45]([H:91])([H:92])[H:93])[C:43]([H:89])=[C:44]1[H:90])[C:46]1=[C:47]([H:94])[C:48]([H:95])=[C:49]([C@:111]([H:98])([H:118])[H:119])[C:50]([H:96])=[C:51]1[H:97])<-[N:5]([C@@:7]([C@:8]([N:6]->2([H:65])[H:66])([C:15]1=[C:16]([H:74])[C:17]([H:75])=[C:18]([H:76])[C:19]([H:77])=[C:20]1[H:78])[H:68])([C:9]1=[C:10]([H:69])[C:11]([H:70])=[C:12]([H:71])[C:13]([H:72])=[C:14]1[H:73])[H:67])([H:63])[H:64],[H]OC([H])([H])[H],CC[C@@H](C(O)=O)C1=CC=C(C)C=C1,CC[C@H](C(O)=O)C1=CC=C(C)C=C1,C/C=C(C(O)=O)\C1=CC=C(C)C=C1,60,100,,,,2
IAW00000463,CAT-8,SOL-1,,,REA-11,[Ru+2]123456(<-[N-:3]([S@@:1](=[O:2])([C:10]7=[C:11]([H:27])[C:12]([H:28])=[C:13]([C@@:16]([H:31])([H:32])[H:33])[C:14]([H:29])=[C:15]7[H:30])=[O:42])[C@:4]([C:5]7=[C:6]([H:45])[C:7]([H:47])=[C:46]([H:51])[C:8]([H:25])=[C:9]7[H:26])([H:43])[C@@:44]([H:23])([N:41]->1([H:71])[H:72])[C:50]1=[C:54]([H:24])[C:60]([H:69])=[C:68]([H:70])[C:58]([H:67])=[C:53]1[H:59])(<-[C:17]1([H:49])=[C:18]->2([H:34])[C:19]->3([C@@:22]([H:37])([H:38])[H:39])=[C:20]->4([H:35])[C:21]->5([H:36])=[C:48]->61[C@:52]([H:55])([C@:56]([H:61])([H:62])[H:63])[C@:57]([H:64])([H:65])[H:66])<-[Cl-:40],[H]OC([H])([H])[H],CC[C@@H](C(O)=O)C1=CC=C(C)C=C1,CC[C@H](C(O)=O)C1=CC=C(C)C=C1,C/C=C(C(O)=O)\C1=CC=C(C)C=C1,60,100,,,,2
IAW00000464,CAT-9,SOL-1,,,REA-11,[Ru+2]123(<-[Cl-:2]->[Ru+2:122]4(<-[Cl-:1])(<-[Cl-:3]->1)(<-[P:5]([C:11]1=[C:9]([C:22]5=[C:24]([P:7]->4([C:59]4=[C:69]([H:113])[C:67]([H:111])=[C:65]([H:140])[C:63]([H:109])=[C:61]4[H:107])[C:71]4=[C:81]([H:121])[C:79]([H:119])=[C:77]([H:139])[C:75]([H:117])=[C:73]4[H:115])[C:26]([H:87])=[C:28]([H:89])[C:30]4=[C:33]5[O:144][C@@:31]([H:147])([H:148])[O:143]4)[C:20]4=[C:17]([C:15]([H:85])=[C:13]1[H:83])[O:146][C@:18]([H:149])([H:150])[O:145]4)([C:35]1=[C:37]([H:91])[C:39]([H:93])=[C:41]([H:142])[C:43]([H:95])=[C:45]1[H:97])[C:47]1=[C:49]([H:99])[C:51]([H:101])=[C:53]([H:141])[C:55]([H:103])=[C:57]1[H:105])<-[Cl-:123]->2)(<-[P:4]([C:10]1=[C:8]([C:21]2=[C:23]([P:6]->3([C:58]3=[C:68]([H:112])[C:66]([H:110])=[C:64]([H:126])[C:62]([H:108])=[C:60]3[H:106])[C:70]3=[C:80]([H:120])[C:78]([H:118])=[C:76]([H:125])[C:74]([H:116])=[C:72]3[H:114])[C:25]([H:86])=[C:27]([H:88])[C:29]3=[C:32]2[O:130][C@@:133]([H:134])([H:135])[O:129]3)[C:19]2=[C:16]([C:14]([H:84])=[C:12]1[H:82])[O:132][C@:136]([H:137])([H:138])[O:131]2)([C:34]1=[C:44]([H:96])[C:42]([H:94])=[C:40]([H:127])[C:38]([H:92])=[C:36]1[H:90])[C:46]1=[C:48]([H:98])[C:50]([H:100])=[C:52]([H:128])[C:54]([H:102])=[C:56]1[H:104])<-[Cl-:124],[H]OC([H])([H])[H],CC[C@@H](C(O)=O)C1=CC=C(C)C=C1,CC[C@H](C(O)=O)C1=CC=C(C)C=C1,C/C=C(C(O)=O)\C1=CC=C(C)C=C1,60,100,,,,2
IAW00000465,CAT-10,SOL-1,,,REA-11,[Ru+2]123456(<-[Cl-:1])(<-[P:2]([C:5]7=[C:6]([H:7])[C:8]([H:9])=[C:10]8[C:11](=[C:4]7[C:13]7=[C:16]9[C:15](=[C:71]([H:80])[C:70]([H:79])=[C:14]7[P:3]->1([C:36]1=[C:37]([H:38])[C:39]([H:40])=[C:41]([H:42])[C:43]([H:44])=[C:45]1[H:46])[C:47]1=[C:74]([H:83])[C:84]([H:86])=[C:87]([H:89])[C:85]([H:88])=[C:75]1[H:48])[O:90][C@@:17]([H:94])([H:95])[O:91]9)[O:92][C@@:12]([H:96])([H:97])[O:93]8)([C:18]1=[C:27]([H:28])[C:25]([H:26])=[C:23]([H:24])[C:21]([H:22])=[C:19]1[H:20])[C:29]1=[C:30]([H:31])[C:72]([H:81])=[C:73]([H:82])[C:32]([H:33])=[C:34]1[H:35])<-[C:49]1([C@:58]([H:59])([H:60])[H:77])=[C:50]->2([H:76])[C:51]->3([H:52])=[C:53]->4([C@:61]([H:62])([C@@:63]([H:64])([H:65])[H:78])[C@:66]([H:67])([H:68])[H:69])[C:54]->5([H:55])=[C:56]->61[H:57],[H]OC([H])([H])[H],CC[C@@H](C(O)=O)C1=CC=C(C)C=C1,CC[C@H](C(O)=O)C1=CC=C(C)C=C1,C/C=C(C(O)=O)\C1=CC=C(C)C=C1,60,100,,,,2
IAW00000466,CAT-11,SOL-1,,,REA-11,[Ru+2]123(<-[P:1]([C:7]4=[C:9]([C:15]5=[C:10]([P:2]->1([C:28]1=[C:29]([H:52])[C:30]([H:53])=[C:31]([C@@:87]([H:88])([H:89])[H:90])[C:32]([H:54])=[C:33]1[H:55])[C:34]1=[C:35]([H:56])[C:62]([H:71])=[C:72]([C@@:83]([H:84])([H:85])[H:86])[C:70]([H:78])=[C:61]1[H:69])[C:11]([H:41])=[C:12]([H:42])[C:13]1=[C:14]5[C:60]([H:67])=[C:68]([H:77])[C:66]([H:76])=[C:59]1[H:43])[C:58]1=[C:64]([C:57]([H:63])=[C:8]4[H:40])[C:73]([H:80])=[C:79]([H:82])[C:75]([H:81])=[C:65]1[H:74])([C:16]1=[C:21]([H:47])[C:20]([H:46])=[C:19]([C@@:91]([H:92])([H:93])[H:94])[C:18]([H:45])=[C:17]1[H:44])[C:22]1=[C:23]([H:48])[C:24]([H:49])=[C:25]([C@@:95]([H:96])([H:97])[H:98])[C:26]([H:50])=[C:27]1[H:51])(<-[O-:3][C:36](=[O:4]->2)[C@@:37]([H:99])([H:100])[H:101])<-[O:5]=[C:38]([O-:6]->3)[C@@:39]([H:102])([H:103])[H:104],[H]OC([H])([H])[H],CC[C@@H](C(O)=O)C1=CC=C(C)C=C1,CC[C@H](C(O)=O)C1=CC=C(C)C=C1,C/C=C(C(O)=O)\C1=CC=C(C)C=C1,60,50,,,,2
IAW00000467,CAT-11,SOL-1,,,REA-11,[Ru+2]123(<-[P:1]([C:7]4=[C:9]([C:15]5=[C:10]([P:2]->1([C:28]1=[C:29]([H:52])[C:30]([H:53])=[C:31]([C@@:87]([H:88])([H:89])[H:90])[C:32]([H:54])=[C:33]1[H:55])[C:34]1=[C:35]([H:56])[C:62]([H:71])=[C:72]([C@@:83]([H:84])([H:85])[H:86])[C:70]([H:78])=[C:61]1[H:69])[C:11]([H:41])=[C:12]([H:42])[C:13]1=[C:14]5[C:60]([H:67])=[C:68]([H:77])[C:66]([H:76])=[C:59]1[H:43])[C:58]1=[C:64]([C:57]([H:63])=[C:8]4[H:40])[C:73]([H:80])=[C:79]([H:82])[C:75]([H:81])=[C:65]1[H:74])([C:16]1=[C:21]([H:47])[C:20]([H:46])=[C:19]([C@@:91]([H:92])([H:93])[H:94])[C:18]([H:45])=[C:17]1[H:44])[C:22]1=[C:23]([H:48])[C:24]([H:49])=[C:25]([C@@:95]([H:96])([H:97])[H:98])[C:26]([H:50])=[C:27]1[H:51])(<-[O-:3][C:36](=[O:4]->2)[C@@:37]([H:99])([H:100])[H:101])<-[O:5]=[C:38]([O-:6]->3)[C@@:39]([H:102])([H:103])[H:104],[H]OC([H])([H])[H],CC[C@@H](C(O)=O)C1=CC=C(C)C=C1,CC[C@H](C(O)=O)C1=CC=C(C)C=C1,C/C=C(C(O)=O)\C1=CC=C(C)C=C1,60,100,,,,2
IAW00000468,CAT-12,SOL-1,,,REA-11,[Ru+2]12(<-[Cl-:1])(<-[Cl-:2])(<-[P:3]([C:29]3=[C:38]([C:28]4=[C:21]([P:4]->1([C:52]1=[C:57]([H:99])[C:56]([H:110])=[C:55]([C@:58]([H:100])([H:101])[H:111])[C:54]([H:98])=[C:53]1[H:97])[C:59]1=[C:62]([H:104])[C:61]([H:103])=[C:113]([C@:119]([H:120])([H:121])[H:122])[C:112]([H:118])=[C:60]1[H:102])[C:22]([H:77])=[C:23]([H:78])[C:24]1=[C:27]4[C:26]([H:80])=[C:106]([H:115])[C:105]([H:114])=[C:25]1[H:79])[C:37]1=[C:32]([C:31]([H:82])=[C:30]3[H:81])[C:33]([H:83])=[C:34]([H:107])[C:35]([H:108])=[C:36]1[H:84])([C:39]1=[C:44]([H:88])[C:43]([H:87])=[C:42]([C@:45]([H:89])([H:90])[H:91])[C:41]([H:86])=[C:40]1[H:85])[C:46]1=[C:47]([H:92])[C:48]([H:93])=[C:49]([C@:109]([H:96])([H:116])[H:117])[C:50]([H:94])=[C:51]1[H:95])<-[N:5]([C@@:7]([C@:8]([N:6]->2([H:65])[H:66])([C:15]1=[C:20]([H:76])[C:19]([H:75])=[C:18]([C@@:127]([H:128])([H:129])[H:130])[C:17]([H:74])=[C:16]1[H:73])[H:68])([C:9]1=[C:10]([H:69])[C:11]([H:70])=[C:12]([C@@:123]([H:124])([H:125])[H:126])[C:13]([H:71])=[C:14]1[H:72])[H:67])([H:63])[H:64],[H]OC([H])([H])[H],CC[C@@H](C(O)=O)C1=CC=C(C)C=C1,CC[C@H](C(O)=O)C1=CC=C(C)C=C1,C/C=C(C(O)=O)\C1=CC=C(C)C=C1,60,100,,,,2
IAW00000469,CAT-13,SOL-1,,,REA-11,[Ru+2]123(<-[P:1]([C:7]4=[C:9]([C:15]5=[C:10]([P:2]->1([C:28]1=[C:29]([H:50])[C:30]([C@@:103]([H:104])([H:105])[H:106])=[C:31]([H:51])[C:32]([C@@:107]([H:108])([H:109])[H:110])=[C:33]1[H:52])[C:34]1=[C:58]([H:66])[C:67]([C@@:99]([H:100])([H:101])[H:102])=[C:68]([H:74])[C:59]([C@@:95]([H:96])([H:97])[H:98])=[C:35]1[H:53])[C:11]([H:41])=[C:12]([H:42])[C:13]1=[C:14]5[C:57]([H:64])=[C:65]([H:73])[C:63]([H:72])=[C:56]1[H:43])[C:55]1=[C:61]([C:54]([H:60])=[C:8]4[H:40])[C:69]([H:76])=[C:75]([H:78])[C:71]([H:77])=[C:62]1[H:70])([C:16]1=[C:17]([H:44])[C:18]([C@@:79]([H:80])([H:81])[H:82])=[C:19]([H:45])[C:20]([C@@:83]([H:84])([H:85])[H:86])=[C:21]1[H:46])[C:22]1=[C:23]([H:47])[C:24]([C@@:87]([H:88])([H:89])[H:90])=[C:25]([H:48])[C:26]([C@@:91]([H:92])([H:93])[H:94])=[C:27]1[H:49])(<-[O-:3][C:36](=[O:4]->2)[C@@:37]([H:114])([H:115])[H:116])<-[O:5]=[C:38]([O-:6]->3)[C@@:39]([H:111])([H:112])[H:113],[H]OC([H])([H])[H],CC[C@@H](C(O)=O)C1=CC=C(C)C=C1,CC[C@H](C(O)=O)C1=CC=C(C)C=C1,C/C=C(C(O)=O)\C1=CC=C(C)C=C1,60,50,,,,2
IAW00000470,CAT-13,SOL-1,,,REA-11,[Ru+2]123(<-[P:1]([C:7]4=[C:9]([C:15]5=[C:10]([P:2]->1([C:28]1=[C:29]([H:50])[C:30]([C@@:103]([H:104])([H:105])[H:106])=[C:31]([H:51])[C:32]([C@@:107]([H:108])([H:109])[H:110])=[C:33]1[H:52])[C:34]1=[C:58]([H:66])[C:67]([C@@:99]([H:100])([H:101])[H:102])=[C:68]([H:74])[C:59]([C@@:95]([H:96])([H:97])[H:98])=[C:35]1[H:53])[C:11]([H:41])=[C:12]([H:42])[C:13]1=[C:14]5[C:57]([H:64])=[C:65]([H:73])[C:63]([H:72])=[C:56]1[H:43])[C:55]1=[C:61]([C:54]([H:60])=[C:8]4[H:40])[C:69]([H:76])=[C:75]([H:78])[C:71]([H:77])=[C:62]1[H:70])([C:16]1=[C:17]([H:44])[C:18]([C@@:79]([H:80])([H:81])[H:82])=[C:19]([H:45])[C:20]([C@@:83]([H:84])([H:85])[H:86])=[C:21]1[H:46])[C:22]1=[C:23]([H:47])[C:24]([C@@:87]([H:88])([H:89])[H:90])=[C:25]([H:48])[C:26]([C@@:91]([H:92])([H:93])[H:94])=[C:27]1[H:49])(<-[O-:3][C:36](=[O:4]->2)[C@@:37]([H:114])([H:115])[H:116])<-[O:5]=[C:38]([O-:6]->3)[C@@:39]([H:111])([H:112])[H:113],[H]OC([H])([H])[H],CC[C@@H](C(O)=O)C1=CC=C(C)C=C1,CC[C@H](C(O)=O)C1=CC=C(C)C=C1,C/C=C(C(O)=O)\C1=CC=C(C)C=C1,60,100,,,,2
IAW00000471,CAT-14,SOL-1,,,REA-11,[Ru+2]123(<-[P:1]([C:7]4=[C:9]([C:15]5=[C:10]([P:2]->1([C:28]1=[C:29]([H:53])[C:30]([H:54])=[C:31]([H:55])[C:32]([H:56])=[C:33]1[H:57])[C:34]1=[C:35]([H:58])[C:62]([H:67])=[C:68]([H:70])[C:66]([H:69])=[C:61]1[H:65])[C:11]([H:41])=[C:12]([H:42])[C:13]1=[C:14]5[C@@:71]([H:72])([H:73])[C@@:77]([H:79])([H:80])[C@:78]([H:81])([H:82])[C@:74]1([H:75])[H:76])[C:60]1=[C:64]([C:59]([H:63])=[C:8]4[H:40])[C@@:86]([H:87])([H:88])[C@@:90]([H:93])([H:94])[C@:89]([H:91])([H:92])[C@:83]1([H:84])[H:85])([C:16]1=[C:21]([H:47])[C:20]([H:46])=[C:19]([H:45])[C:18]([H:44])=[C:17]1[H:43])[C:22]1=[C:23]([H:48])[C:24]([H:49])=[C:25]([H:50])[C:26]([H:51])=[C:27]1[H:52])(<-[O:3]=[C:36]([O-:4]->2)[C@@:37]([H:95])([H:96])[H:97])<-[O-:5][C:38](=[O:6]->3)[C@@:39]([H:98])([H:99])[H:100],[H]OC([H])([H])[H],CC[C@@H](C(O)=O)C1=CC=C(C)C=C1,CC[C@H](C(O)=O)C1=CC=C(C)C=C1,C/C=C(C(O)=O)\C1=CC=C(C)C=C1,60,10,,,,2
IAW00000472,CAT-14,SOL-1,,,REA-11,[Ru+2]123(<-[P:1]([C:7]4=[C:9]([C:15]5=[C:10]([P:2]->1([C:28]1=[C:29]([H:53])[C:30]([H:54])=[C:31]([H:55])[C:32]([H:56])=[C:33]1[H:57])[C:34]1=[C:35]([H:58])[C:62]([H:67])=[C:68]([H:70])[C:66]([H:69])=[C:61]1[H:65])[C:11]([H:41])=[C:12]([H:42])[C:13]1=[C:14]5[C@@:71]([H:72])([H:73])[C@@:77]([H:79])([H:80])[C@:78]([H:81])([H:82])[C@:74]1([H:75])[H:76])[C:60]1=[C:64]([C:59]([H:63])=[C:8]4[H:40])[C@@:86]([H:87])([H:88])[C@@:90]([H:93])([H:94])[C@:89]([H:91])([H:92])[C@:83]1([H:84])[H:85])([C:16]1=[C:21]([H:47])[C:20]([H:46])=[C:19]([H:45])[C:18]([H:44])=[C:17]1[H:43])[C:22]1=[C:23]([H:48])[C:24]([H:49])=[C:25]([H:50])[C:26]([H:51])=[C:27]1[H:52])(<-[O:3]=[C:36]([O-:4]->2)[C@@:37]([H:95])([H:96])[H:97])<-[O-:5][C:38](=[O:6]->3)[C@@:39]([H:98])([H:99])[H:100],[H]OC([H])([H])[H],CC[C@@H](C(O)=O)C1=CC=C(C)C=C1,CC[C@H](C(O)=O)C1=CC=C(C)C=C1,C/C=C(C(O)=O)\C1=CC=C(C)C=C1,60,50,,,,2
IAW00000473,CAT-14,SOL-1,,,REA-11,[Ru+2]123(<-[P:1]([C:7]4=[C:9]([C:15]5=[C:10]([P:2]->1([C:28]1=[C:29]([H:53])[C:30]([H:54])=[C:31]([H:55])[C:32]([H:56])=[C:33]1[H:57])[C:34]1=[C:35]([H:58])[C:62]([H:67])=[C:68]([H:70])[C:66]([H:69])=[C:61]1[H:65])[C:11]([H:41])=[C:12]([H:42])[C:13]1=[C:14]5[C@@:71]([H:72])([H:73])[C@@:77]([H:79])([H:80])[C@:78]([H:81])([H:82])[C@:74]1([H:75])[H:76])[C:60]1=[C:64]([C:59]([H:63])=[C:8]4[H:40])[C@@:86]([H:87])([H:88])[C@@:90]([H:93])([H:94])[C@:89]([H:91])([H:92])[C@:83]1([H:84])[H:85])([C:16]1=[C:21]([H:47])[C:20]([H:46])=[C:19]([H:45])[C:18]([H:44])=[C:17]1[H:43])[C:22]1=[C:23]([H:48])[C:24]([H:49])=[C:25]([H:50])[C:26]([H:51])=[C:27]1[H:52])(<-[O:3]=[C:36]([O-:4]->2)[C@@:37]([H:95])([H:96])[H:97])<-[O-:5][C:38](=[O:6]->3)[C@@:39]([H:98])([H:99])[H:100],[H]OC([H])([H])[H],CC[C@@H](C(O)=O)C1=CC=C(C)C=C1,CC[C@H](C(O)=O)C1=CC=C(C)C=C1,C/C=C(C(O)=O)\C1=CC=C(C)C=C1,60,100,,,,2
IAW00000474,CAT-15,SOL-1,,,REA-11,[Ru+2]123(<-[Cl-:2]->[Ru+2:137]4(<-[Cl-:1])(<-[Cl-:3]->1)(<-[P:5]([C:11]1=[C:9]([C:29]5=[C:31]([P:7]->4([C:73]4=[C:83]([H:132])[C:81]([C@@:175]([H:176])([H:177])[H:178])=[C:79]([H:179])[C:77]([C@@:171]([H:172])([H:173])[H:174])=[C:75]4[H:129])[C:85]4=[C:95]([H:136])[C:93]([C@@:163]([H:164])([H:165])[H:166])=[C:91]([H:140])[C:89]([C@@:167]([H:168])([H:169])[H:170])=[C:87]4[H:134])[C:33]([H:109])=[C:35]([H:111])[C:37]4=[C:47]5[C:45]([H:119])=[C:43]([H:117])[C:41]([H:115])=[C:39]4[H:113])[C:27]4=[C:17]([C:15]([H:99])=[C:13]1[H:97])[C:19]([H:101])=[C:21]([H:103])[C:23]([H:105])=[C:25]4[H:107])([C:49]1=[C:59]([H:123])[C:57]([C@@:192]([H:193])([H:194])[H:195])=[C:55]([H:144])[C:53]([C@@:188]([H:189])([H:190])[H:191])=[C:51]1[H:121])[C:61]1=[C:71]([H:127])[C:69]([C@@:184]([H:185])([H:186])[H:187])=[C:67]([H:145])[C:65]([C@@:180]([H:181])([H:182])[H:183])=[C:63]1[H:125])<-[Cl-:138]->2)(<-[P:4]([C:10]1=[C:8]([C:28]2=[C:30]([P:6]->3([C:72]3=[C:82]([H:131])[C:80]([C@@:204]([H:205])([H:206])[H:207])=[C:78]([H:142])[C:76]([H:130])=[C:74]3[H:128])[C:84]3=[C:86]([H:133])[C:88]([C@@:200]([H:201])([H:202])[H:203])=[C:90]([H:143])[C:92]([C@@:196]([H:197])([H:198])[H:199])=[C:94]3[H:135])[C:32]([H:108])=[C:34]([H:110])[C:36]3=[C:46]2[C:44]([H:118])=[C:42]([H:116])[C:40]([H:114])=[C:38]3[H:112])[C:26]2=[C:16]([C:14]([H:98])=[C:12]1[H:96])[C:18]([H:100])=[C:20]([H:102])[C:22]([H:104])=[C:24]2[H:106])([C:48]1=[C:58]([H:122])[C:56]([C@@:159]([H:160])([H:161])[H:162])=[C:54]([H:146])[C:52]([C@@:155]([H:156])([H:157])[H:158])=[C:50]1[H:120])[C:60]1=[C:70]([H:126])[C:68]([C@@:151]([H:152])([H:153])[H:154])=[C:66]([H:141])[C:64]([C@@:147]([H:148])([H:149])[H:150])=[C:62]1[H:124])<-[Cl-:139],[H]OC([H])([H])[H],CC[C@@H](C(O)=O)C1=CC=C(C)C=C1,CC[C@H](C(O)=O)C1=CC=C(C)C=C1,C/C=C(C(O)=O)\C1=CC=C(C)C=C1,60,100,,,,2
IAW00000475,CAT-16,SOL-1,,,REA-11,[P]1([C:2]2=[C:4]([H:55])[C:6]([C@:7]([H:74])([H:76])[H:77])=[C:8]([H:56])[C:10]([C@:12]([H:81])([H:82])[H:83])=[C:13]2[H:57])([C:14]2=[C:19]([C:20]3=[C:25]([P:1]([C:26]4=[C:27]([H:64])[C:28]([C@:29]([H:84])([H:85])[H:86])=[C:30]([H:65])[C:31]([C@@:32]([H:87])([H:88])[H:89])=[C:33]4[H:68])(->[Ru+2:54]<-14(<-[N:3]([C@@:34]([C:35]1=[C:36]([H:69])[C:37]([H:70])=[C:38]([O:9][C@@:39]([H:90])([H:91])[H:92])[C:40]([H:71])=[C:41]1[H:72])([C:42]1=[C:48]([H:102])[C:47]([H:78])=[C:45]([O:11][C@@:46]([H:93])([H:94])[H:95])[C:44]([H:75])=[C:43]1[H:73])[C@@:49]([N:5]->4([H:66])[H:67])([C@@:50]([C@@:51]([H:96])([H:97])[H:98])([C@@:52]([H:99])([H:100])[H:101])[H:80])[H:79])([H:60])[H:61])(<-[Cl-:53])<-[Cl-:103])[C:129]1=[C:130]([H:133])[C:132]([C@@:150]([H:151])([H:152])[H:153])=[C:136]([H:137])[C:134]([C@@:146]([H:147])([H:148])[H:149])=[C:131]1[H:135])[C:24]([H:63])=[C:23]([H:62])[C:22]1=[C:21]3[C:115]([H:119])=[C:114]([H:118])[C:113]([H:117])=[C:112]1[H:116])[C:18]1=[C:17]([C:16]([H:59])=[C:15]2[H:58])[C:107]([H:111])=[C:106]([H:110])[C:105]([H:109])=[C:104]1[H:108])[C:120]1=[C:122]([H:126])[C:125]([C@@:138]([H:139])([H:140])[H:141])=[C:127]([H:128])[C:123]([C@@:142]([H:143])([H:144])[H:145])=[C:121]1[H:124],[H]OC([H])([H])[H],CC[C@@H](C(O)=O)C1=CC=C(C)C=C1,CC[C@H](C(O)=O)C1=CC=C(C)C=C1,C/C=C(C(O)=O)\C1=CC=C(C)C=C1,60,100,,,,2
IAW00000476,CAT-17,SOL-1,,,REA-11,[P]1([C:2]2=[C:17]([H:79])[C:14]([C@:16]([H:109])([H:110])[H:111])=[C:12]([H:78])[C:8]([C@:10]([H:102])([H:104])[H:105])=[C:5]2[H:77])([C:18]2=[C:19]([H:80])[C:20]([C@:21]([H:112])([H:113])[H:114])=[C:22]([H:81])[C:23]([C@:24]([H:115])([H:116])[H:117])=[C:25]2[H:82])[C:26]2=[C:32]([C:33]3=[C:39]([P:1]([C:40]4=[C:41]([H:89])[C:42]([C@:43]([H:122])([H:123])[H:124])=[C:44]([H:90])[C:45]([C@:46]([H:125])([H:126])[H:127])=[C:47]4[H:93])([C:48]4=[C:55]([H:96])[C:53]([C@:54]([H:131])([H:132])[H:133])=[C:52]([H:95])[C:50]([C@:51]([H:128])([H:129])[H:130])=[C:49]4[H:94])->[Ru+2:76]<-14(<-[N:3]([C@:56]([C:57]1=[C:63]([H:100])[C:62]([H:99])=[C:60]([O:13][C@:61]([H:134])([H:135])[H:136])[C:59]([H:98])=[C:58]1[H:97])([C:64]1=[C:70]([H:146])[C:69]([H:106])=[C:67]([O:15][C@:68]([H:137])([H:138])[H:139])[C:66]([H:103])=[C:65]1[H:101])[C@@:71]([N:6]->4([H:91])[H:92])([C@@:72]([C@:73]([H:140])([H:141])[H:142])([C@:74]([H:143])([H:144])[H:145])[H:108])[H:107])([H:85])[H:86])(<-[Cl-:75])<-[Cl-:147])[C:38]([H:88])=[C:37]([H:87])[C:36]1=[C:34]3[O:9][C@:35]([H:120])([H:121])[O:11]1)[C:31]1=[C:29]([O:4][C@@:30]([H:118])([H:119])[O:7]1)[C:28]([H:84])=[C:27]2[H:83],[H]OC([H])([H])[H],CC[C@@H](C(O)=O)C1=CC=C(C)C=C1,CC[C@H](C(O)=O)C1=CC=C(C)C=C1,C/C=C(C(O)=O)\C1=CC=C(C)C=C1,60,100,,,,2
IAW00000477,CAT-18,SOL-1,,,REA-11,[Ru+2]12(<-[Cl-:1])(<-[Cl-:2])(<-[P:3]([C:16]3=[C:25]([C:15]4=[C:8]([P:4]->1([C:39]1=[C:40]([H:73])[C:41]([H:74])=[C:42]([C@:45]([H:76])([H:77])[H:87])[C:43]([H:86])=[C:44]1[H:75])[C:46]1=[C:49]([H:80])[C:48]([H:79])=[C:89]([C@:95]([H:96])([H:97])[H:98])[C:88]([H:94])=[C:47]1[H:78])[C:9]([H:53])=[C:10]([H:54])[C:11]1=[C:14]4[C:13]([H:56])=[C:82]([H:91])[C:81]([H:90])=[C:12]1[H:55])[C:24]1=[C:19]([C:18]([H:58])=[C:17]3[H:57])[C:20]([H:59])=[C:21]([H:83])[C:22]([H:84])=[C:23]1[H:60])([C:26]1=[C:27]([H:61])[C:28]([H:62])=[C:29]([C@:32]([H:65])([H:66])[H:67])[C:30]([H:63])=[C:31]1[H:64])[C:33]1=[C:34]([H:68])[C:35]([H:69])=[C:36]([C@:85]([H:72])([H:92])[H:93])[C:37]([H:70])=[C:38]1[H:71])<-[N:5]([C@@:7]([H:52])([C:99]1=[N:6]->2[C:105]([H:106])=[C:103]([H:104])[C:102]([H:107])=[C:100]1[H:101])[H:108])([H:50])[H:51],[H]OC([H])([H])[H],CC[C@@H](C(O)=O)C1=CC=C(C)C=C1,CC[C@H](C(O)=O)C1=CC=C(C)C=C1,C/C=C(C(O)=O)\C1=CC=C(C)C=C1,60,100,,,,2
IAW00000478,CAT-19,SOL-1,,,REA-11,[P]1([C:16]2=[C:11]([C@@:10]([N:3]3([C@:2]4([H:51])[C@:4]([H:52])([H:53])[C@:6]([H:54])([H:55])[C@@:7]([H:56])([H:57])[C@@:8]([H:58])([H:59])[C@:9]4([N:5]4([C@@:29]([C:30]5=[C:31]([H:81])[C:32]([H:82])=[C:33]([H:83])[C:34]([H:84])=[C:35]5[P:1]([C:36]5=[C:37]([H:85])[C:38]([H:86])=[C:39]([H:87])[C:40]([H:88])=[C:41]5[H:89])([C:42]5=[C:47]([H:94])[C:46]([H:93])=[C:45]([H:92])[C:44]([H:91])=[C:43]5[H:90])->[Ru+2:50]<-1<-3<-4(<-[Cl-:48])<-[Cl-:49])([H:79])[H:80])[H:78])[H:60])[H:61])([H:62])[H:63])[C:12]([H:64])=[C:13]([H:65])[C:14]([H:66])=[C:15]2[H:67])([C:17]1=[C:18]([H:68])[C:19]([H:69])=[C:20]([H:70])[C:21]([H:71])=[C:22]1[H:72])[C:23]1=[C:28]([H:77])[C:27]([H:76])=[C:26]([H:75])[C:25]([H:74])=[C:24]1[H:73],[H]OC([H])([H])[H],CC[C@@H](C(O)=O)C1=CC=C(C)C=C1,CC[C@H](C(O)=O)C1=CC=C(C)C=C1,C/C=C(C(O)=O)\C1=CC=C(C)C=C1,60,100,,,,2
IAW00000479,CAT-20,SOL-1,,,REA-11,[Ru+2]12(<-[Cl-:1])(<-[Cl-:2])(<-[P:3]([C:29]3=[C:38]([C:28]4=[C:21]([P:4]->1([C:52]1=[C:57]([H:98])[C:56]([H:109])=[C:55]([C@:58]([H:99])([H:100])[H:110])[C:54]([H:97])=[C:53]1[H:96])[C:59]1=[C:62]([H:103])[C:61]([H:102])=[C:112]([C@:118]([H:119])([H:120])[H:121])[C:111]([H:117])=[C:60]1[H:101])[C:22]([H:76])=[C:23]([H:77])[C:24]1=[C:27]4[C:26]([H:79])=[C:105]([H:114])[C:104]([H:113])=[C:25]1[H:78])[C:37]1=[C:32]([C:31]([H:81])=[C:30]3[H:80])[C:33]([H:82])=[C:34]([H:106])[C:35]([H:107])=[C:36]1[H:83])([C:39]1=[C:40]([H:84])[C:41]([H:85])=[C:42]([C@:45]([H:88])([H:89])[H:90])[C:43]([H:86])=[C:44]1[H:87])[C:46]1=[C:47]([H:91])[C:48]([H:92])=[C:49]([C@:108]([H:95])([H:115])[H:116])[C:50]([H:93])=[C:51]1[H:94])<-[N:5]([C@:7]([C@@:8]([N:6]->2([H:63])[H:123])([C:15]1=[C:20]([H:75])[C:19]([H:74])=[C:18]([H:73])[C:17]([H:72])=[C:16]1[H:71])[H:65])([C:9]1=[C:10]([H:66])[C:11]([H:67])=[C:12]([H:68])[C:13]([H:69])=[C:14]1[H:70])[H:64])([H:122])[H:124],[H]OC([H])([H])[H],CC[C@@H](C(O)=O)C1=CC=C(C)C=C1,CC[C@H](C(O)=O)C1=CC=C(C)C=C1,C/C=C(C(O)=O)\C1=CC=C(C)C=C1,60,100,,,,2
IAW00000480,CAT-21,SOL-1,,,REA-11,[Ru+2]12(<-[Cl-:1])(<-[Cl-:2])(<-[P:3]([C:27]3=[C:33]([C:26]4=[C:25]5[C:24](=[C:23]([H:75])[C:22]([H:74])=[C:21]4[P:4]->1([C:47]1=[C:48]([H:90])[C:49]([H:91])=[C:50]([C@:53]([H:93])([H:94])[H:101])[C:51]([H:100])=[C:52]1[H:92])[C:54]1=[C:57]([H:97])[C:56]([H:96])=[C:103]([C@:107]([H:108])([H:109])[H:110])[C:102]([H:106])=[C:55]1[H:95])[O:114][C@:98]([H:117])([H:118])[O:113]5)[C:32]1=[C:30]([C:29]([H:77])=[C:28]3[H:76])[O:111][C@:31]([H:115])([H:116])[O:112]1)([C:34]1=[C:35]([H:78])[C:36]([H:79])=[C:37]([C@:40]([H:82])([H:83])[H:84])[C:38]([H:80])=[C:39]1[H:81])[C:41]1=[C:42]([H:85])[C:43]([H:86])=[C:44]([C@:99]([H:89])([H:104])[H:105])[C:45]([H:87])=[C:46]1[H:88])<-[N:5]([C@@:7]([C@:8]([N:6]->2([H:60])[H:61])([C:15]1=[C:20]([H:73])[C:19]([H:72])=[C:18]([H:71])[C:17]([H:70])=[C:16]1[H:69])[H:63])([C:9]1=[C:14]([H:68])[C:13]([H:67])=[C:12]([H:66])[C:11]([H:65])=[C:10]1[H:64])[H:62])([H:58])[H:59],[H]OC([H])([H])[H],CC[C@@H](C(O)=O)C1=CC=C(C)C=C1,CC[C@H](C(O)=O)C1=CC=C(C)C=C1,C/C=C(C(O)=O)\C1=CC=C(C)C=C1,60,100,,,,2
IAW00000481,CAT-23,SOL-2,,,REA-11,[C]12([H:1])->[Ir+:130]345(<-[C:7]=1([H:11])[C@@:10]([H:15])([H:16])[C@@:17]([H:22])([H:23])[C:12]->3([H:18])=[C:8]->4([H:13])[C@:5]([H:6])([H:9])[C@:2]2([H:3])[H:4])<-[N:21]1=[C:27]([C:28]2=[C:29]([H:32])[C:31]([H:36])=[C:35]([H:41])[C:33]3=[C:30]2[C@@:34]2([C@@:38]([H:44])([H:45])[C@@:46]([H:51])([H:52])[C:48]4=[C:39]2[C:47]([P:53]->5([C:56]2=[C:62]([H:68])[C:69]([C@@:76]([C@@:84]([H:103])([H:104])[H:105])([C@@:85]([H:106])([H:107])[H:108])[C@:86]([H:109])([H:110])[H:111])=[C:75]([H:83])[C:67]([C@@:74]([C@@:80]([H:94])([H:95])[H:96])([C@:81]([H:97])([H:98])[H:99])[C@:82]([H:100])([H:101])[H:102])=[C:61]2[H:66])[C:57]2=[C:63]([H:70])[C:71]([C@:77]([C@@:87]([H:112])([H:113])[H:114])([C@@:88]([H:115])([H:116])[H:117])[C@:89]([H:118])([H:119])[H:120])=[C:78]([H:90])[C:72]([C@:79]([C@:91]([H:121])([H:122])[H:123])([C@@:92]([H:124])([H:125])[H:126])[C@@:93]([H:127])([H:128])[H:129])=[C:64]2[H:73])=[C:54]([H:59])[C:58]([H:65])=[C:55]4[H:60])[C@:40]([H:49])([H:50])[C@@:37]3([H:42])[H:43])[O:25][C@@:19]([H:24])([H:26])[C@:14]1([H:20])[H:131],[H]C([H])([H])C([H])([H])N(C([H])([H])C([H])([H])[H])C([H])([H])C([H])([H])[H].[H]OC([H])([H])[H],CC[C@@H](C(O)=O)C1=CC=C(C)C=C1,CC[C@H](C(O)=O)C1=CC=C(C)C=C1,C/C=C(C(O)=O)\C1=CC=C(C)C=C1,60,6,,,,2
IAW00000482,CAT-24,SOL-2,,,REA-11,C1([H:1])=[C:11]([H:17])[C:16]([C@@:24]2([H:31])[C@:30]([H:35])([H:37])[O:36][C:38]3[C:39]4=[C:41]5[C:44](=[C:46]([H:52])[C:42]([H:47])=[C:40]4[H:43])[C@:48]([H:53])([H:54])[C@@:51]([H:60])([H:61])[C@:45]54[C@@:49]([H:55])([H:56])[C@@:57]([H:62])([H:63])[C:59]5=[C:50]4[C:58]([P:64]([C:67]4=[C:73]([H:79])[C:80]([C@@:87]([C@@:95]([H:114])([H:115])[H:116])([C@@:96]([H:117])([H:118])[H:119])[C@:97]([H:120])([H:121])[H:122])=[C:86]([H:94])[C:78]([C@@:85]([C@@:91]([H:105])([H:106])[H:107])([C@:92]([H:108])([H:109])[H:110])[C@:93]([H:111])([H:112])[H:113])=[C:72]4[H:77])([C:68]4=[C:75]([H:84])[C:83]([C@:90]([C@:102]([H:132])([H:133])[H:134])([C@@:103]([H:135])([H:136])[H:137])[C@@:104]([H:138])([H:139])[H:140])=[C:89]([H:101])[C:82]([C@:88]([C@@:98]([H:123])([H:124])[H:125])([C@@:99]([H:126])([H:127])[H:128])[C@:100]([H:129])([H:130])[H:131])=[C:74]4[H:81])->[Ir+:141]467(<-[C:4]8([H:5])=[C:13]->4([H:21])[C@@:20]([H:26])([H:27])[C@@:28]([H:33])([H:34])[C:22]->6([H:29])=[C:14]->7([H:23])[C@:9]([H:10])([H:15])[C@:6]8([H:7])[H:8])<-[N:32]=32)=[C:65]([H:70])[C:69]([H:76])=[C:66]5[H:71])=[C:19]([H:25])[C:12]([H:18])=[C:2]1[H:3],[H]C([H])([H])C([H])([H])N(C([H])([H])C([H])([H])[H])C([H])([H])C([H])([H])[H].[H]OC([H])([H])[H],CC[C@@H](C(O)=O)C1=CC=C(C)C=C1,CC[C@H](C(O)=O)C1=CC=C(C)C=C1,C/C=C(C(O)=O)\C1=CC=C(C)C=C1,60,6,,,,2
IAW00000483,CAT-25,SOL-2,,,REA-11,C12[P:96]([C:33]3=[C:40]([H:41])[C:39]([C@:55]([C@:56]([H:57])([H:58])[H:59])([C@:60]([H:61])([H:62])[H:105])[C@@:104]([H:120])([H:121])[H:122])=[C:37]([H:38])[C:36]([C@:42]([C@:43]([H:44])([H:45])[H:46])([C@:47]([H:48])([H:49])[H:50])[C@:51]([H:52])([H:53])[H:54])=[C:34]3[H:35])([C:63]3=[C:69]([H:109])[C:68]([C@:108]([C@:125]([H:136])([H:137])[H:138])([C@@:126]([H:139])([H:140])[H:141])[C@:127]([H:142])([H:143])[H:144])=[C:67]([H:107])[C:66]([C@:106]([C@:70]([H:71])([H:110])[H:111])([C@@:123]([H:131])([H:132])[H:133])[C@:124]([H:72])([H:134])[H:135])=[C:64]3[H:65])->[Ir+:93]345(<-[C:73]6([H:74])=[C:75]->3([H:76])[C@:77]([H:78])([H:79])[C@@:80]([H:81])([H:82])[C:83]->4([H:84])=[C:85]->5([H:86])[C@:87]([H:88])([H:89])[C@@:90]6([H:91])[H:92])<-[N:94]3=[C:13]([C:11]4=[C:9]([H:10])[C:102]([H:118])=[C:119]([H:130])[C:103]5=[C:12]4[C@:5]4([C:4]1=[C:3]([C@:6]([H:7])([H:101])[C@:99]4([H:114])[H:115])[C:98]([H:113])=[C:97]([H:112])[C:1]=2[H:2])[C@@:100]([H:8])([H:117])[C@@:116]5([H:128])[H:129])[O:95][C@:14]([H:15])([H:16])[C@:17]3([H:18])[C@@:19]([H:20])([H:21])[C:22]1=[C:23]([H:24])[C:25]([H:26])=[C:27]([H:28])[C:29]([H:30])=[C:31]1[H:32],[H]C([H])([H])C([H])([H])N(C([H])([H])C([H])([H])[H])C([H])([H])C([H])([H])[H].[H]OC([H])([H])[H],CC[C@@H](C(O)=O)C1=CC=C(C)C=C1,CC[C@H](C(O)=O)C1=CC=C(C)C=C1,C/C=C(C(O)=O)\C1=CC=C(C)C=C1,60,6,,,,2
IAW00000484,CAT-26,SOL-2,,,REA-11,[P]1([C:13]2=[C:14]([H:57])[C:15]([H:58])=[C:16]([H:59])[C:11]3=[C:12]2[C@@:7]2([C@@:9]([H:67])([H:68])[C@@:10]3([H:72])[H:73])[C@@:17]([H:74])([H:75])[C@@:18]([H:76])([H:77])[C:19]3=[C:24]([H:62])[C:23]([H:61])=[C:22]([H:60])[C:21]([N:8]([C@:6]([C:5]4=[C:120]([C@@:121]([H:122])([H:123])[H:124])[C:1]([H:82])=[C:2]([H:81])[C:3]([H:80])=[C:4]4[H:119])([H:78])[H:79])(->[Ir+4:54]<-1(<-[Cl-:53])(<-[H-:55])(<-[H-:56])<-[H-:125])[H:64])=[C:20]23)([C:25]1=[C:30]([H:66])[C:29]([C@:35]([C@:36]([H:92])([H:93])[H:94])([C@:37]([H:95])([H:96])[H:97])[C@:38]([H:98])([H:99])[H:100])=[C:28]([H:65])[C:27]([C@:31]([C@:32]([H:83])([H:84])[H:85])([C@:33]([H:86])([H:87])[H:88])[C@:34]([H:89])([H:90])[H:91])=[C:26]1[H:63])[C:39]1=[C:40]([H:69])[C:41]([C@@:45]([C@:46]([H:101])([H:102])[H:103])([C@:47]([H:104])([H:105])[H:106])[C@:48]([H:107])([H:108])[H:109])=[C:42]([H:70])[C:43]([C@:49]([C@:50]([H:110])([H:111])[H:112])([C@:51]([H:113])([H:114])[H:115])[C@:52]([H:116])([H:117])[H:118])=[C:44]1[H:71],[H]C([H])([H])C([H])([H])N(C([H])([H])C([H])([H])[H])C([H])([H])C([H])([H])[H].[H]OC([H])([H])[H],CC[C@@H](C(O)=O)C1=CC=C(C)C=C1,CC[C@H](C(O)=O)C1=CC=C(C)C=C1,C/C=C(C(O)=O)\C1=CC=C(C)C=C1,60,6,,,,2
IAW00000485,CAT-27,SOL-2,,,REA-11,[C@@]1([C@@:1]2([H:41])[C@:3]([C@@:7]([H:43])([H:44])[H:45])([H:42])[O:87][C:4]([C:6]3=[C:8]([H:46])[C:9]([H:47])=[C:10]([H:48])[C:11]([H:49])=[C:12]3[H:50])=[N:5]2->[Ir+5:26]234(<-[P:13]([O:2]1)([C@:14]1([H:51])[C@@:16]([H:53])([H:54])[C@@:17]([H:55])([H:56])[C@@:18]([H:57])([H:58])[C@@:19]([H:59])([H:60])[C@@:20]1([H:61])[H:62])[C@:15]1([H:52])[C@@:21]([H:63])([H:64])[C@@:22]([H:65])([H:66])[C@@:23]([H:67])([H:68])[C@@:24]([H:69])([H:70])[C@@:25]1([H:71])[H:72])<-[C-:88]1([H:89])[C-:90]->2([H:91])[C@@:92]([H:93])([H:94])[C@@:95]([H:96])([H:97])[C-:104]->3([H:106])[C-:105]->4([H:107])[C@:101]([H:102])([H:103])[C@@:98]1([H:99])[H:100])([C@:32]([C:35]1=[C:31]([H:77])[C:30]([H:76])=[C:29]([H:75])[C:28]([H:74])=[C:27]1[H:73])([H:78])[H:79])[C@:39]([C:40]1=[C:38]([H:84])[C:37]([H:83])=[C:36]([H:82])[C:34]([H:81])=[C:33]1[H:80])([H:85])[H:86],[H]C([H])([H])C([H])([H])N(C([H])([H])C([H])([H])[H])C([H])([H])C([H])([H])[H].[H]OC([H])([H])[H],CC[C@@H](C(O)=O)C1=CC=C(C)C=C1,CC[C@H](C(O)=O)C1=CC=C(C)C=C1,C/C=C(C(O)=O)\C1=CC=C(C)C=C1,60,6,,,,2
IAW00000486,CAT-28,SOL-1,,,REA-11,[P]12([C@@:10]([C@:11]([P:1]3(->[Rh+:24]<-1456<-[C:2]1([H:25])=[C:3]->4([H:26])[C@:4]([H:27])([H:28])[C@@:5]([H:29])([H:30])[C:6]->5([H:31])=[C:7]->6([H:32])[C@:8]([H:33])([H:34])[C@@:9]1([H:35])[H:36])[C@@:18]([C@:22]([H:59])([H:60])[H:61])([H:53])[C@@:19]([H:54])([H:55])[C@@:20]([H:56])([H:57])[C@:21]3([C@:23]([H:62])([H:63])[H:64])[H:58])([H:39])[H:40])([H:37])[H:38])[C@@:12]([C@:16]([H:47])([H:48])[H:49])([H:41])[C@@:13]([H:42])([H:43])[C@:14]([H:44])([H:45])[C@:15]2([C@:17]([H:50])([H:51])[H:52])[H:46],[H]OC([H])([H])[H],CC[C@@H](C(O)=O)C1=CC=C(C)C=C1,CC[C@H](C(O)=O)C1=CC=C(C)C=C1,C/C=C(C(O)=O)\C1=CC=C(C)C=C1,60,20,,,,2
IAW00000487,CAT-28,SOL-2,,,REA-11,[P]12([C@@:10]([C@:11]([P:1]3(->[Rh+:24]<-1456<-[C:2]1([H:25])=[C:3]->4([H:26])[C@:4]([H:27])([H:28])[C@@:5]([H:29])([H:30])[C:6]->5([H:31])=[C:7]->6([H:32])[C@:8]([H:33])([H:34])[C@@:9]1([H:35])[H:36])[C@@:18]([C@:22]([H:59])([H:60])[H:61])([H:53])[C@@:19]([H:54])([H:55])[C@@:20]([H:56])([H:57])[C@:21]3([C@:23]([H:62])([H:63])[H:64])[H:58])([H:39])[H:40])([H:37])[H:38])[C@@:12]([C@:16]([H:47])([H:48])[H:49])([H:41])[C@@:13]([H:42])([H:43])[C@:14]([H:44])([H:45])[C@:15]2([C@:17]([H:50])([H:51])[H:52])[H:46],[H]C([H])([H])C([H])([H])N(C([H])([H])C([H])([H])[H])C([H])([H])C([H])([H])[H].[H]OC([H])([H])[H],CC[C@@H](C(O)=O)C1=CC=C(C)C=C1,CC[C@H](C(O)=O)C1=CC=C(C)C=C1,C/C=C(C(O)=O)\C1=CC=C(C)C=C1,60,20,,,,2
IAW00000488,CAT-29,SOL-2,,,REA-11,[P]12([C@@:22]([H:23])([H:24])[C@:25]([P:1]3(->[Rh+:76]<-1456<-[C:2]1([H:3])=[C:4]->4([H:5])[C@:6]([H:7])([H:8])[C@@:9]([H:10])([H:11])[C:12]->5([H:13])=[C:14]->6([H:15])[C@:16]([H:17])([H:18])[C@@:19]1([H:20])[H:21])[C@@:48]([H:49])([C@@:65]([H:66])([H:67])[C@:68]([H:69])([H:70])[H:72])[C@@:50]([H:51])([H:52])[C@:53]([H:54])([H:55])[C@:56]3([H:57])[C@:58]([H:59])([H:60])[C@:61]([H:62])([H:63])[H:64])([H:26])[H:27])[C@@:28]([H:29])([C@:38]([H:39])([H:40])[C@:41]([H:42])([H:43])[H:44])[C@@:30]([H:31])([H:32])[C@:33]([H:34])([H:35])[C@:36]2([H:37])[C@@:45]([H:46])([H:47])[C@:71]([H:73])([H:74])[H:75],[H]C([H])([H])C([H])([H])N(C([H])([H])C([H])([H])[H])C([H])([H])C([H])([H])[H].[H]OC([H])([H])[H],CC[C@@H](C(O)=O)C1=CC=C(C)C=C1,CC[C@H](C(O)=O)C1=CC=C(C)C=C1,C/C=C(C(O)=O)\C1=CC=C(C)C=C1,60,20,,,,2
IAW00000489,CAT-30,SOL-1,,,REA-11,[P]12([C@@:22]([H:23])([H:24])[C@:25]([P:1]3(->[Rh+:72]<-1456<-[C:2]1([H:3])=[C:4]->4([H:5])[C@:6]([H:7])([H:8])[C@@:9]([H:10])([H:11])[C:12]->5([H:13])=[C:14]->6([H:15])[C@:16]([H:17])([H:18])[C@@:19]1([H:20])[H:21])[C@:46]([H:47])([C@@:62]([H:63])([C@:64]([H:65])([H:66])[H:68])[C@@:85]([H:86])([H:87])[H:88])[C@@:48]([H:49])([H:50])[C@:51]([H:52])([H:53])[C@@:54]3([H:55])[C@@:56]([H:57])([C@:58]([H:59])([H:60])[H:61])[C@@:81]([H:82])([H:83])[H:84])([H:26])[H:27])[C@:28]([H:29])([C@@:38]([H:39])([C@:40]([H:41])([H:42])[H:43])[C@@:73]([H:74])([H:75])[H:76])[C@@:30]([H:31])([H:32])[C@:33]([H:34])([H:35])[C@@:36]2([H:37])[C@:44]([H:45])([C@:67]([H:69])([H:70])[H:71])[C@@:77]([H:78])([H:79])[H:80],[H]OC([H])([H])[H],CC[C@@H](C(O)=O)C1=CC=C(C)C=C1,CC[C@H](C(O)=O)C1=CC=C(C)C=C1,C/C=C(C(O)=O)\C1=CC=C(C)C=C1,60,20,,,,2
IAW00000490,CAT-30,SOL-2,,,REA-11,[P]12([C@@:22]([H:23])([H:24])[C@:25]([P:1]3(->[Rh+:72]<-1456<-[C:2]1([H:3])=[C:4]->4([H:5])[C@:6]([H:7])([H:8])[C@@:9]([H:10])([H:11])[C:12]->5([H:13])=[C:14]->6([H:15])[C@:16]([H:17])([H:18])[C@@:19]1([H:20])[H:21])[C@:46]([H:47])([C@@:62]([H:63])([C@:64]([H:65])([H:66])[H:68])[C@@:85]([H:86])([H:87])[H:88])[C@@:48]([H:49])([H:50])[C@:51]([H:52])([H:53])[C@@:54]3([H:55])[C@@:56]([H:57])([C@:58]([H:59])([H:60])[H:61])[C@@:81]([H:82])([H:83])[H:84])([H:26])[H:27])[C@:28]([H:29])([C@@:38]([H:39])([C@:40]([H:41])([H:42])[H:43])[C@@:73]([H:74])([H:75])[H:76])[C@@:30]([H:31])([H:32])[C@:33]([H:34])([H:35])[C@@:36]2([H:37])[C@:44]([H:45])([C@:67]([H:69])([H:70])[H:71])[C@@:77]([H:78])([H:79])[H:80],[H]C([H])([H])C([H])([H])N(C([H])([H])C([H])([H])[H])C([H])([H])C([H])([H])[H].[H]OC([H])([H])[H],CC[C@@H](C(O)=O)C1=CC=C(C)C=C1,CC[C@H](C(O)=O)C1=CC=C(C)C=C1,C/C=C(C(O)=O)\C1=CC=C(C)C=C1,60,20,,,,2
IAW00000491,CAT-31,SOL-1,,,REA-11,[P]12([C@@:10]([C@:11]([P:1]3(->[Rh+:20]<-1456<-[C:2]1([H:21])=[C:3]->4([H:22])[C@:4]([H:23])([H:24])[C@@:5]([H:25])([H:26])[C:6]->5([H:27])=[C:7]->6([H:28])[C@:8]([H:29])([H:30])[C@@:9]1([H:31])[H:32])[C@@:16]([H:43])([C:82]1=[C:83]([H:86])[C:85]([H:90])=[C:89]([H:92])[C:87]([H:91])=[C:84]1[H:88])[C@@:17]([H:44])([H:45])[C@@:18]([H:46])([H:47])[C@:19]3([H:48])[C:71]1=[C:72]([H:75])[C:74]([H:79])=[C:78]([H:81])[C:76]([H:80])=[C:73]1[H:77])([H:35])[H:36])([H:33])[H:34])[C@@:12]([H:37])([C:49]1=[C:50]([H:53])[C:52]([H:57])=[C:56]([H:59])[C:54]([H:58])=[C:51]1[H:55])[C@@:13]([H:38])([H:39])[C@:14]([H:40])([H:41])[C@:15]2([H:42])[C:60]1=[C:61]([H:64])[C:63]([H:68])=[C:67]([H:70])[C:65]([H:69])=[C:62]1[H:66],[H]OC([H])([H])[H],CC[C@@H](C(O)=O)C1=CC=C(C)C=C1,CC[C@H](C(O)=O)C1=CC=C(C)C=C1,C/C=C(C(O)=O)\C1=CC=C(C)C=C1,60,20,,,,2
IAW00000492,CAT-31,SOL-2,,,REA-11,[P]12([C@@:10]([C@:11]([P:1]3(->[Rh+:20]<-1456<-[C:2]1([H:21])=[C:3]->4([H:22])[C@:4]([H:23])([H:24])[C@@:5]([H:25])([H:26])[C:6]->5([H:27])=[C:7]->6([H:28])[C@:8]([H:29])([H:30])[C@@:9]1([H:31])[H:32])[C@@:16]([H:43])([C:82]1=[C:83]([H:86])[C:85]([H:90])=[C:89]([H:92])[C:87]([H:91])=[C:84]1[H:88])[C@@:17]([H:44])([H:45])[C@@:18]([H:46])([H:47])[C@:19]3([H:48])[C:71]1=[C:72]([H:75])[C:74]([H:79])=[C:78]([H:81])[C:76]([H:80])=[C:73]1[H:77])([H:35])[H:36])([H:33])[H:34])[C@@:12]([H:37])([C:49]1=[C:50]([H:53])[C:52]([H:57])=[C:56]([H:59])[C:54]([H:58])=[C:51]1[H:55])[C@@:13]([H:38])([H:39])[C@:14]([H:40])([H:41])[C@:15]2([H:42])[C:60]1=[C:61]([H:64])[C:63]([H:68])=[C:67]([H:70])[C:65]([H:69])=[C:62]1[H:66],[H]C([H])([H])C([H])([H])N(C([H])([H])C([H])([H])[H])C([H])([H])C([H])([H])[H].[H]OC([H])([H])[H],CC[C@@H](C(O)=O)C1=CC=C(C)C=C1,CC[C@H](C(O)=O)C1=CC=C(C)C=C1,C/C=C(C(O)=O)\C1=CC=C(C)C=C1,60,20,,,,2
IAW00000493,CAT-32,SOL-2,,,REA-11,[Rh+]1234(<-[P:1]5([C:35]6=[C:41]([H:52])[C:51]([H:59])=[C:58]([H:60])[C:47]([H:57])=[C:39]6[P:34]->16[C@@:63]([C@:46]([H:54])([H:55])[H:56])([H:64])[C@:42]([H:23])([H:53])[C@:36]([H:22])([H:43])[C@:67]6([C@@:24]([H:25])([H:26])[H:37])[H:68])[C@@:61]([C@:30]([H:31])([H:32])[H:33])([H:62])[C@@:27]([H:28])([H:29])[C@:38]([H:44])([H:45])[C@:65]5([C@@:40]([H:48])([H:49])[H:50])[H:66])<-[C:2]1([H:3])=[C:4]->2([H:5])[C@@:6]([H:7])([H:8])[C@:9]([H:10])([H:11])[C:12]->3([H:13])=[C:14]->4([H:15])[C@@:16]([H:17])([H:18])[C@:19]1([H:20])[H:21],[H]C([H])([H])C([H])([H])N(C([H])([H])C([H])([H])[H])C([H])([H])C([H])([H])[H].[H]OC([H])([H])[H],CC[C@@H](C(O)=O)C1=CC=C(C)C=C1,CC[C@H](C(O)=O)C1=CC=C(C)C=C1,C/C=C(C(O)=O)\C1=CC=C(C)C=C1,60,20,,,,2
IAW00000494,CAT-33,SOL-3,,,REA-11,[Rh+]1234(<-[P:1]5([C:23]6=[C:31]([H:32])[C:29]([H:30])=[C:27]([H:28])[C:25]([H:26])=[C:24]6[P:2]->16[C@:73]([C@:66]([H:67])([H:68])[C@@:69]([H:70])([H:71])[H:72])([H:74])[C@@:56]([H:57])([H:58])[C@@:53]([H:54])([H:55])[C@@:75]6([C@:59]([H:60])([H:61])[C@@:62]([H:63])([H:64])[H:65])[H:76])[C@:77]([C@:46]([H:47])([H:48])[C@@:49]([H:50])([H:51])[H:52])([H:78])[C@@:36]([H:37])([H:38])[C@@:33]([H:34])([H:35])[C@@:79]5([C@:39]([H:40])([H:41])[C@@:42]([H:43])([H:44])[H:45])[H:80])<-[C:3]1([H:4])=[C:5]->2([H:6])[C@:7]([H:8])([H:9])[C@:10]([H:11])([H:12])[C:13]->3([H:14])=[C:15]->4([H:16])[C@:17]([H:18])([H:19])[C@@:20]1([H:21])[H:22],F[B-](F)(F)F.[H]C([H])([H])C([H])([H])N(C([H])([H])C([H])([H])[H])C([H])([H])C([H])([H])[H].[H]OC([H])([H])[H],CC[C@@H](C(O)=O)C1=CC=C(C)C=C1,CC[C@H](C(O)=O)C1=CC=C(C)C=C1,C/C=C(C(O)=O)\C1=CC=C(C)C=C1,60,20,,,,2
IAW00000495,CAT-34,SOL-2,,,REA-11,[Rh+]1234(<-[P:1]5([C:33]6=[C:30]([P:2]->17[C@@:45]([H:46])([C@:55]([H:56])([C@:57]([H:58])([H:59])[H:60])[C@:61]([H:62])([H:63])[H:64])[C@:47]([H:48])([H:49])[C@@:50]([H:51])([H:52])[C@:53]7([H:54])[C@@:65]([H:66])([C@:67]([H:68])([H:69])[H:70])[C@:71]([H:72])([H:73])[H:74])[C:28]([H:29])=[C:26]([H:27])[C:24]([H:25])=[C:23]6[H:76])[C@@:31]([H:32])([C@@:36]([H:37])([C@:38]([H:39])([H:40])[H:78])[C@:41]([H:42])([H:43])[H:44])[C@@:77]([H:82])([H:83])[C@:79]([H:84])([H:85])[C@@:75]5([C@@:80]([H:34])([C@:86]([H:88])([H:89])[H:90])[C@:87]([H:35])([H:91])[H:92])[H:81])<-[C:3]1([H:4])=[C:5]->2([H:6])[C@:7]([H:8])([H:9])[C@@:10]([H:11])([H:12])[C:13]->3([H:14])=[C:15]->4([H:16])[C@:17]([H:18])([H:19])[C@@:20]1([H:21])[H:22],[H]C([H])([H])C([H])([H])N(C([H])([H])C([H])([H])[H])C([H])([H])C([H])([H])[H].[H]OC([H])([H])[H],CC[C@@H](C(O)=O)C1=CC=C(C)C=C1,CC[C@H](C(O)=O)C1=CC=C(C)C=C1,C/C=C(C(O)=O)\C1=CC=C(C)C=C1,60,20,,,,2
IAW00000496,CAT-35,SOL-2,,,REA-11,[Fe+2]123456789<-[C:3]%10([P:1]%11(->[Rh+:61]%12%13%14(<-[P:2]%15([C:12]->1%16=[C:17]->2([H:18])[C:15]->3([H:16])=[C:14]->4([H:53])[C-:13]->5%16[H:52])[C@:29]([H:30])([C@@:62]([H:63])([H:64])[H:65])[C@:54]([H:57])([H:58])[C@:56]([H:59])([H:60])[C@@:51]%15([H:55])[C@@:66]([H:67])([H:68])[H:69])<-[C:31]1([H:32])=[C:33]->%12([H:34])[C@:35]([H:36])([H:37])[C@@:38]([H:39])([H:40])[C:41]->%13([H:42])=[C:43]->%14([H:44])[C@:45]([H:46])([H:47])[C@@:48]1([H:49])[H:50])[C@:19]([H:20])([C@@:70]([H:71])([H:72])[H:73])[C@@:21]([H:22])([H:23])[C@:24]([H:25])([H:26])[C@@:27]%11([H:28])[C@@:74]([H:75])([H:76])[H:77])=[C:4]->6([H:5])[C:6]->7([H:7])=[C:8]->8([H:9])[C-:10]->9%10[H:11],[H]C([H])([H])C([H])([H])N(C([H])([H])C([H])([H])[H])C([H])([H])C([H])([H])[H].[H]OC([H])([H])[H],CC[C@@H](C(O)=O)C1=CC=C(C)C=C1,CC[C@H](C(O)=O)C1=CC=C(C)C=C1,C/C=C(C(O)=O)\C1=CC=C(C)C=C1,60,20,,,,2
IAW00000497,CAT-35,SOL-4,,,REA-11,[Fe+2]123456789<-[C:3]%10([P:1]%11(->[Rh+:61]%12%13%14(<-[P:2]%15([C:12]->1%16=[C:17]->2([H:18])[C:15]->3([H:16])=[C:14]->4([H:53])[C-:13]->5%16[H:52])[C@:29]([H:30])([C@@:62]([H:63])([H:64])[H:65])[C@:54]([H:57])([H:58])[C@:56]([H:59])([H:60])[C@@:51]%15([H:55])[C@@:66]([H:67])([H:68])[H:69])<-[C:31]1([H:32])=[C:33]->%12([H:34])[C@:35]([H:36])([H:37])[C@@:38]([H:39])([H:40])[C:41]->%13([H:42])=[C:43]->%14([H:44])[C@:45]([H:46])([H:47])[C@@:48]1([H:49])[H:50])[C@:19]([H:20])([C@@:70]([H:71])([H:72])[H:73])[C@@:21]([H:22])([H:23])[C@:24]([H:25])([H:26])[C@@:27]%11([H:28])[C@@:74]([H:75])([H:76])[H:77])=[C:4]->6([H:5])[C:6]->7([H:7])=[C:8]->8([H:9])[C-:10]->9%10[H:11],[H]C([H])([H])C([H])([H])N(C([H])([H])C([H])([H])[H])C([H])([H])C([H])([H])[H].[H]OC([H])([H])[H].[H]O[H],CC[C@@H](C(O)=O)C1=CC=C(C)C=C1,CC[C@H](C(O)=O)C1=CC=C(C)C=C1,C/C=C(C(O)=O)\C1=CC=C(C)C=C1,60,20,,,,2
IAW00000498,CAT-35,SOL-5,,,REA-11,[Fe+2]123456789<-[C:3]%10([P:1]%11(->[Rh+:61]%12%13%14(<-[P:2]%15([C:12]->1%16=[C:17]->2([H:18])[C:15]->3([H:16])=[C:14]->4([H:53])[C-:13]->5%16[H:52])[C@:29]([H:30])([C@@:62]([H:63])([H:64])[H:65])[C@:54]([H:57])([H:58])[C@:56]([H:59])([H:60])[C@@:51]%15([H:55])[C@@:66]([H:67])([H:68])[H:69])<-[C:31]1([H:32])=[C:33]->%12([H:34])[C@:35]([H:36])([H:37])[C@@:38]([H:39])([H:40])[C:41]->%13([H:42])=[C:43]->%14([H:44])[C@:45]([H:46])([H:47])[C@@:48]1([H:49])[H:50])[C@:19]([H:20])([C@@:70]([H:71])([H:72])[H:73])[C@@:21]([H:22])([H:23])[C@:24]([H:25])([H:26])[C@@:27]%11([H:28])[C@@:74]([H:75])([H:76])[H:77])=[C:4]->6([H:5])[C:6]->7([H:7])=[C:8]->8([H:9])[C-:10]->9%10[H:11],[H]C([H])([H])C([H])([H])N(C([H])([H])C([H])([H])[H])C([H])([H])C([H])([H])[H].[H]C1([H])OC([H])([H])C([H])([H])C1([H])[H],CC[C@@H](C(O)=O)C1=CC=C(C)C=C1,CC[C@H](C(O)=O)C1=CC=C(C)C=C1,C/C=C(C(O)=O)\C1=CC=C(C)C=C1,60,5,,,,2
IAW00000499,CAT-35,SOL-5,,,REA-11,[Fe+2]123456789<-[C:3]%10([P:1]%11(->[Rh+:61]%12%13%14(<-[P:2]%15([C:12]->1%16=[C:17]->2([H:18])[C:15]->3([H:16])=[C:14]->4([H:53])[C-:13]->5%16[H:52])[C@:29]([H:30])([C@@:62]([H:63])([H:64])[H:65])[C@:54]([H:57])([H:58])[C@:56]([H:59])([H:60])[C@@:51]%15([H:55])[C@@:66]([H:67])([H:68])[H:69])<-[C:31]1([H:32])=[C:33]->%12([H:34])[C@:35]([H:36])([H:37])[C@@:38]([H:39])([H:40])[C:41]->%13([H:42])=[C:43]->%14([H:44])[C@:45]([H:46])([H:47])[C@@:48]1([H:49])[H:50])[C@:19]([H:20])([C@@:70]([H:71])([H:72])[H:73])[C@@:21]([H:22])([H:23])[C@:24]([H:25])([H:26])[C@@:27]%11([H:28])[C@@:74]([H:75])([H:76])[H:77])=[C:4]->6([H:5])[C:6]->7([H:7])=[C:8]->8([H:9])[C-:10]->9%10[H:11],[H]C([H])([H])C([H])([H])N(C([H])([H])C([H])([H])[H])C([H])([H])C([H])([H])[H].[H]C1([H])OC([H])([H])C([H])([H])C1([H])[H],CC[C@@H](C(O)=O)C1=CC=C(C)C=C1,CC[C@H](C(O)=O)C1=CC=C(C)C=C1,C/C=C(C(O)=O)\C1=CC=C(C)C=C1,60,50,,,,2
IAW00000500,CAT-35,SOL-5,,,REA-11,[Fe+2]123456789<-[C:3]%10([P:1]%11(->[Rh+:61]%12%13%14(<-[P:2]%15([C:12]->1%16=[C:17]->2([H:18])[C:15]->3([H:16])=[C:14]->4([H:53])[C-:13]->5%16[H:52])[C@:29]([H:30])([C@@:62]([H:63])([H:64])[H:65])[C@:54]([H:57])([H:58])[C@:56]([H:59])([H:60])[C@@:51]%15([H:55])[C@@:66]([H:67])([H:68])[H:69])<-[C:31]1([H:32])=[C:33]->%12([H:34])[C@:35]([H:36])([H:37])[C@@:38]([H:39])([H:40])[C:41]->%13([H:42])=[C:43]->%14([H:44])[C@:45]([H:46])([H:47])[C@@:48]1([H:49])[H:50])[C@:19]([H:20])([C@@:70]([H:71])([H:72])[H:73])[C@@:21]([H:22])([H:23])[C@:24]([H:25])([H:26])[C@@:27]%11([H:28])[C@@:74]([H:75])([H:76])[H:77])=[C:4]->6([H:5])[C:6]->7([H:7])=[C:8]->8([H:9])[C-:10]->9%10[H:11],[H]C([H])([H])C([H])([H])N(C([H])([H])C([H])([H])[H])C([H])([H])C([H])([H])[H].[H]C1([H])OC([H])([H])C([H])([H])C1([H])[H],CC[C@@H](C(O)=O)C1=CC=C(C)C=C1,CC[C@H](C(O)=O)C1=CC=C(C)C=C1,C/C=C(C(O)=O)\C1=CC=C(C)C=C1,60,20,,,,2
IAW00000501,CAT-35,SOL-6,,,REA-11,[Fe+2]123456789<-[C:3]%10([P:1]%11(->[Rh+:61]%12%13%14(<-[P:2]%15([C:12]->1%16=[C:17]->2([H:18])[C:15]->3([H:16])=[C:14]->4([H:53])[C-:13]->5%16[H:52])[C@:29]([H:30])([C@@:62]([H:63])([H:64])[H:65])[C@:54]([H:57])([H:58])[C@:56]([H:59])([H:60])[C@@:51]%15([H:55])[C@@:66]([H:67])([H:68])[H:69])<-[C:31]1([H:32])=[C:33]->%12([H:34])[C@:35]([H:36])([H:37])[C@@:38]([H:39])([H:40])[C:41]->%13([H:42])=[C:43]->%14([H:44])[C@:45]([H:46])([H:47])[C@@:48]1([H:49])[H:50])[C@:19]([H:20])([C@@:70]([H:71])([H:72])[H:73])[C@@:21]([H:22])([H:23])[C@:24]([H:25])([H:26])[C@@:27]%11([H:28])[C@@:74]([H:75])([H:76])[H:77])=[C:4]->6([H:5])[C:6]->7([H:7])=[C:8]->8([H:9])[C-:10]->9%10[H:11],[H]C([H])([H])C([H])([H])N(C([H])([H])C([H])([H])[H])C([H])([H])C([H])([H])[H].[H]OC([H])(C([H])([H])[H])C([H])([H])[H],CC[C@@H](C(O)=O)C1=CC=C(C)C=C1,CC[C@H](C(O)=O)C1=CC=C(C)C=C1,C/C=C(C(O)=O)\C1=CC=C(C)C=C1,60,20,,,,2
IAW00000502,CAT-36,SOL-2,,,REA-11,[Fe+2]123456789<-[C:3]%10([P:1]%11(->[Rh+:61]%12%13%14(<-[P:2]%15([C-:12]->1%16[C:13]->2([H:52])=[C:14]->3([H:53])[C:15]->4([H:16])=[C:17]->5%16[H:18])[C@@:29]([H:30])([C@:66]([H:67])([H:68])[C@@:69]([H:70])([H:71])[H:72])[C@:54]([H:57])([H:58])[C@:56]([H:59])([H:60])[C@:51]%15([H:55])[C@:73]([C@@:62]([H:63])([H:64])[H:65])([H:74])[H:75])<-[C:31]1([H:32])=[C:33]->%12([H:34])[C@:35]([H:36])([H:37])[C@@:38]([H:39])([H:40])[C:41]->%13([H:42])=[C:43]->%14([H:44])[C@:45]([H:46])([H:47])[C@@:48]1([H:49])[H:50])[C@@:19]([H:20])([C@:83]([H:84])([H:85])[C@@:86]([H:87])([H:88])[H:89])[C@@:21]([H:22])([H:23])[C@:24]([H:25])([H:26])[C@:27]%11([H:28])[C@:76]([H:77])([H:78])[C@@:79]([H:80])([H:81])[H:82])=[C:10]->6([H:11])[C-:8]->7([H:9])[C:6]->8([H:7])=[C:4]->9%10[H:5],[H]C([H])([H])C([H])([H])N(C([H])([H])C([H])([H])[H])C([H])([H])C([H])([H])[H].[H]OC([H])([H])[H],CC[C@@H](C(O)=O)C1=CC=C(C)C=C1,CC[C@H](C(O)=O)C1=CC=C(C)C=C1,C/C=C(C(O)=O)\C1=CC=C(C)C=C1,60,20,,,,2
IAW00000503,CAT-36,SOL-4,,,REA-11,[Fe+2]123456789<-[C:3]%10([P:1]%11(->[Rh+:61]%12%13%14(<-[P:2]%15([C-:12]->1%16[C:13]->2([H:52])=[C:14]->3([H:53])[C:15]->4([H:16])=[C:17]->5%16[H:18])[C@@:29]([H:30])([C@:66]([H:67])([H:68])[C@@:69]([H:70])([H:71])[H:72])[C@:54]([H:57])([H:58])[C@:56]([H:59])([H:60])[C@:51]%15([H:55])[C@:73]([C@@:62]([H:63])([H:64])[H:65])([H:74])[H:75])<-[C:31]1([H:32])=[C:33]->%12([H:34])[C@:35]([H:36])([H:37])[C@@:38]([H:39])([H:40])[C:41]->%13([H:42])=[C:43]->%14([H:44])[C@:45]([H:46])([H:47])[C@@:48]1([H:49])[H:50])[C@@:19]([H:20])([C@:83]([H:84])([H:85])[C@@:86]([H:87])([H:88])[H:89])[C@@:21]([H:22])([H:23])[C@:24]([H:25])([H:26])[C@:27]%11([H:28])[C@:76]([H:77])([H:78])[C@@:79]([H:80])([H:81])[H:82])=[C:10]->6([H:11])[C-:8]->7([H:9])[C:6]->8([H:7])=[C:4]->9%10[H:5],[H]C([H])([H])C([H])([H])N(C([H])([H])C([H])([H])[H])C([H])([H])C([H])([H])[H].[H]OC([H])([H])[H].[H]O[H],CC[C@@H](C(O)=O)C1=CC=C(C)C=C1,CC[C@H](C(O)=O)C1=CC=C(C)C=C1,C/C=C(C(O)=O)\C1=CC=C(C)C=C1,60,20,,,,2
IAW00000504,CAT-36,SOL-5,,,REA-11,[Fe+2]123456789<-[C:3]%10([P:1]%11(->[Rh+:61]%12%13%14(<-[P:2]%15([C-:12]->1%16[C:13]->2([H:52])=[C:14]->3([H:53])[C:15]->4([H:16])=[C:17]->5%16[H:18])[C@@:29]([H:30])([C@:66]([H:67])([H:68])[C@@:69]([H:70])([H:71])[H:72])[C@:54]([H:57])([H:58])[C@:56]([H:59])([H:60])[C@:51]%15([H:55])[C@:73]([C@@:62]([H:63])([H:64])[H:65])([H:74])[H:75])<-[C:31]1([H:32])=[C:33]->%12([H:34])[C@:35]([H:36])([H:37])[C@@:38]([H:39])([H:40])[C:41]->%13([H:42])=[C:43]->%14([H:44])[C@:45]([H:46])([H:47])[C@@:48]1([H:49])[H:50])[C@@:19]([H:20])([C@:83]([H:84])([H:85])[C@@:86]([H:87])([H:88])[H:89])[C@@:21]([H:22])([H:23])[C@:24]([H:25])([H:26])[C@:27]%11([H:28])[C@:76]([H:77])([H:78])[C@@:79]([H:80])([H:81])[H:82])=[C:10]->6([H:11])[C-:8]->7([H:9])[C:6]->8([H:7])=[C:4]->9%10[H:5],[H]C([H])([H])C([H])([H])N(C([H])([H])C([H])([H])[H])C([H])([H])C([H])([H])[H].[H]C1([H])OC([H])([H])C([H])([H])C1([H])[H],CC[C@@H](C(O)=O)C1=CC=C(C)C=C1,CC[C@H](C(O)=O)C1=CC=C(C)C=C1,C/C=C(C(O)=O)\C1=CC=C(C)C=C1,60,5,,,,2
IAW00000505,CAT-36,SOL-5,,,REA-11,[Fe+2]123456789<-[C:3]%10([P:1]%11(->[Rh+:61]%12%13%14(<-[P:2]%15([C-:12]->1%16[C:13]->2([H:52])=[C:14]->3([H:53])[C:15]->4([H:16])=[C:17]->5%16[H:18])[C@@:29]([H:30])([C@:66]([H:67])([H:68])[C@@:69]([H:70])([H:71])[H:72])[C@:54]([H:57])([H:58])[C@:56]([H:59])([H:60])[C@:51]%15([H:55])[C@:73]([C@@:62]([H:63])([H:64])[H:65])([H:74])[H:75])<-[C:31]1([H:32])=[C:33]->%12([H:34])[C@:35]([H:36])([H:37])[C@@:38]([H:39])([H:40])[C:41]->%13([H:42])=[C:43]->%14([H:44])[C@:45]([H:46])([H:47])[C@@:48]1([H:49])[H:50])[C@@:19]([H:20])([C@:83]([H:84])([H:85])[C@@:86]([H:87])([H:88])[H:89])[C@@:21]([H:22])([H:23])[C@:24]([H:25])([H:26])[C@:27]%11([H:28])[C@:76]([H:77])([H:78])[C@@:79]([H:80])([H:81])[H:82])=[C:10]->6([H:11])[C-:8]->7([H:9])[C:6]->8([H:7])=[C:4]->9%10[H:5],[H]C([H])([H])C([H])([H])N(C([H])([H])C([H])([H])[H])C([H])([H])C([H])([H])[H].[H]C1([H])OC([H])([H])C([H])([H])C1([H])[H],CC[C@@H](C(O)=O)C1=CC=C(C)C=C1,CC[C@H](C(O)=O)C1=CC=C(C)C=C1,C/C=C(C(O)=O)\C1=CC=C(C)C=C1,60,50,,,,2
IAW00000506,CAT-36,SOL-5,,,REA-11,[Fe+2]123456789<-[C:3]%10([P:1]%11(->[Rh+:61]%12%13%14(<-[P:2]%15([C-:12]->1%16[C:13]->2([H:52])=[C:14]->3([H:53])[C:15]->4([H:16])=[C:17]->5%16[H:18])[C@@:29]([H:30])([C@:66]([H:67])([H:68])[C@@:69]([H:70])([H:71])[H:72])[C@:54]([H:57])([H:58])[C@:56]([H:59])([H:60])[C@:51]%15([H:55])[C@:73]([C@@:62]([H:63])([H:64])[H:65])([H:74])[H:75])<-[C:31]1([H:32])=[C:33]->%12([H:34])[C@:35]([H:36])([H:37])[C@@:38]([H:39])([H:40])[C:41]->%13([H:42])=[C:43]->%14([H:44])[C@:45]([H:46])([H:47])[C@@:48]1([H:49])[H:50])[C@@:19]([H:20])([C@:83]([H:84])([H:85])[C@@:86]([H:87])([H:88])[H:89])[C@@:21]([H:22])([H:23])[C@:24]([H:25])([H:26])[C@:27]%11([H:28])[C@:76]([H:77])([H:78])[C@@:79]([H:80])([H:81])[H:82])=[C:10]->6([H:11])[C-:8]->7([H:9])[C:6]->8([H:7])=[C:4]->9%10[H:5],[H]C([H])([H])C([H])([H])N(C([H])([H])C([H])([H])[H])C([H])([H])C([H])([H])[H].[H]C1([H])OC([H])([H])C([H])([H])C1([H])[H],CC[C@@H](C(O)=O)C1=CC=C(C)C=C1,CC[C@H](C(O)=O)C1=CC=C(C)C=C1,C/C=C(C(O)=O)\C1=CC=C(C)C=C1,60,20,,,,2
IAW00000507,CAT-36,SOL-6,,,REA-11,[Fe+2]123456789<-[C:3]%10([P:1]%11(->[Rh+:61]%12%13%14(<-[P:2]%15([C-:12]->1%16[C:13]->2([H:52])=[C:14]->3([H:53])[C:15]->4([H:16])=[C:17]->5%16[H:18])[C@@:29]([H:30])([C@:66]([H:67])([H:68])[C@@:69]([H:70])([H:71])[H:72])[C@:54]([H:57])([H:58])[C@:56]([H:59])([H:60])[C@:51]%15([H:55])[C@:73]([C@@:62]([H:63])([H:64])[H:65])([H:74])[H:75])<-[C:31]1([H:32])=[C:33]->%12([H:34])[C@:35]([H:36])([H:37])[C@@:38]([H:39])([H:40])[C:41]->%13([H:42])=[C:43]->%14([H:44])[C@:45]([H:46])([H:47])[C@@:48]1([H:49])[H:50])[C@@:19]([H:20])([C@:83]([H:84])([H:85])[C@@:86]([H:87])([H:88])[H:89])[C@@:21]([H:22])([H:23])[C@:24]([H:25])([H:26])[C@:27]%11([H:28])[C@:76]([H:77])([H:78])[C@@:79]([H:80])([H:81])[H:82])=[C:10]->6([H:11])[C-:8]->7([H:9])[C:6]->8([H:7])=[C:4]->9%10[H:5],[H]C([H])([H])C([H])([H])N(C([H])([H])C([H])([H])[H])C([H])([H])C([H])([H])[H].[H]OC([H])(C([H])([H])[H])C([H])([H])[H],CC[C@@H](C(O)=O)C1=CC=C(C)C=C1,CC[C@H](C(O)=O)C1=CC=C(C)C=C1,C/C=C(C(O)=O)\C1=CC=C(C)C=C1,60,20,,,,2
IAW00000508,CAT-37,SOL-2,,,REA-11,[Fe+2]123456789<-[C:3]%10([P:1]%11(->[Rh+:61]%12%13%14(<-[P:2]%15([C:12]->1%16=[C:17]->2([H:18])[C:15]->3([H:16])=[C:14]->4([H:53])[C-:13]->5%16[H:52])[C@@:29]([H:30])([C@@:72]([H:73])([C@@:74]([H:75])([H:76])[H:77])[C@@:78]([H:79])([H:80])[H:81])[C@:54]([H:57])([H:58])[C@:56]([H:59])([H:60])[C@:51]%15([H:55])[C@@:62]([H:63])([C@@:64]([H:65])([H:66])[H:67])[C@@:68]([H:69])([H:70])[H:71])<-[C:31]1([H:32])=[C:33]->%12([H:34])[C@:35]([H:36])([H:37])[C@@:38]([H:39])([H:40])[C:41]->%13([H:42])=[C:43]->%14([H:44])[C@:45]([H:46])([H:47])[C@@:48]1([H:49])[H:50])[C@@:19]([H:20])([C@:91]([H:92])([C@@:93]([H:94])([H:95])[H:96])[C@@:97]([H:98])([H:99])[H:100])[C@@:21]([H:22])([H:23])[C@:24]([H:25])([H:26])[C@:27]%11([H:28])[C@:82]([C@@:83]([H:84])([H:85])[H:86])([C@@:87]([H:88])([H:89])[H:90])[H:101])=[C:4]->6([H:5])[C:6]->7([H:7])=[C:8]->8([H:9])[C-:10]->9%10[H:11],[H]C([H])([H])C([H])([H])N(C([H])([H])C([H])([H])[H])C([H])([H])C([H])([H])[H].[H]OC([H])([H])[H],CC[C@@H](C(O)=O)C1=CC=C(C)C=C1,CC[C@H](C(O)=O)C1=CC=C(C)C=C1,C/C=C(C(O)=O)\C1=CC=C(C)C=C1,60,20,,,,2
IAW00000509,CAT-37,SOL-4,,,REA-11,[Fe+2]123456789<-[C:3]%10([P:1]%11(->[Rh+:61]%12%13%14(<-[P:2]%15([C:12]->1%16=[C:17]->2([H:18])[C:15]->3([H:16])=[C:14]->4([H:53])[C-:13]->5%16[H:52])[C@@:29]([H:30])([C@@:72]([H:73])([C@@:74]([H:75])([H:76])[H:77])[C@@:78]([H:79])([H:80])[H:81])[C@:54]([H:57])([H:58])[C@:56]([H:59])([H:60])[C@:51]%15([H:55])[C@@:62]([H:63])([C@@:64]([H:65])([H:66])[H:67])[C@@:68]([H:69])([H:70])[H:71])<-[C:31]1([H:32])=[C:33]->%12([H:34])[C@:35]([H:36])([H:37])[C@@:38]([H:39])([H:40])[C:41]->%13([H:42])=[C:43]->%14([H:44])[C@:45]([H:46])([H:47])[C@@:48]1([H:49])[H:50])[C@@:19]([H:20])([C@:91]([H:92])([C@@:93]([H:94])([H:95])[H:96])[C@@:97]([H:98])([H:99])[H:100])[C@@:21]([H:22])([H:23])[C@:24]([H:25])([H:26])[C@:27]%11([H:28])[C@:82]([C@@:83]([H:84])([H:85])[H:86])([C@@:87]([H:88])([H:89])[H:90])[H:101])=[C:4]->6([H:5])[C:6]->7([H:7])=[C:8]->8([H:9])[C-:10]->9%10[H:11],[H]C([H])([H])C([H])([H])N(C([H])([H])C([H])([H])[H])C([H])([H])C([H])([H])[H].[H]OC([H])([H])[H].[H]O[H],CC[C@@H](C(O)=O)C1=CC=C(C)C=C1,CC[C@H](C(O)=O)C1=CC=C(C)C=C1,C/C=C(C(O)=O)\C1=CC=C(C)C=C1,60,20,,,,2
IAW00000510,CAT-37,SOL-5,,,REA-11,[Fe+2]123456789<-[C:3]%10([P:1]%11(->[Rh+:61]%12%13%14(<-[P:2]%15([C:12]->1%16=[C:17]->2([H:18])[C:15]->3([H:16])=[C:14]->4([H:53])[C-:13]->5%16[H:52])[C@@:29]([H:30])([C@@:72]([H:73])([C@@:74]([H:75])([H:76])[H:77])[C@@:78]([H:79])([H:80])[H:81])[C@:54]([H:57])([H:58])[C@:56]([H:59])([H:60])[C@:51]%15([H:55])[C@@:62]([H:63])([C@@:64]([H:65])([H:66])[H:67])[C@@:68]([H:69])([H:70])[H:71])<-[C:31]1([H:32])=[C:33]->%12([H:34])[C@:35]([H:36])([H:37])[C@@:38]([H:39])([H:40])[C:41]->%13([H:42])=[C:43]->%14([H:44])[C@:45]([H:46])([H:47])[C@@:48]1([H:49])[H:50])[C@@:19]([H:20])([C@:91]([H:92])([C@@:93]([H:94])([H:95])[H:96])[C@@:97]([H:98])([H:99])[H:100])[C@@:21]([H:22])([H:23])[C@:24]([H:25])([H:26])[C@:27]%11([H:28])[C@:82]([C@@:83]([H:84])([H:85])[H:86])([C@@:87]([H:88])([H:89])[H:90])[H:101])=[C:4]->6([H:5])[C:6]->7([H:7])=[C:8]->8([H:9])[C-:10]->9%10[H:11],[H]C([H])([H])C([H])([H])N(C([H])([H])C([H])([H])[H])C([H])([H])C([H])([H])[H].[H]C1([H])OC([H])([H])C([H])([H])C1([H])[H],CC[C@@H](C(O)=O)C1=CC=C(C)C=C1,CC[C@H](C(O)=O)C1=CC=C(C)C=C1,C/C=C(C(O)=O)\C1=CC=C(C)C=C1,60,5,,,,2
IAW00000511,CAT-37,SOL-5,,,REA-11,[Fe+2]123456789<-[C:3]%10([P:1]%11(->[Rh+:61]%12%13%14(<-[P:2]%15([C:12]->1%16=[C:17]->2([H:18])[C:15]->3([H:16])=[C:14]->4([H:53])[C-:13]->5%16[H:52])[C@@:29]([H:30])([C@@:72]([H:73])([C@@:74]([H:75])([H:76])[H:77])[C@@:78]([H:79])([H:80])[H:81])[C@:54]([H:57])([H:58])[C@:56]([H:59])([H:60])[C@:51]%15([H:55])[C@@:62]([H:63])([C@@:64]([H:65])([H:66])[H:67])[C@@:68]([H:69])([H:70])[H:71])<-[C:31]1([H:32])=[C:33]->%12([H:34])[C@:35]([H:36])([H:37])[C@@:38]([H:39])([H:40])[C:41]->%13([H:42])=[C:43]->%14([H:44])[C@:45]([H:46])([H:47])[C@@:48]1([H:49])[H:50])[C@@:19]([H:20])([C@:91]([H:92])([C@@:93]([H:94])([H:95])[H:96])[C@@:97]([H:98])([H:99])[H:100])[C@@:21]([H:22])([H:23])[C@:24]([H:25])([H:26])[C@:27]%11([H:28])[C@:82]([C@@:83]([H:84])([H:85])[H:86])([C@@:87]([H:88])([H:89])[H:90])[H:101])=[C:4]->6([H:5])[C:6]->7([H:7])=[C:8]->8([H:9])[C-:10]->9%10[H:11],[H]C([H])([H])C([H])([H])N(C([H])([H])C([H])([H])[H])C([H])([H])C([H])([H])[H].[H]C1([H])OC([H])([H])C([H])([H])C1([H])[H],CC[C@@H](C(O)=O)C1=CC=C(C)C=C1,CC[C@H](C(O)=O)C1=CC=C(C)C=C1,C/C=C(C(O)=O)\C1=CC=C(C)C=C1,60,50,,,,2
IAW00000512,CAT-37,SOL-5,,,REA-11,[Fe+2]123456789<-[C:3]%10([P:1]%11(->[Rh+:61]%12%13%14(<-[P:2]%15([C:12]->1%16=[C:17]->2([H:18])[C:15]->3([H:16])=[C:14]->4([H:53])[C-:13]->5%16[H:52])[C@@:29]([H:30])([C@@:72]([H:73])([C@@:74]([H:75])([H:76])[H:77])[C@@:78]([H:79])([H:80])[H:81])[C@:54]([H:57])([H:58])[C@:56]([H:59])([H:60])[C@:51]%15([H:55])[C@@:62]([H:63])([C@@:64]([H:65])([H:66])[H:67])[C@@:68]([H:69])([H:70])[H:71])<-[C:31]1([H:32])=[C:33]->%12([H:34])[C@:35]([H:36])([H:37])[C@@:38]([H:39])([H:40])[C:41]->%13([H:42])=[C:43]->%14([H:44])[C@:45]([H:46])([H:47])[C@@:48]1([H:49])[H:50])[C@@:19]([H:20])([C@:91]([H:92])([C@@:93]([H:94])([H:95])[H:96])[C@@:97]([H:98])([H:99])[H:100])[C@@:21]([H:22])([H:23])[C@:24]([H:25])([H:26])[C@:27]%11([H:28])[C@:82]([C@@:83]([H:84])([H:85])[H:86])([C@@:87]([H:88])([H:89])[H:90])[H:101])=[C:4]->6([H:5])[C:6]->7([H:7])=[C:8]->8([H:9])[C-:10]->9%10[H:11],[H]C([H])([H])C([H])([H])N(C([H])([H])C([H])([H])[H])C([H])([H])C([H])([H])[H].[H]C1([H])OC([H])([H])C([H])([H])C1([H])[H],CC[C@@H](C(O)=O)C1=CC=C(C)C=C1,CC[C@H](C(O)=O)C1=CC=C(C)C=C1,C/C=C(C(O)=O)\C1=CC=C(C)C=C1,60,20,,,,2
IAW00000513,CAT-37,SOL-6,,,REA-11,[Fe+2]123456789<-[C:3]%10([P:1]%11(->[Rh+:61]%12%13%14(<-[P:2]%15([C:12]->1%16=[C:17]->2([H:18])[C:15]->3([H:16])=[C:14]->4([H:53])[C-:13]->5%16[H:52])[C@@:29]([H:30])([C@@:72]([H:73])([C@@:74]([H:75])([H:76])[H:77])[C@@:78]([H:79])([H:80])[H:81])[C@:54]([H:57])([H:58])[C@:56]([H:59])([H:60])[C@:51]%15([H:55])[C@@:62]([H:63])([C@@:64]([H:65])([H:66])[H:67])[C@@:68]([H:69])([H:70])[H:71])<-[C:31]1([H:32])=[C:33]->%12([H:34])[C@:35]([H:36])([H:37])[C@@:38]([H:39])([H:40])[C:41]->%13([H:42])=[C:43]->%14([H:44])[C@:45]([H:46])([H:47])[C@@:48]1([H:49])[H:50])[C@@:19]([H:20])([C@:91]([H:92])([C@@:93]([H:94])([H:95])[H:96])[C@@:97]([H:98])([H:99])[H:100])[C@@:21]([H:22])([H:23])[C@:24]([H:25])([H:26])[C@:27]%11([H:28])[C@:82]([C@@:83]([H:84])([H:85])[H:86])([C@@:87]([H:88])([H:89])[H:90])[H:101])=[C:4]->6([H:5])[C:6]->7([H:7])=[C:8]->8([H:9])[C-:10]->9%10[H:11],[H]C([H])([H])C([H])([H])N(C([H])([H])C([H])([H])[H])C([H])([H])C([H])([H])[H].[H]OC([H])(C([H])([H])[H])C([H])([H])[H],CC[C@@H](C(O)=O)C1=CC=C(C)C=C1,CC[C@H](C(O)=O)C1=CC=C(C)C=C1,C/C=C(C(O)=O)\C1=CC=C(C)C=C1,60,20,,,,2
IAW00000514,CAT-40,SOL-2,,,REA-11,[Rh+]1234(<-[P:1]([C@@:25]([H:26])([H:27])[C@:28]([P:2]->1([C:56]1=[C:64]([H:65])[C:62]([H:63])=[C:60]([H:61])[C:58]([H:59])=[C:57]1[O:4][C@:66]([H:67])([H:68])[H:69])[C:70]1=[C:79]([H:80])[C:77]([H:78])=[C:75]([H:76])[C:73]([H:74])=[C:71]1[H:72])([H:29])[H:30])([C:31]1=[C:39]([H:40])[C:37]([H:38])=[C:35]([H:36])[C:33]([H:34])=[C:32]1[O:3][C@:41]([H:42])([H:43])[H:44])[C:45]1=[C:54]([H:55])[C:52]([H:53])=[C:50]([H:51])[C:48]([H:49])=[C:46]1[H:47])<-[C:5]1([H:6])=[C:7]->2([H:8])[C@@:9]([H:10])([H:11])[C@:12]([H:13])([H:14])[C:15]->3([H:16])=[C:17]->4([H:18])[C@@:19]([H:20])([H:21])[C@:22]1([H:23])[H:24],[H]C([H])([H])C([H])([H])N(C([H])([H])C([H])([H])[H])C([H])([H])C([H])([H])[H].[H]OC([H])([H])[H],CC[C@@H](C(O)=O)C1=CC=C(C)C=C1,CC[C@H](C(O)=O)C1=CC=C(C)C=C1,C/C=C(C(O)=O)\C1=CC=C(C)C=C1,60,20,,,,2
IAW00000515,CAT-41,SOL-2,,,REA-11,[Rh+]1234(<-[P:1]([C:21]5=[C:24]([C:25]6=[C:40]([P:2]->1([C:57]1=[C:78]([H:88])[C:89]([H:96])=[C:90]([H:97])[C:79]([H:91])=[C:58]1[H:59])[C:60]1=[C:61]([H:62])[C:63]([H:64])=[C:65]([H:66])[C:67]([H:68])=[C:69]1[H:70])[C:38]([H:39])=[C:36]([H:37])[C:35]1=[C:26]6[C:27]([H:28])=[C:29]([H:30])[C:31]([H:32])=[C:33]1[H:34])[C:74]1=[C:82]([C:81]([H:92])=[C:73]5[H:80])[C:93]([H:98])=[C:84]([H:94])[C:75]([H:83])=[C:22]1[H:23])([C:41]1=[C:42]([H:43])[C:44]([H:45])=[C:46]([H:47])[C:48]([H:49])=[C:50]1[H:51])[C:52]1=[C:53]([H:54])[C:55]([H:56])=[C:77]([H:87])[C:86]([H:95])=[C:76]1[H:85])<-[C:3]1([H:4])=[C:5]->2([H:6])[C@@:7]([H:8])([H:71])[C@@:9]([H:10])([H:72])[C:11]->3([H:12])=[C:13]->4([H:14])[C@:15]([H:16])([H:17])[C@@:18]1([H:19])[H:20],[H]C([H])([H])C([H])([H])N(C([H])([H])C([H])([H])[H])C([H])([H])C([H])([H])[H].[H]OC([H])([H])[H],CC[C@@H](C(O)=O)C1=CC=C(C)C=C1,CC[C@H](C(O)=O)C1=CC=C(C)C=C1,C/C=C(C(O)=O)\C1=CC=C(C)C=C1,60,20,,,,2
IAW00000516,CAT-42,SOL-2,,,REA-11,[Rh+2]123<-[O:44]=[C:52]([O-:45]->[Rh+2:1](<-[O:47]=[C:68]([O-:46]->1)[C@:69]([N:13]1[C:16](=[O:14])[C:17]4=[C:26]([C:24]([H:25])=[C:22]([H:23])[C:20]([H:21])=[C:18]4[H:19])[C:27]1=[O:15])([H:70])[C@@:71]([C@:72]([H:73])([H:74])[H:75])([C@:76]([H:77])([H:78])[H:79])[C@:80]([H:81])([H:82])[H:83])(<-[O-:49][C:84](=[O:48]->2)[C@:85]([N:28]1[C:31](=[O:29])[C:32]2=[C:40]([C:39]([H:118])=[C:37]([H:38])[C:35]([H:36])=[C:33]2[H:34])[C:41]1=[O:30])([H:86])[C@:87]([C@:88]([H:89])([H:90])[H:91])([C@:92]([H:93])([H:94])[H:95])[C@:96]([H:97])([H:98])[H:99])<-[O-:51][C:100](=[O:50]->3)[C@:101]([N:42]1[C:119](=[O:123])[C:124]2=[C:125]([C:120]1=[O:43])[C:127]([H:130])=[C:131]([H:133])[C:128]([H:132])=[C:126]2[H:129])([H:102])[C@@:103]([C@:104]([H:105])([H:106])[H:107])([C@:108]([H:109])([H:110])[H:111])[C@:112]([H:113])([H:114])[H:115])[C@:53]([N:2]1[C:5](=[O:3])[C:6]2=[C:11]([C:9]([H:10])=[C:117]([H:122])[C:116]([H:121])=[C:7]2[H:8])[C:12]1=[O:4])([H:54])[C@:55]([C@:56]([H:57])([H:58])[H:59])([C@:60]([H:61])([H:62])[H:63])[C@:64]([H:65])([H:66])[H:67],[H]C([H])([H])C([H])([H])N(C([H])([H])C([H])([H])[H])C([H])([H])C([H])([H])[H].[H]OC([H])([H])[H],CC[C@@H](C(O)=O)C1=CC=C(C)C=C1,CC[C@H](C(O)=O)C1=CC=C(C)C=C1,C/C=C(C(O)=O)\C1=CC=C(C)C=C1,60,20,,,,2
IAW00000517,CAT-43,SOL-2,,,REA-11,[Rh+2]123<-[O:10]=[C:20]([O-:12]->[Rh+2:1](<-[O:13]=[C:21]([O-:11]->1)[C@:23]([N:19]1[C:49](=[O:15])[C:51]4=[C:61]([C:59]([Cl:9])=[C:57]([Cl:7])[C:55]([Cl:5])=[C:53]4[Cl:3])[C:63]1=[O:17])([H:25])[C@:27]([C@:29]([H:31])([H:33])[H:69])([C@:35]([H:37])([H:39])[H:41])[C@:43]([H:45])([H:47])[H:71])(<-[O:66]=[C:72]([O-:64]->2)[C@:74]([C@@:76]([C@:82]([H:92])([H:93])[H:94])([C@:83]([H:95])([H:96])[H:97])[C@:84]([H:98])([H:99])[H:100])([N:77]1[C:85](=[O:102])[C:101]2=[C:103]([C:86]1=[O:104])[C:119]([Cl:125])=[C:124]([Cl:131])[C:122]([Cl:130])=[C:118]2[Cl:123])[H:78])<-[O-:67][C:73](=[O:65]->3)[C@@:75]([N:79]1[C:87](=[O:105])[C:106]2=[C:107]([C:88]1=[O:108])[C:121]([Cl:129])=[C:128]([Cl:133])[C:127]([Cl:132])=[C:120]2[Cl:126])([C@:80]([C@:89]([H:109])([H:110])[H:111])([C@@:90]([H:112])([H:113])[H:114])[C@:91]([H:115])([H:116])[H:117])[H:81])[C@:22]([N:18]1[C:48](=[O:14])[C:50]2=[C:60]([C:58]([Cl:8])=[C:56]([Cl:6])[C:54]([Cl:4])=[C:52]2[Cl:2])[C:62]1=[O:16])([H:24])[C@:26]([C@:28]([H:30])([H:32])[H:68])([C@:34]([H:36])([H:38])[H:40])[C@:42]([H:44])([H:46])[H:70],[H]C([H])([H])C([H])([H])N(C([H])([H])C([H])([H])[H])C([H])([H])C([H])([H])[H].[H]OC([H])([H])[H],CC[C@@H](C(O)=O)C1=CC=C(C)C=C1,CC[C@H](C(O)=O)C1=CC=C(C)C=C1,C/C=C(C(O)=O)\C1=CC=C(C)C=C1,60,20,,,,2
IAW00000518,CAT-44,SOL-2,,,REA-11,[Rh+2]123<-[O-:6][C:26](=[O:7]->[Rh+2:1](<-[O-:11][C:48](=[O:10]->1)[C@@:49]1([H:50])[N:23]([S@@:3](=[O:12])(=[O:13])[C:60]4=[C:68]([H:69])[C:66]([H:67])=[C:65]([C@@:114]([H:115])([H:116])[C@:117]([H:118])([H:119])[C@@:120]([H:121])([H:122])[C@:123]([H:124])([H:125])[C@@:126]([H:127])([H:128])[C@:129]([H:130])([H:131])[C@:132]([H:133])([H:134])[C@:135]([H:136])([H:137])[C@:138]([H:139])([H:140])[C@:141]([H:142])([H:143])[C@:144]([H:145])([H:146])[C@@:147]([H:148])([H:149])[H:150])[C:63]([H:64])=[C:61]4[H:62])[C@:57]([H:58])([H:59])[C@:54]([H:55])([H:56])[C@@:51]1([H:52])[H:53])(<-[O:15]=[C:70]([O-:14]->2)[C@@:71]1([H:72])[N:24]([S@:4](=[O:16])(=[O:17])[C:82]2=[C:90]([H:91])[C:88]([H:89])=[C:87]([C@:225]([H:226])([H:227])[C@@:228]([H:229])([H:230])[C@:231]([H:232])([H:233])[C@@:234]([H:235])([H:236])[C@:237]([H:238])([H:239])[C@@:240]([H:241])([H:242])[C@@:243]([H:244])([H:245])[C@@:246]([H:247])([H:248])[C@:249]([H:250])([H:251])[C@@:252]([H:253])([H:254])[C@:255]([H:256])([H:257])[C@@:258]([H:259])([H:260])[H:261])[C:85]([H:86])=[C:83]2[H:84])[C@:79]([H:80])([H:81])[C@:76]([H:77])([H:78])[C@:73]1([H:74])[H:75])<-[O-:19][C:92](=[O:18]->3)[C@@:93]1([H:94])[N:25]([S@:5](=[O:20])(=[O:21])[C:104]2=[C:105]([H:106])[C:107]([H:108])=[C:109]([C@@:188]([H:189])([H:190])[C@@:191]([H:192])([H:193])[C@@:194]([H:195])([H:196])[C@@:197]([H:198])([H:199])[C@@:200]([H:201])([H:202])[C@:203]([H:204])([H:205])[C@@:206]([H:207])([H:208])[C@:209]([H:210])([H:211])[C@@:212]([H:213])([H:214])[C@@:215]([H:216])([H:217])[C@@:218]([H:219])([H:220])[C@@:221]([H:222])([H:223])[H:224])[C:110]([H:111])=[C:112]2[H:113])[C@:101]([H:102])([H:103])[C@:98]([H:99])([H:100])[C@:95]1([H:96])[H:97])[C@@:27]1([H:28])[N:22]([S@@:2](=[O:8])(=[O:9])[C:38]2=[C:39]([H:40])[C:41]([H:42])=[C:43]([C@@:151]([H:152])([H:153])[C@:154]([H:155])([H:156])[C@@:157]([H:158])([H:159])[C@:160]([H:161])([H:162])[C@@:163]([H:164])([H:165])[C@:166]([H:167])([H:168])[C@@:169]([H:170])([H:171])[C@:172]([H:173])([H:174])[C@@:175]([H:176])([H:177])[C@:178]([H:179])([H:180])[C@@:181]([H:182])([H:183])[C@@:184]([H:185])([H:186])[H:187])[C:44]([H:45])=[C:46]2[H:47])[C@:35]([H:36])([H:37])[C@@:32]([H:33])([H:34])[C@:29]1([H:30])[H:31],[H]C([H])([H])C([H])([H])N(C([H])([H])C([H])([H])[H])C([H])([H])C([H])([H])[H].[H]OC([H])([H])[H],CC[C@@H](C(O)=O)C1=CC=C(C)C=C1,CC[C@H](C(O)=O)C1=CC=C(C)C=C1,C/C=C(C(O)=O)\C1=CC=C(C)C=C1,60,20,,,,2
IAW00000519,CAT-45,SOL-1,,,REA-11,[P]12([C@@:22]([C@:23]([P:1]3(->[Co+2:42]<-145(<-[O:3]=[C:40]([O-:5]->4)[C@:130]([H:131])([H:132])[C@:133]([H:134])([H:135])[C@@:136]([H:137])([H:138])[C@:139]([H:140])([H:141])[C@@:142]([H:143])([H:144])[C@:145]([H:146])([H:147])[C@@:148]([H:149])([H:150])[C@:151]([H:152])([H:153])[C@@:154]([H:155])([H:156])[C@:157]([H:158])([H:159])[C@:160]([H:161])([H:162])[C@:163]([H:164])([H:165])[C@@:166]([H:167])([H:168])[C@:169]([H:170])([H:171])[C@@:172]([H:173])([H:174])[C@:175]([H:176])([H:177])[C@@:178]([H:179])([H:180])[H:181])<-[O-:7][C:41](=[O:9]->5)[C@:78]([H:79])([H:80])[C@:81]([H:82])([H:83])[C@:84]([H:85])([H:86])[C@@:87]([H:88])([H:89])[C@:90]([H:91])([H:92])[C@:93]([H:94])([H:95])[C@:96]([H:97])([H:98])[C@:99]([H:100])([H:101])[C@:102]([H:103])([H:104])[C@:105]([H:106])([H:107])[C@@:108]([H:109])([H:110])[C@:111]([H:112])([H:113])[C@@:114]([H:115])([H:116])[C@:117]([H:118])([H:119])[C@@:120]([H:121])([H:122])[C@:123]([H:124])([H:125])[C@@:126]([H:127])([H:128])[H:129])[C@@:24]([C:28]1=[C:33]([H:60])[C:32]([H:59])=[C:31]([H:58])[C:30]([H:57])=[C:29]1[H:56])([H:54])[C@:25]([H:74])([H:75])[C@@:26]([H:76])([H:77])[C@:27]3([C:34]1=[C:35]([H:61])[C:36]([H:62])=[C:37]([H:63])[C:38]([H:64])=[C:39]1[H:65])[H:55])([H:72])[H:73])([H:70])[H:71])[C@@:2]([C:10]1=[C:11]([H:45])[C:12]([H:182])=[C:13]([H:46])[C:14]([H:47])=[C:15]1[H:48])([H:43])[C@:4]([H:66])([H:67])[C@:6]([H:68])([H:69])[C@:8]2([C:16]1=[C:17]([H:49])[C:18]([H:50])=[C:19]([H:51])[C:20]([H:52])=[C:21]1[H:53])[H:44],[H]OC([H])([H])[H],CC[C@@H](C(O)=O)C1=CC=C(C)C=C1,CC[C@H](C(O)=O)C1=CC=C(C)C=C1,C/C=C(C(O)=O)\C1=CC=C(C)C=C1,50,60,,,,2
IAW00000520,CAT-45,SOL-8,,,REA-11,[P]12([C@@:22]([C@:23]([P:1]3(->[Co+2:42]<-145(<-[O:3]=[C:40]([O-:5]->4)[C@:130]([H:131])([H:132])[C@:133]([H:134])([H:135])[C@@:136]([H:137])([H:138])[C@:139]([H:140])([H:141])[C@@:142]([H:143])([H:144])[C@:145]([H:146])([H:147])[C@@:148]([H:149])([H:150])[C@:151]([H:152])([H:153])[C@@:154]([H:155])([H:156])[C@:157]([H:158])([H:159])[C@:160]([H:161])([H:162])[C@:163]([H:164])([H:165])[C@@:166]([H:167])([H:168])[C@:169]([H:170])([H:171])[C@@:172]([H:173])([H:174])[C@:175]([H:176])([H:177])[C@@:178]([H:179])([H:180])[H:181])<-[O-:7][C:41](=[O:9]->5)[C@:78]([H:79])([H:80])[C@:81]([H:82])([H:83])[C@:84]([H:85])([H:86])[C@@:87]([H:88])([H:89])[C@:90]([H:91])([H:92])[C@:93]([H:94])([H:95])[C@:96]([H:97])([H:98])[C@:99]([H:100])([H:101])[C@:102]([H:103])([H:104])[C@:105]([H:106])([H:107])[C@@:108]([H:109])([H:110])[C@:111]([H:112])([H:113])[C@@:114]([H:115])([H:116])[C@:117]([H:118])([H:119])[C@@:120]([H:121])([H:122])[C@:123]([H:124])([H:125])[C@@:126]([H:127])([H:128])[H:129])[C@@:24]([C:28]1=[C:33]([H:60])[C:32]([H:59])=[C:31]([H:58])[C:30]([H:57])=[C:29]1[H:56])([H:54])[C@:25]([H:74])([H:75])[C@@:26]([H:76])([H:77])[C@:27]3([C:34]1=[C:35]([H:61])[C:36]([H:62])=[C:37]([H:63])[C:38]([H:64])=[C:39]1[H:65])[H:55])([H:72])[H:73])([H:70])[H:71])[C@@:2]([C:10]1=[C:11]([H:45])[C:12]([H:182])=[C:13]([H:46])[C:14]([H:47])=[C:15]1[H:48])([H:43])[C@:4]([H:66])([H:67])[C@:6]([H:68])([H:69])[C@:8]2([C:16]1=[C:17]([H:49])[C:18]([H:50])=[C:19]([H:51])[C:20]([H:52])=[C:21]1[H:53])[H:44],[H]OC(C([H])([H])[H])(C([H])([H])[H])C([H])([H])[H],CC[C@@H](C(O)=O)C1=CC=C(C)C=C1,CC[C@H](C(O)=O)C1=CC=C(C)C=C1,C/C=C(C(O)=O)\C1=CC=C(C)C=C1,40,80,,,,2
IAW00000521,CAT-46,SOL-8,,,REA-11,[P]12([C:12]3=[C:2]([H:54])[C:3]([H:4])=[C:5]([H:6])[C:7]([H:8])=[C:9]3[P:1]3(->[Co+2:76]<-1(<-[O-:71][C:72](=[O:75])[C@@:79]([H:80])([H:81])[C@@:82]([H:83])([H:84])[C@:85]([H:86])([H:87])[C@@:88]([H:89])([H:90])[C@:91]([H:92])([H:93])[C@@:94]([H:95])([H:96])[C@:97]([H:98])([H:99])[C@@:100]([H:101])([H:102])[C@:103]([H:104])([H:105])[C@@:106]([H:107])([H:108])[C@@:109]([H:110])([H:111])[C@@:112]([H:113])([H:114])[C@:115]([H:116])([H:117])[C@:118]([H:119])([H:120])[C@:121]([H:122])([H:123])[C@:124]([H:125])([H:126])[C@@:127]([H:128])([H:129])[H:130])<-[O-:73][C:74](=[O:78])[C@@:131]([H:132])([H:133])[C@@:134]([H:135])([H:136])[C@:137]([H:138])([H:139])[C@@:140]([H:141])([H:142])[C@:143]([H:144])([H:145])[C@@:146]([H:147])([H:148])[C@:149]([H:150])([H:151])[C@@:152]([H:153])([H:154])[C@:155]([H:156])([H:157])[C@@:158]([H:159])([H:160])[C@:161]([H:162])([H:163])[C@@:164]([H:165])([H:166])[C@:167]([H:168])([H:169])[C@@:170]([H:171])([H:172])[C@:173]([H:174])([H:175])[C@@:176]([H:177])([H:178])[C@@:179]([H:180])([H:181])[H:182])[C@@:24]([H:25])([C@:34]([H:35])([C@:36]([H:37])([H:38])[H:77])[C@:39]([H:40])([H:41])[H:42])[C@:26]([H:27])([H:28])[C@@:29]([H:30])([H:31])[C@:32]3([H:33])[C@@:43]([H:44])([C@:45]([H:46])([H:47])[H:48])[C@:49]([H:50])([H:51])[H:52])[C@@:10]([H:11])([C@@:15]([H:16])([C@:17]([H:18])([H:19])[H:56])[C@:20]([H:21])([H:22])[H:23])[C@@:55]([H:60])([H:61])[C@:57]([H:62])([H:63])[C@@:53]2([C@@:58]([H:13])([C@:64]([H:66])([H:67])[H:68])[C@:65]([H:14])([H:69])[H:70])[H:59],[H]OC(C([H])([H])[H])(C([H])([H])[H])C([H])([H])[H],CC[C@@H](C(O)=O)C1=CC=C(C)C=C1,CC[C@H](C(O)=O)C1=CC=C(C)C=C1,C/C=C(C(O)=O)\C1=CC=C(C)C=C1,40,80,,,,2
IAW00000522,CAT-47,SOL-8,,,REA-11,[Fe+2]123456789<-[C:3]%10([P:1]%11(->[Co+2:41](<-[P:2]%12([C:12]->1%13=[C:17]->2([H:18])[C:15]->3([H:16])=[C:14]->4([H:33])[C-:13]->5%13[H:32])[C@:29]([H:30])([C@@:148]([H:149])([H:150])[H:151])[C@:34]([H:37])([H:38])[C@:36]([H:39])([H:40])[C@@:31]%12([H:35])[C@@:156]([H:157])([H:158])[H:159])(<-[O-:42][C:45]([C@@:160]([C@@:46]([H:47])([H:48])[C@:49]([H:50])([H:51])[C@@:52]([H:53])([H:54])[C@:55]([H:56])([H:57])[C@@:58]([H:59])([H:60])[C@:61]([H:62])([H:63])[C@@:64]([H:65])([H:66])[C@:67]([H:68])([H:69])[C@@:70]([H:71])([H:72])[C@:73]([H:74])([H:75])[C@@:76]([H:77])([H:78])[C@:79]([H:80])([H:81])[C@@:82]([H:83])([H:84])[C@@:85]([H:86])([H:87])[C@@:88]([H:89])([H:90])[C@@:91]([H:92])([H:93])[H:94])([H:166])[H:167])=[O:165])<-[O-:43][C:44]([C@@:161]([C@@:95]([H:96])([H:97])[C@@:98]([H:99])([H:100])[C@:101]([H:102])([H:103])[C@@:104]([H:105])([H:106])[C@:107]([H:108])([H:109])[C@@:110]([H:111])([H:112])[C@:113]([H:114])([H:115])[C@@:116]([H:117])([H:118])[C@@:119]([H:120])([H:121])[C@@:122]([H:123])([H:124])[C@@:125]([H:126])([H:127])[C@:128]([H:129])([H:130])[C@@:131]([H:132])([H:133])[C@:134]([H:135])([H:136])[C@:137]([H:138])([H:139])[C@@:140]([H:141])([H:142])[H:143])([H:162])[H:163])=[O:164])[C@:19]([H:20])([C@@:144]([H:145])([H:146])[H:147])[C@@:21]([H:22])([H:23])[C@:24]([H:25])([H:26])[C@@:27]%11([H:28])[C@@:152]([H:153])([H:154])[H:155])=[C:4]->6([H:5])[C:6]->7([H:7])=[C:8]->8([H:9])[C-:10]->9%10[H:11],[H]OC(C([H])([H])[H])(C([H])([H])[H])C([H])([H])[H],CC[C@@H](C(O)=O)C1=CC=C(C)C=C1,CC[C@H](C(O)=O)C1=CC=C(C)C=C1,C/C=C(C(O)=O)\C1=CC=C(C)C=C1,40,80,,,,2
IAW00000523,CAT-48,SOL-1,,,REA-11,[Co+2]123<-[O-:1][C:7](=[C:8]([C:9](=[N:5]->1[C@@:10]([C@:11]([N:6]->2=[C:12]([C:13](=[C:14]([O-:2]->3)[C@@:37]([H:71])([H:72])[H:74])[C:35](=[O:4])[C@@:36]([H:68])([H:69])[H:70])[H:41])([C:26]1=[C:31]([C@@:34]([H:65])([H:66])[H:67])[C:30]([H:58])=[C:29]([C@@:33]([H:62])([H:63])[H:64])[C:28]([H:57])=[C:27]1[C@@:32]([H:59])([H:60])[H:61])[H:40])([C:17]1=[C:22]([C@@:25]([H:54])([H:55])[H:56])[C:21]([H:47])=[C:20]([C@@:24]([H:51])([H:52])[H:53])[C:19]([H:46])=[C:18]1[C@@:23]([H:48])([H:49])[H:50])[H:39])[H:38])[C:15](=[O:3])[C@@:16]([H:43])([H:44])[H:45])[C@:73]([H:42])([H:75])[H:76],[H]OC([H])([H])[H],CC[C@@H](C(O)=O)C1=CC=C(C)C=C1,CC[C@H](C(O)=O)C1=CC=C(C)C=C1,C/C=C(C(O)=O)\C1=CC=C(C)C=C1,50,60,,,,2
IAW00000524,CAT-49,SOL-1,,,REA-11,[N]12=[C:10]([C:9]3=[C:4]([O-:1]->[Co+2:40]<-14<-[N:2]([C@@:16]1([H:53])[C@@:11]2([H:44])[C@@:12]([H:45])([H:46])[C@:13]([H:47])([H:48])[C@@:14]([H:49])([H:50])[C@@:15]1([H:51])[H:52])=[C:17]([C:18]1=[C:23]([O-:3]->4)[C:22]([C@@:36]([C@@:37]([H:84])([H:85])[H:86])([C@@:38]([H:87])([H:88])[H:89])[C@@:39]([H:90])([H:91])[H:92])=[C:21]([H:56])[C:20]([C@@:32]([C@@:33]([H:75])([H:76])[H:77])([C@@:34]([H:78])([H:79])[H:80])[C@@:35]([H:81])([H:82])[H:83])=[C:19]1[H:55])[H:54])[C:5]([C@:24]([C@@:25]([H:57])([H:58])[H:59])([C@@:26]([H:60])([H:61])[H:62])[C@@:27]([H:63])([H:64])[H:65])=[C:6]([H:41])[C:7]([C@@:28]([C@@:29]([H:66])([H:67])[H:68])([C@@:30]([H:69])([H:70])[H:71])[C@@:31]([H:72])([H:73])[H:74])=[C:8]3[H:42])[H:43],[H]OC([H])([H])[H],CC[C@@H](C(O)=O)C1=CC=C(C)C=C1,CC[C@H](C(O)=O)C1=CC=C(C)C=C1,C/C=C(C(O)=O)\C1=CC=C(C)C=C1,50,60,,,,2
IAW00000525,CAT-50,SOL-1,,,REA-11,[Co+3]123(<-[Cl-:1])<-[O-:2][C:59]4=[C:62]([C@:11]([C@:12]([H:13])([H:14])[H:63])([C@:15]([H:16])([H:17])[H:18])[C@:19]([H:20])([H:21])[H:22])[C:71]([H:78])=[C:79]([C@:81]([C@@:82]([H:85])([H:86])[H:87])([C@@:83]([H:88])([H:89])[H:90])[C@:84]([H:91])([H:92])[H:93])[C:73]([H:80])=[C:66]4[C:65](=[N:58]->1[C@@:61]1([H:5])[C@@:9]([N:4]->2=[C:23]([H:24])[C:25]2=[C:26]([O-:3]->3)[C:27]([C@:33]([C@:34]([H:35])([H:36])[H:64])([C@:37]([H:38])([H:39])[H:40])[C@:41]([H:42])([H:43])[H:44])=[C:28]([H:29])[C:30]([C@@:45]([C@:46]([H:47])([H:48])[H:49])([C@:50]([H:51])([H:52])[H:53])[C@:54]([H:55])([H:56])[H:57])=[C:31]2[H:32])([H:10])[C@:6]([H:7])([H:8])[C@:60]([H:67])([H:69])[C@@:68]([H:74])([H:75])[C@:70]1([H:76])[H:77])[H:72],[H]OC([H])([H])[H],CC[C@@H](C(O)=O)C1=CC=C(C)C=C1,CC[C@H](C(O)=O)C1=CC=C(C)C=C1,C/C=C(C(O)=O)\C1=CC=C(C)C=C1,50,60,,,,2
IAW00000526,CAT-51,SOL-1,,,REA-11,[Co+3]123(<-[O-:1][C:58]4=[C:61]([C@:10]([C@:11]([H:12])([H:13])[H:62])([C@:14]([H:15])([H:16])[H:17])[C@:18]([H:19])([H:20])[H:21])[C:70]([H:77])=[C:78]([C@:80]([C@@:81]([H:84])([H:85])[H:86])([C@@:82]([H:87])([H:88])[H:89])[C@:83]([H:90])([H:91])[H:92])[C:72]([H:79])=[C:65]4[C:64](=[N:57]->1[C@:60]1([H:4])[C@:8]([N:3]->2=[C:22]([H:23])[C:24]2=[C:25]([O-:2]->3)[C:26]([C@:32]([C@:33]([H:34])([H:35])[H:63])([C@:36]([H:37])([H:38])[H:39])[C@:40]([H:41])([H:42])[H:43])=[C:27]([H:28])[C:29]([C@@:44]([C@:45]([H:46])([H:47])[H:48])([C@:49]([H:50])([H:51])[H:52])[C@:53]([H:54])([H:55])[H:56])=[C:30]2[H:31])([H:9])[C@:5]([H:6])([H:7])[C@:59]([H:66])([H:68])[C@@:67]([H:73])([H:74])[C@:69]1([H:75])[H:76])[H:71])<-[O-:93][S@@:108]([C:94]1=[C:95]([H:100])[C:96]([H:101])=[C:97]([C@@:104]([H:105])([H:106])[H:107])[C:98]([H:102])=[C:99]1[H:103])(=[O:109])=[O:110],[H]OC([H])([H])[H],CC[C@@H](C(O)=O)C1=CC=C(C)C=C1,CC[C@H](C(O)=O)C1=CC=C(C)C=C1,C/C=C(C(O)=O)\C1=CC=C(C)C=C1,50,60,,,,2
IAW00000527,CAT-52,SOL-9,,,REA-11,[Fe+2]123456789<-[C:3]%10([P:1]%11(->[Ni+2:71](<-[P:2]%12([C:12]->1%13=[C:17]->2([H:18])[C:15]->3([H:16])=[C:14]->4([H:33])[C-:13]->5%13[H:32])[C@:29]([H:30])([C@@:49]([H:50])([H:51])[H:52])[C@:34]([H:37])([H:38])[C@:36]([H:39])([H:40])[C@@:31]%12([H:35])[C@@:57]([H:58])([H:59])[H:60])(<-[O-:41][C:44]([C@@:61]([H:67])([H:68])[H:69])=[O:66])<-[O-:42][C:43]([C@@:62]([H:63])([H:64])[H:70])=[O:65])[C@:19]([H:20])([C@@:45]([H:46])([H:47])[H:48])[C@@:21]([H:22])([H:23])[C@:24]([H:25])([H:26])[C@@:27]%11([H:28])[C@@:53]([H:54])([H:55])[H:56])=[C:4]->6([H:5])[C:6]->7([H:7])=[C:8]->8([H:9])[C-:10]->9%10[H:11],[H]OC([H])([H])C(F)(F)F,CC[C@@H](C(O)=O)C1=CC=C(C)C=C1,CC[C@H](C(O)=O)C1=CC=C(C)C=C1,C/C=C(C(O)=O)\C1=CC=C(C)C=C1,50,30,,,,2
IAW00000528,CAT-53,SOL-9,,,REA-11,C12[P:44]3(->[Ni+2:46](<-[O-:41][C:34]([C@:35]([H:36])([H:37])[H:38])=[O:40])(<-[O-:42][C:39](=[O:43])[C@@:48]([H:53])([H:54])[H:55])<-[P:45]4([C:1]1=[C:2]([H:3])[C:4]([H:5])=[C:6]([H:7])[C:8]=2[H:9])[C@:28]([H:29])([C@:30]([H:31])([H:32])[H:33])[C@@:47]([H:50])([H:51])[C@:52]([H:58])([H:59])[C@@:49]4([H:56])[C@@:57]([H:60])([H:61])[H:62])[C@@:14]([C@:10]([H:11])([H:12])[H:13])([H:15])[C@@:16]([H:17])([H:18])[C@@:19]([H:20])([H:21])[C@@:22]3([H:23])[C@:24]([H:25])([H:26])[H:27],[H]OC([H])([H])C(F)(F)F,CC[C@@H](C(O)=O)C1=CC=C(C)C=C1,CC[C@H](C(O)=O)C1=CC=C(C)C=C1,C/C=C(C(O)=O)\C1=CC=C(C)C=C1,50,30,,,,2
IAW00000529,CAT-54,SOL-9,,,REA-11,[P]12([C@@:22]([C@:23]([P:1]3(->[Ni+2:86]<-1(<-[O-:5][C:40](=[O:3])[C@:80]([H:81])([H:82])[H:84])<-[O-:7][C:41](=[O:9])[C@:77]([H:78])([H:79])[H:85])[C@@:24]([C:28]1=[C:33]([H:59])[C:32]([H:58])=[C:31]([H:57])[C:30]([H:56])=[C:29]1[H:55])([H:53])[C@:25]([H:73])([H:74])[C@@:26]([H:75])([H:76])[C@:27]3([C:34]1=[C:35]([H:60])[C:36]([H:61])=[C:37]([H:62])[C:38]([H:63])=[C:39]1[H:64])[H:54])([H:71])[H:72])([H:69])[H:70])[C@@:2]([C:10]1=[C:11]([H:44])[C:12]([H:83])=[C:13]([H:45])[C:14]([H:46])=[C:15]1[H:47])([H:42])[C@:4]([H:65])([H:66])[C@:6]([H:67])([H:68])[C@:8]2([C:16]1=[C:17]([H:48])[C:18]([H:49])=[C:19]([H:50])[C:20]([H:51])=[C:21]1[H:52])[H:43],[H]OC([H])([H])C(F)(F)F,CC[C@@H](C(O)=O)C1=CC=C(C)C=C1,CC[C@H](C(O)=O)C1=CC=C(C)C=C1,C/C=C(C(O)=O)\C1=CC=C(C)C=C1,50,30,,,,2
IAW00000530,CAT-55,SOL-9,,,REA-11,[P]12([C:12]3=[C:2]([H:54])[C:3]([H:4])=[C:5]([H:6])[C:7]([H:8])=[C:9]3[P:1]3(->[Ni+2:86]<-1(<-[O-:71][C:72](=[O:75])[C@@:78]([H:79])([H:80])[H:84])<-[O-:73][C:74](=[O:77])[C@@:81]([H:82])([H:83])[H:85])[C@@:24]([H:25])([C@:34]([H:35])([C@:36]([H:37])([H:38])[H:76])[C@:39]([H:40])([H:41])[H:42])[C@:26]([H:27])([H:28])[C@@:29]([H:30])([H:31])[C@:32]3([H:33])[C@@:43]([H:44])([C@:45]([H:46])([H:47])[H:48])[C@:49]([H:50])([H:51])[H:52])[C@@:10]([H:11])([C@@:15]([H:16])([C@:17]([H:18])([H:19])[H:56])[C@:20]([H:21])([H:22])[H:23])[C@@:55]([H:60])([H:61])[C@:57]([H:62])([H:63])[C@@:53]2([C@@:58]([H:13])([C@:64]([H:66])([H:67])[H:68])[C@:65]([H:14])([H:69])[H:70])[H:59],[H]OC([H])([H])C(F)(F)F,CC[C@@H](C(O)=O)C1=CC=C(C)C=C1,CC[C@H](C(O)=O)C1=CC=C(C)C=C1,C/C=C(C(O)=O)\C1=CC=C(C)C=C1,50,30,,,,2
IAW00000531,CAT-56,SOL-9,,,REA-11,[Ni+2]1(<-[P:1]([C:2]2=[C:9]([H:10])[C:23]([H:24])=[C:34]([H:39])[C:38]([H:48])=[C:33]2[P:31]->1([C@@:35]([C@:40]([H:49])([H:50])[H:51])([C@:41]([H:52])([H:53])[H:54])[C@:42]([H:55])([H:56])[H:57])[C@:36]([H:43])([H:44])[H:45])([C@:8]([C@:4]([H:5])([H:6])[H:7])([C@:11]([H:12])([H:13])[H:14])[C@:15]([H:16])([H:17])[H:18])[C@:19]([H:20])([H:21])[H:22])(<-[O-:3][C:26](=[O:25])[C@:27]([H:28])([H:29])[H:30])<-[O-:32][C:37](=[O:46])[C@:47]([H:58])([H:59])[H:60],[H]OC([H])([H])C(F)(F)F,CC[C@@H](C(O)=O)C1=CC=C(C)C=C1,CC[C@H](C(O)=O)C1=CC=C(C)C=C1,C/C=C(C(O)=O)\C1=CC=C(C)C=C1,50,30,,,,2
IAW00000532,CAT-57,SOL-1,,,REA-11,[Br-]->[Ni+2:1]12(<-[N:2]([H:3])([C@:28]3([H:29])[C@@:9]([H:10])([H:11])[C@@:35]([H:36])([H:37])[C@:38]([H:39])([H:40])[C@:12]([H:13])([H:14])[C@:17]3([N:7]->1([H:8])[C@:59]([H:60])([H:61])[C:70]1=[C:81]([H:92])[C:91]([H:96])=[C:95]([H:97])[C:90]([H:94])=[C:80]1[H:89])[H:18])[C@:30]([C:16]1=[C:26]([H:27])[C:20]([H:21])=[C:41]([H:42])[C:33]([H:34])=[C:22]1[H:23])([H:31])[H:32])(<-[N:4]([C@@:24]1([H:25])[C@@:19]([N:5]->2([H:6])[C@:54]([C:47]2=[C:50]([H:51])[C:52]([H:53])=[C:57]([H:58])[C:62]([H:63])=[C:48]2[H:49])([H:55])[H:56])([H:65])[C@@:66]([H:15])([H:72])[C@:71]([H:82])([H:83])[C@:75]([H:84])([H:85])[C@:67]1([H:73])[H:74])([C@:43]([H:44])([H:45])[C:46]1=[C:69]([H:79])[C:78]([H:88])=[C:86]([H:93])[C:76]([H:87])=[C:68]1[H:77])[H:98])<-[Br-:64],[H]OC([H])([H])[H],CC[C@@H](C(O)=O)C1=CC=C(C)C=C1,CC[C@H](C(O)=O)C1=CC=C(C)C=C1,C/C=C(C(O)=O)\C1=CC=C(C)C=C1,50,60,,,,2
IAW00000533,CAT-58,SOL-1,,,REA-11,[N-]12[C:3](=[O:2])[C@@:4]3([H:5])[N:1]([C@:25]([C:28]4=[C:33]([H:14])[C:38]([H:48])=[C:49]([H:56])[C:39]([H:50])=[C:34]4[H:40])([H:29])[H:30])(->[Ni+2:58]<-14<-[N:32](=[C:27]([C:15]1=[C:16]2[C:17]([H:18])=[C:19]([H:20])[C:21]([H:22])=[C:23]1[H:24])[C:31]1=[C:36]([H:43])[C:44]([H:53])=[C:51]([H:57])[C:42]([H:52])=[C:35]1[H:41])[C@@:37]([H:45])([H:46])[C:47]([O-:54]->4)=[O:55])[C@@:12]([H:13])([H:26])[C@:9]([H:10])([H:11])[C@:6]3([H:7])[H:8],[H]OC([H])([H])[H],CC[C@@H](C(O)=O)C1=CC=C(C)C=C1,CC[C@H](C(O)=O)C1=CC=C(C)C=C1,C/C=C(C(O)=O)\C1=CC=C(C)C=C1,60,20,,,,2
IAW00000534,CAT-59,SOL-1,,,REA-11,[Pd+2]1(<-[P:63]([C:3]2=[C:1]([C:2]3=[C:4]([P:64]->1([C:24]1=[C:26]([H:28])[C:30]([H:32])=[C:34]([H:74])[C:36]([H:76])=[C:38]1[H:40])[C:42]1=[C:60]([H:62])[C:56]([H:58])=[C:52]([H:54])[C:48]([H:50])=[C:44]1[H:46])[C:6]([H:8])=[C:10]([H:12])[C:14]1=[C:22]3[C:18]([H:20])=[C:72]([H:80])[C:69]([H:78])=[C:16]1[H:70])[C:21]1=[C:13]([C:9]([H:11])=[C:5]2[H:7])[C:15]([H:68])=[C:67]([H:77])[C:71]([H:79])=[C:17]1[H:19])([C:23]1=[C:25]([H:27])[C:29]([H:31])=[C:33]([H:73])[C:35]([H:75])=[C:37]1[H:39])[C:41]1=[C:43]([H:45])[C:47]([H:49])=[C:51]([H:53])[C:55]([H:57])=[C:59]1[H:61])(<-[Cl-:65])<-[Cl-:66],[H]OC([H])([H])[H],CC[C@@H](C(O)=O)C1=CC=C(C)C=C1,CC[C@H](C(O)=O)C1=CC=C(C)C=C1,C/C=C(C(O)=O)\C1=CC=C(C)C=C1,60,20,,,,2
IAW00000535,CAT-60,SOL-1,,,REA-11,[Pd+2]123(<-[N:2]4=[C:12]([C:13]([N-:5]->1[C@:14]([C@:15]([H:34])([H:35])[H:36])([C:16]1=[N:8]->2[C:20]([H:33])=[C:19]([H:32])[C:18]([H:31])=[C:17]1[H:30])[H:29])=[O:9])[C:11]([H:28])=[C:10]([H:27])[C:7]([H:26])=[C:4]4[C@:1]([F:23])([F:24])[F:25])<-[O-:3][C:21](=[O:6]->3)[C@:22]([H:37])([H:38])[H:39],[H]OC([H])([H])[H],CC[C@@H](C(O)=O)C1=CC=C(C)C=C1,CC[C@H](C(O)=O)C1=CC=C(C)C=C1,C/C=C(C(O)=O)\C1=CC=C(C)C=C1,60,20,,,,2
IAW00000536,CAT-61,SOL-1,,,REA-11,[Cr+3]123(<-[Cl-:1])<-[N:2]([C@:6]4([H:7])[C@:8]([H:9])([H:10])[C@@:11]([H:12])([H:13])[C@@:14]([H:78])([H:79])[C@@:15]([H:16])([H:17])[C@:18]4([N:3]->1=[C:42]([H:43])[C:44]1=[C:45]([O-:5]->2)[C:46]([C@:52]([C@:54]([H:55])([H:56])[H:57])([C@:58]([H:59])([H:60])[H:61])[C@:62]([H:63])([H:64])[H:65])=[C:47]([H:48])[C:49]([C@:53]([C@:66]([H:67])([H:68])[H:69])([C@:70]([H:71])([H:72])[H:73])[C@:74]([H:75])([H:76])[H:77])=[C:50]1[H:51])[H:19])=[C:20]([H:21])[C:22]1=[C:23]([O-:4]->3)[C:24]([C@@:80]([C@:31]([H:32])([H:33])[H:83])([C@@:84]([H:89])([H:90])[H:91])[C@@:85]([H:30])([H:92])[H:93])=[C:25]([H:81])[C:26]([C@@:29]([C@:34]([H:35])([H:36])[H:37])([C@:38]([H:39])([H:40])[H:41])[C@:82]([H:86])([H:87])[H:88])=[C:27]1[H:28],[H]OC([H])([H])[H],CC[C@@H](C(O)=O)C1=CC=C(C)C=C1,CC[C@H](C(O)=O)C1=CC=C(C)C=C1,C/C=C(C(O)=O)\C1=CC=C(C)C=C1,50,60,,,,2
IAW00000537,CAT-62,SOL-1,,,REA-11,[Mn+3]123(<-[Cl-:1])<-[O-:2][C:6]4=[C:7]([C@:42]([C@:44]([H:45])([H:46])[H:47])([C@:48]([H:49])([H:50])[H:51])[C@@:79]([H:43])([H:86])[H:87])[C:8]([H:9])=[C:10]([C@@:52]([C@:53]([H:54])([H:55])[H:56])([C@:57]([H:58])([H:59])[H:80])[C@:60]([H:61])([H:62])[H:81])[C:11]([H:12])=[C:13]4[C:14](=[N:4]->1[C@:16]1([H:17])[C@:18]([H:19])([H:20])[C@@:21]([H:22])([H:23])[C@:24]([H:25])([H:26])[C@@:27]([H:28])([H:29])[C@:30]1([N:5]->2=[C:32]([H:33])[C:34]1=[C:35]([H:36])[C:37]([C@@:63]([C@:64]([H:65])([H:66])[H:67])([C@:68]([H:69])([H:70])[H:82])[C@:71]([H:72])([H:73])[H:74])=[C:38]([H:39])[C:40]([C@:78]([C@@:75]([H:76])([H:77])[H:83])([C@:84]([H:88])([H:89])[H:90])[C@:85]([H:91])([H:92])[H:93])=[C:41]1[O-:3]->3)[H:31])[H:15],[H]OC([H])([H])[H],CC[C@@H](C(O)=O)C1=CC=C(C)C=C1,CC[C@H](C(O)=O)C1=CC=C(C)C=C1,C/C=C(C(O)=O)\C1=CC=C(C)C=C1,50,60,,,,2
IAW00000538,CAT-1,SOL-1,,,REA-12,[Ru+2]123(<-[P:1]([C:7]4=[C:8]([H:40])[C:60]([H:66])=[C:67]5[C:61](=[C:9]4[C:15]4=[C:14]6[C:13](=[C:12]([H:42])[C:11]([H:41])=[C:10]4[P:2]->1([C:28]1=[C:29]([H:54])[C:30]([H:55])=[C:31]([H:56])[C:32]([H:57])=[C:33]1[H:58])[C:34]1=[C:35]([H:59])[C:65]([H:74])=[C:75]([H:82])[C:73]([H:81])=[C:64]1[H:72])[C:62]([H:43])=[C:69]([H:79])[C:71]([H:80])=[C:63]6[H:70])[C:68]([H:77])=[C:78]([H:85])[C:83]([H:86])=[C:76]5[H:84])([C:16]1=[C:21]([H:48])[C:20]([H:47])=[C:19]([H:46])[C:18]([H:45])=[C:17]1[H:44])[C:22]1=[C:27]([H:53])[C:26]([H:52])=[C:25]([H:51])[C:24]([H:50])=[C:23]1[H:49])(<-[O-:3][C:36](=[O:4]->2)[C@@:37]([H:87])([H:88])[H:92])<-[O:5]=[C:38]([O-:6]->3)[C@@:39]([H:89])([H:90])[H:91],[H]OC([H])([H])[H],CC[C@@H](C(O)=O)C1=CC=C(OC)C=C1,CC[C@H](C(O)=O)C1=CC=C(OC)C=C1,C/C=C(C(O)=O)\C1=CC=C(OC)C=C1,60,5,,,,2
IAW00000539,CAT-1,SOL-1,,,REA-12,[Ru+2]123(<-[P:1]([C:7]4=[C:8]([H:40])[C:60]([H:66])=[C:67]5[C:61](=[C:9]4[C:15]4=[C:14]6[C:13](=[C:12]([H:42])[C:11]([H:41])=[C:10]4[P:2]->1([C:28]1=[C:29]([H:54])[C:30]([H:55])=[C:31]([H:56])[C:32]([H:57])=[C:33]1[H:58])[C:34]1=[C:35]([H:59])[C:65]([H:74])=[C:75]([H:82])[C:73]([H:81])=[C:64]1[H:72])[C:62]([H:43])=[C:69]([H:79])[C:71]([H:80])=[C:63]6[H:70])[C:68]([H:77])=[C:78]([H:85])[C:83]([H:86])=[C:76]5[H:84])([C:16]1=[C:21]([H:48])[C:20]([H:47])=[C:19]([H:46])[C:18]([H:45])=[C:17]1[H:44])[C:22]1=[C:27]([H:53])[C:26]([H:52])=[C:25]([H:51])[C:24]([H:50])=[C:23]1[H:49])(<-[O-:3][C:36](=[O:4]->2)[C@@:37]([H:87])([H:88])[H:92])<-[O:5]=[C:38]([O-:6]->3)[C@@:39]([H:89])([H:90])[H:91],[H]OC([H])([H])[H],CC[C@@H](C(O)=O)C1=CC=C(OC)C=C1,CC[C@H](C(O)=O)C1=CC=C(OC)C=C1,C/C=C(C(O)=O)\C1=CC=C(OC)C=C1,60,10,,,,2
IAW00000540,CAT-1,SOL-1,,,REA-12,[Ru+2]123(<-[P:1]([C:7]4=[C:8]([H:40])[C:60]([H:66])=[C:67]5[C:61](=[C:9]4[C:15]4=[C:14]6[C:13](=[C:12]([H:42])[C:11]([H:41])=[C:10]4[P:2]->1([C:28]1=[C:29]([H:54])[C:30]([H:55])=[C:31]([H:56])[C:32]([H:57])=[C:33]1[H:58])[C:34]1=[C:35]([H:59])[C:65]([H:74])=[C:75]([H:82])[C:73]([H:81])=[C:64]1[H:72])[C:62]([H:43])=[C:69]([H:79])[C:71]([H:80])=[C:63]6[H:70])[C:68]([H:77])=[C:78]([H:85])[C:83]([H:86])=[C:76]5[H:84])([C:16]1=[C:21]([H:48])[C:20]([H:47])=[C:19]([H:46])[C:18]([H:45])=[C:17]1[H:44])[C:22]1=[C:27]([H:53])[C:26]([H:52])=[C:25]([H:51])[C:24]([H:50])=[C:23]1[H:49])(<-[O-:3][C:36](=[O:4]->2)[C@@:37]([H:87])([H:88])[H:92])<-[O:5]=[C:38]([O-:6]->3)[C@@:39]([H:89])([H:90])[H:91],[H]OC([H])([H])[H],CC[C@@H](C(O)=O)C1=CC=C(OC)C=C1,CC[C@H](C(O)=O)C1=CC=C(OC)C=C1,C/C=C(C(O)=O)\C1=CC=C(OC)C=C1,60,30,,,,2
IAW00000541,CAT-1,SOL-1,,,REA-12,[Ru+2]123(<-[P:1]([C:7]4=[C:8]([H:40])[C:60]([H:66])=[C:67]5[C:61](=[C:9]4[C:15]4=[C:14]6[C:13](=[C:12]([H:42])[C:11]([H:41])=[C:10]4[P:2]->1([C:28]1=[C:29]([H:54])[C:30]([H:55])=[C:31]([H:56])[C:32]([H:57])=[C:33]1[H:58])[C:34]1=[C:35]([H:59])[C:65]([H:74])=[C:75]([H:82])[C:73]([H:81])=[C:64]1[H:72])[C:62]([H:43])=[C:69]([H:79])[C:71]([H:80])=[C:63]6[H:70])[C:68]([H:77])=[C:78]([H:85])[C:83]([H:86])=[C:76]5[H:84])([C:16]1=[C:21]([H:48])[C:20]([H:47])=[C:19]([H:46])[C:18]([H:45])=[C:17]1[H:44])[C:22]1=[C:27]([H:53])[C:26]([H:52])=[C:25]([H:51])[C:24]([H:50])=[C:23]1[H:49])(<-[O-:3][C:36](=[O:4]->2)[C@@:37]([H:87])([H:88])[H:92])<-[O:5]=[C:38]([O-:6]->3)[C@@:39]([H:89])([H:90])[H:91],[H]OC([H])([H])[H],CC[C@@H](C(O)=O)C1=CC=C(OC)C=C1,CC[C@H](C(O)=O)C1=CC=C(OC)C=C1,C/C=C(C(O)=O)\C1=CC=C(OC)C=C1,60,50,,,,2
IAW00000542,CAT-1,SOL-1,,,REA-12,[Ru+2]123(<-[P:1]([C:7]4=[C:8]([H:40])[C:60]([H:66])=[C:67]5[C:61](=[C:9]4[C:15]4=[C:14]6[C:13](=[C:12]([H:42])[C:11]([H:41])=[C:10]4[P:2]->1([C:28]1=[C:29]([H:54])[C:30]([H:55])=[C:31]([H:56])[C:32]([H:57])=[C:33]1[H:58])[C:34]1=[C:35]([H:59])[C:65]([H:74])=[C:75]([H:82])[C:73]([H:81])=[C:64]1[H:72])[C:62]([H:43])=[C:69]([H:79])[C:71]([H:80])=[C:63]6[H:70])[C:68]([H:77])=[C:78]([H:85])[C:83]([H:86])=[C:76]5[H:84])([C:16]1=[C:21]([H:48])[C:20]([H:47])=[C:19]([H:46])[C:18]([H:45])=[C:17]1[H:44])[C:22]1=[C:27]([H:53])[C:26]([H:52])=[C:25]([H:51])[C:24]([H:50])=[C:23]1[H:49])(<-[O-:3][C:36](=[O:4]->2)[C@@:37]([H:87])([H:88])[H:92])<-[O:5]=[C:38]([O-:6]->3)[C@@:39]([H:89])([H:90])[H:91],[H]OC([H])([H])[H],CC[C@@H](C(O)=O)C1=CC=C(OC)C=C1,CC[C@H](C(O)=O)C1=CC=C(OC)C=C1,C/C=C(C(O)=O)\C1=CC=C(OC)C=C1,60,70,,,,2
IAW00000543,CAT-1,SOL-1,,,REA-12,[Ru+2]123(<-[P:1]([C:7]4=[C:8]([H:40])[C:60]([H:66])=[C:67]5[C:61](=[C:9]4[C:15]4=[C:14]6[C:13](=[C:12]([H:42])[C:11]([H:41])=[C:10]4[P:2]->1([C:28]1=[C:29]([H:54])[C:30]([H:55])=[C:31]([H:56])[C:32]([H:57])=[C:33]1[H:58])[C:34]1=[C:35]([H:59])[C:65]([H:74])=[C:75]([H:82])[C:73]([H:81])=[C:64]1[H:72])[C:62]([H:43])=[C:69]([H:79])[C:71]([H:80])=[C:63]6[H:70])[C:68]([H:77])=[C:78]([H:85])[C:83]([H:86])=[C:76]5[H:84])([C:16]1=[C:21]([H:48])[C:20]([H:47])=[C:19]([H:46])[C:18]([H:45])=[C:17]1[H:44])[C:22]1=[C:27]([H:53])[C:26]([H:52])=[C:25]([H:51])[C:24]([H:50])=[C:23]1[H:49])(<-[O-:3][C:36](=[O:4]->2)[C@@:37]([H:87])([H:88])[H:92])<-[O:5]=[C:38]([O-:6]->3)[C@@:39]([H:89])([H:90])[H:91],[H]OC([H])([H])[H],CC[C@@H](C(O)=O)C1=CC=C(OC)C=C1,CC[C@H](C(O)=O)C1=CC=C(OC)C=C1,C/C=C(C(O)=O)\C1=CC=C(OC)C=C1,60,90,,,,2
IAW00000544,CAT-1,SOL-1,,,REA-12,[Ru+2]123(<-[P:1]([C:7]4=[C:8]([H:40])[C:60]([H:66])=[C:67]5[C:61](=[C:9]4[C:15]4=[C:14]6[C:13](=[C:12]([H:42])[C:11]([H:41])=[C:10]4[P:2]->1([C:28]1=[C:29]([H:54])[C:30]([H:55])=[C:31]([H:56])[C:32]([H:57])=[C:33]1[H:58])[C:34]1=[C:35]([H:59])[C:65]([H:74])=[C:75]([H:82])[C:73]([H:81])=[C:64]1[H:72])[C:62]([H:43])=[C:69]([H:79])[C:71]([H:80])=[C:63]6[H:70])[C:68]([H:77])=[C:78]([H:85])[C:83]([H:86])=[C:76]5[H:84])([C:16]1=[C:21]([H:48])[C:20]([H:47])=[C:19]([H:46])[C:18]([H:45])=[C:17]1[H:44])[C:22]1=[C:27]([H:53])[C:26]([H:52])=[C:25]([H:51])[C:24]([H:50])=[C:23]1[H:49])(<-[O-:3][C:36](=[O:4]->2)[C@@:37]([H:87])([H:88])[H:92])<-[O:5]=[C:38]([O-:6]->3)[C@@:39]([H:89])([H:90])[H:91],[H]OC([H])([H])[H],CC[C@@H](C(O)=O)C1=CC=C(OC)C=C1,CC[C@H](C(O)=O)C1=CC=C(OC)C=C1,C/C=C(C(O)=O)\C1=CC=C(OC)C=C1,60,100,,,,2
IAW00000545,CAT-1,SOL-1,,,REA-12,[Ru+2]123(<-[P:1]([C:7]4=[C:8]([H:40])[C:60]([H:66])=[C:67]5[C:61](=[C:9]4[C:15]4=[C:14]6[C:13](=[C:12]([H:42])[C:11]([H:41])=[C:10]4[P:2]->1([C:28]1=[C:29]([H:54])[C:30]([H:55])=[C:31]([H:56])[C:32]([H:57])=[C:33]1[H:58])[C:34]1=[C:35]([H:59])[C:65]([H:74])=[C:75]([H:82])[C:73]([H:81])=[C:64]1[H:72])[C:62]([H:43])=[C:69]([H:79])[C:71]([H:80])=[C:63]6[H:70])[C:68]([H:77])=[C:78]([H:85])[C:83]([H:86])=[C:76]5[H:84])([C:16]1=[C:21]([H:48])[C:20]([H:47])=[C:19]([H:46])[C:18]([H:45])=[C:17]1[H:44])[C:22]1=[C:27]([H:53])[C:26]([H:52])=[C:25]([H:51])[C:24]([H:50])=[C:23]1[H:49])(<-[O-:3][C:36](=[O:4]->2)[C@@:37]([H:87])([H:88])[H:92])<-[O:5]=[C:38]([O-:6]->3)[C@@:39]([H:89])([H:90])[H:91],[H]OC([H])([H])[H],CC[C@@H](C(O)=O)C1=CC=C(OC)C=C1,CC[C@H](C(O)=O)C1=CC=C(OC)C=C1,C/C=C(C(O)=O)\C1=CC=C(OC)C=C1,50,100,,,,2
IAW00000546,CAT-1,SOL-1,,,REA-12,[Ru+2]123(<-[P:1]([C:7]4=[C:8]([H:40])[C:60]([H:66])=[C:67]5[C:61](=[C:9]4[C:15]4=[C:14]6[C:13](=[C:12]([H:42])[C:11]([H:41])=[C:10]4[P:2]->1([C:28]1=[C:29]([H:54])[C:30]([H:55])=[C:31]([H:56])[C:32]([H:57])=[C:33]1[H:58])[C:34]1=[C:35]([H:59])[C:65]([H:74])=[C:75]([H:82])[C:73]([H:81])=[C:64]1[H:72])[C:62]([H:43])=[C:69]([H:79])[C:71]([H:80])=[C:63]6[H:70])[C:68]([H:77])=[C:78]([H:85])[C:83]([H:86])=[C:76]5[H:84])([C:16]1=[C:21]([H:48])[C:20]([H:47])=[C:19]([H:46])[C:18]([H:45])=[C:17]1[H:44])[C:22]1=[C:27]([H:53])[C:26]([H:52])=[C:25]([H:51])[C:24]([H:50])=[C:23]1[H:49])(<-[O-:3][C:36](=[O:4]->2)[C@@:37]([H:87])([H:88])[H:92])<-[O:5]=[C:38]([O-:6]->3)[C@@:39]([H:89])([H:90])[H:91],[H]OC([H])([H])[H],CC[C@@H](C(O)=O)C1=CC=C(OC)C=C1,CC[C@H](C(O)=O)C1=CC=C(OC)C=C1,C/C=C(C(O)=O)\C1=CC=C(OC)C=C1,40,100,,,,2
IAW00000547,CAT-2,SOL-1,,,REA-12,[Ru+2]123(<-[P:1]([C:9]4=[C:17]([H:19])[C:11]([H:67])=[C:27]([H:68])[C:41]([H:69])=[C:13]4[H:15])([C:25]4=[C:31]([H:33])[C:23]([H:70])=[C:43]([H:71])[C:53]([H:72])=[C:49]4[H:51])[C:39]4=[C:21]([C:22]5=[C:8]6[O:4][C@:56]([H:58])([H:60])[O:6][C:30]6=[C:36]([H:38])[C:46]([H:48])=[C:40]5[P:2]->1([C:10]1=[C:14]([H:16])[C:42]([H:64])=[C:28]([H:65])[C:12]([H:66])=[C:18]1[H:20])[C:26]1=[C:32]([H:34])[C:24]([H:63])=[C:44]([H:62])[C:54]([H:61])=[C:50]1[H:52])[C:7]1=[C:29]([O:5][C@@:55]([H:57])([H:59])[O:3]1)[C:35]([H:37])=[C:45]4[H:47])(<-[O-:75][C:73](=[O:77]->2)[C@@:79]([H:80])([H:81])[H:85])<-[O-:76][C:74](=[O:78]->3)[C@:82]([H:83])([H:84])[H:86],[H]OC([H])([H])[H],CC[C@@H](C(O)=O)C1=CC=C(OC)C=C1,CC[C@H](C(O)=O)C1=CC=C(OC)C=C1,C/C=C(C(O)=O)\C1=CC=C(OC)C=C1,60,10,,,,2
IAW00000548,CAT-2,SOL-1,,,REA-12,[Ru+2]123(<-[P:1]([C:9]4=[C:17]([H:19])[C:11]([H:67])=[C:27]([H:68])[C:41]([H:69])=[C:13]4[H:15])([C:25]4=[C:31]([H:33])[C:23]([H:70])=[C:43]([H:71])[C:53]([H:72])=[C:49]4[H:51])[C:39]4=[C:21]([C:22]5=[C:8]6[O:4][C@:56]([H:58])([H:60])[O:6][C:30]6=[C:36]([H:38])[C:46]([H:48])=[C:40]5[P:2]->1([C:10]1=[C:14]([H:16])[C:42]([H:64])=[C:28]([H:65])[C:12]([H:66])=[C:18]1[H:20])[C:26]1=[C:32]([H:34])[C:24]([H:63])=[C:44]([H:62])[C:54]([H:61])=[C:50]1[H:52])[C:7]1=[C:29]([O:5][C@@:55]([H:57])([H:59])[O:3]1)[C:35]([H:37])=[C:45]4[H:47])(<-[O-:75][C:73](=[O:77]->2)[C@@:79]([H:80])([H:81])[H:85])<-[O-:76][C:74](=[O:78]->3)[C@:82]([H:83])([H:84])[H:86],[H]OC([H])([H])[H],CC[C@@H](C(O)=O)C1=CC=C(OC)C=C1,CC[C@H](C(O)=O)C1=CC=C(OC)C=C1,C/C=C(C(O)=O)\C1=CC=C(OC)C=C1,60,30,,,,2
IAW00000549,CAT-2,SOL-1,,,REA-12,[Ru+2]123(<-[P:1]([C:9]4=[C:17]([H:19])[C:11]([H:67])=[C:27]([H:68])[C:41]([H:69])=[C:13]4[H:15])([C:25]4=[C:31]([H:33])[C:23]([H:70])=[C:43]([H:71])[C:53]([H:72])=[C:49]4[H:51])[C:39]4=[C:21]([C:22]5=[C:8]6[O:4][C@:56]([H:58])([H:60])[O:6][C:30]6=[C:36]([H:38])[C:46]([H:48])=[C:40]5[P:2]->1([C:10]1=[C:14]([H:16])[C:42]([H:64])=[C:28]([H:65])[C:12]([H:66])=[C:18]1[H:20])[C:26]1=[C:32]([H:34])[C:24]([H:63])=[C:44]([H:62])[C:54]([H:61])=[C:50]1[H:52])[C:7]1=[C:29]([O:5][C@@:55]([H:57])([H:59])[O:3]1)[C:35]([H:37])=[C:45]4[H:47])(<-[O-:75][C:73](=[O:77]->2)[C@@:79]([H:80])([H:81])[H:85])<-[O-:76][C:74](=[O:78]->3)[C@:82]([H:83])([H:84])[H:86],[H]OC([H])([H])[H],CC[C@@H](C(O)=O)C1=CC=C(OC)C=C1,CC[C@H](C(O)=O)C1=CC=C(OC)C=C1,C/C=C(C(O)=O)\C1=CC=C(OC)C=C1,60,50,,,,2
IAW00000550,CAT-2,SOL-1,,,REA-12,[Ru+2]123(<-[P:1]([C:9]4=[C:17]([H:19])[C:11]([H:67])=[C:27]([H:68])[C:41]([H:69])=[C:13]4[H:15])([C:25]4=[C:31]([H:33])[C:23]([H:70])=[C:43]([H:71])[C:53]([H:72])=[C:49]4[H:51])[C:39]4=[C:21]([C:22]5=[C:8]6[O:4][C@:56]([H:58])([H:60])[O:6][C:30]6=[C:36]([H:38])[C:46]([H:48])=[C:40]5[P:2]->1([C:10]1=[C:14]([H:16])[C:42]([H:64])=[C:28]([H:65])[C:12]([H:66])=[C:18]1[H:20])[C:26]1=[C:32]([H:34])[C:24]([H:63])=[C:44]([H:62])[C:54]([H:61])=[C:50]1[H:52])[C:7]1=[C:29]([O:5][C@@:55]([H:57])([H:59])[O:3]1)[C:35]([H:37])=[C:45]4[H:47])(<-[O-:75][C:73](=[O:77]->2)[C@@:79]([H:80])([H:81])[H:85])<-[O-:76][C:74](=[O:78]->3)[C@:82]([H:83])([H:84])[H:86],[H]OC([H])([H])[H],CC[C@@H](C(O)=O)C1=CC=C(OC)C=C1,CC[C@H](C(O)=O)C1=CC=C(OC)C=C1,C/C=C(C(O)=O)\C1=CC=C(OC)C=C1,60,70,,,,2
IAW00000551,CAT-2,SOL-1,,,REA-12,[Ru+2]123(<-[P:1]([C:9]4=[C:17]([H:19])[C:11]([H:67])=[C:27]([H:68])[C:41]([H:69])=[C:13]4[H:15])([C:25]4=[C:31]([H:33])[C:23]([H:70])=[C:43]([H:71])[C:53]([H:72])=[C:49]4[H:51])[C:39]4=[C:21]([C:22]5=[C:8]6[O:4][C@:56]([H:58])([H:60])[O:6][C:30]6=[C:36]([H:38])[C:46]([H:48])=[C:40]5[P:2]->1([C:10]1=[C:14]([H:16])[C:42]([H:64])=[C:28]([H:65])[C:12]([H:66])=[C:18]1[H:20])[C:26]1=[C:32]([H:34])[C:24]([H:63])=[C:44]([H:62])[C:54]([H:61])=[C:50]1[H:52])[C:7]1=[C:29]([O:5][C@@:55]([H:57])([H:59])[O:3]1)[C:35]([H:37])=[C:45]4[H:47])(<-[O-:75][C:73](=[O:77]->2)[C@@:79]([H:80])([H:81])[H:85])<-[O-:76][C:74](=[O:78]->3)[C@:82]([H:83])([H:84])[H:86],[H]OC([H])([H])[H],CC[C@@H](C(O)=O)C1=CC=C(OC)C=C1,CC[C@H](C(O)=O)C1=CC=C(OC)C=C1,C/C=C(C(O)=O)\C1=CC=C(OC)C=C1,60,90,,,,2
IAW00000552,CAT-2,SOL-1,,,REA-12,[Ru+2]123(<-[P:1]([C:9]4=[C:17]([H:19])[C:11]([H:67])=[C:27]([H:68])[C:41]([H:69])=[C:13]4[H:15])([C:25]4=[C:31]([H:33])[C:23]([H:70])=[C:43]([H:71])[C:53]([H:72])=[C:49]4[H:51])[C:39]4=[C:21]([C:22]5=[C:8]6[O:4][C@:56]([H:58])([H:60])[O:6][C:30]6=[C:36]([H:38])[C:46]([H:48])=[C:40]5[P:2]->1([C:10]1=[C:14]([H:16])[C:42]([H:64])=[C:28]([H:65])[C:12]([H:66])=[C:18]1[H:20])[C:26]1=[C:32]([H:34])[C:24]([H:63])=[C:44]([H:62])[C:54]([H:61])=[C:50]1[H:52])[C:7]1=[C:29]([O:5][C@@:55]([H:57])([H:59])[O:3]1)[C:35]([H:37])=[C:45]4[H:47])(<-[O-:75][C:73](=[O:77]->2)[C@@:79]([H:80])([H:81])[H:85])<-[O-:76][C:74](=[O:78]->3)[C@:82]([H:83])([H:84])[H:86],[H]OC([H])([H])[H],CC[C@@H](C(O)=O)C1=CC=C(OC)C=C1,CC[C@H](C(O)=O)C1=CC=C(OC)C=C1,C/C=C(C(O)=O)\C1=CC=C(OC)C=C1,60,100,,,,2
IAW00000553,CAT-3,SOL-1,,,REA-12,[Ru+2]123(<-[P:1]([C:13]4=[C:17]([H:19])[C:45]([C@:67]([C@:145]([H:147])([H:149])[H:151])([C@:153]([H:155])([H:157])[H:159])[C@:161]([H:163])([H:165])[H:167])=[C:31]([O:9][C@:121]([H:123])([H:125])[H:127])[C:15]([C@:69]([C@:87]([H:89])([H:91])[H:93])([C@:105]([H:107])([H:109])[H:111])[C@:129]([H:131])([H:133])[H:135])=[C:21]4[H:23])([C:29]4=[C:55]([H:57])[C:71]([C@:103]([C@:95]([H:97])([H:99])[H:101])([C@:137]([H:139])([H:141])[H:143])[C@:171]([H:179])([H:180])[H:181])=[C:47]([O:7][C@@:169]([H:173])([H:174])[H:175])[C:27]([C@@:49]([C@:59]([H:61])([H:63])[H:65])([C@:73]([H:75])([H:77])[H:79])[C@:113]([H:115])([H:117])[H:119])=[C:35]4[H:37])[C:43]4=[C:25]([C:26]5=[C:12]6[O:4][C@:82]([H:84])([H:86])[O:6][C:34]6=[C:40]([H:42])[C:52]([H:54])=[C:44]5[P:2]->1([C:14]1=[C:18]([H:20])[C:46]([C@:68]([C@:146]([H:148])([H:150])[H:152])([C@:154]([H:156])([H:158])[H:160])[C@:162]([H:164])([H:166])[H:168])=[C:32]([O:10][C@:122]([H:124])([H:126])[H:128])[C:16]([C@:70]([C@:88]([H:90])([H:92])[H:94])([C@:106]([H:108])([H:110])[H:112])[C@:130]([H:132])([H:134])[H:136])=[C:22]1[H:24])[C:30]1=[C:36]([H:38])[C:28]([C@@:50]([C@:60]([H:62])([H:64])[H:66])([C@:74]([H:76])([H:78])[H:80])[C@:114]([H:116])([H:118])[H:120])=[C:48]([O:8][C@@:170]([H:176])([H:177])[H:178])[C:72]([C@:104]([C@:96]([H:98])([H:100])[H:102])([C@:138]([H:140])([H:142])[H:144])[C@:172]([H:182])([H:183])[H:184])=[C:56]1[H:58])[C:11]1=[C:33]([O:5][C@@:81]([H:83])([H:85])[O:3]1)[C:39]([H:41])=[C:51]4[H:53])(<-[O:187]=[C:185]([O-:189]->2)[C@@:191]([H:192])([H:193])[H:194])<-[O:188]=[C:186]([O-:190]->3)[C@@:195]([H:196])([H:197])[H:198],[H]OC([H])([H])[H],CC[C@@H](C(O)=O)C1=CC=C(OC)C=C1,CC[C@H](C(O)=O)C1=CC=C(OC)C=C1,C/C=C(C(O)=O)\C1=CC=C(OC)C=C1,60,5,,,,2
IAW00000554,CAT-3,SOL-1,,,REA-12,[Ru+2]123(<-[P:1]([C:13]4=[C:17]([H:19])[C:45]([C@:67]([C@:145]([H:147])([H:149])[H:151])([C@:153]([H:155])([H:157])[H:159])[C@:161]([H:163])([H:165])[H:167])=[C:31]([O:9][C@:121]([H:123])([H:125])[H:127])[C:15]([C@:69]([C@:87]([H:89])([H:91])[H:93])([C@:105]([H:107])([H:109])[H:111])[C@:129]([H:131])([H:133])[H:135])=[C:21]4[H:23])([C:29]4=[C:55]([H:57])[C:71]([C@:103]([C@:95]([H:97])([H:99])[H:101])([C@:137]([H:139])([H:141])[H:143])[C@:171]([H:179])([H:180])[H:181])=[C:47]([O:7][C@@:169]([H:173])([H:174])[H:175])[C:27]([C@@:49]([C@:59]([H:61])([H:63])[H:65])([C@:73]([H:75])([H:77])[H:79])[C@:113]([H:115])([H:117])[H:119])=[C:35]4[H:37])[C:43]4=[C:25]([C:26]5=[C:12]6[O:4][C@:82]([H:84])([H:86])[O:6][C:34]6=[C:40]([H:42])[C:52]([H:54])=[C:44]5[P:2]->1([C:14]1=[C:18]([H:20])[C:46]([C@:68]([C@:146]([H:148])([H:150])[H:152])([C@:154]([H:156])([H:158])[H:160])[C@:162]([H:164])([H:166])[H:168])=[C:32]([O:10][C@:122]([H:124])([H:126])[H:128])[C:16]([C@:70]([C@:88]([H:90])([H:92])[H:94])([C@:106]([H:108])([H:110])[H:112])[C@:130]([H:132])([H:134])[H:136])=[C:22]1[H:24])[C:30]1=[C:36]([H:38])[C:28]([C@@:50]([C@:60]([H:62])([H:64])[H:66])([C@:74]([H:76])([H:78])[H:80])[C@:114]([H:116])([H:118])[H:120])=[C:48]([O:8][C@@:170]([H:176])([H:177])[H:178])[C:72]([C@:104]([C@:96]([H:98])([H:100])[H:102])([C@:138]([H:140])([H:142])[H:144])[C@:172]([H:182])([H:183])[H:184])=[C:56]1[H:58])[C:11]1=[C:33]([O:5][C@@:81]([H:83])([H:85])[O:3]1)[C:39]([H:41])=[C:51]4[H:53])(<-[O:187]=[C:185]([O-:189]->2)[C@@:191]([H:192])([H:193])[H:194])<-[O:188]=[C:186]([O-:190]->3)[C@@:195]([H:196])([H:197])[H:198],[H]OC([H])([H])[H],CC[C@@H](C(O)=O)C1=CC=C(OC)C=C1,CC[C@H](C(O)=O)C1=CC=C(OC)C=C1,C/C=C(C(O)=O)\C1=CC=C(OC)C=C1,60,10,,,,2
IAW00000555,CAT-3,SOL-1,,,REA-12,[Ru+2]123(<-[P:1]([C:13]4=[C:17]([H:19])[C:45]([C@:67]([C@:145]([H:147])([H:149])[H:151])([C@:153]([H:155])([H:157])[H:159])[C@:161]([H:163])([H:165])[H:167])=[C:31]([O:9][C@:121]([H:123])([H:125])[H:127])[C:15]([C@:69]([C@:87]([H:89])([H:91])[H:93])([C@:105]([H:107])([H:109])[H:111])[C@:129]([H:131])([H:133])[H:135])=[C:21]4[H:23])([C:29]4=[C:55]([H:57])[C:71]([C@:103]([C@:95]([H:97])([H:99])[H:101])([C@:137]([H:139])([H:141])[H:143])[C@:171]([H:179])([H:180])[H:181])=[C:47]([O:7][C@@:169]([H:173])([H:174])[H:175])[C:27]([C@@:49]([C@:59]([H:61])([H:63])[H:65])([C@:73]([H:75])([H:77])[H:79])[C@:113]([H:115])([H:117])[H:119])=[C:35]4[H:37])[C:43]4=[C:25]([C:26]5=[C:12]6[O:4][C@:82]([H:84])([H:86])[O:6][C:34]6=[C:40]([H:42])[C:52]([H:54])=[C:44]5[P:2]->1([C:14]1=[C:18]([H:20])[C:46]([C@:68]([C@:146]([H:148])([H:150])[H:152])([C@:154]([H:156])([H:158])[H:160])[C@:162]([H:164])([H:166])[H:168])=[C:32]([O:10][C@:122]([H:124])([H:126])[H:128])[C:16]([C@:70]([C@:88]([H:90])([H:92])[H:94])([C@:106]([H:108])([H:110])[H:112])[C@:130]([H:132])([H:134])[H:136])=[C:22]1[H:24])[C:30]1=[C:36]([H:38])[C:28]([C@@:50]([C@:60]([H:62])([H:64])[H:66])([C@:74]([H:76])([H:78])[H:80])[C@:114]([H:116])([H:118])[H:120])=[C:48]([O:8][C@@:170]([H:176])([H:177])[H:178])[C:72]([C@:104]([C@:96]([H:98])([H:100])[H:102])([C@:138]([H:140])([H:142])[H:144])[C@:172]([H:182])([H:183])[H:184])=[C:56]1[H:58])[C:11]1=[C:33]([O:5][C@@:81]([H:83])([H:85])[O:3]1)[C:39]([H:41])=[C:51]4[H:53])(<-[O:187]=[C:185]([O-:189]->2)[C@@:191]([H:192])([H:193])[H:194])<-[O:188]=[C:186]([O-:190]->3)[C@@:195]([H:196])([H:197])[H:198],[H]OC([H])([H])[H],CC[C@@H](C(O)=O)C1=CC=C(OC)C=C1,CC[C@H](C(O)=O)C1=CC=C(OC)C=C1,C/C=C(C(O)=O)\C1=CC=C(OC)C=C1,60,30,,,,2
IAW00000556,CAT-3,SOL-1,,,REA-12,[Ru+2]123(<-[P:1]([C:13]4=[C:17]([H:19])[C:45]([C@:67]([C@:145]([H:147])([H:149])[H:151])([C@:153]([H:155])([H:157])[H:159])[C@:161]([H:163])([H:165])[H:167])=[C:31]([O:9][C@:121]([H:123])([H:125])[H:127])[C:15]([C@:69]([C@:87]([H:89])([H:91])[H:93])([C@:105]([H:107])([H:109])[H:111])[C@:129]([H:131])([H:133])[H:135])=[C:21]4[H:23])([C:29]4=[C:55]([H:57])[C:71]([C@:103]([C@:95]([H:97])([H:99])[H:101])([C@:137]([H:139])([H:141])[H:143])[C@:171]([H:179])([H:180])[H:181])=[C:47]([O:7][C@@:169]([H:173])([H:174])[H:175])[C:27]([C@@:49]([C@:59]([H:61])([H:63])[H:65])([C@:73]([H:75])([H:77])[H:79])[C@:113]([H:115])([H:117])[H:119])=[C:35]4[H:37])[C:43]4=[C:25]([C:26]5=[C:12]6[O:4][C@:82]([H:84])([H:86])[O:6][C:34]6=[C:40]([H:42])[C:52]([H:54])=[C:44]5[P:2]->1([C:14]1=[C:18]([H:20])[C:46]([C@:68]([C@:146]([H:148])([H:150])[H:152])([C@:154]([H:156])([H:158])[H:160])[C@:162]([H:164])([H:166])[H:168])=[C:32]([O:10][C@:122]([H:124])([H:126])[H:128])[C:16]([C@:70]([C@:88]([H:90])([H:92])[H:94])([C@:106]([H:108])([H:110])[H:112])[C@:130]([H:132])([H:134])[H:136])=[C:22]1[H:24])[C:30]1=[C:36]([H:38])[C:28]([C@@:50]([C@:60]([H:62])([H:64])[H:66])([C@:74]([H:76])([H:78])[H:80])[C@:114]([H:116])([H:118])[H:120])=[C:48]([O:8][C@@:170]([H:176])([H:177])[H:178])[C:72]([C@:104]([C@:96]([H:98])([H:100])[H:102])([C@:138]([H:140])([H:142])[H:144])[C@:172]([H:182])([H:183])[H:184])=[C:56]1[H:58])[C:11]1=[C:33]([O:5][C@@:81]([H:83])([H:85])[O:3]1)[C:39]([H:41])=[C:51]4[H:53])(<-[O:187]=[C:185]([O-:189]->2)[C@@:191]([H:192])([H:193])[H:194])<-[O:188]=[C:186]([O-:190]->3)[C@@:195]([H:196])([H:197])[H:198],[H]OC([H])([H])[H],CC[C@@H](C(O)=O)C1=CC=C(OC)C=C1,CC[C@H](C(O)=O)C1=CC=C(OC)C=C1,C/C=C(C(O)=O)\C1=CC=C(OC)C=C1,60,50,,,,2
IAW00000557,CAT-63,SOL-1,,,REA-12,[Ru+2]123(<-[P:1]([C:13]4=[C:17]([H:19])[C:45]([C@:67]([C@:145]([H:147])([H:149])[H:151])([C@:153]([H:155])([H:157])[H:159])[C@:161]([H:163])([H:165])[H:167])=[C:31]([O:9][C@:121]([H:123])([H:125])[H:127])[C:15]([C@:69]([C@:87]([H:89])([H:91])[H:93])([C@:105]([H:107])([H:109])[H:111])[C@:129]([H:131])([H:133])[H:135])=[C:21]4[H:23])([C:29]4=[C:55]([H:57])[C:71]([C@:103]([C@:95]([H:97])([H:99])[H:101])([C@:137]([H:139])([H:141])[H:143])[C@:171]([H:179])([H:180])[H:181])=[C:47]([O:7][C@@:169]([H:173])([H:174])[H:175])[C:27]([C@@:49]([C@:59]([H:61])([H:63])[H:65])([C@:73]([H:75])([H:77])[H:79])[C@:113]([H:115])([H:117])[H:119])=[C:35]4[H:37])[C:43]4=[C:25]([C:26]5=[C:12]6[O:4][C@:82]([H:84])([H:86])[O:6][C:34]6=[C:40]([H:42])[C:52]([H:54])=[C:44]5[P:2]->1([C:14]1=[C:18]([H:20])[C:46]([C@:68]([C@:146]([H:148])([H:150])[H:152])([C@:154]([H:156])([H:158])[H:160])[C@:162]([H:164])([H:166])[H:168])=[C:32]([O:10][C@:122]([H:124])([H:126])[H:128])[C:16]([C@:70]([C@:88]([H:90])([H:92])[H:94])([C@:106]([H:108])([H:110])[H:112])[C@:130]([H:132])([H:134])[H:136])=[C:22]1[H:24])[C:30]1=[C:36]([H:38])[C:28]([C@@:50]([C@:60]([H:62])([H:64])[H:66])([C@:74]([H:76])([H:78])[H:80])[C@:114]([H:116])([H:118])[H:120])=[C:48]([O:8][C@@:170]([H:176])([H:177])[H:178])[C:72]([C@:104]([C@:96]([H:98])([H:100])[H:102])([C@:138]([H:140])([H:142])[H:144])[C@:172]([H:182])([H:183])[H:184])=[C:56]1[H:58])[C:11]1=[C:33]([O:5][C@@:81]([H:83])([H:85])[O:3]1)[C:39]([H:41])=[C:51]4[H:53])(<-[O:187]=[C:185]([O-:189]->2)[C@@:191]([H:192])([H:193])[H:194])<-[O:188]=[C:186]([O-:190]->3)[C@@:195]([H:196])([H:197])[H:198],[H]OC([H])([H])[H],CC[C@@H](C(O)=O)C1=CC=C(OC)C=C1,CC[C@H](C(O)=O)C1=CC=C(OC)C=C1,C/C=C(C(O)=O)\C1=CC=C(OC)C=C1,60,50,,,,2
IAW00000558,CAT-3,SOL-1,,,REA-12,[H]c1c([H])c2[P](c3c([H])c(C(C([H])([H])[H])(C([H])([H])[H])C([H])([H])[H])c(OC([H])([H])[H])c(C(C([H])([H])[H])(C([H])([H])[H])C([H])([H])[H])c3[H])(c3c([H])c(C(C([H])([H])[H])(C([H])([H])[H])C([H])([H])[H])c(OC([H])([H])[H])c(C(C([H])([H])[H])(C([H])([H])[H])C([H])([H])[H])c3[H])->[Ru+2](<-[O-]C(=O)C([H])([H])[H])(<-[O-]C(=O)C([H])([H])[H])<-[P](c3c([H])c(C(C([H])([H])[H])(C([H])([H])[H])C([H])([H])[H])c(OC([H])([H])[H])c(C(C([H])([H])[H])(C([H])([H])[H])C([H])([H])[H])c3[H])(c3c([H])c(C(C([H])([H])[H])(C([H])([H])[H])C([H])([H])[H])c(OC([H])([H])[H])c(C(C([H])([H])[H])(C([H])([H])[H])C([H])([H])[H])c3[H])c3c([H])c([H])c4c(c3-c2c2c1OC([H])([H])O2)OC([H])([H])O4,[H]OC([H])([H])[H],CC[C@@H](C(O)=O)C1=CC=C(OC)C=C1,CC[C@H](C(O)=O)C1=CC=C(OC)C=C1,C/C=C(C(O)=O)\C1=CC=C(OC)C=C1,60,70,,,,2
IAW00000559,CAT-3,SOL-1,,,REA-12,[Ru+2]123(<-[P:1]([C:13]4=[C:17]([H:19])[C:45]([C@:67]([C@:145]([H:147])([H:149])[H:151])([C@:153]([H:155])([H:157])[H:159])[C@:161]([H:163])([H:165])[H:167])=[C:31]([O:9][C@:121]([H:123])([H:125])[H:127])[C:15]([C@:69]([C@:87]([H:89])([H:91])[H:93])([C@:105]([H:107])([H:109])[H:111])[C@:129]([H:131])([H:133])[H:135])=[C:21]4[H:23])([C:29]4=[C:55]([H:57])[C:71]([C@:103]([C@:95]([H:97])([H:99])[H:101])([C@:137]([H:139])([H:141])[H:143])[C@:171]([H:179])([H:180])[H:181])=[C:47]([O:7][C@@:169]([H:173])([H:174])[H:175])[C:27]([C@@:49]([C@:59]([H:61])([H:63])[H:65])([C@:73]([H:75])([H:77])[H:79])[C@:113]([H:115])([H:117])[H:119])=[C:35]4[H:37])[C:43]4=[C:25]([C:26]5=[C:12]6[O:4][C@:82]([H:84])([H:86])[O:6][C:34]6=[C:40]([H:42])[C:52]([H:54])=[C:44]5[P:2]->1([C:14]1=[C:18]([H:20])[C:46]([C@:68]([C@:146]([H:148])([H:150])[H:152])([C@:154]([H:156])([H:158])[H:160])[C@:162]([H:164])([H:166])[H:168])=[C:32]([O:10][C@:122]([H:124])([H:126])[H:128])[C:16]([C@:70]([C@:88]([H:90])([H:92])[H:94])([C@:106]([H:108])([H:110])[H:112])[C@:130]([H:132])([H:134])[H:136])=[C:22]1[H:24])[C:30]1=[C:36]([H:38])[C:28]([C@@:50]([C@:60]([H:62])([H:64])[H:66])([C@:74]([H:76])([H:78])[H:80])[C@:114]([H:116])([H:118])[H:120])=[C:48]([O:8][C@@:170]([H:176])([H:177])[H:178])[C:72]([C@:104]([C@:96]([H:98])([H:100])[H:102])([C@:138]([H:140])([H:142])[H:144])[C@:172]([H:182])([H:183])[H:184])=[C:56]1[H:58])[C:11]1=[C:33]([O:5][C@@:81]([H:83])([H:85])[O:3]1)[C:39]([H:41])=[C:51]4[H:53])(<-[O:187]=[C:185]([O-:189]->2)[C@@:191]([H:192])([H:193])[H:194])<-[O:188]=[C:186]([O-:190]->3)[C@@:195]([H:196])([H:197])[H:198],[H]OC([H])([H])[H],CC[C@@H](C(O)=O)C1=CC=C(OC)C=C1,CC[C@H](C(O)=O)C1=CC=C(OC)C=C1,C/C=C(C(O)=O)\C1=CC=C(OC)C=C1,60,90,,,,2
IAW00000560,CAT-3,SOL-1,,,REA-12,[Ru+2]123(<-[P:1]([C:13]4=[C:17]([H:19])[C:45]([C@:67]([C@:145]([H:147])([H:149])[H:151])([C@:153]([H:155])([H:157])[H:159])[C@:161]([H:163])([H:165])[H:167])=[C:31]([O:9][C@:121]([H:123])([H:125])[H:127])[C:15]([C@:69]([C@:87]([H:89])([H:91])[H:93])([C@:105]([H:107])([H:109])[H:111])[C@:129]([H:131])([H:133])[H:135])=[C:21]4[H:23])([C:29]4=[C:55]([H:57])[C:71]([C@:103]([C@:95]([H:97])([H:99])[H:101])([C@:137]([H:139])([H:141])[H:143])[C@:171]([H:179])([H:180])[H:181])=[C:47]([O:7][C@@:169]([H:173])([H:174])[H:175])[C:27]([C@@:49]([C@:59]([H:61])([H:63])[H:65])([C@:73]([H:75])([H:77])[H:79])[C@:113]([H:115])([H:117])[H:119])=[C:35]4[H:37])[C:43]4=[C:25]([C:26]5=[C:12]6[O:4][C@:82]([H:84])([H:86])[O:6][C:34]6=[C:40]([H:42])[C:52]([H:54])=[C:44]5[P:2]->1([C:14]1=[C:18]([H:20])[C:46]([C@:68]([C@:146]([H:148])([H:150])[H:152])([C@:154]([H:156])([H:158])[H:160])[C@:162]([H:164])([H:166])[H:168])=[C:32]([O:10][C@:122]([H:124])([H:126])[H:128])[C:16]([C@:70]([C@:88]([H:90])([H:92])[H:94])([C@:106]([H:108])([H:110])[H:112])[C@:130]([H:132])([H:134])[H:136])=[C:22]1[H:24])[C:30]1=[C:36]([H:38])[C:28]([C@@:50]([C@:60]([H:62])([H:64])[H:66])([C@:74]([H:76])([H:78])[H:80])[C@:114]([H:116])([H:118])[H:120])=[C:48]([O:8][C@@:170]([H:176])([H:177])[H:178])[C:72]([C@:104]([C@:96]([H:98])([H:100])[H:102])([C@:138]([H:140])([H:142])[H:144])[C@:172]([H:182])([H:183])[H:184])=[C:56]1[H:58])[C:11]1=[C:33]([O:5][C@@:81]([H:83])([H:85])[O:3]1)[C:39]([H:41])=[C:51]4[H:53])(<-[O:187]=[C:185]([O-:189]->2)[C@@:191]([H:192])([H:193])[H:194])<-[O:188]=[C:186]([O-:190]->3)[C@@:195]([H:196])([H:197])[H:198],[H]OC([H])([H])[H],CC[C@@H](C(O)=O)C1=CC=C(OC)C=C1,CC[C@H](C(O)=O)C1=CC=C(OC)C=C1,C/C=C(C(O)=O)\C1=CC=C(OC)C=C1,60,100,,,,2
IAW00000561,CAT-4,SOL-1,,,REA-12,[Ru+2]1(<-[Cl-:1])(<-[Cl-:2])<-[P:3]([C:5]2=[C:11]([H:24])[C:23]([H:45])=[C:46]([H:63])[C:25]([H:47])=[C:12]2[H:26])([C:6]2=[C:14]([C:19]3=[C:9]([P:4]->1([C:8]1=[C:17]([H:34])[C:35]([H:54])=[C:55]([H:68])[C:37]([H:56])=[C:18]1[H:36])[C:10]1=[C:22]([H:44])[C:43]([H:62])=[C:61]([H:72])[C:42]([H:60])=[C:21]1[H:41])[C:20]([H:39])=[C:40]([H:59])[C:58]1=[C:38]3[C:57]([H:69])=[C:70]([H:76])[C:77]([H:80])=[C:71]1[H:78])[C:29]1=[C:49]([C:28]([H:48])=[C:13]2[H:27])[C:64]([H:73])=[C:74]([H:79])[C:66]([H:75])=[C:50]1[H:65])[C:7]1=[C:16]([H:32])[C:33]([H:53])=[C:52]([H:67])[C:31]([H:51])=[C:15]1[H:30],[H]OC([H])([H])[H],CC[C@@H](C(O)=O)C1=CC=C(OC)C=C1,CC[C@H](C(O)=O)C1=CC=C(OC)C=C1,C/C=C(C(O)=O)\C1=CC=C(OC)C=C1,60,100,,,,2
IAW00000562,CAT-5,SOL-1,,,REA-12,[Ru+2]123456(<-[P:1]([C:4]7=[C:3]([C:19]8=[C:20]([P:2]->1([C:57]1=[C:66]([H:67])[C:64]([H:65])=[C:62]([H:63])[C:60]([H:61])=[C:58]1[H:59])[C:68]1=[C:69]([H:70])[C:71]([H:72])=[C:73]([H:74])[C:75]([H:76])=[C:77]1[H:78])[C:21]([H:22])=[C:23]([H:24])[C:25]1=[C:26]8[C:27]([H:28])=[C:29]([H:30])[C:31]([H:32])=[C:33]1[H:34])[C:10]1=[C:9]([C:7]([H:8])=[C:5]7[H:6])[C:17]([H:18])=[C:15]([H:16])[C:13]([H:14])=[C:11]1[H:12])([C:35]1=[C:44]([H:45])[C:42]([H:43])=[C:40]([H:41])[C:38]([H:39])=[C:36]1[H:37])[C:46]1=[C:47]([H:48])[C:49]([H:50])=[C:51]([H:52])[C:53]([H:54])=[C:55]1[H:56])(<-[C:79]1([C@:89]([H:90])([H:91])[H:92])=[C:87]->2([H:88])[C:85]->3([H:86])=[C:84]->4([C@:93]([H:94])([C@@:95]([H:101])([H:102])[H:103])[C@@:96]([H:98])([H:99])[H:100])[C:82]->5([H:83])=[C:80]->61[H:81])<-[Cl-:97],[H]OC([H])([H])[H],CC[C@@H](C(O)=O)C1=CC=C(OC)C=C1,CC[C@H](C(O)=O)C1=CC=C(OC)C=C1,C/C=C(C(O)=O)\C1=CC=C(OC)C=C1,60,100,,,,2
IAW00000563,CAT-6,SOL-1,,,REA-12,[Ru+2]123456(<-[Cl-:1])(<-[P:2]([C:5]7=[C:4]([C:20]8=[C:21]([P:3]->1([C:47]1=[C:55]([H:56])[C:53]([H:54])=[C:52]([C@@:100]([H:101])([H:102])[H:103])[C:50]([H:51])=[C:48]1[H:49])[C:57]1=[C:86]([H:58])[C:96]([H:99])=[C:98]([C@@:104]([H:105])([H:106])[H:107])[C:95]([H:97])=[C:85]1[H:94])[C:80]([H:90])=[C:82]([H:92])[C:22]1=[C:23]8[C:24]([H:25])=[C:26]([H:27])[C:28]([H:29])=[C:81]1[H:91])[C:11]1=[C:10]([C:8]([H:9])=[C:6]7[H:7])[C:18]([H:19])=[C:16]([H:17])[C:14]([H:15])=[C:12]1[H:13])([C:30]1=[C:31]([H:32])[C:33]([H:34])=[C:35]([C@@:108]([H:109])([H:110])[H:111])[C:36]([H:37])=[C:38]1[H:39])[C:40]1=[C:41]([H:42])[C:83]([H:93])=[C:84]([C@@:112]([H:113])([H:114])[H:115])[C:43]([H:44])=[C:45]1[H:46])<-[C:59]1([C@:68]([H:69])([H:70])[H:88])=[C:66]->2([H:67])[C:64]->3([H:65])=[C:63]->4([C@:71]([H:72])([C@@:73]([H:74])([H:75])[H:89])[C@:76]([H:77])([H:78])[H:79])[C:61]->5([H:62])=[C:60]->61[H:87],[H]OC([H])([H])[H],CC[C@@H](C(O)=O)C1=CC=C(OC)C=C1,CC[C@H](C(O)=O)C1=CC=C(OC)C=C1,C/C=C(C(O)=O)\C1=CC=C(OC)C=C1,60,100,,,,2
IAW00000564,CAT-7,SOL-1,,,REA-12,[Ru+2]12(<-[Cl-:1])(<-[Cl-:2])(<-[P:3]([C:29]3=[C:38]([C:28]4=[C:21]([P:4]->1([C:52]1=[C:53]([H:99])[C:54]([H:100])=[C:55]([C@:58]([H:102])([H:103])[H:113])[C:56]([H:112])=[C:57]1[H:101])[C:59]1=[C:60]([H:104])[C:114]([H:120])=[C:115]([C@:121]([H:122])([H:123])[H:124])[C:61]([H:105])=[C:62]1[H:106])[C:22]([H:79])=[C:23]([H:80])[C:24]1=[C:27]4[C:26]([H:82])=[C:108]([H:117])[C:107]([H:116])=[C:25]1[H:81])[C:37]1=[C:32]([C:31]([H:84])=[C:30]3[H:83])[C:33]([H:85])=[C:34]([H:109])[C:35]([H:110])=[C:36]1[H:86])([C:39]1=[C:40]([H:87])[C:41]([H:88])=[C:42]([C@:45]([H:91])([H:92])[H:93])[C:43]([H:89])=[C:44]1[H:90])[C:46]1=[C:47]([H:94])[C:48]([H:95])=[C:49]([C@:111]([H:98])([H:118])[H:119])[C:50]([H:96])=[C:51]1[H:97])<-[N:5]([C@@:7]([C@:8]([N:6]->2([H:65])[H:66])([C:15]1=[C:16]([H:74])[C:17]([H:75])=[C:18]([H:76])[C:19]([H:77])=[C:20]1[H:78])[H:68])([C:9]1=[C:10]([H:69])[C:11]([H:70])=[C:12]([H:71])[C:13]([H:72])=[C:14]1[H:73])[H:67])([H:63])[H:64],[H]OC([H])([H])[H],CC[C@@H](C(O)=O)C1=CC=C(OC)C=C1,CC[C@H](C(O)=O)C1=CC=C(OC)C=C1,C/C=C(C(O)=O)\C1=CC=C(OC)C=C1,60,100,,,,2
IAW00000565,CAT-8,SOL-1,,,REA-12,[Ru+2]123456(<-[N-:3]([S@@:1](=[O:2])([C:10]7=[C:11]([H:27])[C:12]([H:28])=[C:13]([C@@:16]([H:31])([H:32])[H:33])[C:14]([H:29])=[C:15]7[H:30])=[O:42])[C@:4]([C:5]7=[C:6]([H:45])[C:7]([H:47])=[C:46]([H:51])[C:8]([H:25])=[C:9]7[H:26])([H:43])[C@@:44]([H:23])([N:41]->1([H:71])[H:72])[C:50]1=[C:54]([H:24])[C:60]([H:69])=[C:68]([H:70])[C:58]([H:67])=[C:53]1[H:59])(<-[C:17]1([H:49])=[C:18]->2([H:34])[C:19]->3([C@@:22]([H:37])([H:38])[H:39])=[C:20]->4([H:35])[C:21]->5([H:36])=[C:48]->61[C@:52]([H:55])([C@:56]([H:61])([H:62])[H:63])[C@:57]([H:64])([H:65])[H:66])<-[Cl-:40],[H]OC([H])([H])[H],CC[C@@H](C(O)=O)C1=CC=C(OC)C=C1,CC[C@H](C(O)=O)C1=CC=C(OC)C=C1,C/C=C(C(O)=O)\C1=CC=C(OC)C=C1,60,100,,,,2
IAW00000566,CAT-9,SOL-1,,,REA-12,[Ru+2]123(<-[Cl-:2]->[Ru+2:122]4(<-[Cl-:1])(<-[Cl-:3]->1)(<-[P:5]([C:11]1=[C:9]([C:22]5=[C:24]([P:7]->4([C:59]4=[C:69]([H:113])[C:67]([H:111])=[C:65]([H:140])[C:63]([H:109])=[C:61]4[H:107])[C:71]4=[C:81]([H:121])[C:79]([H:119])=[C:77]([H:139])[C:75]([H:117])=[C:73]4[H:115])[C:26]([H:87])=[C:28]([H:89])[C:30]4=[C:33]5[O:144][C@@:31]([H:147])([H:148])[O:143]4)[C:20]4=[C:17]([C:15]([H:85])=[C:13]1[H:83])[O:146][C@:18]([H:149])([H:150])[O:145]4)([C:35]1=[C:37]([H:91])[C:39]([H:93])=[C:41]([H:142])[C:43]([H:95])=[C:45]1[H:97])[C:47]1=[C:49]([H:99])[C:51]([H:101])=[C:53]([H:141])[C:55]([H:103])=[C:57]1[H:105])<-[Cl-:123]->2)(<-[P:4]([C:10]1=[C:8]([C:21]2=[C:23]([P:6]->3([C:58]3=[C:68]([H:112])[C:66]([H:110])=[C:64]([H:126])[C:62]([H:108])=[C:60]3[H:106])[C:70]3=[C:80]([H:120])[C:78]([H:118])=[C:76]([H:125])[C:74]([H:116])=[C:72]3[H:114])[C:25]([H:86])=[C:27]([H:88])[C:29]3=[C:32]2[O:130][C@@:133]([H:134])([H:135])[O:129]3)[C:19]2=[C:16]([C:14]([H:84])=[C:12]1[H:82])[O:132][C@:136]([H:137])([H:138])[O:131]2)([C:34]1=[C:44]([H:96])[C:42]([H:94])=[C:40]([H:127])[C:38]([H:92])=[C:36]1[H:90])[C:46]1=[C:48]([H:98])[C:50]([H:100])=[C:52]([H:128])[C:54]([H:102])=[C:56]1[H:104])<-[Cl-:124],[H]OC([H])([H])[H],CC[C@@H](C(O)=O)C1=CC=C(OC)C=C1,CC[C@H](C(O)=O)C1=CC=C(OC)C=C1,C/C=C(C(O)=O)\C1=CC=C(OC)C=C1,60,100,,,,2
IAW00000567,CAT-10,SOL-1,,,REA-12,[Ru+2]123456(<-[Cl-:1])(<-[P:2]([C:5]7=[C:6]([H:7])[C:8]([H:9])=[C:10]8[C:11](=[C:4]7[C:13]7=[C:16]9[C:15](=[C:71]([H:80])[C:70]([H:79])=[C:14]7[P:3]->1([C:36]1=[C:37]([H:38])[C:39]([H:40])=[C:41]([H:42])[C:43]([H:44])=[C:45]1[H:46])[C:47]1=[C:74]([H:83])[C:84]([H:86])=[C:87]([H:89])[C:85]([H:88])=[C:75]1[H:48])[O:90][C@@:17]([H:94])([H:95])[O:91]9)[O:92][C@@:12]([H:96])([H:97])[O:93]8)([C:18]1=[C:27]([H:28])[C:25]([H:26])=[C:23]([H:24])[C:21]([H:22])=[C:19]1[H:20])[C:29]1=[C:30]([H:31])[C:72]([H:81])=[C:73]([H:82])[C:32]([H:33])=[C:34]1[H:35])<-[C:49]1([C@:58]([H:59])([H:60])[H:77])=[C:50]->2([H:76])[C:51]->3([H:52])=[C:53]->4([C@:61]([H:62])([C@@:63]([H:64])([H:65])[H:78])[C@:66]([H:67])([H:68])[H:69])[C:54]->5([H:55])=[C:56]->61[H:57],[H]OC([H])([H])[H],CC[C@@H](C(O)=O)C1=CC=C(OC)C=C1,CC[C@H](C(O)=O)C1=CC=C(OC)C=C1,C/C=C(C(O)=O)\C1=CC=C(OC)C=C1,60,100,,,,2
IAW00000568,CAT-11,SOL-1,,,REA-12,[Ru+2]123(<-[P:1]([C:7]4=[C:9]([C:15]5=[C:10]([P:2]->1([C:28]1=[C:29]([H:52])[C:30]([H:53])=[C:31]([C@@:87]([H:88])([H:89])[H:90])[C:32]([H:54])=[C:33]1[H:55])[C:34]1=[C:35]([H:56])[C:62]([H:71])=[C:72]([C@@:83]([H:84])([H:85])[H:86])[C:70]([H:78])=[C:61]1[H:69])[C:11]([H:41])=[C:12]([H:42])[C:13]1=[C:14]5[C:60]([H:67])=[C:68]([H:77])[C:66]([H:76])=[C:59]1[H:43])[C:58]1=[C:64]([C:57]([H:63])=[C:8]4[H:40])[C:73]([H:80])=[C:79]([H:82])[C:75]([H:81])=[C:65]1[H:74])([C:16]1=[C:21]([H:47])[C:20]([H:46])=[C:19]([C@@:91]([H:92])([H:93])[H:94])[C:18]([H:45])=[C:17]1[H:44])[C:22]1=[C:23]([H:48])[C:24]([H:49])=[C:25]([C@@:95]([H:96])([H:97])[H:98])[C:26]([H:50])=[C:27]1[H:51])(<-[O-:3][C:36](=[O:4]->2)[C@@:37]([H:99])([H:100])[H:101])<-[O:5]=[C:38]([O-:6]->3)[C@@:39]([H:102])([H:103])[H:104],[H]OC([H])([H])[H],CC[C@@H](C(O)=O)C1=CC=C(OC)C=C1,CC[C@H](C(O)=O)C1=CC=C(OC)C=C1,C/C=C(C(O)=O)\C1=CC=C(OC)C=C1,60,50,,,,2
IAW00000569,CAT-11,SOL-1,,,REA-12,[Ru+2]123(<-[P:1]([C:7]4=[C:9]([C:15]5=[C:10]([P:2]->1([C:28]1=[C:29]([H:52])[C:30]([H:53])=[C:31]([C@@:87]([H:88])([H:89])[H:90])[C:32]([H:54])=[C:33]1[H:55])[C:34]1=[C:35]([H:56])[C:62]([H:71])=[C:72]([C@@:83]([H:84])([H:85])[H:86])[C:70]([H:78])=[C:61]1[H:69])[C:11]([H:41])=[C:12]([H:42])[C:13]1=[C:14]5[C:60]([H:67])=[C:68]([H:77])[C:66]([H:76])=[C:59]1[H:43])[C:58]1=[C:64]([C:57]([H:63])=[C:8]4[H:40])[C:73]([H:80])=[C:79]([H:82])[C:75]([H:81])=[C:65]1[H:74])([C:16]1=[C:21]([H:47])[C:20]([H:46])=[C:19]([C@@:91]([H:92])([H:93])[H:94])[C:18]([H:45])=[C:17]1[H:44])[C:22]1=[C:23]([H:48])[C:24]([H:49])=[C:25]([C@@:95]([H:96])([H:97])[H:98])[C:26]([H:50])=[C:27]1[H:51])(<-[O-:3][C:36](=[O:4]->2)[C@@:37]([H:99])([H:100])[H:101])<-[O:5]=[C:38]([O-:6]->3)[C@@:39]([H:102])([H:103])[H:104],[H]OC([H])([H])[H],CC[C@@H](C(O)=O)C1=CC=C(OC)C=C1,CC[C@H](C(O)=O)C1=CC=C(OC)C=C1,C/C=C(C(O)=O)\C1=CC=C(OC)C=C1,60,100,,,,2
IAW00000570,CAT-12,SOL-1,,,REA-12,[Ru+2]12(<-[Cl-:1])(<-[Cl-:2])(<-[P:3]([C:29]3=[C:38]([C:28]4=[C:21]([P:4]->1([C:52]1=[C:57]([H:99])[C:56]([H:110])=[C:55]([C@:58]([H:100])([H:101])[H:111])[C:54]([H:98])=[C:53]1[H:97])[C:59]1=[C:62]([H:104])[C:61]([H:103])=[C:113]([C@:119]([H:120])([H:121])[H:122])[C:112]([H:118])=[C:60]1[H:102])[C:22]([H:77])=[C:23]([H:78])[C:24]1=[C:27]4[C:26]([H:80])=[C:106]([H:115])[C:105]([H:114])=[C:25]1[H:79])[C:37]1=[C:32]([C:31]([H:82])=[C:30]3[H:81])[C:33]([H:83])=[C:34]([H:107])[C:35]([H:108])=[C:36]1[H:84])([C:39]1=[C:44]([H:88])[C:43]([H:87])=[C:42]([C@:45]([H:89])([H:90])[H:91])[C:41]([H:86])=[C:40]1[H:85])[C:46]1=[C:47]([H:92])[C:48]([H:93])=[C:49]([C@:109]([H:96])([H:116])[H:117])[C:50]([H:94])=[C:51]1[H:95])<-[N:5]([C@@:7]([C@:8]([N:6]->2([H:65])[H:66])([C:15]1=[C:20]([H:76])[C:19]([H:75])=[C:18]([C@@:127]([H:128])([H:129])[H:130])[C:17]([H:74])=[C:16]1[H:73])[H:68])([C:9]1=[C:10]([H:69])[C:11]([H:70])=[C:12]([C@@:123]([H:124])([H:125])[H:126])[C:13]([H:71])=[C:14]1[H:72])[H:67])([H:63])[H:64],[H]OC([H])([H])[H],CC[C@@H](C(O)=O)C1=CC=C(OC)C=C1,CC[C@H](C(O)=O)C1=CC=C(OC)C=C1,C/C=C(C(O)=O)\C1=CC=C(OC)C=C1,60,100,,,,2
IAW00000571,CAT-13,SOL-1,,,REA-12,[Ru+2]123(<-[P:1]([C:7]4=[C:9]([C:15]5=[C:10]([P:2]->1([C:28]1=[C:29]([H:50])[C:30]([C@@:103]([H:104])([H:105])[H:106])=[C:31]([H:51])[C:32]([C@@:107]([H:108])([H:109])[H:110])=[C:33]1[H:52])[C:34]1=[C:58]([H:66])[C:67]([C@@:99]([H:100])([H:101])[H:102])=[C:68]([H:74])[C:59]([C@@:95]([H:96])([H:97])[H:98])=[C:35]1[H:53])[C:11]([H:41])=[C:12]([H:42])[C:13]1=[C:14]5[C:57]([H:64])=[C:65]([H:73])[C:63]([H:72])=[C:56]1[H:43])[C:55]1=[C:61]([C:54]([H:60])=[C:8]4[H:40])[C:69]([H:76])=[C:75]([H:78])[C:71]([H:77])=[C:62]1[H:70])([C:16]1=[C:17]([H:44])[C:18]([C@@:79]([H:80])([H:81])[H:82])=[C:19]([H:45])[C:20]([C@@:83]([H:84])([H:85])[H:86])=[C:21]1[H:46])[C:22]1=[C:23]([H:47])[C:24]([C@@:87]([H:88])([H:89])[H:90])=[C:25]([H:48])[C:26]([C@@:91]([H:92])([H:93])[H:94])=[C:27]1[H:49])(<-[O-:3][C:36](=[O:4]->2)[C@@:37]([H:114])([H:115])[H:116])<-[O:5]=[C:38]([O-:6]->3)[C@@:39]([H:111])([H:112])[H:113],[H]OC([H])([H])[H],CC[C@@H](C(O)=O)C1=CC=C(OC)C=C1,CC[C@H](C(O)=O)C1=CC=C(OC)C=C1,C/C=C(C(O)=O)\C1=CC=C(OC)C=C1,60,50,,,,2
IAW00000572,CAT-13,SOL-1,,,REA-12,[Ru+2]123(<-[P:1]([C:7]4=[C:9]([C:15]5=[C:10]([P:2]->1([C:28]1=[C:29]([H:50])[C:30]([C@@:103]([H:104])([H:105])[H:106])=[C:31]([H:51])[C:32]([C@@:107]([H:108])([H:109])[H:110])=[C:33]1[H:52])[C:34]1=[C:58]([H:66])[C:67]([C@@:99]([H:100])([H:101])[H:102])=[C:68]([H:74])[C:59]([C@@:95]([H:96])([H:97])[H:98])=[C:35]1[H:53])[C:11]([H:41])=[C:12]([H:42])[C:13]1=[C:14]5[C:57]([H:64])=[C:65]([H:73])[C:63]([H:72])=[C:56]1[H:43])[C:55]1=[C:61]([C:54]([H:60])=[C:8]4[H:40])[C:69]([H:76])=[C:75]([H:78])[C:71]([H:77])=[C:62]1[H:70])([C:16]1=[C:17]([H:44])[C:18]([C@@:79]([H:80])([H:81])[H:82])=[C:19]([H:45])[C:20]([C@@:83]([H:84])([H:85])[H:86])=[C:21]1[H:46])[C:22]1=[C:23]([H:47])[C:24]([C@@:87]([H:88])([H:89])[H:90])=[C:25]([H:48])[C:26]([C@@:91]([H:92])([H:93])[H:94])=[C:27]1[H:49])(<-[O-:3][C:36](=[O:4]->2)[C@@:37]([H:114])([H:115])[H:116])<-[O:5]=[C:38]([O-:6]->3)[C@@:39]([H:111])([H:112])[H:113],[H]OC([H])([H])[H],CC[C@@H](C(O)=O)C1=CC=C(OC)C=C1,CC[C@H](C(O)=O)C1=CC=C(OC)C=C1,C/C=C(C(O)=O)\C1=CC=C(OC)C=C1,60,100,,,,2
IAW00000573,CAT-14,SOL-1,,,REA-12,[Ru+2]123(<-[P:1]([C:7]4=[C:9]([C:15]5=[C:10]([P:2]->1([C:28]1=[C:29]([H:53])[C:30]([H:54])=[C:31]([H:55])[C:32]([H:56])=[C:33]1[H:57])[C:34]1=[C:35]([H:58])[C:62]([H:67])=[C:68]([H:70])[C:66]([H:69])=[C:61]1[H:65])[C:11]([H:41])=[C:12]([H:42])[C:13]1=[C:14]5[C@@:71]([H:72])([H:73])[C@@:77]([H:79])([H:80])[C@:78]([H:81])([H:82])[C@:74]1([H:75])[H:76])[C:60]1=[C:64]([C:59]([H:63])=[C:8]4[H:40])[C@@:86]([H:87])([H:88])[C@@:90]([H:93])([H:94])[C@:89]([H:91])([H:92])[C@:83]1([H:84])[H:85])([C:16]1=[C:21]([H:47])[C:20]([H:46])=[C:19]([H:45])[C:18]([H:44])=[C:17]1[H:43])[C:22]1=[C:23]([H:48])[C:24]([H:49])=[C:25]([H:50])[C:26]([H:51])=[C:27]1[H:52])(<-[O:3]=[C:36]([O-:4]->2)[C@@:37]([H:95])([H:96])[H:97])<-[O-:5][C:38](=[O:6]->3)[C@@:39]([H:98])([H:99])[H:100],[H]OC([H])([H])[H],CC[C@@H](C(O)=O)C1=CC=C(OC)C=C1,CC[C@H](C(O)=O)C1=CC=C(OC)C=C1,C/C=C(C(O)=O)\C1=CC=C(OC)C=C1,60,10,,,,2
IAW00000574,CAT-14,SOL-1,,,REA-12,[Ru+2]123(<-[P:1]([C:7]4=[C:9]([C:15]5=[C:10]([P:2]->1([C:28]1=[C:29]([H:53])[C:30]([H:54])=[C:31]([H:55])[C:32]([H:56])=[C:33]1[H:57])[C:34]1=[C:35]([H:58])[C:62]([H:67])=[C:68]([H:70])[C:66]([H:69])=[C:61]1[H:65])[C:11]([H:41])=[C:12]([H:42])[C:13]1=[C:14]5[C@@:71]([H:72])([H:73])[C@@:77]([H:79])([H:80])[C@:78]([H:81])([H:82])[C@:74]1([H:75])[H:76])[C:60]1=[C:64]([C:59]([H:63])=[C:8]4[H:40])[C@@:86]([H:87])([H:88])[C@@:90]([H:93])([H:94])[C@:89]([H:91])([H:92])[C@:83]1([H:84])[H:85])([C:16]1=[C:21]([H:47])[C:20]([H:46])=[C:19]([H:45])[C:18]([H:44])=[C:17]1[H:43])[C:22]1=[C:23]([H:48])[C:24]([H:49])=[C:25]([H:50])[C:26]([H:51])=[C:27]1[H:52])(<-[O:3]=[C:36]([O-:4]->2)[C@@:37]([H:95])([H:96])[H:97])<-[O-:5][C:38](=[O:6]->3)[C@@:39]([H:98])([H:99])[H:100],[H]OC([H])([H])[H],CC[C@@H](C(O)=O)C1=CC=C(OC)C=C1,CC[C@H](C(O)=O)C1=CC=C(OC)C=C1,C/C=C(C(O)=O)\C1=CC=C(OC)C=C1,60,50,,,,2
IAW00000575,CAT-14,SOL-1,,,REA-12,[Ru+2]123(<-[P:1]([C:7]4=[C:9]([C:15]5=[C:10]([P:2]->1([C:28]1=[C:29]([H:53])[C:30]([H:54])=[C:31]([H:55])[C:32]([H:56])=[C:33]1[H:57])[C:34]1=[C:35]([H:58])[C:62]([H:67])=[C:68]([H:70])[C:66]([H:69])=[C:61]1[H:65])[C:11]([H:41])=[C:12]([H:42])[C:13]1=[C:14]5[C@@:71]([H:72])([H:73])[C@@:77]([H:79])([H:80])[C@:78]([H:81])([H:82])[C@:74]1([H:75])[H:76])[C:60]1=[C:64]([C:59]([H:63])=[C:8]4[H:40])[C@@:86]([H:87])([H:88])[C@@:90]([H:93])([H:94])[C@:89]([H:91])([H:92])[C@:83]1([H:84])[H:85])([C:16]1=[C:21]([H:47])[C:20]([H:46])=[C:19]([H:45])[C:18]([H:44])=[C:17]1[H:43])[C:22]1=[C:23]([H:48])[C:24]([H:49])=[C:25]([H:50])[C:26]([H:51])=[C:27]1[H:52])(<-[O:3]=[C:36]([O-:4]->2)[C@@:37]([H:95])([H:96])[H:97])<-[O-:5][C:38](=[O:6]->3)[C@@:39]([H:98])([H:99])[H:100],[H]OC([H])([H])[H],CC[C@@H](C(O)=O)C1=CC=C(OC)C=C1,CC[C@H](C(O)=O)C1=CC=C(OC)C=C1,C/C=C(C(O)=O)\C1=CC=C(OC)C=C1,60,100,,,,2
IAW00000576,CAT-15,SOL-1,,,REA-12,[Ru+2]123(<-[Cl-:2]->[Ru+2:137]4(<-[Cl-:1])(<-[Cl-:3]->1)(<-[P:5]([C:11]1=[C:9]([C:29]5=[C:31]([P:7]->4([C:73]4=[C:83]([H:132])[C:81]([C@@:175]([H:176])([H:177])[H:178])=[C:79]([H:179])[C:77]([C@@:171]([H:172])([H:173])[H:174])=[C:75]4[H:129])[C:85]4=[C:95]([H:136])[C:93]([C@@:163]([H:164])([H:165])[H:166])=[C:91]([H:140])[C:89]([C@@:167]([H:168])([H:169])[H:170])=[C:87]4[H:134])[C:33]([H:109])=[C:35]([H:111])[C:37]4=[C:47]5[C:45]([H:119])=[C:43]([H:117])[C:41]([H:115])=[C:39]4[H:113])[C:27]4=[C:17]([C:15]([H:99])=[C:13]1[H:97])[C:19]([H:101])=[C:21]([H:103])[C:23]([H:105])=[C:25]4[H:107])([C:49]1=[C:59]([H:123])[C:57]([C@@:192]([H:193])([H:194])[H:195])=[C:55]([H:144])[C:53]([C@@:188]([H:189])([H:190])[H:191])=[C:51]1[H:121])[C:61]1=[C:71]([H:127])[C:69]([C@@:184]([H:185])([H:186])[H:187])=[C:67]([H:145])[C:65]([C@@:180]([H:181])([H:182])[H:183])=[C:63]1[H:125])<-[Cl-:138]->2)(<-[P:4]([C:10]1=[C:8]([C:28]2=[C:30]([P:6]->3([C:72]3=[C:82]([H:131])[C:80]([C@@:204]([H:205])([H:206])[H:207])=[C:78]([H:142])[C:76]([H:130])=[C:74]3[H:128])[C:84]3=[C:86]([H:133])[C:88]([C@@:200]([H:201])([H:202])[H:203])=[C:90]([H:143])[C:92]([C@@:196]([H:197])([H:198])[H:199])=[C:94]3[H:135])[C:32]([H:108])=[C:34]([H:110])[C:36]3=[C:46]2[C:44]([H:118])=[C:42]([H:116])[C:40]([H:114])=[C:38]3[H:112])[C:26]2=[C:16]([C:14]([H:98])=[C:12]1[H:96])[C:18]([H:100])=[C:20]([H:102])[C:22]([H:104])=[C:24]2[H:106])([C:48]1=[C:58]([H:122])[C:56]([C@@:159]([H:160])([H:161])[H:162])=[C:54]([H:146])[C:52]([C@@:155]([H:156])([H:157])[H:158])=[C:50]1[H:120])[C:60]1=[C:70]([H:126])[C:68]([C@@:151]([H:152])([H:153])[H:154])=[C:66]([H:141])[C:64]([C@@:147]([H:148])([H:149])[H:150])=[C:62]1[H:124])<-[Cl-:139],[H]OC([H])([H])[H],CC[C@@H](C(O)=O)C1=CC=C(OC)C=C1,CC[C@H](C(O)=O)C1=CC=C(OC)C=C1,C/C=C(C(O)=O)\C1=CC=C(OC)C=C1,60,100,,,,2
IAW00000577,CAT-16,SOL-1,,,REA-12,[P]1([C:2]2=[C:4]([H:55])[C:6]([C@:7]([H:74])([H:76])[H:77])=[C:8]([H:56])[C:10]([C@:12]([H:81])([H:82])[H:83])=[C:13]2[H:57])([C:14]2=[C:19]([C:20]3=[C:25]([P:1]([C:26]4=[C:27]([H:64])[C:28]([C@:29]([H:84])([H:85])[H:86])=[C:30]([H:65])[C:31]([C@@:32]([H:87])([H:88])[H:89])=[C:33]4[H:68])(->[Ru+2:54]<-14(<-[N:3]([C@@:34]([C:35]1=[C:36]([H:69])[C:37]([H:70])=[C:38]([O:9][C@@:39]([H:90])([H:91])[H:92])[C:40]([H:71])=[C:41]1[H:72])([C:42]1=[C:48]([H:102])[C:47]([H:78])=[C:45]([O:11][C@@:46]([H:93])([H:94])[H:95])[C:44]([H:75])=[C:43]1[H:73])[C@@:49]([N:5]->4([H:66])[H:67])([C@@:50]([C@@:51]([H:96])([H:97])[H:98])([C@@:52]([H:99])([H:100])[H:101])[H:80])[H:79])([H:60])[H:61])(<-[Cl-:53])<-[Cl-:103])[C:129]1=[C:130]([H:133])[C:132]([C@@:150]([H:151])([H:152])[H:153])=[C:136]([H:137])[C:134]([C@@:146]([H:147])([H:148])[H:149])=[C:131]1[H:135])[C:24]([H:63])=[C:23]([H:62])[C:22]1=[C:21]3[C:115]([H:119])=[C:114]([H:118])[C:113]([H:117])=[C:112]1[H:116])[C:18]1=[C:17]([C:16]([H:59])=[C:15]2[H:58])[C:107]([H:111])=[C:106]([H:110])[C:105]([H:109])=[C:104]1[H:108])[C:120]1=[C:122]([H:126])[C:125]([C@@:138]([H:139])([H:140])[H:141])=[C:127]([H:128])[C:123]([C@@:142]([H:143])([H:144])[H:145])=[C:121]1[H:124],[H]OC([H])([H])[H],CC[C@@H](C(O)=O)C1=CC=C(OC)C=C1,CC[C@H](C(O)=O)C1=CC=C(OC)C=C1,C/C=C(C(O)=O)\C1=CC=C(OC)C=C1,60,100,,,,2
IAW00000578,CAT-17,SOL-1,,,REA-12,[P]1([C:2]2=[C:17]([H:79])[C:14]([C@:16]([H:109])([H:110])[H:111])=[C:12]([H:78])[C:8]([C@:10]([H:102])([H:104])[H:105])=[C:5]2[H:77])([C:18]2=[C:19]([H:80])[C:20]([C@:21]([H:112])([H:113])[H:114])=[C:22]([H:81])[C:23]([C@:24]([H:115])([H:116])[H:117])=[C:25]2[H:82])[C:26]2=[C:32]([C:33]3=[C:39]([P:1]([C:40]4=[C:41]([H:89])[C:42]([C@:43]([H:122])([H:123])[H:124])=[C:44]([H:90])[C:45]([C@:46]([H:125])([H:126])[H:127])=[C:47]4[H:93])([C:48]4=[C:55]([H:96])[C:53]([C@:54]([H:131])([H:132])[H:133])=[C:52]([H:95])[C:50]([C@:51]([H:128])([H:129])[H:130])=[C:49]4[H:94])->[Ru+2:76]<-14(<-[N:3]([C@:56]([C:57]1=[C:63]([H:100])[C:62]([H:99])=[C:60]([O:13][C@:61]([H:134])([H:135])[H:136])[C:59]([H:98])=[C:58]1[H:97])([C:64]1=[C:70]([H:146])[C:69]([H:106])=[C:67]([O:15][C@:68]([H:137])([H:138])[H:139])[C:66]([H:103])=[C:65]1[H:101])[C@@:71]([N:6]->4([H:91])[H:92])([C@@:72]([C@:73]([H:140])([H:141])[H:142])([C@:74]([H:143])([H:144])[H:145])[H:108])[H:107])([H:85])[H:86])(<-[Cl-:75])<-[Cl-:147])[C:38]([H:88])=[C:37]([H:87])[C:36]1=[C:34]3[O:9][C@:35]([H:120])([H:121])[O:11]1)[C:31]1=[C:29]([O:4][C@@:30]([H:118])([H:119])[O:7]1)[C:28]([H:84])=[C:27]2[H:83],[H]OC([H])([H])[H],CC[C@@H](C(O)=O)C1=CC=C(OC)C=C1,CC[C@H](C(O)=O)C1=CC=C(OC)C=C1,C/C=C(C(O)=O)\C1=CC=C(OC)C=C1,60,100,,,,2
IAW00000579,CAT-18,SOL-1,,,REA-12,[Ru+2]12(<-[Cl-:1])(<-[Cl-:2])(<-[P:3]([C:16]3=[C:25]([C:15]4=[C:8]([P:4]->1([C:39]1=[C:40]([H:73])[C:41]([H:74])=[C:42]([C@:45]([H:76])([H:77])[H:87])[C:43]([H:86])=[C:44]1[H:75])[C:46]1=[C:49]([H:80])[C:48]([H:79])=[C:89]([C@:95]([H:96])([H:97])[H:98])[C:88]([H:94])=[C:47]1[H:78])[C:9]([H:53])=[C:10]([H:54])[C:11]1=[C:14]4[C:13]([H:56])=[C:82]([H:91])[C:81]([H:90])=[C:12]1[H:55])[C:24]1=[C:19]([C:18]([H:58])=[C:17]3[H:57])[C:20]([H:59])=[C:21]([H:83])[C:22]([H:84])=[C:23]1[H:60])([C:26]1=[C:27]([H:61])[C:28]([H:62])=[C:29]([C@:32]([H:65])([H:66])[H:67])[C:30]([H:63])=[C:31]1[H:64])[C:33]1=[C:34]([H:68])[C:35]([H:69])=[C:36]([C@:85]([H:72])([H:92])[H:93])[C:37]([H:70])=[C:38]1[H:71])<-[N:5]([C@@:7]([H:52])([C:99]1=[N:6]->2[C:105]([H:106])=[C:103]([H:104])[C:102]([H:107])=[C:100]1[H:101])[H:108])([H:50])[H:51],[H]OC([H])([H])[H],CC[C@@H](C(O)=O)C1=CC=C(OC)C=C1,CC[C@H](C(O)=O)C1=CC=C(OC)C=C1,C/C=C(C(O)=O)\C1=CC=C(OC)C=C1,60,100,,,,2
IAW00000580,CAT-19,SOL-1,,,REA-12,[P]1([C:16]2=[C:11]([C@@:10]([N:3]3([C@:2]4([H:51])[C@:4]([H:52])([H:53])[C@:6]([H:54])([H:55])[C@@:7]([H:56])([H:57])[C@@:8]([H:58])([H:59])[C@:9]4([N:5]4([C@@:29]([C:30]5=[C:31]([H:81])[C:32]([H:82])=[C:33]([H:83])[C:34]([H:84])=[C:35]5[P:1]([C:36]5=[C:37]([H:85])[C:38]([H:86])=[C:39]([H:87])[C:40]([H:88])=[C:41]5[H:89])([C:42]5=[C:47]([H:94])[C:46]([H:93])=[C:45]([H:92])[C:44]([H:91])=[C:43]5[H:90])->[Ru+2:50]<-1<-3<-4(<-[Cl-:48])<-[Cl-:49])([H:79])[H:80])[H:78])[H:60])[H:61])([H:62])[H:63])[C:12]([H:64])=[C:13]([H:65])[C:14]([H:66])=[C:15]2[H:67])([C:17]1=[C:18]([H:68])[C:19]([H:69])=[C:20]([H:70])[C:21]([H:71])=[C:22]1[H:72])[C:23]1=[C:28]([H:77])[C:27]([H:76])=[C:26]([H:75])[C:25]([H:74])=[C:24]1[H:73],[H]OC([H])([H])[H],CC[C@@H](C(O)=O)C1=CC=C(OC)C=C1,CC[C@H](C(O)=O)C1=CC=C(OC)C=C1,C/C=C(C(O)=O)\C1=CC=C(OC)C=C1,60,100,,,,2
IAW00000581,CAT-20,SOL-1,,,REA-12,[Ru+2]12(<-[Cl-:1])(<-[Cl-:2])(<-[P:3]([C:29]3=[C:38]([C:28]4=[C:21]([P:4]->1([C:52]1=[C:57]([H:98])[C:56]([H:109])=[C:55]([C@:58]([H:99])([H:100])[H:110])[C:54]([H:97])=[C:53]1[H:96])[C:59]1=[C:62]([H:103])[C:61]([H:102])=[C:112]([C@:118]([H:119])([H:120])[H:121])[C:111]([H:117])=[C:60]1[H:101])[C:22]([H:76])=[C:23]([H:77])[C:24]1=[C:27]4[C:26]([H:79])=[C:105]([H:114])[C:104]([H:113])=[C:25]1[H:78])[C:37]1=[C:32]([C:31]([H:81])=[C:30]3[H:80])[C:33]([H:82])=[C:34]([H:106])[C:35]([H:107])=[C:36]1[H:83])([C:39]1=[C:40]([H:84])[C:41]([H:85])=[C:42]([C@:45]([H:88])([H:89])[H:90])[C:43]([H:86])=[C:44]1[H:87])[C:46]1=[C:47]([H:91])[C:48]([H:92])=[C:49]([C@:108]([H:95])([H:115])[H:116])[C:50]([H:93])=[C:51]1[H:94])<-[N:5]([C@:7]([C@@:8]([N:6]->2([H:63])[H:123])([C:15]1=[C:20]([H:75])[C:19]([H:74])=[C:18]([H:73])[C:17]([H:72])=[C:16]1[H:71])[H:65])([C:9]1=[C:10]([H:66])[C:11]([H:67])=[C:12]([H:68])[C:13]([H:69])=[C:14]1[H:70])[H:64])([H:122])[H:124],[H]OC([H])([H])[H],CC[C@@H](C(O)=O)C1=CC=C(OC)C=C1,CC[C@H](C(O)=O)C1=CC=C(OC)C=C1,C/C=C(C(O)=O)\C1=CC=C(OC)C=C1,60,100,,,,2
IAW00000582,CAT-21,SOL-1,,,REA-12,[Ru+2]12(<-[Cl-:1])(<-[Cl-:2])(<-[P:3]([C:27]3=[C:33]([C:26]4=[C:25]5[C:24](=[C:23]([H:75])[C:22]([H:74])=[C:21]4[P:4]->1([C:47]1=[C:48]([H:90])[C:49]([H:91])=[C:50]([C@:53]([H:93])([H:94])[H:101])[C:51]([H:100])=[C:52]1[H:92])[C:54]1=[C:57]([H:97])[C:56]([H:96])=[C:103]([C@:107]([H:108])([H:109])[H:110])[C:102]([H:106])=[C:55]1[H:95])[O:114][C@:98]([H:117])([H:118])[O:113]5)[C:32]1=[C:30]([C:29]([H:77])=[C:28]3[H:76])[O:111][C@:31]([H:115])([H:116])[O:112]1)([C:34]1=[C:35]([H:78])[C:36]([H:79])=[C:37]([C@:40]([H:82])([H:83])[H:84])[C:38]([H:80])=[C:39]1[H:81])[C:41]1=[C:42]([H:85])[C:43]([H:86])=[C:44]([C@:99]([H:89])([H:104])[H:105])[C:45]([H:87])=[C:46]1[H:88])<-[N:5]([C@@:7]([C@:8]([N:6]->2([H:60])[H:61])([C:15]1=[C:20]([H:73])[C:19]([H:72])=[C:18]([H:71])[C:17]([H:70])=[C:16]1[H:69])[H:63])([C:9]1=[C:14]([H:68])[C:13]([H:67])=[C:12]([H:66])[C:11]([H:65])=[C:10]1[H:64])[H:62])([H:58])[H:59],[H]OC([H])([H])[H],CC[C@@H](C(O)=O)C1=CC=C(OC)C=C1,CC[C@H](C(O)=O)C1=CC=C(OC)C=C1,C/C=C(C(O)=O)\C1=CC=C(OC)C=C1,60,100,,,,2
IAW00000583,CAT-23,SOL-2,,,REA-12,[C]12([H:1])->[Ir+:130]345(<-[C:7]=1([H:11])[C@@:10]([H:15])([H:16])[C@@:17]([H:22])([H:23])[C:12]->3([H:18])=[C:8]->4([H:13])[C@:5]([H:6])([H:9])[C@:2]2([H:3])[H:4])<-[N:21]1=[C:27]([C:28]2=[C:29]([H:32])[C:31]([H:36])=[C:35]([H:41])[C:33]3=[C:30]2[C@@:34]2([C@@:38]([H:44])([H:45])[C@@:46]([H:51])([H:52])[C:48]4=[C:39]2[C:47]([P:53]->5([C:56]2=[C:62]([H:68])[C:69]([C@@:76]([C@@:84]([H:103])([H:104])[H:105])([C@@:85]([H:106])([H:107])[H:108])[C@:86]([H:109])([H:110])[H:111])=[C:75]([H:83])[C:67]([C@@:74]([C@@:80]([H:94])([H:95])[H:96])([C@:81]([H:97])([H:98])[H:99])[C@:82]([H:100])([H:101])[H:102])=[C:61]2[H:66])[C:57]2=[C:63]([H:70])[C:71]([C@:77]([C@@:87]([H:112])([H:113])[H:114])([C@@:88]([H:115])([H:116])[H:117])[C@:89]([H:118])([H:119])[H:120])=[C:78]([H:90])[C:72]([C@:79]([C@:91]([H:121])([H:122])[H:123])([C@@:92]([H:124])([H:125])[H:126])[C@@:93]([H:127])([H:128])[H:129])=[C:64]2[H:73])=[C:54]([H:59])[C:58]([H:65])=[C:55]4[H:60])[C@:40]([H:49])([H:50])[C@@:37]3([H:42])[H:43])[O:25][C@@:19]([H:24])([H:26])[C@:14]1([H:20])[H:131],[H]C([H])([H])C([H])([H])N(C([H])([H])C([H])([H])[H])C([H])([H])C([H])([H])[H].[H]OC([H])([H])[H],CC[C@@H](C(O)=O)C1=CC=C(OC)C=C1,CC[C@H](C(O)=O)C1=CC=C(OC)C=C1,C/C=C(C(O)=O)\C1=CC=C(OC)C=C1,60,6,,,,2
IAW00000584,CAT-24,SOL-2,,,REA-12,C1([H:1])=[C:11]([H:17])[C:16]([C@@:24]2([H:31])[C@:30]([H:35])([H:37])[O:36][C:38]3[C:39]4=[C:41]5[C:44](=[C:46]([H:52])[C:42]([H:47])=[C:40]4[H:43])[C@:48]([H:53])([H:54])[C@@:51]([H:60])([H:61])[C@:45]54[C@@:49]([H:55])([H:56])[C@@:57]([H:62])([H:63])[C:59]5=[C:50]4[C:58]([P:64]([C:67]4=[C:73]([H:79])[C:80]([C@@:87]([C@@:95]([H:114])([H:115])[H:116])([C@@:96]([H:117])([H:118])[H:119])[C@:97]([H:120])([H:121])[H:122])=[C:86]([H:94])[C:78]([C@@:85]([C@@:91]([H:105])([H:106])[H:107])([C@:92]([H:108])([H:109])[H:110])[C@:93]([H:111])([H:112])[H:113])=[C:72]4[H:77])([C:68]4=[C:75]([H:84])[C:83]([C@:90]([C@:102]([H:132])([H:133])[H:134])([C@@:103]([H:135])([H:136])[H:137])[C@@:104]([H:138])([H:139])[H:140])=[C:89]([H:101])[C:82]([C@:88]([C@@:98]([H:123])([H:124])[H:125])([C@@:99]([H:126])([H:127])[H:128])[C@:100]([H:129])([H:130])[H:131])=[C:74]4[H:81])->[Ir+:141]467(<-[C:4]8([H:5])=[C:13]->4([H:21])[C@@:20]([H:26])([H:27])[C@@:28]([H:33])([H:34])[C:22]->6([H:29])=[C:14]->7([H:23])[C@:9]([H:10])([H:15])[C@:6]8([H:7])[H:8])<-[N:32]=32)=[C:65]([H:70])[C:69]([H:76])=[C:66]5[H:71])=[C:19]([H:25])[C:12]([H:18])=[C:2]1[H:3],[H]C([H])([H])C([H])([H])N(C([H])([H])C([H])([H])[H])C([H])([H])C([H])([H])[H].[H]OC([H])([H])[H],CC[C@@H](C(O)=O)C1=CC=C(OC)C=C1,CC[C@H](C(O)=O)C1=CC=C(OC)C=C1,C/C=C(C(O)=O)\C1=CC=C(OC)C=C1,60,6,,,,2
IAW00000585,CAT-25,SOL-2,,,REA-12,C12[P:96]([C:33]3=[C:40]([H:41])[C:39]([C@:55]([C@:56]([H:57])([H:58])[H:59])([C@:60]([H:61])([H:62])[H:105])[C@@:104]([H:120])([H:121])[H:122])=[C:37]([H:38])[C:36]([C@:42]([C@:43]([H:44])([H:45])[H:46])([C@:47]([H:48])([H:49])[H:50])[C@:51]([H:52])([H:53])[H:54])=[C:34]3[H:35])([C:63]3=[C:69]([H:109])[C:68]([C@:108]([C@:125]([H:136])([H:137])[H:138])([C@@:126]([H:139])([H:140])[H:141])[C@:127]([H:142])([H:143])[H:144])=[C:67]([H:107])[C:66]([C@:106]([C@:70]([H:71])([H:110])[H:111])([C@@:123]([H:131])([H:132])[H:133])[C@:124]([H:72])([H:134])[H:135])=[C:64]3[H:65])->[Ir+:93]345(<-[C:73]6([H:74])=[C:75]->3([H:76])[C@:77]([H:78])([H:79])[C@@:80]([H:81])([H:82])[C:83]->4([H:84])=[C:85]->5([H:86])[C@:87]([H:88])([H:89])[C@@:90]6([H:91])[H:92])<-[N:94]3=[C:13]([C:11]4=[C:9]([H:10])[C:102]([H:118])=[C:119]([H:130])[C:103]5=[C:12]4[C@:5]4([C:4]1=[C:3]([C@:6]([H:7])([H:101])[C@:99]4([H:114])[H:115])[C:98]([H:113])=[C:97]([H:112])[C:1]=2[H:2])[C@@:100]([H:8])([H:117])[C@@:116]5([H:128])[H:129])[O:95][C@:14]([H:15])([H:16])[C@:17]3([H:18])[C@@:19]([H:20])([H:21])[C:22]1=[C:23]([H:24])[C:25]([H:26])=[C:27]([H:28])[C:29]([H:30])=[C:31]1[H:32],[H]C([H])([H])C([H])([H])N(C([H])([H])C([H])([H])[H])C([H])([H])C([H])([H])[H].[H]OC([H])([H])[H],CC[C@@H](C(O)=O)C1=CC=C(OC)C=C1,CC[C@H](C(O)=O)C1=CC=C(OC)C=C1,C/C=C(C(O)=O)\C1=CC=C(OC)C=C1,60,6,,,,2
IAW00000586,CAT-26,SOL-2,,,REA-12,[P]1([C:13]2=[C:14]([H:57])[C:15]([H:58])=[C:16]([H:59])[C:11]3=[C:12]2[C@@:7]2([C@@:9]([H:67])([H:68])[C@@:10]3([H:72])[H:73])[C@@:17]([H:74])([H:75])[C@@:18]([H:76])([H:77])[C:19]3=[C:24]([H:62])[C:23]([H:61])=[C:22]([H:60])[C:21]([N:8]([C@:6]([C:5]4=[C:120]([C@@:121]([H:122])([H:123])[H:124])[C:1]([H:82])=[C:2]([H:81])[C:3]([H:80])=[C:4]4[H:119])([H:78])[H:79])(->[Ir+4:54]<-1(<-[Cl-:53])(<-[H-:55])(<-[H-:56])<-[H-:125])[H:64])=[C:20]23)([C:25]1=[C:30]([H:66])[C:29]([C@:35]([C@:36]([H:92])([H:93])[H:94])([C@:37]([H:95])([H:96])[H:97])[C@:38]([H:98])([H:99])[H:100])=[C:28]([H:65])[C:27]([C@:31]([C@:32]([H:83])([H:84])[H:85])([C@:33]([H:86])([H:87])[H:88])[C@:34]([H:89])([H:90])[H:91])=[C:26]1[H:63])[C:39]1=[C:40]([H:69])[C:41]([C@@:45]([C@:46]([H:101])([H:102])[H:103])([C@:47]([H:104])([H:105])[H:106])[C@:48]([H:107])([H:108])[H:109])=[C:42]([H:70])[C:43]([C@:49]([C@:50]([H:110])([H:111])[H:112])([C@:51]([H:113])([H:114])[H:115])[C@:52]([H:116])([H:117])[H:118])=[C:44]1[H:71],[H]C([H])([H])C([H])([H])N(C([H])([H])C([H])([H])[H])C([H])([H])C([H])([H])[H].[H]OC([H])([H])[H],CC[C@@H](C(O)=O)C1=CC=C(OC)C=C1,CC[C@H](C(O)=O)C1=CC=C(OC)C=C1,C/C=C(C(O)=O)\C1=CC=C(OC)C=C1,60,6,,,,2
IAW00000587,CAT-27,SOL-2,,,REA-12,[C@@]1([C@@:1]2([H:41])[C@:3]([C@@:7]([H:43])([H:44])[H:45])([H:42])[O:87][C:4]([C:6]3=[C:8]([H:46])[C:9]([H:47])=[C:10]([H:48])[C:11]([H:49])=[C:12]3[H:50])=[N:5]2->[Ir+5:26]234(<-[P:13]([O:2]1)([C@:14]1([H:51])[C@@:16]([H:53])([H:54])[C@@:17]([H:55])([H:56])[C@@:18]([H:57])([H:58])[C@@:19]([H:59])([H:60])[C@@:20]1([H:61])[H:62])[C@:15]1([H:52])[C@@:21]([H:63])([H:64])[C@@:22]([H:65])([H:66])[C@@:23]([H:67])([H:68])[C@@:24]([H:69])([H:70])[C@@:25]1([H:71])[H:72])<-[C-:88]1([H:89])[C-:90]->2([H:91])[C@@:92]([H:93])([H:94])[C@@:95]([H:96])([H:97])[C-:104]->3([H:106])[C-:105]->4([H:107])[C@:101]([H:102])([H:103])[C@@:98]1([H:99])[H:100])([C@:32]([C:35]1=[C:31]([H:77])[C:30]([H:76])=[C:29]([H:75])[C:28]([H:74])=[C:27]1[H:73])([H:78])[H:79])[C@:39]([C:40]1=[C:38]([H:84])[C:37]([H:83])=[C:36]([H:82])[C:34]([H:81])=[C:33]1[H:80])([H:85])[H:86],[H]C([H])([H])C([H])([H])N(C([H])([H])C([H])([H])[H])C([H])([H])C([H])([H])[H].[H]OC([H])([H])[H],CC[C@@H](C(O)=O)C1=CC=C(OC)C=C1,CC[C@H](C(O)=O)C1=CC=C(OC)C=C1,C/C=C(C(O)=O)\C1=CC=C(OC)C=C1,60,6,,,,2
IAW00000588,CAT-28,SOL-1,,,REA-12,[P]12([C@@:10]([C@:11]([P:1]3(->[Rh+:24]<-1456<-[C:2]1([H:25])=[C:3]->4([H:26])[C@:4]([H:27])([H:28])[C@@:5]([H:29])([H:30])[C:6]->5([H:31])=[C:7]->6([H:32])[C@:8]([H:33])([H:34])[C@@:9]1([H:35])[H:36])[C@@:18]([C@:22]([H:59])([H:60])[H:61])([H:53])[C@@:19]([H:54])([H:55])[C@@:20]([H:56])([H:57])[C@:21]3([C@:23]([H:62])([H:63])[H:64])[H:58])([H:39])[H:40])([H:37])[H:38])[C@@:12]([C@:16]([H:47])([H:48])[H:49])([H:41])[C@@:13]([H:42])([H:43])[C@:14]([H:44])([H:45])[C@:15]2([C@:17]([H:50])([H:51])[H:52])[H:46],[H]OC([H])([H])[H],CC[C@@H](C(O)=O)C1=CC=C(OC)C=C1,CC[C@H](C(O)=O)C1=CC=C(OC)C=C1,C/C=C(C(O)=O)\C1=CC=C(OC)C=C1,60,20,,,,2
IAW00000589,CAT-28,SOL-2,,,REA-12,[P]12([C@@:10]([C@:11]([P:1]3(->[Rh+:24]<-1456<-[C:2]1([H:25])=[C:3]->4([H:26])[C@:4]([H:27])([H:28])[C@@:5]([H:29])([H:30])[C:6]->5([H:31])=[C:7]->6([H:32])[C@:8]([H:33])([H:34])[C@@:9]1([H:35])[H:36])[C@@:18]([C@:22]([H:59])([H:60])[H:61])([H:53])[C@@:19]([H:54])([H:55])[C@@:20]([H:56])([H:57])[C@:21]3([C@:23]([H:62])([H:63])[H:64])[H:58])([H:39])[H:40])([H:37])[H:38])[C@@:12]([C@:16]([H:47])([H:48])[H:49])([H:41])[C@@:13]([H:42])([H:43])[C@:14]([H:44])([H:45])[C@:15]2([C@:17]([H:50])([H:51])[H:52])[H:46],[H]C([H])([H])C([H])([H])N(C([H])([H])C([H])([H])[H])C([H])([H])C([H])([H])[H].[H]OC([H])([H])[H],CC[C@@H](C(O)=O)C1=CC=C(OC)C=C1,CC[C@H](C(O)=O)C1=CC=C(OC)C=C1,C/C=C(C(O)=O)\C1=CC=C(OC)C=C1,60,20,,,,2
IAW00000590,CAT-29,SOL-2,,,REA-12,[P]12([C@@:22]([H:23])([H:24])[C@:25]([P:1]3(->[Rh+:76]<-1456<-[C:2]1([H:3])=[C:4]->4([H:5])[C@:6]([H:7])([H:8])[C@@:9]([H:10])([H:11])[C:12]->5([H:13])=[C:14]->6([H:15])[C@:16]([H:17])([H:18])[C@@:19]1([H:20])[H:21])[C@@:48]([H:49])([C@@:65]([H:66])([H:67])[C@:68]([H:69])([H:70])[H:72])[C@@:50]([H:51])([H:52])[C@:53]([H:54])([H:55])[C@:56]3([H:57])[C@:58]([H:59])([H:60])[C@:61]([H:62])([H:63])[H:64])([H:26])[H:27])[C@@:28]([H:29])([C@:38]([H:39])([H:40])[C@:41]([H:42])([H:43])[H:44])[C@@:30]([H:31])([H:32])[C@:33]([H:34])([H:35])[C@:36]2([H:37])[C@@:45]([H:46])([H:47])[C@:71]([H:73])([H:74])[H:75],[H]C([H])([H])C([H])([H])N(C([H])([H])C([H])([H])[H])C([H])([H])C([H])([H])[H].[H]OC([H])([H])[H],CC[C@@H](C(O)=O)C1=CC=C(OC)C=C1,CC[C@H](C(O)=O)C1=CC=C(OC)C=C1,C/C=C(C(O)=O)\C1=CC=C(OC)C=C1,60,20,,,,2
IAW00000591,CAT-30,SOL-1,,,REA-12,[P]12([C@@:22]([H:23])([H:24])[C@:25]([P:1]3(->[Rh+:72]<-1456<-[C:2]1([H:3])=[C:4]->4([H:5])[C@:6]([H:7])([H:8])[C@@:9]([H:10])([H:11])[C:12]->5([H:13])=[C:14]->6([H:15])[C@:16]([H:17])([H:18])[C@@:19]1([H:20])[H:21])[C@:46]([H:47])([C@@:62]([H:63])([C@:64]([H:65])([H:66])[H:68])[C@@:85]([H:86])([H:87])[H:88])[C@@:48]([H:49])([H:50])[C@:51]([H:52])([H:53])[C@@:54]3([H:55])[C@@:56]([H:57])([C@:58]([H:59])([H:60])[H:61])[C@@:81]([H:82])([H:83])[H:84])([H:26])[H:27])[C@:28]([H:29])([C@@:38]([H:39])([C@:40]([H:41])([H:42])[H:43])[C@@:73]([H:74])([H:75])[H:76])[C@@:30]([H:31])([H:32])[C@:33]([H:34])([H:35])[C@@:36]2([H:37])[C@:44]([H:45])([C@:67]([H:69])([H:70])[H:71])[C@@:77]([H:78])([H:79])[H:80],[H]OC([H])([H])[H],CC[C@@H](C(O)=O)C1=CC=C(OC)C=C1,CC[C@H](C(O)=O)C1=CC=C(OC)C=C1,C/C=C(C(O)=O)\C1=CC=C(OC)C=C1,60,20,,,,2
IAW00000592,CAT-30,SOL-2,,,REA-12,[P]12([C@@:22]([H:23])([H:24])[C@:25]([P:1]3(->[Rh+:72]<-1456<-[C:2]1([H:3])=[C:4]->4([H:5])[C@:6]([H:7])([H:8])[C@@:9]([H:10])([H:11])[C:12]->5([H:13])=[C:14]->6([H:15])[C@:16]([H:17])([H:18])[C@@:19]1([H:20])[H:21])[C@:46]([H:47])([C@@:62]([H:63])([C@:64]([H:65])([H:66])[H:68])[C@@:85]([H:86])([H:87])[H:88])[C@@:48]([H:49])([H:50])[C@:51]([H:52])([H:53])[C@@:54]3([H:55])[C@@:56]([H:57])([C@:58]([H:59])([H:60])[H:61])[C@@:81]([H:82])([H:83])[H:84])([H:26])[H:27])[C@:28]([H:29])([C@@:38]([H:39])([C@:40]([H:41])([H:42])[H:43])[C@@:73]([H:74])([H:75])[H:76])[C@@:30]([H:31])([H:32])[C@:33]([H:34])([H:35])[C@@:36]2([H:37])[C@:44]([H:45])([C@:67]([H:69])([H:70])[H:71])[C@@:77]([H:78])([H:79])[H:80],[H]C([H])([H])C([H])([H])N(C([H])([H])C([H])([H])[H])C([H])([H])C([H])([H])[H].[H]OC([H])([H])[H],CC[C@@H](C(O)=O)C1=CC=C(OC)C=C1,CC[C@H](C(O)=O)C1=CC=C(OC)C=C1,C/C=C(C(O)=O)\C1=CC=C(OC)C=C1,60,20,,,,2
IAW00000593,CAT-31,SOL-1,,,REA-12,[P]12([C@@:10]([C@:11]([P:1]3(->[Rh+:20]<-1456<-[C:2]1([H:21])=[C:3]->4([H:22])[C@:4]([H:23])([H:24])[C@@:5]([H:25])([H:26])[C:6]->5([H:27])=[C:7]->6([H:28])[C@:8]([H:29])([H:30])[C@@:9]1([H:31])[H:32])[C@@:16]([H:43])([C:82]1=[C:83]([H:86])[C:85]([H:90])=[C:89]([H:92])[C:87]([H:91])=[C:84]1[H:88])[C@@:17]([H:44])([H:45])[C@@:18]([H:46])([H:47])[C@:19]3([H:48])[C:71]1=[C:72]([H:75])[C:74]([H:79])=[C:78]([H:81])[C:76]([H:80])=[C:73]1[H:77])([H:35])[H:36])([H:33])[H:34])[C@@:12]([H:37])([C:49]1=[C:50]([H:53])[C:52]([H:57])=[C:56]([H:59])[C:54]([H:58])=[C:51]1[H:55])[C@@:13]([H:38])([H:39])[C@:14]([H:40])([H:41])[C@:15]2([H:42])[C:60]1=[C:61]([H:64])[C:63]([H:68])=[C:67]([H:70])[C:65]([H:69])=[C:62]1[H:66],[H]OC([H])([H])[H],CC[C@@H](C(O)=O)C1=CC=C(OC)C=C1,CC[C@H](C(O)=O)C1=CC=C(OC)C=C1,C/C=C(C(O)=O)\C1=CC=C(OC)C=C1,60,20,,,,2
IAW00000594,CAT-31,SOL-2,,,REA-12,[P]12([C@@:10]([C@:11]([P:1]3(->[Rh+:20]<-1456<-[C:2]1([H:21])=[C:3]->4([H:22])[C@:4]([H:23])([H:24])[C@@:5]([H:25])([H:26])[C:6]->5([H:27])=[C:7]->6([H:28])[C@:8]([H:29])([H:30])[C@@:9]1([H:31])[H:32])[C@@:16]([H:43])([C:82]1=[C:83]([H:86])[C:85]([H:90])=[C:89]([H:92])[C:87]([H:91])=[C:84]1[H:88])[C@@:17]([H:44])([H:45])[C@@:18]([H:46])([H:47])[C@:19]3([H:48])[C:71]1=[C:72]([H:75])[C:74]([H:79])=[C:78]([H:81])[C:76]([H:80])=[C:73]1[H:77])([H:35])[H:36])([H:33])[H:34])[C@@:12]([H:37])([C:49]1=[C:50]([H:53])[C:52]([H:57])=[C:56]([H:59])[C:54]([H:58])=[C:51]1[H:55])[C@@:13]([H:38])([H:39])[C@:14]([H:40])([H:41])[C@:15]2([H:42])[C:60]1=[C:61]([H:64])[C:63]([H:68])=[C:67]([H:70])[C:65]([H:69])=[C:62]1[H:66],[H]C([H])([H])C([H])([H])N(C([H])([H])C([H])([H])[H])C([H])([H])C([H])([H])[H].[H]OC([H])([H])[H],CC[C@@H](C(O)=O)C1=CC=C(OC)C=C1,CC[C@H](C(O)=O)C1=CC=C(OC)C=C1,C/C=C(C(O)=O)\C1=CC=C(OC)C=C1,60,20,,,,2
IAW00000595,CAT-32,SOL-2,,,REA-12,[Rh+]1234(<-[P:1]5([C:35]6=[C:41]([H:52])[C:51]([H:59])=[C:58]([H:60])[C:47]([H:57])=[C:39]6[P:34]->16[C@@:63]([C@:46]([H:54])([H:55])[H:56])([H:64])[C@:42]([H:23])([H:53])[C@:36]([H:22])([H:43])[C@:67]6([C@@:24]([H:25])([H:26])[H:37])[H:68])[C@@:61]([C@:30]([H:31])([H:32])[H:33])([H:62])[C@@:27]([H:28])([H:29])[C@:38]([H:44])([H:45])[C@:65]5([C@@:40]([H:48])([H:49])[H:50])[H:66])<-[C:2]1([H:3])=[C:4]->2([H:5])[C@@:6]([H:7])([H:8])[C@:9]([H:10])([H:11])[C:12]->3([H:13])=[C:14]->4([H:15])[C@@:16]([H:17])([H:18])[C@:19]1([H:20])[H:21],[H]C([H])([H])C([H])([H])N(C([H])([H])C([H])([H])[H])C([H])([H])C([H])([H])[H].[H]OC([H])([H])[H],CC[C@@H](C(O)=O)C1=CC=C(OC)C=C1,CC[C@H](C(O)=O)C1=CC=C(OC)C=C1,C/C=C(C(O)=O)\C1=CC=C(OC)C=C1,60,20,,,,2
IAW00000596,CAT-33,SOL-3,,,REA-12,[Rh+]1234(<-[P:1]5([C:23]6=[C:31]([H:32])[C:29]([H:30])=[C:27]([H:28])[C:25]([H:26])=[C:24]6[P:2]->16[C@:73]([C@:66]([H:67])([H:68])[C@@:69]([H:70])([H:71])[H:72])([H:74])[C@@:56]([H:57])([H:58])[C@@:53]([H:54])([H:55])[C@@:75]6([C@:59]([H:60])([H:61])[C@@:62]([H:63])([H:64])[H:65])[H:76])[C@:77]([C@:46]([H:47])([H:48])[C@@:49]([H:50])([H:51])[H:52])([H:78])[C@@:36]([H:37])([H:38])[C@@:33]([H:34])([H:35])[C@@:79]5([C@:39]([H:40])([H:41])[C@@:42]([H:43])([H:44])[H:45])[H:80])<-[C:3]1([H:4])=[C:5]->2([H:6])[C@:7]([H:8])([H:9])[C@:10]([H:11])([H:12])[C:13]->3([H:14])=[C:15]->4([H:16])[C@:17]([H:18])([H:19])[C@@:20]1([H:21])[H:22],F[B-](F)(F)F.[H]C([H])([H])C([H])([H])N(C([H])([H])C([H])([H])[H])C([H])([H])C([H])([H])[H].[H]OC([H])([H])[H],CC[C@@H](C(O)=O)C1=CC=C(OC)C=C1,CC[C@H](C(O)=O)C1=CC=C(OC)C=C1,C/C=C(C(O)=O)\C1=CC=C(OC)C=C1,60,20,,,,2
IAW00000597,CAT-34,SOL-2,,,REA-12,[Rh+]1234(<-[P:1]5([C:33]6=[C:30]([P:2]->17[C@@:45]([H:46])([C@:55]([H:56])([C@:57]([H:58])([H:59])[H:60])[C@:61]([H:62])([H:63])[H:64])[C@:47]([H:48])([H:49])[C@@:50]([H:51])([H:52])[C@:53]7([H:54])[C@@:65]([H:66])([C@:67]([H:68])([H:69])[H:70])[C@:71]([H:72])([H:73])[H:74])[C:28]([H:29])=[C:26]([H:27])[C:24]([H:25])=[C:23]6[H:76])[C@@:31]([H:32])([C@@:36]([H:37])([C@:38]([H:39])([H:40])[H:78])[C@:41]([H:42])([H:43])[H:44])[C@@:77]([H:82])([H:83])[C@:79]([H:84])([H:85])[C@@:75]5([C@@:80]([H:34])([C@:86]([H:88])([H:89])[H:90])[C@:87]([H:35])([H:91])[H:92])[H:81])<-[C:3]1([H:4])=[C:5]->2([H:6])[C@:7]([H:8])([H:9])[C@@:10]([H:11])([H:12])[C:13]->3([H:14])=[C:15]->4([H:16])[C@:17]([H:18])([H:19])[C@@:20]1([H:21])[H:22],[H]C([H])([H])C([H])([H])N(C([H])([H])C([H])([H])[H])C([H])([H])C([H])([H])[H].[H]OC([H])([H])[H],CC[C@@H](C(O)=O)C1=CC=C(OC)C=C1,CC[C@H](C(O)=O)C1=CC=C(OC)C=C1,C/C=C(C(O)=O)\C1=CC=C(OC)C=C1,60,20,,,,2
IAW00000598,CAT-35,SOL-2,,,REA-12,[Fe+2]123456789<-[C:3]%10([P:1]%11(->[Rh+:61]%12%13%14(<-[P:2]%15([C:12]->1%16=[C:17]->2([H:18])[C:15]->3([H:16])=[C:14]->4([H:53])[C-:13]->5%16[H:52])[C@:29]([H:30])([C@@:62]([H:63])([H:64])[H:65])[C@:54]([H:57])([H:58])[C@:56]([H:59])([H:60])[C@@:51]%15([H:55])[C@@:66]([H:67])([H:68])[H:69])<-[C:31]1([H:32])=[C:33]->%12([H:34])[C@:35]([H:36])([H:37])[C@@:38]([H:39])([H:40])[C:41]->%13([H:42])=[C:43]->%14([H:44])[C@:45]([H:46])([H:47])[C@@:48]1([H:49])[H:50])[C@:19]([H:20])([C@@:70]([H:71])([H:72])[H:73])[C@@:21]([H:22])([H:23])[C@:24]([H:25])([H:26])[C@@:27]%11([H:28])[C@@:74]([H:75])([H:76])[H:77])=[C:4]->6([H:5])[C:6]->7([H:7])=[C:8]->8([H:9])[C-:10]->9%10[H:11],[H]C([H])([H])C([H])([H])N(C([H])([H])C([H])([H])[H])C([H])([H])C([H])([H])[H].[H]OC([H])([H])[H],CC[C@@H](C(O)=O)C1=CC=C(OC)C=C1,CC[C@H](C(O)=O)C1=CC=C(OC)C=C1,C/C=C(C(O)=O)\C1=CC=C(OC)C=C1,60,20,,,,2
IAW00000599,CAT-35,SOL-4,,,REA-12,[Fe+2]123456789<-[C:3]%10([P:1]%11(->[Rh+:61]%12%13%14(<-[P:2]%15([C:12]->1%16=[C:17]->2([H:18])[C:15]->3([H:16])=[C:14]->4([H:53])[C-:13]->5%16[H:52])[C@:29]([H:30])([C@@:62]([H:63])([H:64])[H:65])[C@:54]([H:57])([H:58])[C@:56]([H:59])([H:60])[C@@:51]%15([H:55])[C@@:66]([H:67])([H:68])[H:69])<-[C:31]1([H:32])=[C:33]->%12([H:34])[C@:35]([H:36])([H:37])[C@@:38]([H:39])([H:40])[C:41]->%13([H:42])=[C:43]->%14([H:44])[C@:45]([H:46])([H:47])[C@@:48]1([H:49])[H:50])[C@:19]([H:20])([C@@:70]([H:71])([H:72])[H:73])[C@@:21]([H:22])([H:23])[C@:24]([H:25])([H:26])[C@@:27]%11([H:28])[C@@:74]([H:75])([H:76])[H:77])=[C:4]->6([H:5])[C:6]->7([H:7])=[C:8]->8([H:9])[C-:10]->9%10[H:11],[H]C([H])([H])C([H])([H])N(C([H])([H])C([H])([H])[H])C([H])([H])C([H])([H])[H].[H]OC([H])([H])[H].[H]O[H],CC[C@@H](C(O)=O)C1=CC=C(OC)C=C1,CC[C@H](C(O)=O)C1=CC=C(OC)C=C1,C/C=C(C(O)=O)\C1=CC=C(OC)C=C1,60,20,,,,2
IAW00000600,CAT-35,SOL-5,,,REA-12,[Fe+2]123456789<-[C:3]%10([P:1]%11(->[Rh+:61]%12%13%14(<-[P:2]%15([C:12]->1%16=[C:17]->2([H:18])[C:15]->3([H:16])=[C:14]->4([H:53])[C-:13]->5%16[H:52])[C@:29]([H:30])([C@@:62]([H:63])([H:64])[H:65])[C@:54]([H:57])([H:58])[C@:56]([H:59])([H:60])[C@@:51]%15([H:55])[C@@:66]([H:67])([H:68])[H:69])<-[C:31]1([H:32])=[C:33]->%12([H:34])[C@:35]([H:36])([H:37])[C@@:38]([H:39])([H:40])[C:41]->%13([H:42])=[C:43]->%14([H:44])[C@:45]([H:46])([H:47])[C@@:48]1([H:49])[H:50])[C@:19]([H:20])([C@@:70]([H:71])([H:72])[H:73])[C@@:21]([H:22])([H:23])[C@:24]([H:25])([H:26])[C@@:27]%11([H:28])[C@@:74]([H:75])([H:76])[H:77])=[C:4]->6([H:5])[C:6]->7([H:7])=[C:8]->8([H:9])[C-:10]->9%10[H:11],[H]C([H])([H])C([H])([H])N(C([H])([H])C([H])([H])[H])C([H])([H])C([H])([H])[H].[H]C1([H])OC([H])([H])C([H])([H])C1([H])[H],CC[C@@H](C(O)=O)C1=CC=C(OC)C=C1,CC[C@H](C(O)=O)C1=CC=C(OC)C=C1,C/C=C(C(O)=O)\C1=CC=C(OC)C=C1,60,5,,,,2
IAW00000601,CAT-35,SOL-5,,,REA-12,[Fe+2]123456789<-[C:3]%10([P:1]%11(->[Rh+:61]%12%13%14(<-[P:2]%15([C:12]->1%16=[C:17]->2([H:18])[C:15]->3([H:16])=[C:14]->4([H:53])[C-:13]->5%16[H:52])[C@:29]([H:30])([C@@:62]([H:63])([H:64])[H:65])[C@:54]([H:57])([H:58])[C@:56]([H:59])([H:60])[C@@:51]%15([H:55])[C@@:66]([H:67])([H:68])[H:69])<-[C:31]1([H:32])=[C:33]->%12([H:34])[C@:35]([H:36])([H:37])[C@@:38]([H:39])([H:40])[C:41]->%13([H:42])=[C:43]->%14([H:44])[C@:45]([H:46])([H:47])[C@@:48]1([H:49])[H:50])[C@:19]([H:20])([C@@:70]([H:71])([H:72])[H:73])[C@@:21]([H:22])([H:23])[C@:24]([H:25])([H:26])[C@@:27]%11([H:28])[C@@:74]([H:75])([H:76])[H:77])=[C:4]->6([H:5])[C:6]->7([H:7])=[C:8]->8([H:9])[C-:10]->9%10[H:11],[H]C([H])([H])C([H])([H])N(C([H])([H])C([H])([H])[H])C([H])([H])C([H])([H])[H].[H]C1([H])OC([H])([H])C([H])([H])C1([H])[H],CC[C@@H](C(O)=O)C1=CC=C(OC)C=C1,CC[C@H](C(O)=O)C1=CC=C(OC)C=C1,C/C=C(C(O)=O)\C1=CC=C(OC)C=C1,60,50,,,,2
IAW00000602,CAT-35,SOL-5,,,REA-12,[Fe+2]123456789<-[C:3]%10([P:1]%11(->[Rh+:61]%12%13%14(<-[P:2]%15([C:12]->1%16=[C:17]->2([H:18])[C:15]->3([H:16])=[C:14]->4([H:53])[C-:13]->5%16[H:52])[C@:29]([H:30])([C@@:62]([H:63])([H:64])[H:65])[C@:54]([H:57])([H:58])[C@:56]([H:59])([H:60])[C@@:51]%15([H:55])[C@@:66]([H:67])([H:68])[H:69])<-[C:31]1([H:32])=[C:33]->%12([H:34])[C@:35]([H:36])([H:37])[C@@:38]([H:39])([H:40])[C:41]->%13([H:42])=[C:43]->%14([H:44])[C@:45]([H:46])([H:47])[C@@:48]1([H:49])[H:50])[C@:19]([H:20])([C@@:70]([H:71])([H:72])[H:73])[C@@:21]([H:22])([H:23])[C@:24]([H:25])([H:26])[C@@:27]%11([H:28])[C@@:74]([H:75])([H:76])[H:77])=[C:4]->6([H:5])[C:6]->7([H:7])=[C:8]->8([H:9])[C-:10]->9%10[H:11],[H]C([H])([H])C([H])([H])N(C([H])([H])C([H])([H])[H])C([H])([H])C([H])([H])[H].[H]C1([H])OC([H])([H])C([H])([H])C1([H])[H],CC[C@@H](C(O)=O)C1=CC=C(OC)C=C1,CC[C@H](C(O)=O)C1=CC=C(OC)C=C1,C/C=C(C(O)=O)\C1=CC=C(OC)C=C1,60,20,,,,2
IAW00000603,CAT-35,SOL-6,,,REA-12,[Fe+2]123456789<-[C:3]%10([P:1]%11(->[Rh+:61]%12%13%14(<-[P:2]%15([C:12]->1%16=[C:17]->2([H:18])[C:15]->3([H:16])=[C:14]->4([H:53])[C-:13]->5%16[H:52])[C@:29]([H:30])([C@@:62]([H:63])([H:64])[H:65])[C@:54]([H:57])([H:58])[C@:56]([H:59])([H:60])[C@@:51]%15([H:55])[C@@:66]([H:67])([H:68])[H:69])<-[C:31]1([H:32])=[C:33]->%12([H:34])[C@:35]([H:36])([H:37])[C@@:38]([H:39])([H:40])[C:41]->%13([H:42])=[C:43]->%14([H:44])[C@:45]([H:46])([H:47])[C@@:48]1([H:49])[H:50])[C@:19]([H:20])([C@@:70]([H:71])([H:72])[H:73])[C@@:21]([H:22])([H:23])[C@:24]([H:25])([H:26])[C@@:27]%11([H:28])[C@@:74]([H:75])([H:76])[H:77])=[C:4]->6([H:5])[C:6]->7([H:7])=[C:8]->8([H:9])[C-:10]->9%10[H:11],[H]C([H])([H])C([H])([H])N(C([H])([H])C([H])([H])[H])C([H])([H])C([H])([H])[H].[H]OC([H])(C([H])([H])[H])C([H])([H])[H],CC[C@@H](C(O)=O)C1=CC=C(OC)C=C1,CC[C@H](C(O)=O)C1=CC=C(OC)C=C1,C/C=C(C(O)=O)\C1=CC=C(OC)C=C1,60,20,,,,2
IAW00000604,CAT-36,SOL-2,,,REA-12,[Fe+2]123456789<-[C:3]%10([P:1]%11(->[Rh+:61]%12%13%14(<-[P:2]%15([C-:12]->1%16[C:13]->2([H:52])=[C:14]->3([H:53])[C:15]->4([H:16])=[C:17]->5%16[H:18])[C@@:29]([H:30])([C@:66]([H:67])([H:68])[C@@:69]([H:70])([H:71])[H:72])[C@:54]([H:57])([H:58])[C@:56]([H:59])([H:60])[C@:51]%15([H:55])[C@:73]([C@@:62]([H:63])([H:64])[H:65])([H:74])[H:75])<-[C:31]1([H:32])=[C:33]->%12([H:34])[C@:35]([H:36])([H:37])[C@@:38]([H:39])([H:40])[C:41]->%13([H:42])=[C:43]->%14([H:44])[C@:45]([H:46])([H:47])[C@@:48]1([H:49])[H:50])[C@@:19]([H:20])([C@:83]([H:84])([H:85])[C@@:86]([H:87])([H:88])[H:89])[C@@:21]([H:22])([H:23])[C@:24]([H:25])([H:26])[C@:27]%11([H:28])[C@:76]([H:77])([H:78])[C@@:79]([H:80])([H:81])[H:82])=[C:10]->6([H:11])[C-:8]->7([H:9])[C:6]->8([H:7])=[C:4]->9%10[H:5],[H]C([H])([H])C([H])([H])N(C([H])([H])C([H])([H])[H])C([H])([H])C([H])([H])[H].[H]OC([H])([H])[H],CC[C@@H](C(O)=O)C1=CC=C(OC)C=C1,CC[C@H](C(O)=O)C1=CC=C(OC)C=C1,C/C=C(C(O)=O)\C1=CC=C(OC)C=C1,60,20,,,,2
IAW00000605,CAT-36,SOL-4,,,REA-12,[Fe+2]123456789<-[C:3]%10([P:1]%11(->[Rh+:61]%12%13%14(<-[P:2]%15([C-:12]->1%16[C:13]->2([H:52])=[C:14]->3([H:53])[C:15]->4([H:16])=[C:17]->5%16[H:18])[C@@:29]([H:30])([C@:66]([H:67])([H:68])[C@@:69]([H:70])([H:71])[H:72])[C@:54]([H:57])([H:58])[C@:56]([H:59])([H:60])[C@:51]%15([H:55])[C@:73]([C@@:62]([H:63])([H:64])[H:65])([H:74])[H:75])<-[C:31]1([H:32])=[C:33]->%12([H:34])[C@:35]([H:36])([H:37])[C@@:38]([H:39])([H:40])[C:41]->%13([H:42])=[C:43]->%14([H:44])[C@:45]([H:46])([H:47])[C@@:48]1([H:49])[H:50])[C@@:19]([H:20])([C@:83]([H:84])([H:85])[C@@:86]([H:87])([H:88])[H:89])[C@@:21]([H:22])([H:23])[C@:24]([H:25])([H:26])[C@:27]%11([H:28])[C@:76]([H:77])([H:78])[C@@:79]([H:80])([H:81])[H:82])=[C:10]->6([H:11])[C-:8]->7([H:9])[C:6]->8([H:7])=[C:4]->9%10[H:5],[H]C([H])([H])C([H])([H])N(C([H])([H])C([H])([H])[H])C([H])([H])C([H])([H])[H].[H]OC([H])([H])[H].[H]O[H],CC[C@@H](C(O)=O)C1=CC=C(OC)C=C1,CC[C@H](C(O)=O)C1=CC=C(OC)C=C1,C/C=C(C(O)=O)\C1=CC=C(OC)C=C1,60,20,,,,2
IAW00000606,CAT-36,SOL-5,,,REA-12,[Fe+2]123456789<-[C:3]%10([P:1]%11(->[Rh+:61]%12%13%14(<-[P:2]%15([C-:12]->1%16[C:13]->2([H:52])=[C:14]->3([H:53])[C:15]->4([H:16])=[C:17]->5%16[H:18])[C@@:29]([H:30])([C@:66]([H:67])([H:68])[C@@:69]([H:70])([H:71])[H:72])[C@:54]([H:57])([H:58])[C@:56]([H:59])([H:60])[C@:51]%15([H:55])[C@:73]([C@@:62]([H:63])([H:64])[H:65])([H:74])[H:75])<-[C:31]1([H:32])=[C:33]->%12([H:34])[C@:35]([H:36])([H:37])[C@@:38]([H:39])([H:40])[C:41]->%13([H:42])=[C:43]->%14([H:44])[C@:45]([H:46])([H:47])[C@@:48]1([H:49])[H:50])[C@@:19]([H:20])([C@:83]([H:84])([H:85])[C@@:86]([H:87])([H:88])[H:89])[C@@:21]([H:22])([H:23])[C@:24]([H:25])([H:26])[C@:27]%11([H:28])[C@:76]([H:77])([H:78])[C@@:79]([H:80])([H:81])[H:82])=[C:10]->6([H:11])[C-:8]->7([H:9])[C:6]->8([H:7])=[C:4]->9%10[H:5],[H]C([H])([H])C([H])([H])N(C([H])([H])C([H])([H])[H])C([H])([H])C([H])([H])[H].[H]C1([H])OC([H])([H])C([H])([H])C1([H])[H],CC[C@@H](C(O)=O)C1=CC=C(OC)C=C1,CC[C@H](C(O)=O)C1=CC=C(OC)C=C1,C/C=C(C(O)=O)\C1=CC=C(OC)C=C1,60,5,,,,2
IAW00000607,CAT-36,SOL-5,,,REA-12,[Fe+2]123456789<-[C:3]%10([P:1]%11(->[Rh+:61]%12%13%14(<-[P:2]%15([C-:12]->1%16[C:13]->2([H:52])=[C:14]->3([H:53])[C:15]->4([H:16])=[C:17]->5%16[H:18])[C@@:29]([H:30])([C@:66]([H:67])([H:68])[C@@:69]([H:70])([H:71])[H:72])[C@:54]([H:57])([H:58])[C@:56]([H:59])([H:60])[C@:51]%15([H:55])[C@:73]([C@@:62]([H:63])([H:64])[H:65])([H:74])[H:75])<-[C:31]1([H:32])=[C:33]->%12([H:34])[C@:35]([H:36])([H:37])[C@@:38]([H:39])([H:40])[C:41]->%13([H:42])=[C:43]->%14([H:44])[C@:45]([H:46])([H:47])[C@@:48]1([H:49])[H:50])[C@@:19]([H:20])([C@:83]([H:84])([H:85])[C@@:86]([H:87])([H:88])[H:89])[C@@:21]([H:22])([H:23])[C@:24]([H:25])([H:26])[C@:27]%11([H:28])[C@:76]([H:77])([H:78])[C@@:79]([H:80])([H:81])[H:82])=[C:10]->6([H:11])[C-:8]->7([H:9])[C:6]->8([H:7])=[C:4]->9%10[H:5],[H]C([H])([H])C([H])([H])N(C([H])([H])C([H])([H])[H])C([H])([H])C([H])([H])[H].[H]C1([H])OC([H])([H])C([H])([H])C1([H])[H],CC[C@@H](C(O)=O)C1=CC=C(OC)C=C1,CC[C@H](C(O)=O)C1=CC=C(OC)C=C1,C/C=C(C(O)=O)\C1=CC=C(OC)C=C1,60,50,,,,2
IAW00000608,CAT-36,SOL-5,,,REA-12,[Fe+2]123456789<-[C:3]%10([P:1]%11(->[Rh+:61]%12%13%14(<-[P:2]%15([C-:12]->1%16[C:13]->2([H:52])=[C:14]->3([H:53])[C:15]->4([H:16])=[C:17]->5%16[H:18])[C@@:29]([H:30])([C@:66]([H:67])([H:68])[C@@:69]([H:70])([H:71])[H:72])[C@:54]([H:57])([H:58])[C@:56]([H:59])([H:60])[C@:51]%15([H:55])[C@:73]([C@@:62]([H:63])([H:64])[H:65])([H:74])[H:75])<-[C:31]1([H:32])=[C:33]->%12([H:34])[C@:35]([H:36])([H:37])[C@@:38]([H:39])([H:40])[C:41]->%13([H:42])=[C:43]->%14([H:44])[C@:45]([H:46])([H:47])[C@@:48]1([H:49])[H:50])[C@@:19]([H:20])([C@:83]([H:84])([H:85])[C@@:86]([H:87])([H:88])[H:89])[C@@:21]([H:22])([H:23])[C@:24]([H:25])([H:26])[C@:27]%11([H:28])[C@:76]([H:77])([H:78])[C@@:79]([H:80])([H:81])[H:82])=[C:10]->6([H:11])[C-:8]->7([H:9])[C:6]->8([H:7])=[C:4]->9%10[H:5],[H]C([H])([H])C([H])([H])N(C([H])([H])C([H])([H])[H])C([H])([H])C([H])([H])[H].[H]C1([H])OC([H])([H])C([H])([H])C1([H])[H],CC[C@@H](C(O)=O)C1=CC=C(OC)C=C1,CC[C@H](C(O)=O)C1=CC=C(OC)C=C1,C/C=C(C(O)=O)\C1=CC=C(OC)C=C1,60,20,,,,2
IAW00000609,CAT-36,SOL-6,,,REA-12,[Fe+2]123456789<-[C:3]%10([P:1]%11(->[Rh+:61]%12%13%14(<-[P:2]%15([C-:12]->1%16[C:13]->2([H:52])=[C:14]->3([H:53])[C:15]->4([H:16])=[C:17]->5%16[H:18])[C@@:29]([H:30])([C@:66]([H:67])([H:68])[C@@:69]([H:70])([H:71])[H:72])[C@:54]([H:57])([H:58])[C@:56]([H:59])([H:60])[C@:51]%15([H:55])[C@:73]([C@@:62]([H:63])([H:64])[H:65])([H:74])[H:75])<-[C:31]1([H:32])=[C:33]->%12([H:34])[C@:35]([H:36])([H:37])[C@@:38]([H:39])([H:40])[C:41]->%13([H:42])=[C:43]->%14([H:44])[C@:45]([H:46])([H:47])[C@@:48]1([H:49])[H:50])[C@@:19]([H:20])([C@:83]([H:84])([H:85])[C@@:86]([H:87])([H:88])[H:89])[C@@:21]([H:22])([H:23])[C@:24]([H:25])([H:26])[C@:27]%11([H:28])[C@:76]([H:77])([H:78])[C@@:79]([H:80])([H:81])[H:82])=[C:10]->6([H:11])[C-:8]->7([H:9])[C:6]->8([H:7])=[C:4]->9%10[H:5],[H]C([H])([H])C([H])([H])N(C([H])([H])C([H])([H])[H])C([H])([H])C([H])([H])[H].[H]OC([H])(C([H])([H])[H])C([H])([H])[H],CC[C@@H](C(O)=O)C1=CC=C(OC)C=C1,CC[C@H](C(O)=O)C1=CC=C(OC)C=C1,C/C=C(C(O)=O)\C1=CC=C(OC)C=C1,60,20,,,,2
IAW00000610,CAT-37,SOL-2,,,REA-12,[Fe+2]123456789<-[C:3]%10([P:1]%11(->[Rh+:61]%12%13%14(<-[P:2]%15([C:12]->1%16=[C:17]->2([H:18])[C:15]->3([H:16])=[C:14]->4([H:53])[C-:13]->5%16[H:52])[C@@:29]([H:30])([C@@:72]([H:73])([C@@:74]([H:75])([H:76])[H:77])[C@@:78]([H:79])([H:80])[H:81])[C@:54]([H:57])([H:58])[C@:56]([H:59])([H:60])[C@:51]%15([H:55])[C@@:62]([H:63])([C@@:64]([H:65])([H:66])[H:67])[C@@:68]([H:69])([H:70])[H:71])<-[C:31]1([H:32])=[C:33]->%12([H:34])[C@:35]([H:36])([H:37])[C@@:38]([H:39])([H:40])[C:41]->%13([H:42])=[C:43]->%14([H:44])[C@:45]([H:46])([H:47])[C@@:48]1([H:49])[H:50])[C@@:19]([H:20])([C@:91]([H:92])([C@@:93]([H:94])([H:95])[H:96])[C@@:97]([H:98])([H:99])[H:100])[C@@:21]([H:22])([H:23])[C@:24]([H:25])([H:26])[C@:27]%11([H:28])[C@:82]([C@@:83]([H:84])([H:85])[H:86])([C@@:87]([H:88])([H:89])[H:90])[H:101])=[C:4]->6([H:5])[C:6]->7([H:7])=[C:8]->8([H:9])[C-:10]->9%10[H:11],[H]C([H])([H])C([H])([H])N(C([H])([H])C([H])([H])[H])C([H])([H])C([H])([H])[H].[H]OC([H])([H])[H],CC[C@@H](C(O)=O)C1=CC=C(OC)C=C1,CC[C@H](C(O)=O)C1=CC=C(OC)C=C1,C/C=C(C(O)=O)\C1=CC=C(OC)C=C1,60,20,,,,2
IAW00000611,CAT-37,SOL-4,,,REA-12,[Fe+2]123456789<-[C:3]%10([P:1]%11(->[Rh+:61]%12%13%14(<-[P:2]%15([C:12]->1%16=[C:17]->2([H:18])[C:15]->3([H:16])=[C:14]->4([H:53])[C-:13]->5%16[H:52])[C@@:29]([H:30])([C@@:72]([H:73])([C@@:74]([H:75])([H:76])[H:77])[C@@:78]([H:79])([H:80])[H:81])[C@:54]([H:57])([H:58])[C@:56]([H:59])([H:60])[C@:51]%15([H:55])[C@@:62]([H:63])([C@@:64]([H:65])([H:66])[H:67])[C@@:68]([H:69])([H:70])[H:71])<-[C:31]1([H:32])=[C:33]->%12([H:34])[C@:35]([H:36])([H:37])[C@@:38]([H:39])([H:40])[C:41]->%13([H:42])=[C:43]->%14([H:44])[C@:45]([H:46])([H:47])[C@@:48]1([H:49])[H:50])[C@@:19]([H:20])([C@:91]([H:92])([C@@:93]([H:94])([H:95])[H:96])[C@@:97]([H:98])([H:99])[H:100])[C@@:21]([H:22])([H:23])[C@:24]([H:25])([H:26])[C@:27]%11([H:28])[C@:82]([C@@:83]([H:84])([H:85])[H:86])([C@@:87]([H:88])([H:89])[H:90])[H:101])=[C:4]->6([H:5])[C:6]->7([H:7])=[C:8]->8([H:9])[C-:10]->9%10[H:11],[H]C([H])([H])C([H])([H])N(C([H])([H])C([H])([H])[H])C([H])([H])C([H])([H])[H].[H]OC([H])([H])[H].[H]O[H],CC[C@@H](C(O)=O)C1=CC=C(OC)C=C1,CC[C@H](C(O)=O)C1=CC=C(OC)C=C1,C/C=C(C(O)=O)\C1=CC=C(OC)C=C1,60,20,,,,2
IAW00000612,CAT-37,SOL-5,,,REA-12,[Fe+2]123456789<-[C:3]%10([P:1]%11(->[Rh+:61]%12%13%14(<-[P:2]%15([C:12]->1%16=[C:17]->2([H:18])[C:15]->3([H:16])=[C:14]->4([H:53])[C-:13]->5%16[H:52])[C@@:29]([H:30])([C@@:72]([H:73])([C@@:74]([H:75])([H:76])[H:77])[C@@:78]([H:79])([H:80])[H:81])[C@:54]([H:57])([H:58])[C@:56]([H:59])([H:60])[C@:51]%15([H:55])[C@@:62]([H:63])([C@@:64]([H:65])([H:66])[H:67])[C@@:68]([H:69])([H:70])[H:71])<-[C:31]1([H:32])=[C:33]->%12([H:34])[C@:35]([H:36])([H:37])[C@@:38]([H:39])([H:40])[C:41]->%13([H:42])=[C:43]->%14([H:44])[C@:45]([H:46])([H:47])[C@@:48]1([H:49])[H:50])[C@@:19]([H:20])([C@:91]([H:92])([C@@:93]([H:94])([H:95])[H:96])[C@@:97]([H:98])([H:99])[H:100])[C@@:21]([H:22])([H:23])[C@:24]([H:25])([H:26])[C@:27]%11([H:28])[C@:82]([C@@:83]([H:84])([H:85])[H:86])([C@@:87]([H:88])([H:89])[H:90])[H:101])=[C:4]->6([H:5])[C:6]->7([H:7])=[C:8]->8([H:9])[C-:10]->9%10[H:11],[H]C([H])([H])C([H])([H])N(C([H])([H])C([H])([H])[H])C([H])([H])C([H])([H])[H].[H]C1([H])OC([H])([H])C([H])([H])C1([H])[H],CC[C@@H](C(O)=O)C1=CC=C(OC)C=C1,CC[C@H](C(O)=O)C1=CC=C(OC)C=C1,C/C=C(C(O)=O)\C1=CC=C(OC)C=C1,60,5,,,,2
IAW00000613,CAT-37,SOL-5,,,REA-12,[Fe+2]123456789<-[C:3]%10([P:1]%11(->[Rh+:61]%12%13%14(<-[P:2]%15([C:12]->1%16=[C:17]->2([H:18])[C:15]->3([H:16])=[C:14]->4([H:53])[C-:13]->5%16[H:52])[C@@:29]([H:30])([C@@:72]([H:73])([C@@:74]([H:75])([H:76])[H:77])[C@@:78]([H:79])([H:80])[H:81])[C@:54]([H:57])([H:58])[C@:56]([H:59])([H:60])[C@:51]%15([H:55])[C@@:62]([H:63])([C@@:64]([H:65])([H:66])[H:67])[C@@:68]([H:69])([H:70])[H:71])<-[C:31]1([H:32])=[C:33]->%12([H:34])[C@:35]([H:36])([H:37])[C@@:38]([H:39])([H:40])[C:41]->%13([H:42])=[C:43]->%14([H:44])[C@:45]([H:46])([H:47])[C@@:48]1([H:49])[H:50])[C@@:19]([H:20])([C@:91]([H:92])([C@@:93]([H:94])([H:95])[H:96])[C@@:97]([H:98])([H:99])[H:100])[C@@:21]([H:22])([H:23])[C@:24]([H:25])([H:26])[C@:27]%11([H:28])[C@:82]([C@@:83]([H:84])([H:85])[H:86])([C@@:87]([H:88])([H:89])[H:90])[H:101])=[C:4]->6([H:5])[C:6]->7([H:7])=[C:8]->8([H:9])[C-:10]->9%10[H:11],[H]C([H])([H])C([H])([H])N(C([H])([H])C([H])([H])[H])C([H])([H])C([H])([H])[H].[H]C1([H])OC([H])([H])C([H])([H])C1([H])[H],CC[C@@H](C(O)=O)C1=CC=C(OC)C=C1,CC[C@H](C(O)=O)C1=CC=C(OC)C=C1,C/C=C(C(O)=O)\C1=CC=C(OC)C=C1,60,50,,,,2
IAW00000614,CAT-37,SOL-5,,,REA-12,[Fe+2]123456789<-[C:3]%10([P:1]%11(->[Rh+:61]%12%13%14(<-[P:2]%15([C:12]->1%16=[C:17]->2([H:18])[C:15]->3([H:16])=[C:14]->4([H:53])[C-:13]->5%16[H:52])[C@@:29]([H:30])([C@@:72]([H:73])([C@@:74]([H:75])([H:76])[H:77])[C@@:78]([H:79])([H:80])[H:81])[C@:54]([H:57])([H:58])[C@:56]([H:59])([H:60])[C@:51]%15([H:55])[C@@:62]([H:63])([C@@:64]([H:65])([H:66])[H:67])[C@@:68]([H:69])([H:70])[H:71])<-[C:31]1([H:32])=[C:33]->%12([H:34])[C@:35]([H:36])([H:37])[C@@:38]([H:39])([H:40])[C:41]->%13([H:42])=[C:43]->%14([H:44])[C@:45]([H:46])([H:47])[C@@:48]1([H:49])[H:50])[C@@:19]([H:20])([C@:91]([H:92])([C@@:93]([H:94])([H:95])[H:96])[C@@:97]([H:98])([H:99])[H:100])[C@@:21]([H:22])([H:23])[C@:24]([H:25])([H:26])[C@:27]%11([H:28])[C@:82]([C@@:83]([H:84])([H:85])[H:86])([C@@:87]([H:88])([H:89])[H:90])[H:101])=[C:4]->6([H:5])[C:6]->7([H:7])=[C:8]->8([H:9])[C-:10]->9%10[H:11],[H]C([H])([H])C([H])([H])N(C([H])([H])C([H])([H])[H])C([H])([H])C([H])([H])[H].[H]C1([H])OC([H])([H])C([H])([H])C1([H])[H],CC[C@@H](C(O)=O)C1=CC=C(OC)C=C1,CC[C@H](C(O)=O)C1=CC=C(OC)C=C1,C/C=C(C(O)=O)\C1=CC=C(OC)C=C1,60,20,,,,2
IAW00000615,CAT-37,SOL-6,,,REA-12,[Fe+2]123456789<-[C:3]%10([P:1]%11(->[Rh+:61]%12%13%14(<-[P:2]%15([C:12]->1%16=[C:17]->2([H:18])[C:15]->3([H:16])=[C:14]->4([H:53])[C-:13]->5%16[H:52])[C@@:29]([H:30])([C@@:72]([H:73])([C@@:74]([H:75])([H:76])[H:77])[C@@:78]([H:79])([H:80])[H:81])[C@:54]([H:57])([H:58])[C@:56]([H:59])([H:60])[C@:51]%15([H:55])[C@@:62]([H:63])([C@@:64]([H:65])([H:66])[H:67])[C@@:68]([H:69])([H:70])[H:71])<-[C:31]1([H:32])=[C:33]->%12([H:34])[C@:35]([H:36])([H:37])[C@@:38]([H:39])([H:40])[C:41]->%13([H:42])=[C:43]->%14([H:44])[C@:45]([H:46])([H:47])[C@@:48]1([H:49])[H:50])[C@@:19]([H:20])([C@:91]([H:92])([C@@:93]([H:94])([H:95])[H:96])[C@@:97]([H:98])([H:99])[H:100])[C@@:21]([H:22])([H:23])[C@:24]([H:25])([H:26])[C@:27]%11([H:28])[C@:82]([C@@:83]([H:84])([H:85])[H:86])([C@@:87]([H:88])([H:89])[H:90])[H:101])=[C:4]->6([H:5])[C:6]->7([H:7])=[C:8]->8([H:9])[C-:10]->9%10[H:11],[H]C([H])([H])C([H])([H])N(C([H])([H])C([H])([H])[H])C([H])([H])C([H])([H])[H].[H]OC([H])(C([H])([H])[H])C([H])([H])[H],CC[C@@H](C(O)=O)C1=CC=C(OC)C=C1,CC[C@H](C(O)=O)C1=CC=C(OC)C=C1,C/C=C(C(O)=O)\C1=CC=C(OC)C=C1,60,20,,,,2
IAW00000616,CAT-40,SOL-2,,,REA-12,[Rh+]1234(<-[P:1]([C@@:25]([H:26])([H:27])[C@:28]([P:2]->1([C:56]1=[C:64]([H:65])[C:62]([H:63])=[C:60]([H:61])[C:58]([H:59])=[C:57]1[O:4][C@:66]([H:67])([H:68])[H:69])[C:70]1=[C:79]([H:80])[C:77]([H:78])=[C:75]([H:76])[C:73]([H:74])=[C:71]1[H:72])([H:29])[H:30])([C:31]1=[C:39]([H:40])[C:37]([H:38])=[C:35]([H:36])[C:33]([H:34])=[C:32]1[O:3][C@:41]([H:42])([H:43])[H:44])[C:45]1=[C:54]([H:55])[C:52]([H:53])=[C:50]([H:51])[C:48]([H:49])=[C:46]1[H:47])<-[C:5]1([H:6])=[C:7]->2([H:8])[C@@:9]([H:10])([H:11])[C@:12]([H:13])([H:14])[C:15]->3([H:16])=[C:17]->4([H:18])[C@@:19]([H:20])([H:21])[C@:22]1([H:23])[H:24],[H]C([H])([H])C([H])([H])N(C([H])([H])C([H])([H])[H])C([H])([H])C([H])([H])[H].[H]OC([H])([H])[H],CC[C@@H](C(O)=O)C1=CC=C(OC)C=C1,CC[C@H](C(O)=O)C1=CC=C(OC)C=C1,C/C=C(C(O)=O)\C1=CC=C(OC)C=C1,60,20,,,,2
IAW00000617,CAT-41,SOL-2,,,REA-12,[Rh+]1234(<-[P:1]([C:21]5=[C:24]([C:25]6=[C:40]([P:2]->1([C:57]1=[C:78]([H:88])[C:89]([H:96])=[C:90]([H:97])[C:79]([H:91])=[C:58]1[H:59])[C:60]1=[C:61]([H:62])[C:63]([H:64])=[C:65]([H:66])[C:67]([H:68])=[C:69]1[H:70])[C:38]([H:39])=[C:36]([H:37])[C:35]1=[C:26]6[C:27]([H:28])=[C:29]([H:30])[C:31]([H:32])=[C:33]1[H:34])[C:74]1=[C:82]([C:81]([H:92])=[C:73]5[H:80])[C:93]([H:98])=[C:84]([H:94])[C:75]([H:83])=[C:22]1[H:23])([C:41]1=[C:42]([H:43])[C:44]([H:45])=[C:46]([H:47])[C:48]([H:49])=[C:50]1[H:51])[C:52]1=[C:53]([H:54])[C:55]([H:56])=[C:77]([H:87])[C:86]([H:95])=[C:76]1[H:85])<-[C:3]1([H:4])=[C:5]->2([H:6])[C@@:7]([H:8])([H:71])[C@@:9]([H:10])([H:72])[C:11]->3([H:12])=[C:13]->4([H:14])[C@:15]([H:16])([H:17])[C@@:18]1([H:19])[H:20],[H]C([H])([H])C([H])([H])N(C([H])([H])C([H])([H])[H])C([H])([H])C([H])([H])[H].[H]OC([H])([H])[H],CC[C@@H](C(O)=O)C1=CC=C(OC)C=C1,CC[C@H](C(O)=O)C1=CC=C(OC)C=C1,C/C=C(C(O)=O)\C1=CC=C(OC)C=C1,60,20,,,,2
IAW00000618,CAT-42,SOL-2,,,REA-12,[Rh+2]123<-[O:44]=[C:52]([O-:45]->[Rh+2:1](<-[O:47]=[C:68]([O-:46]->1)[C@:69]([N:13]1[C:16](=[O:14])[C:17]4=[C:26]([C:24]([H:25])=[C:22]([H:23])[C:20]([H:21])=[C:18]4[H:19])[C:27]1=[O:15])([H:70])[C@@:71]([C@:72]([H:73])([H:74])[H:75])([C@:76]([H:77])([H:78])[H:79])[C@:80]([H:81])([H:82])[H:83])(<-[O-:49][C:84](=[O:48]->2)[C@:85]([N:28]1[C:31](=[O:29])[C:32]2=[C:40]([C:39]([H:118])=[C:37]([H:38])[C:35]([H:36])=[C:33]2[H:34])[C:41]1=[O:30])([H:86])[C@:87]([C@:88]([H:89])([H:90])[H:91])([C@:92]([H:93])([H:94])[H:95])[C@:96]([H:97])([H:98])[H:99])<-[O-:51][C:100](=[O:50]->3)[C@:101]([N:42]1[C:119](=[O:123])[C:124]2=[C:125]([C:120]1=[O:43])[C:127]([H:130])=[C:131]([H:133])[C:128]([H:132])=[C:126]2[H:129])([H:102])[C@@:103]([C@:104]([H:105])([H:106])[H:107])([C@:108]([H:109])([H:110])[H:111])[C@:112]([H:113])([H:114])[H:115])[C@:53]([N:2]1[C:5](=[O:3])[C:6]2=[C:11]([C:9]([H:10])=[C:117]([H:122])[C:116]([H:121])=[C:7]2[H:8])[C:12]1=[O:4])([H:54])[C@:55]([C@:56]([H:57])([H:58])[H:59])([C@:60]([H:61])([H:62])[H:63])[C@:64]([H:65])([H:66])[H:67],[H]C([H])([H])C([H])([H])N(C([H])([H])C([H])([H])[H])C([H])([H])C([H])([H])[H].[H]OC([H])([H])[H],CC[C@@H](C(O)=O)C1=CC=C(OC)C=C1,CC[C@H](C(O)=O)C1=CC=C(OC)C=C1,C/C=C(C(O)=O)\C1=CC=C(OC)C=C1,60,20,,,,2
IAW00000619,CAT-43,SOL-2,,,REA-12,[Rh+2]123<-[O:10]=[C:20]([O-:12]->[Rh+2:1](<-[O:13]=[C:21]([O-:11]->1)[C@:23]([N:19]1[C:49](=[O:15])[C:51]4=[C:61]([C:59]([Cl:9])=[C:57]([Cl:7])[C:55]([Cl:5])=[C:53]4[Cl:3])[C:63]1=[O:17])([H:25])[C@:27]([C@:29]([H:31])([H:33])[H:69])([C@:35]([H:37])([H:39])[H:41])[C@:43]([H:45])([H:47])[H:71])(<-[O:66]=[C:72]([O-:64]->2)[C@:74]([C@@:76]([C@:82]([H:92])([H:93])[H:94])([C@:83]([H:95])([H:96])[H:97])[C@:84]([H:98])([H:99])[H:100])([N:77]1[C:85](=[O:102])[C:101]2=[C:103]([C:86]1=[O:104])[C:119]([Cl:125])=[C:124]([Cl:131])[C:122]([Cl:130])=[C:118]2[Cl:123])[H:78])<-[O-:67][C:73](=[O:65]->3)[C@@:75]([N:79]1[C:87](=[O:105])[C:106]2=[C:107]([C:88]1=[O:108])[C:121]([Cl:129])=[C:128]([Cl:133])[C:127]([Cl:132])=[C:120]2[Cl:126])([C@:80]([C@:89]([H:109])([H:110])[H:111])([C@@:90]([H:112])([H:113])[H:114])[C@:91]([H:115])([H:116])[H:117])[H:81])[C@:22]([N:18]1[C:48](=[O:14])[C:50]2=[C:60]([C:58]([Cl:8])=[C:56]([Cl:6])[C:54]([Cl:4])=[C:52]2[Cl:2])[C:62]1=[O:16])([H:24])[C@:26]([C@:28]([H:30])([H:32])[H:68])([C@:34]([H:36])([H:38])[H:40])[C@:42]([H:44])([H:46])[H:70],[H]C([H])([H])C([H])([H])N(C([H])([H])C([H])([H])[H])C([H])([H])C([H])([H])[H].[H]OC([H])([H])[H],CC[C@@H](C(O)=O)C1=CC=C(OC)C=C1,CC[C@H](C(O)=O)C1=CC=C(OC)C=C1,C/C=C(C(O)=O)\C1=CC=C(OC)C=C1,60,20,,,,2
IAW00000620,CAT-44,SOL-2,,,REA-12,[Rh+2]123<-[O-:6][C:26](=[O:7]->[Rh+2:1](<-[O-:11][C:48](=[O:10]->1)[C@@:49]1([H:50])[N:23]([S@@:3](=[O:12])(=[O:13])[C:60]4=[C:68]([H:69])[C:66]([H:67])=[C:65]([C@@:114]([H:115])([H:116])[C@:117]([H:118])([H:119])[C@@:120]([H:121])([H:122])[C@:123]([H:124])([H:125])[C@@:126]([H:127])([H:128])[C@:129]([H:130])([H:131])[C@:132]([H:133])([H:134])[C@:135]([H:136])([H:137])[C@:138]([H:139])([H:140])[C@:141]([H:142])([H:143])[C@:144]([H:145])([H:146])[C@@:147]([H:148])([H:149])[H:150])[C:63]([H:64])=[C:61]4[H:62])[C@:57]([H:58])([H:59])[C@:54]([H:55])([H:56])[C@@:51]1([H:52])[H:53])(<-[O:15]=[C:70]([O-:14]->2)[C@@:71]1([H:72])[N:24]([S@:4](=[O:16])(=[O:17])[C:82]2=[C:90]([H:91])[C:88]([H:89])=[C:87]([C@:225]([H:226])([H:227])[C@@:228]([H:229])([H:230])[C@:231]([H:232])([H:233])[C@@:234]([H:235])([H:236])[C@:237]([H:238])([H:239])[C@@:240]([H:241])([H:242])[C@@:243]([H:244])([H:245])[C@@:246]([H:247])([H:248])[C@:249]([H:250])([H:251])[C@@:252]([H:253])([H:254])[C@:255]([H:256])([H:257])[C@@:258]([H:259])([H:260])[H:261])[C:85]([H:86])=[C:83]2[H:84])[C@:79]([H:80])([H:81])[C@:76]([H:77])([H:78])[C@:73]1([H:74])[H:75])<-[O-:19][C:92](=[O:18]->3)[C@@:93]1([H:94])[N:25]([S@:5](=[O:20])(=[O:21])[C:104]2=[C:105]([H:106])[C:107]([H:108])=[C:109]([C@@:188]([H:189])([H:190])[C@@:191]([H:192])([H:193])[C@@:194]([H:195])([H:196])[C@@:197]([H:198])([H:199])[C@@:200]([H:201])([H:202])[C@:203]([H:204])([H:205])[C@@:206]([H:207])([H:208])[C@:209]([H:210])([H:211])[C@@:212]([H:213])([H:214])[C@@:215]([H:216])([H:217])[C@@:218]([H:219])([H:220])[C@@:221]([H:222])([H:223])[H:224])[C:110]([H:111])=[C:112]2[H:113])[C@:101]([H:102])([H:103])[C@:98]([H:99])([H:100])[C@:95]1([H:96])[H:97])[C@@:27]1([H:28])[N:22]([S@@:2](=[O:8])(=[O:9])[C:38]2=[C:39]([H:40])[C:41]([H:42])=[C:43]([C@@:151]([H:152])([H:153])[C@:154]([H:155])([H:156])[C@@:157]([H:158])([H:159])[C@:160]([H:161])([H:162])[C@@:163]([H:164])([H:165])[C@:166]([H:167])([H:168])[C@@:169]([H:170])([H:171])[C@:172]([H:173])([H:174])[C@@:175]([H:176])([H:177])[C@:178]([H:179])([H:180])[C@@:181]([H:182])([H:183])[C@@:184]([H:185])([H:186])[H:187])[C:44]([H:45])=[C:46]2[H:47])[C@:35]([H:36])([H:37])[C@@:32]([H:33])([H:34])[C@:29]1([H:30])[H:31],[H]C([H])([H])C([H])([H])N(C([H])([H])C([H])([H])[H])C([H])([H])C([H])([H])[H].[H]OC([H])([H])[H],CC[C@@H](C(O)=O)C1=CC=C(OC)C=C1,CC[C@H](C(O)=O)C1=CC=C(OC)C=C1,C/C=C(C(O)=O)\C1=CC=C(OC)C=C1,60,20,,,,2
IAW00000621,CAT-45,SOL-1,,,REA-12,[P]12([C@@:22]([C@:23]([P:1]3(->[Co+2:42]<-145(<-[O:3]=[C:40]([O-:5]->4)[C@:130]([H:131])([H:132])[C@:133]([H:134])([H:135])[C@@:136]([H:137])([H:138])[C@:139]([H:140])([H:141])[C@@:142]([H:143])([H:144])[C@:145]([H:146])([H:147])[C@@:148]([H:149])([H:150])[C@:151]([H:152])([H:153])[C@@:154]([H:155])([H:156])[C@:157]([H:158])([H:159])[C@:160]([H:161])([H:162])[C@:163]([H:164])([H:165])[C@@:166]([H:167])([H:168])[C@:169]([H:170])([H:171])[C@@:172]([H:173])([H:174])[C@:175]([H:176])([H:177])[C@@:178]([H:179])([H:180])[H:181])<-[O-:7][C:41](=[O:9]->5)[C@:78]([H:79])([H:80])[C@:81]([H:82])([H:83])[C@:84]([H:85])([H:86])[C@@:87]([H:88])([H:89])[C@:90]([H:91])([H:92])[C@:93]([H:94])([H:95])[C@:96]([H:97])([H:98])[C@:99]([H:100])([H:101])[C@:102]([H:103])([H:104])[C@:105]([H:106])([H:107])[C@@:108]([H:109])([H:110])[C@:111]([H:112])([H:113])[C@@:114]([H:115])([H:116])[C@:117]([H:118])([H:119])[C@@:120]([H:121])([H:122])[C@:123]([H:124])([H:125])[C@@:126]([H:127])([H:128])[H:129])[C@@:24]([C:28]1=[C:33]([H:60])[C:32]([H:59])=[C:31]([H:58])[C:30]([H:57])=[C:29]1[H:56])([H:54])[C@:25]([H:74])([H:75])[C@@:26]([H:76])([H:77])[C@:27]3([C:34]1=[C:35]([H:61])[C:36]([H:62])=[C:37]([H:63])[C:38]([H:64])=[C:39]1[H:65])[H:55])([H:72])[H:73])([H:70])[H:71])[C@@:2]([C:10]1=[C:11]([H:45])[C:12]([H:182])=[C:13]([H:46])[C:14]([H:47])=[C:15]1[H:48])([H:43])[C@:4]([H:66])([H:67])[C@:6]([H:68])([H:69])[C@:8]2([C:16]1=[C:17]([H:49])[C:18]([H:50])=[C:19]([H:51])[C:20]([H:52])=[C:21]1[H:53])[H:44],[H]OC([H])([H])[H],CC[C@@H](C(O)=O)C1=CC=C(OC)C=C1,CC[C@H](C(O)=O)C1=CC=C(OC)C=C1,C/C=C(C(O)=O)\C1=CC=C(OC)C=C1,50,60,,,,2
IAW00000622,CAT-45,SOL-8,,,REA-12,[P]12([C@@:22]([C@:23]([P:1]3(->[Co+2:42]<-145(<-[O:3]=[C:40]([O-:5]->4)[C@:130]([H:131])([H:132])[C@:133]([H:134])([H:135])[C@@:136]([H:137])([H:138])[C@:139]([H:140])([H:141])[C@@:142]([H:143])([H:144])[C@:145]([H:146])([H:147])[C@@:148]([H:149])([H:150])[C@:151]([H:152])([H:153])[C@@:154]([H:155])([H:156])[C@:157]([H:158])([H:159])[C@:160]([H:161])([H:162])[C@:163]([H:164])([H:165])[C@@:166]([H:167])([H:168])[C@:169]([H:170])([H:171])[C@@:172]([H:173])([H:174])[C@:175]([H:176])([H:177])[C@@:178]([H:179])([H:180])[H:181])<-[O-:7][C:41](=[O:9]->5)[C@:78]([H:79])([H:80])[C@:81]([H:82])([H:83])[C@:84]([H:85])([H:86])[C@@:87]([H:88])([H:89])[C@:90]([H:91])([H:92])[C@:93]([H:94])([H:95])[C@:96]([H:97])([H:98])[C@:99]([H:100])([H:101])[C@:102]([H:103])([H:104])[C@:105]([H:106])([H:107])[C@@:108]([H:109])([H:110])[C@:111]([H:112])([H:113])[C@@:114]([H:115])([H:116])[C@:117]([H:118])([H:119])[C@@:120]([H:121])([H:122])[C@:123]([H:124])([H:125])[C@@:126]([H:127])([H:128])[H:129])[C@@:24]([C:28]1=[C:33]([H:60])[C:32]([H:59])=[C:31]([H:58])[C:30]([H:57])=[C:29]1[H:56])([H:54])[C@:25]([H:74])([H:75])[C@@:26]([H:76])([H:77])[C@:27]3([C:34]1=[C:35]([H:61])[C:36]([H:62])=[C:37]([H:63])[C:38]([H:64])=[C:39]1[H:65])[H:55])([H:72])[H:73])([H:70])[H:71])[C@@:2]([C:10]1=[C:11]([H:45])[C:12]([H:182])=[C:13]([H:46])[C:14]([H:47])=[C:15]1[H:48])([H:43])[C@:4]([H:66])([H:67])[C@:6]([H:68])([H:69])[C@:8]2([C:16]1=[C:17]([H:49])[C:18]([H:50])=[C:19]([H:51])[C:20]([H:52])=[C:21]1[H:53])[H:44],[H]OC(C([H])([H])[H])(C([H])([H])[H])C([H])([H])[H],CC[C@@H](C(O)=O)C1=CC=C(OC)C=C1,CC[C@H](C(O)=O)C1=CC=C(OC)C=C1,C/C=C(C(O)=O)\C1=CC=C(OC)C=C1,40,80,,,,2
IAW00000623,CAT-46,SOL-8,,,REA-12,[P]12([C:12]3=[C:2]([H:54])[C:3]([H:4])=[C:5]([H:6])[C:7]([H:8])=[C:9]3[P:1]3(->[Co+2:76]<-1(<-[O-:71][C:72](=[O:75])[C@@:79]([H:80])([H:81])[C@@:82]([H:83])([H:84])[C@:85]([H:86])([H:87])[C@@:88]([H:89])([H:90])[C@:91]([H:92])([H:93])[C@@:94]([H:95])([H:96])[C@:97]([H:98])([H:99])[C@@:100]([H:101])([H:102])[C@:103]([H:104])([H:105])[C@@:106]([H:107])([H:108])[C@@:109]([H:110])([H:111])[C@@:112]([H:113])([H:114])[C@:115]([H:116])([H:117])[C@:118]([H:119])([H:120])[C@:121]([H:122])([H:123])[C@:124]([H:125])([H:126])[C@@:127]([H:128])([H:129])[H:130])<-[O-:73][C:74](=[O:78])[C@@:131]([H:132])([H:133])[C@@:134]([H:135])([H:136])[C@:137]([H:138])([H:139])[C@@:140]([H:141])([H:142])[C@:143]([H:144])([H:145])[C@@:146]([H:147])([H:148])[C@:149]([H:150])([H:151])[C@@:152]([H:153])([H:154])[C@:155]([H:156])([H:157])[C@@:158]([H:159])([H:160])[C@:161]([H:162])([H:163])[C@@:164]([H:165])([H:166])[C@:167]([H:168])([H:169])[C@@:170]([H:171])([H:172])[C@:173]([H:174])([H:175])[C@@:176]([H:177])([H:178])[C@@:179]([H:180])([H:181])[H:182])[C@@:24]([H:25])([C@:34]([H:35])([C@:36]([H:37])([H:38])[H:77])[C@:39]([H:40])([H:41])[H:42])[C@:26]([H:27])([H:28])[C@@:29]([H:30])([H:31])[C@:32]3([H:33])[C@@:43]([H:44])([C@:45]([H:46])([H:47])[H:48])[C@:49]([H:50])([H:51])[H:52])[C@@:10]([H:11])([C@@:15]([H:16])([C@:17]([H:18])([H:19])[H:56])[C@:20]([H:21])([H:22])[H:23])[C@@:55]([H:60])([H:61])[C@:57]([H:62])([H:63])[C@@:53]2([C@@:58]([H:13])([C@:64]([H:66])([H:67])[H:68])[C@:65]([H:14])([H:69])[H:70])[H:59],[H]OC(C([H])([H])[H])(C([H])([H])[H])C([H])([H])[H],CC[C@@H](C(O)=O)C1=CC=C(OC)C=C1,CC[C@H](C(O)=O)C1=CC=C(OC)C=C1,C/C=C(C(O)=O)\C1=CC=C(OC)C=C1,40,80,,,,2
IAW00000624,CAT-47,SOL-8,,,REA-12,[Fe+2]123456789<-[C:3]%10([P:1]%11(->[Co+2:41](<-[P:2]%12([C:12]->1%13=[C:17]->2([H:18])[C:15]->3([H:16])=[C:14]->4([H:33])[C-:13]->5%13[H:32])[C@:29]([H:30])([C@@:148]([H:149])([H:150])[H:151])[C@:34]([H:37])([H:38])[C@:36]([H:39])([H:40])[C@@:31]%12([H:35])[C@@:156]([H:157])([H:158])[H:159])(<-[O-:42][C:45]([C@@:160]([C@@:46]([H:47])([H:48])[C@:49]([H:50])([H:51])[C@@:52]([H:53])([H:54])[C@:55]([H:56])([H:57])[C@@:58]([H:59])([H:60])[C@:61]([H:62])([H:63])[C@@:64]([H:65])([H:66])[C@:67]([H:68])([H:69])[C@@:70]([H:71])([H:72])[C@:73]([H:74])([H:75])[C@@:76]([H:77])([H:78])[C@:79]([H:80])([H:81])[C@@:82]([H:83])([H:84])[C@@:85]([H:86])([H:87])[C@@:88]([H:89])([H:90])[C@@:91]([H:92])([H:93])[H:94])([H:166])[H:167])=[O:165])<-[O-:43][C:44]([C@@:161]([C@@:95]([H:96])([H:97])[C@@:98]([H:99])([H:100])[C@:101]([H:102])([H:103])[C@@:104]([H:105])([H:106])[C@:107]([H:108])([H:109])[C@@:110]([H:111])([H:112])[C@:113]([H:114])([H:115])[C@@:116]([H:117])([H:118])[C@@:119]([H:120])([H:121])[C@@:122]([H:123])([H:124])[C@@:125]([H:126])([H:127])[C@:128]([H:129])([H:130])[C@@:131]([H:132])([H:133])[C@:134]([H:135])([H:136])[C@:137]([H:138])([H:139])[C@@:140]([H:141])([H:142])[H:143])([H:162])[H:163])=[O:164])[C@:19]([H:20])([C@@:144]([H:145])([H:146])[H:147])[C@@:21]([H:22])([H:23])[C@:24]([H:25])([H:26])[C@@:27]%11([H:28])[C@@:152]([H:153])([H:154])[H:155])=[C:4]->6([H:5])[C:6]->7([H:7])=[C:8]->8([H:9])[C-:10]->9%10[H:11],[H]OC(C([H])([H])[H])(C([H])([H])[H])C([H])([H])[H],CC[C@@H](C(O)=O)C1=CC=C(OC)C=C1,CC[C@H](C(O)=O)C1=CC=C(OC)C=C1,C/C=C(C(O)=O)\C1=CC=C(OC)C=C1,40,80,,,,2
IAW00000625,CAT-48,SOL-1,,,REA-12,[Co+2]123<-[O-:1][C:7](=[C:8]([C:9](=[N:5]->1[C@@:10]([C@:11]([N:6]->2=[C:12]([C:13](=[C:14]([O-:2]->3)[C@@:37]([H:71])([H:72])[H:74])[C:35](=[O:4])[C@@:36]([H:68])([H:69])[H:70])[H:41])([C:26]1=[C:31]([C@@:34]([H:65])([H:66])[H:67])[C:30]([H:58])=[C:29]([C@@:33]([H:62])([H:63])[H:64])[C:28]([H:57])=[C:27]1[C@@:32]([H:59])([H:60])[H:61])[H:40])([C:17]1=[C:22]([C@@:25]([H:54])([H:55])[H:56])[C:21]([H:47])=[C:20]([C@@:24]([H:51])([H:52])[H:53])[C:19]([H:46])=[C:18]1[C@@:23]([H:48])([H:49])[H:50])[H:39])[H:38])[C:15](=[O:3])[C@@:16]([H:43])([H:44])[H:45])[C@:73]([H:42])([H:75])[H:76],[H]OC([H])([H])[H],CC[C@@H](C(O)=O)C1=CC=C(OC)C=C1,CC[C@H](C(O)=O)C1=CC=C(OC)C=C1,C/C=C(C(O)=O)\C1=CC=C(OC)C=C1,50,60,,,,2
IAW00000626,CAT-49,SOL-1,,,REA-12,[N]12=[C:10]([C:9]3=[C:4]([O-:1]->[Co+2:40]<-14<-[N:2]([C@@:16]1([H:53])[C@@:11]2([H:44])[C@@:12]([H:45])([H:46])[C@:13]([H:47])([H:48])[C@@:14]([H:49])([H:50])[C@@:15]1([H:51])[H:52])=[C:17]([C:18]1=[C:23]([O-:3]->4)[C:22]([C@@:36]([C@@:37]([H:84])([H:85])[H:86])([C@@:38]([H:87])([H:88])[H:89])[C@@:39]([H:90])([H:91])[H:92])=[C:21]([H:56])[C:20]([C@@:32]([C@@:33]([H:75])([H:76])[H:77])([C@@:34]([H:78])([H:79])[H:80])[C@@:35]([H:81])([H:82])[H:83])=[C:19]1[H:55])[H:54])[C:5]([C@:24]([C@@:25]([H:57])([H:58])[H:59])([C@@:26]([H:60])([H:61])[H:62])[C@@:27]([H:63])([H:64])[H:65])=[C:6]([H:41])[C:7]([C@@:28]([C@@:29]([H:66])([H:67])[H:68])([C@@:30]([H:69])([H:70])[H:71])[C@@:31]([H:72])([H:73])[H:74])=[C:8]3[H:42])[H:43],[H]OC([H])([H])[H],CC[C@@H](C(O)=O)C1=CC=C(OC)C=C1,CC[C@H](C(O)=O)C1=CC=C(OC)C=C1,C/C=C(C(O)=O)\C1=CC=C(OC)C=C1,50,60,,,,2
IAW00000627,CAT-50,SOL-1,,,REA-12,[Co+3]123(<-[Cl-:1])<-[O-:2][C:59]4=[C:62]([C@:11]([C@:12]([H:13])([H:14])[H:63])([C@:15]([H:16])([H:17])[H:18])[C@:19]([H:20])([H:21])[H:22])[C:71]([H:78])=[C:79]([C@:81]([C@@:82]([H:85])([H:86])[H:87])([C@@:83]([H:88])([H:89])[H:90])[C@:84]([H:91])([H:92])[H:93])[C:73]([H:80])=[C:66]4[C:65](=[N:58]->1[C@@:61]1([H:5])[C@@:9]([N:4]->2=[C:23]([H:24])[C:25]2=[C:26]([O-:3]->3)[C:27]([C@:33]([C@:34]([H:35])([H:36])[H:64])([C@:37]([H:38])([H:39])[H:40])[C@:41]([H:42])([H:43])[H:44])=[C:28]([H:29])[C:30]([C@@:45]([C@:46]([H:47])([H:48])[H:49])([C@:50]([H:51])([H:52])[H:53])[C@:54]([H:55])([H:56])[H:57])=[C:31]2[H:32])([H:10])[C@:6]([H:7])([H:8])[C@:60]([H:67])([H:69])[C@@:68]([H:74])([H:75])[C@:70]1([H:76])[H:77])[H:72],[H]OC([H])([H])[H],CC[C@@H](C(O)=O)C1=CC=C(OC)C=C1,CC[C@H](C(O)=O)C1=CC=C(OC)C=C1,C/C=C(C(O)=O)\C1=CC=C(OC)C=C1,50,60,,,,2
IAW00000628,CAT-51,SOL-1,,,REA-12,[Co+3]123(<-[O-:1][C:58]4=[C:61]([C@:10]([C@:11]([H:12])([H:13])[H:62])([C@:14]([H:15])([H:16])[H:17])[C@:18]([H:19])([H:20])[H:21])[C:70]([H:77])=[C:78]([C@:80]([C@@:81]([H:84])([H:85])[H:86])([C@@:82]([H:87])([H:88])[H:89])[C@:83]([H:90])([H:91])[H:92])[C:72]([H:79])=[C:65]4[C:64](=[N:57]->1[C@:60]1([H:4])[C@:8]([N:3]->2=[C:22]([H:23])[C:24]2=[C:25]([O-:2]->3)[C:26]([C@:32]([C@:33]([H:34])([H:35])[H:63])([C@:36]([H:37])([H:38])[H:39])[C@:40]([H:41])([H:42])[H:43])=[C:27]([H:28])[C:29]([C@@:44]([C@:45]([H:46])([H:47])[H:48])([C@:49]([H:50])([H:51])[H:52])[C@:53]([H:54])([H:55])[H:56])=[C:30]2[H:31])([H:9])[C@:5]([H:6])([H:7])[C@:59]([H:66])([H:68])[C@@:67]([H:73])([H:74])[C@:69]1([H:75])[H:76])[H:71])<-[O-:93][S@@:108]([C:94]1=[C:95]([H:100])[C:96]([H:101])=[C:97]([C@@:104]([H:105])([H:106])[H:107])[C:98]([H:102])=[C:99]1[H:103])(=[O:109])=[O:110],[H]OC([H])([H])[H],CC[C@@H](C(O)=O)C1=CC=C(OC)C=C1,CC[C@H](C(O)=O)C1=CC=C(OC)C=C1,C/C=C(C(O)=O)\C1=CC=C(OC)C=C1,50,60,,,,2
IAW00000629,CAT-52,SOL-9,,,REA-12,[Fe+2]123456789<-[C:3]%10([P:1]%11(->[Ni+2:71](<-[P:2]%12([C:12]->1%13=[C:17]->2([H:18])[C:15]->3([H:16])=[C:14]->4([H:33])[C-:13]->5%13[H:32])[C@:29]([H:30])([C@@:49]([H:50])([H:51])[H:52])[C@:34]([H:37])([H:38])[C@:36]([H:39])([H:40])[C@@:31]%12([H:35])[C@@:57]([H:58])([H:59])[H:60])(<-[O-:41][C:44]([C@@:61]([H:67])([H:68])[H:69])=[O:66])<-[O-:42][C:43]([C@@:62]([H:63])([H:64])[H:70])=[O:65])[C@:19]([H:20])([C@@:45]([H:46])([H:47])[H:48])[C@@:21]([H:22])([H:23])[C@:24]([H:25])([H:26])[C@@:27]%11([H:28])[C@@:53]([H:54])([H:55])[H:56])=[C:4]->6([H:5])[C:6]->7([H:7])=[C:8]->8([H:9])[C-:10]->9%10[H:11],[H]OC([H])([H])C(F)(F)F,CC[C@@H](C(O)=O)C1=CC=C(OC)C=C1,CC[C@H](C(O)=O)C1=CC=C(OC)C=C1,C/C=C(C(O)=O)\C1=CC=C(OC)C=C1,50,30,,,,2
IAW00000630,CAT-53,SOL-9,,,REA-12,C12[P:44]3(->[Ni+2:46](<-[O-:41][C:34]([C@:35]([H:36])([H:37])[H:38])=[O:40])(<-[O-:42][C:39](=[O:43])[C@@:48]([H:53])([H:54])[H:55])<-[P:45]4([C:1]1=[C:2]([H:3])[C:4]([H:5])=[C:6]([H:7])[C:8]=2[H:9])[C@:28]([H:29])([C@:30]([H:31])([H:32])[H:33])[C@@:47]([H:50])([H:51])[C@:52]([H:58])([H:59])[C@@:49]4([H:56])[C@@:57]([H:60])([H:61])[H:62])[C@@:14]([C@:10]([H:11])([H:12])[H:13])([H:15])[C@@:16]([H:17])([H:18])[C@@:19]([H:20])([H:21])[C@@:22]3([H:23])[C@:24]([H:25])([H:26])[H:27],[H]OC([H])([H])C(F)(F)F,CC[C@@H](C(O)=O)C1=CC=C(OC)C=C1,CC[C@H](C(O)=O)C1=CC=C(OC)C=C1,C/C=C(C(O)=O)\C1=CC=C(OC)C=C1,50,30,,,,2
IAW00000631,CAT-54,SOL-9,,,REA-12,[P]12([C@@:22]([C@:23]([P:1]3(->[Ni+2:86]<-1(<-[O-:5][C:40](=[O:3])[C@:80]([H:81])([H:82])[H:84])<-[O-:7][C:41](=[O:9])[C@:77]([H:78])([H:79])[H:85])[C@@:24]([C:28]1=[C:33]([H:59])[C:32]([H:58])=[C:31]([H:57])[C:30]([H:56])=[C:29]1[H:55])([H:53])[C@:25]([H:73])([H:74])[C@@:26]([H:75])([H:76])[C@:27]3([C:34]1=[C:35]([H:60])[C:36]([H:61])=[C:37]([H:62])[C:38]([H:63])=[C:39]1[H:64])[H:54])([H:71])[H:72])([H:69])[H:70])[C@@:2]([C:10]1=[C:11]([H:44])[C:12]([H:83])=[C:13]([H:45])[C:14]([H:46])=[C:15]1[H:47])([H:42])[C@:4]([H:65])([H:66])[C@:6]([H:67])([H:68])[C@:8]2([C:16]1=[C:17]([H:48])[C:18]([H:49])=[C:19]([H:50])[C:20]([H:51])=[C:21]1[H:52])[H:43],[H]OC([H])([H])C(F)(F)F,CC[C@@H](C(O)=O)C1=CC=C(OC)C=C1,CC[C@H](C(O)=O)C1=CC=C(OC)C=C1,C/C=C(C(O)=O)\C1=CC=C(OC)C=C1,50,30,,,,2
IAW00000632,CAT-55,SOL-9,,,REA-12,[P]12([C:12]3=[C:2]([H:54])[C:3]([H:4])=[C:5]([H:6])[C:7]([H:8])=[C:9]3[P:1]3(->[Ni+2:86]<-1(<-[O-:71][C:72](=[O:75])[C@@:78]([H:79])([H:80])[H:84])<-[O-:73][C:74](=[O:77])[C@@:81]([H:82])([H:83])[H:85])[C@@:24]([H:25])([C@:34]([H:35])([C@:36]([H:37])([H:38])[H:76])[C@:39]([H:40])([H:41])[H:42])[C@:26]([H:27])([H:28])[C@@:29]([H:30])([H:31])[C@:32]3([H:33])[C@@:43]([H:44])([C@:45]([H:46])([H:47])[H:48])[C@:49]([H:50])([H:51])[H:52])[C@@:10]([H:11])([C@@:15]([H:16])([C@:17]([H:18])([H:19])[H:56])[C@:20]([H:21])([H:22])[H:23])[C@@:55]([H:60])([H:61])[C@:57]([H:62])([H:63])[C@@:53]2([C@@:58]([H:13])([C@:64]([H:66])([H:67])[H:68])[C@:65]([H:14])([H:69])[H:70])[H:59],[H]OC([H])([H])C(F)(F)F,CC[C@@H](C(O)=O)C1=CC=C(OC)C=C1,CC[C@H](C(O)=O)C1=CC=C(OC)C=C1,C/C=C(C(O)=O)\C1=CC=C(OC)C=C1,50,30,,,,2
IAW00000633,CAT-56,SOL-9,,,REA-12,[Ni+2]1(<-[P:1]([C:2]2=[C:9]([H:10])[C:23]([H:24])=[C:34]([H:39])[C:38]([H:48])=[C:33]2[P:31]->1([C@@:35]([C@:40]([H:49])([H:50])[H:51])([C@:41]([H:52])([H:53])[H:54])[C@:42]([H:55])([H:56])[H:57])[C@:36]([H:43])([H:44])[H:45])([C@:8]([C@:4]([H:5])([H:6])[H:7])([C@:11]([H:12])([H:13])[H:14])[C@:15]([H:16])([H:17])[H:18])[C@:19]([H:20])([H:21])[H:22])(<-[O-:3][C:26](=[O:25])[C@:27]([H:28])([H:29])[H:30])<-[O-:32][C:37](=[O:46])[C@:47]([H:58])([H:59])[H:60],[H]OC([H])([H])C(F)(F)F,CC[C@@H](C(O)=O)C1=CC=C(OC)C=C1,CC[C@H](C(O)=O)C1=CC=C(OC)C=C1,C/C=C(C(O)=O)\C1=CC=C(OC)C=C1,50,30,,,,2
IAW00000634,CAT-57,SOL-1,,,REA-12,[Br-]->[Ni+2:1]12(<-[N:2]([H:3])([C@:28]3([H:29])[C@@:9]([H:10])([H:11])[C@@:35]([H:36])([H:37])[C@:38]([H:39])([H:40])[C@:12]([H:13])([H:14])[C@:17]3([N:7]->1([H:8])[C@:59]([H:60])([H:61])[C:70]1=[C:81]([H:92])[C:91]([H:96])=[C:95]([H:97])[C:90]([H:94])=[C:80]1[H:89])[H:18])[C@:30]([C:16]1=[C:26]([H:27])[C:20]([H:21])=[C:41]([H:42])[C:33]([H:34])=[C:22]1[H:23])([H:31])[H:32])(<-[N:4]([C@@:24]1([H:25])[C@@:19]([N:5]->2([H:6])[C@:54]([C:47]2=[C:50]([H:51])[C:52]([H:53])=[C:57]([H:58])[C:62]([H:63])=[C:48]2[H:49])([H:55])[H:56])([H:65])[C@@:66]([H:15])([H:72])[C@:71]([H:82])([H:83])[C@:75]([H:84])([H:85])[C@:67]1([H:73])[H:74])([C@:43]([H:44])([H:45])[C:46]1=[C:69]([H:79])[C:78]([H:88])=[C:86]([H:93])[C:76]([H:87])=[C:68]1[H:77])[H:98])<-[Br-:64],[H]OC([H])([H])[H],CC[C@@H](C(O)=O)C1=CC=C(OC)C=C1,CC[C@H](C(O)=O)C1=CC=C(OC)C=C1,C/C=C(C(O)=O)\C1=CC=C(OC)C=C1,50,60,,,,2
IAW00000635,CAT-58,SOL-1,,,REA-12,[N-]12[C:3](=[O:2])[C@@:4]3([H:5])[N:1]([C@:25]([C:28]4=[C:33]([H:14])[C:38]([H:48])=[C:49]([H:56])[C:39]([H:50])=[C:34]4[H:40])([H:29])[H:30])(->[Ni+2:58]<-14<-[N:32](=[C:27]([C:15]1=[C:16]2[C:17]([H:18])=[C:19]([H:20])[C:21]([H:22])=[C:23]1[H:24])[C:31]1=[C:36]([H:43])[C:44]([H:53])=[C:51]([H:57])[C:42]([H:52])=[C:35]1[H:41])[C@@:37]([H:45])([H:46])[C:47]([O-:54]->4)=[O:55])[C@@:12]([H:13])([H:26])[C@:9]([H:10])([H:11])[C@:6]3([H:7])[H:8],[H]OC([H])([H])[H],CC[C@@H](C(O)=O)C1=CC=C(OC)C=C1,CC[C@H](C(O)=O)C1=CC=C(OC)C=C1,C/C=C(C(O)=O)\C1=CC=C(OC)C=C1,60,20,,,,2
IAW00000636,CAT-59,SOL-1,,,REA-12,[Pd+2]1(<-[P:63]([C:3]2=[C:1]([C:2]3=[C:4]([P:64]->1([C:24]1=[C:26]([H:28])[C:30]([H:32])=[C:34]([H:74])[C:36]([H:76])=[C:38]1[H:40])[C:42]1=[C:60]([H:62])[C:56]([H:58])=[C:52]([H:54])[C:48]([H:50])=[C:44]1[H:46])[C:6]([H:8])=[C:10]([H:12])[C:14]1=[C:22]3[C:18]([H:20])=[C:72]([H:80])[C:69]([H:78])=[C:16]1[H:70])[C:21]1=[C:13]([C:9]([H:11])=[C:5]2[H:7])[C:15]([H:68])=[C:67]([H:77])[C:71]([H:79])=[C:17]1[H:19])([C:23]1=[C:25]([H:27])[C:29]([H:31])=[C:33]([H:73])[C:35]([H:75])=[C:37]1[H:39])[C:41]1=[C:43]([H:45])[C:47]([H:49])=[C:51]([H:53])[C:55]([H:57])=[C:59]1[H:61])(<-[Cl-:65])<-[Cl-:66],[H]OC([H])([H])[H],CC[C@@H](C(O)=O)C1=CC=C(OC)C=C1,CC[C@H](C(O)=O)C1=CC=C(OC)C=C1,C/C=C(C(O)=O)\C1=CC=C(OC)C=C1,60,20,,,,2
IAW00000637,CAT-60,SOL-1,,,REA-12,[Pd+2]123(<-[N:2]4=[C:12]([C:13]([N-:5]->1[C@:14]([C@:15]([H:34])([H:35])[H:36])([C:16]1=[N:8]->2[C:20]([H:33])=[C:19]([H:32])[C:18]([H:31])=[C:17]1[H:30])[H:29])=[O:9])[C:11]([H:28])=[C:10]([H:27])[C:7]([H:26])=[C:4]4[C@:1]([F:23])([F:24])[F:25])<-[O-:3][C:21](=[O:6]->3)[C@:22]([H:37])([H:38])[H:39],[H]OC([H])([H])[H],CC[C@@H](C(O)=O)C1=CC=C(OC)C=C1,CC[C@H](C(O)=O)C1=CC=C(OC)C=C1,C/C=C(C(O)=O)\C1=CC=C(OC)C=C1,60,20,,,,2
IAW00000638,CAT-61,SOL-1,,,REA-12,[Cr+3]123(<-[Cl-:1])<-[N:2]([C@:6]4([H:7])[C@:8]([H:9])([H:10])[C@@:11]([H:12])([H:13])[C@@:14]([H:78])([H:79])[C@@:15]([H:16])([H:17])[C@:18]4([N:3]->1=[C:42]([H:43])[C:44]1=[C:45]([O-:5]->2)[C:46]([C@:52]([C@:54]([H:55])([H:56])[H:57])([C@:58]([H:59])([H:60])[H:61])[C@:62]([H:63])([H:64])[H:65])=[C:47]([H:48])[C:49]([C@:53]([C@:66]([H:67])([H:68])[H:69])([C@:70]([H:71])([H:72])[H:73])[C@:74]([H:75])([H:76])[H:77])=[C:50]1[H:51])[H:19])=[C:20]([H:21])[C:22]1=[C:23]([O-:4]->3)[C:24]([C@@:80]([C@:31]([H:32])([H:33])[H:83])([C@@:84]([H:89])([H:90])[H:91])[C@@:85]([H:30])([H:92])[H:93])=[C:25]([H:81])[C:26]([C@@:29]([C@:34]([H:35])([H:36])[H:37])([C@:38]([H:39])([H:40])[H:41])[C@:82]([H:86])([H:87])[H:88])=[C:27]1[H:28],[H]OC([H])([H])[H],CC[C@@H](C(O)=O)C1=CC=C(OC)C=C1,CC[C@H](C(O)=O)C1=CC=C(OC)C=C1,C/C=C(C(O)=O)\C1=CC=C(OC)C=C1,50,60,,,,2
IAW00000639,CAT-62,SOL-1,,,REA-12,[Mn+3]123(<-[Cl-:1])<-[O-:2][C:6]4=[C:7]([C@:42]([C@:44]([H:45])([H:46])[H:47])([C@:48]([H:49])([H:50])[H:51])[C@@:79]([H:43])([H:86])[H:87])[C:8]([H:9])=[C:10]([C@@:52]([C@:53]([H:54])([H:55])[H:56])([C@:57]([H:58])([H:59])[H:80])[C@:60]([H:61])([H:62])[H:81])[C:11]([H:12])=[C:13]4[C:14](=[N:4]->1[C@:16]1([H:17])[C@:18]([H:19])([H:20])[C@@:21]([H:22])([H:23])[C@:24]([H:25])([H:26])[C@@:27]([H:28])([H:29])[C@:30]1([N:5]->2=[C:32]([H:33])[C:34]1=[C:35]([H:36])[C:37]([C@@:63]([C@:64]([H:65])([H:66])[H:67])([C@:68]([H:69])([H:70])[H:82])[C@:71]([H:72])([H:73])[H:74])=[C:38]([H:39])[C:40]([C@:78]([C@@:75]([H:76])([H:77])[H:83])([C@:84]([H:88])([H:89])[H:90])[C@:85]([H:91])([H:92])[H:93])=[C:41]1[O-:3]->3)[H:31])[H:15],[H]OC([H])([H])[H],CC[C@@H](C(O)=O)C1=CC=C(OC)C=C1,CC[C@H](C(O)=O)C1=CC=C(OC)C=C1,C/C=C(C(O)=O)\C1=CC=C(OC)C=C1,50,60,,,,2
IAW00000640,CAT-1,SOL-1,,,REA-13,[Ru+2]123(<-[P:1]([C:7]4=[C:8]([H:40])[C:60]([H:66])=[C:67]5[C:61](=[C:9]4[C:15]4=[C:14]6[C:13](=[C:12]([H:42])[C:11]([H:41])=[C:10]4[P:2]->1([C:28]1=[C:29]([H:54])[C:30]([H:55])=[C:31]([H:56])[C:32]([H:57])=[C:33]1[H:58])[C:34]1=[C:35]([H:59])[C:65]([H:74])=[C:75]([H:82])[C:73]([H:81])=[C:64]1[H:72])[C:62]([H:43])=[C:69]([H:79])[C:71]([H:80])=[C:63]6[H:70])[C:68]([H:77])=[C:78]([H:85])[C:83]([H:86])=[C:76]5[H:84])([C:16]1=[C:21]([H:48])[C:20]([H:47])=[C:19]([H:46])[C:18]([H:45])=[C:17]1[H:44])[C:22]1=[C:27]([H:53])[C:26]([H:52])=[C:25]([H:51])[C:24]([H:50])=[C:23]1[H:49])(<-[O-:3][C:36](=[O:4]->2)[C@@:37]([H:87])([H:88])[H:92])<-[O:5]=[C:38]([O-:6]->3)[C@@:39]([H:89])([H:90])[H:91],[H]OC([H])([H])[H],OC([C@H](CC1=CC=C(C(C)(C)C)C=C1)C2=CC=C(C(C)(C)C)C=C2)=O,OC([C@@H](CC1=CC=C(C(C)(C)C)C=C1)C2=CC=C(C(C)(C)C)C=C2)=O,OC(/C(C1=CC=C(C(C)(C)C)C=C1)=C/C2=CC=C(C(C)(C)C)C=C2)=O,60,5,,,,2
IAW00000641,CAT-1,SOL-1,,,REA-13,[Ru+2]123(<-[P:1]([C:7]4=[C:8]([H:40])[C:60]([H:66])=[C:67]5[C:61](=[C:9]4[C:15]4=[C:14]6[C:13](=[C:12]([H:42])[C:11]([H:41])=[C:10]4[P:2]->1([C:28]1=[C:29]([H:54])[C:30]([H:55])=[C:31]([H:56])[C:32]([H:57])=[C:33]1[H:58])[C:34]1=[C:35]([H:59])[C:65]([H:74])=[C:75]([H:82])[C:73]([H:81])=[C:64]1[H:72])[C:62]([H:43])=[C:69]([H:79])[C:71]([H:80])=[C:63]6[H:70])[C:68]([H:77])=[C:78]([H:85])[C:83]([H:86])=[C:76]5[H:84])([C:16]1=[C:21]([H:48])[C:20]([H:47])=[C:19]([H:46])[C:18]([H:45])=[C:17]1[H:44])[C:22]1=[C:27]([H:53])[C:26]([H:52])=[C:25]([H:51])[C:24]([H:50])=[C:23]1[H:49])(<-[O-:3][C:36](=[O:4]->2)[C@@:37]([H:87])([H:88])[H:92])<-[O:5]=[C:38]([O-:6]->3)[C@@:39]([H:89])([H:90])[H:91],[H]OC([H])([H])[H],OC([C@H](CC1=CC=C(C(C)(C)C)C=C1)C2=CC=C(C(C)(C)C)C=C2)=O,OC([C@@H](CC1=CC=C(C(C)(C)C)C=C1)C2=CC=C(C(C)(C)C)C=C2)=O,OC(/C(C1=CC=C(C(C)(C)C)C=C1)=C/C2=CC=C(C(C)(C)C)C=C2)=O,60,10,,,,2
IAW00000642,CAT-1,SOL-1,,,REA-13,[Ru+2]123(<-[P:1]([C:7]4=[C:8]([H:40])[C:60]([H:66])=[C:67]5[C:61](=[C:9]4[C:15]4=[C:14]6[C:13](=[C:12]([H:42])[C:11]([H:41])=[C:10]4[P:2]->1([C:28]1=[C:29]([H:54])[C:30]([H:55])=[C:31]([H:56])[C:32]([H:57])=[C:33]1[H:58])[C:34]1=[C:35]([H:59])[C:65]([H:74])=[C:75]([H:82])[C:73]([H:81])=[C:64]1[H:72])[C:62]([H:43])=[C:69]([H:79])[C:71]([H:80])=[C:63]6[H:70])[C:68]([H:77])=[C:78]([H:85])[C:83]([H:86])=[C:76]5[H:84])([C:16]1=[C:21]([H:48])[C:20]([H:47])=[C:19]([H:46])[C:18]([H:45])=[C:17]1[H:44])[C:22]1=[C:27]([H:53])[C:26]([H:52])=[C:25]([H:51])[C:24]([H:50])=[C:23]1[H:49])(<-[O-:3][C:36](=[O:4]->2)[C@@:37]([H:87])([H:88])[H:92])<-[O:5]=[C:38]([O-:6]->3)[C@@:39]([H:89])([H:90])[H:91],[H]OC([H])([H])[H],OC([C@H](CC1=CC=C(C(C)(C)C)C=C1)C2=CC=C(C(C)(C)C)C=C2)=O,OC([C@@H](CC1=CC=C(C(C)(C)C)C=C1)C2=CC=C(C(C)(C)C)C=C2)=O,OC(/C(C1=CC=C(C(C)(C)C)C=C1)=C/C2=CC=C(C(C)(C)C)C=C2)=O,60,30,,,,2
IAW00000643,CAT-1,SOL-1,,,REA-13,[Ru+2]123(<-[P:1]([C:7]4=[C:8]([H:40])[C:60]([H:66])=[C:67]5[C:61](=[C:9]4[C:15]4=[C:14]6[C:13](=[C:12]([H:42])[C:11]([H:41])=[C:10]4[P:2]->1([C:28]1=[C:29]([H:54])[C:30]([H:55])=[C:31]([H:56])[C:32]([H:57])=[C:33]1[H:58])[C:34]1=[C:35]([H:59])[C:65]([H:74])=[C:75]([H:82])[C:73]([H:81])=[C:64]1[H:72])[C:62]([H:43])=[C:69]([H:79])[C:71]([H:80])=[C:63]6[H:70])[C:68]([H:77])=[C:78]([H:85])[C:83]([H:86])=[C:76]5[H:84])([C:16]1=[C:21]([H:48])[C:20]([H:47])=[C:19]([H:46])[C:18]([H:45])=[C:17]1[H:44])[C:22]1=[C:27]([H:53])[C:26]([H:52])=[C:25]([H:51])[C:24]([H:50])=[C:23]1[H:49])(<-[O-:3][C:36](=[O:4]->2)[C@@:37]([H:87])([H:88])[H:92])<-[O:5]=[C:38]([O-:6]->3)[C@@:39]([H:89])([H:90])[H:91],[H]OC([H])([H])[H],OC([C@H](CC1=CC=C(C(C)(C)C)C=C1)C2=CC=C(C(C)(C)C)C=C2)=O,OC([C@@H](CC1=CC=C(C(C)(C)C)C=C1)C2=CC=C(C(C)(C)C)C=C2)=O,OC(/C(C1=CC=C(C(C)(C)C)C=C1)=C/C2=CC=C(C(C)(C)C)C=C2)=O,60,50,,,,2
IAW00000644,CAT-1,SOL-1,,,REA-13,[Ru+2]123(<-[P:1]([C:7]4=[C:8]([H:40])[C:60]([H:66])=[C:67]5[C:61](=[C:9]4[C:15]4=[C:14]6[C:13](=[C:12]([H:42])[C:11]([H:41])=[C:10]4[P:2]->1([C:28]1=[C:29]([H:54])[C:30]([H:55])=[C:31]([H:56])[C:32]([H:57])=[C:33]1[H:58])[C:34]1=[C:35]([H:59])[C:65]([H:74])=[C:75]([H:82])[C:73]([H:81])=[C:64]1[H:72])[C:62]([H:43])=[C:69]([H:79])[C:71]([H:80])=[C:63]6[H:70])[C:68]([H:77])=[C:78]([H:85])[C:83]([H:86])=[C:76]5[H:84])([C:16]1=[C:21]([H:48])[C:20]([H:47])=[C:19]([H:46])[C:18]([H:45])=[C:17]1[H:44])[C:22]1=[C:27]([H:53])[C:26]([H:52])=[C:25]([H:51])[C:24]([H:50])=[C:23]1[H:49])(<-[O-:3][C:36](=[O:4]->2)[C@@:37]([H:87])([H:88])[H:92])<-[O:5]=[C:38]([O-:6]->3)[C@@:39]([H:89])([H:90])[H:91],[H]OC([H])([H])[H],OC([C@H](CC1=CC=C(C(C)(C)C)C=C1)C2=CC=C(C(C)(C)C)C=C2)=O,OC([C@@H](CC1=CC=C(C(C)(C)C)C=C1)C2=CC=C(C(C)(C)C)C=C2)=O,OC(/C(C1=CC=C(C(C)(C)C)C=C1)=C/C2=CC=C(C(C)(C)C)C=C2)=O,60,70,,,,2
IAW00000645,CAT-1,SOL-1,,,REA-13,[Ru+2]123(<-[P:1]([C:7]4=[C:8]([H:40])[C:60]([H:66])=[C:67]5[C:61](=[C:9]4[C:15]4=[C:14]6[C:13](=[C:12]([H:42])[C:11]([H:41])=[C:10]4[P:2]->1([C:28]1=[C:29]([H:54])[C:30]([H:55])=[C:31]([H:56])[C:32]([H:57])=[C:33]1[H:58])[C:34]1=[C:35]([H:59])[C:65]([H:74])=[C:75]([H:82])[C:73]([H:81])=[C:64]1[H:72])[C:62]([H:43])=[C:69]([H:79])[C:71]([H:80])=[C:63]6[H:70])[C:68]([H:77])=[C:78]([H:85])[C:83]([H:86])=[C:76]5[H:84])([C:16]1=[C:21]([H:48])[C:20]([H:47])=[C:19]([H:46])[C:18]([H:45])=[C:17]1[H:44])[C:22]1=[C:27]([H:53])[C:26]([H:52])=[C:25]([H:51])[C:24]([H:50])=[C:23]1[H:49])(<-[O-:3][C:36](=[O:4]->2)[C@@:37]([H:87])([H:88])[H:92])<-[O:5]=[C:38]([O-:6]->3)[C@@:39]([H:89])([H:90])[H:91],[H]OC([H])([H])[H],OC([C@H](CC1=CC=C(C(C)(C)C)C=C1)C2=CC=C(C(C)(C)C)C=C2)=O,OC([C@@H](CC1=CC=C(C(C)(C)C)C=C1)C2=CC=C(C(C)(C)C)C=C2)=O,OC(/C(C1=CC=C(C(C)(C)C)C=C1)=C/C2=CC=C(C(C)(C)C)C=C2)=O,60,90,,,,2
IAW00000646,CAT-1,SOL-1,,,REA-13,[Ru+2]123(<-[P:1]([C:7]4=[C:8]([H:40])[C:60]([H:66])=[C:67]5[C:61](=[C:9]4[C:15]4=[C:14]6[C:13](=[C:12]([H:42])[C:11]([H:41])=[C:10]4[P:2]->1([C:28]1=[C:29]([H:54])[C:30]([H:55])=[C:31]([H:56])[C:32]([H:57])=[C:33]1[H:58])[C:34]1=[C:35]([H:59])[C:65]([H:74])=[C:75]([H:82])[C:73]([H:81])=[C:64]1[H:72])[C:62]([H:43])=[C:69]([H:79])[C:71]([H:80])=[C:63]6[H:70])[C:68]([H:77])=[C:78]([H:85])[C:83]([H:86])=[C:76]5[H:84])([C:16]1=[C:21]([H:48])[C:20]([H:47])=[C:19]([H:46])[C:18]([H:45])=[C:17]1[H:44])[C:22]1=[C:27]([H:53])[C:26]([H:52])=[C:25]([H:51])[C:24]([H:50])=[C:23]1[H:49])(<-[O-:3][C:36](=[O:4]->2)[C@@:37]([H:87])([H:88])[H:92])<-[O:5]=[C:38]([O-:6]->3)[C@@:39]([H:89])([H:90])[H:91],[H]OC([H])([H])[H],OC([C@H](CC1=CC=C(C(C)(C)C)C=C1)C2=CC=C(C(C)(C)C)C=C2)=O,OC([C@@H](CC1=CC=C(C(C)(C)C)C=C1)C2=CC=C(C(C)(C)C)C=C2)=O,OC(/C(C1=CC=C(C(C)(C)C)C=C1)=C/C2=CC=C(C(C)(C)C)C=C2)=O,60,100,,,,2
IAW00000647,CAT-1,SOL-1,,,REA-13,[Ru+2]123(<-[P:1]([C:7]4=[C:8]([H:40])[C:60]([H:66])=[C:67]5[C:61](=[C:9]4[C:15]4=[C:14]6[C:13](=[C:12]([H:42])[C:11]([H:41])=[C:10]4[P:2]->1([C:28]1=[C:29]([H:54])[C:30]([H:55])=[C:31]([H:56])[C:32]([H:57])=[C:33]1[H:58])[C:34]1=[C:35]([H:59])[C:65]([H:74])=[C:75]([H:82])[C:73]([H:81])=[C:64]1[H:72])[C:62]([H:43])=[C:69]([H:79])[C:71]([H:80])=[C:63]6[H:70])[C:68]([H:77])=[C:78]([H:85])[C:83]([H:86])=[C:76]5[H:84])([C:16]1=[C:21]([H:48])[C:20]([H:47])=[C:19]([H:46])[C:18]([H:45])=[C:17]1[H:44])[C:22]1=[C:27]([H:53])[C:26]([H:52])=[C:25]([H:51])[C:24]([H:50])=[C:23]1[H:49])(<-[O-:3][C:36](=[O:4]->2)[C@@:37]([H:87])([H:88])[H:92])<-[O:5]=[C:38]([O-:6]->3)[C@@:39]([H:89])([H:90])[H:91],[H]OC([H])([H])[H],OC([C@H](CC1=CC=C(C(C)(C)C)C=C1)C2=CC=C(C(C)(C)C)C=C2)=O,OC([C@@H](CC1=CC=C(C(C)(C)C)C=C1)C2=CC=C(C(C)(C)C)C=C2)=O,OC(/C(C1=CC=C(C(C)(C)C)C=C1)=C/C2=CC=C(C(C)(C)C)C=C2)=O,50,100,,,,2
IAW00000648,CAT-1,SOL-1,,,REA-13,[Ru+2]123(<-[P:1]([C:7]4=[C:8]([H:40])[C:60]([H:66])=[C:67]5[C:61](=[C:9]4[C:15]4=[C:14]6[C:13](=[C:12]([H:42])[C:11]([H:41])=[C:10]4[P:2]->1([C:28]1=[C:29]([H:54])[C:30]([H:55])=[C:31]([H:56])[C:32]([H:57])=[C:33]1[H:58])[C:34]1=[C:35]([H:59])[C:65]([H:74])=[C:75]([H:82])[C:73]([H:81])=[C:64]1[H:72])[C:62]([H:43])=[C:69]([H:79])[C:71]([H:80])=[C:63]6[H:70])[C:68]([H:77])=[C:78]([H:85])[C:83]([H:86])=[C:76]5[H:84])([C:16]1=[C:21]([H:48])[C:20]([H:47])=[C:19]([H:46])[C:18]([H:45])=[C:17]1[H:44])[C:22]1=[C:27]([H:53])[C:26]([H:52])=[C:25]([H:51])[C:24]([H:50])=[C:23]1[H:49])(<-[O-:3][C:36](=[O:4]->2)[C@@:37]([H:87])([H:88])[H:92])<-[O:5]=[C:38]([O-:6]->3)[C@@:39]([H:89])([H:90])[H:91],[H]OC([H])([H])[H],OC([C@H](CC1=CC=C(C(C)(C)C)C=C1)C2=CC=C(C(C)(C)C)C=C2)=O,OC([C@@H](CC1=CC=C(C(C)(C)C)C=C1)C2=CC=C(C(C)(C)C)C=C2)=O,OC(/C(C1=CC=C(C(C)(C)C)C=C1)=C/C2=CC=C(C(C)(C)C)C=C2)=O,40,100,,,,2
IAW00000649,CAT-2,SOL-1,,,REA-13,[Ru+2]123(<-[P:1]([C:9]4=[C:17]([H:19])[C:11]([H:67])=[C:27]([H:68])[C:41]([H:69])=[C:13]4[H:15])([C:25]4=[C:31]([H:33])[C:23]([H:70])=[C:43]([H:71])[C:53]([H:72])=[C:49]4[H:51])[C:39]4=[C:21]([C:22]5=[C:8]6[O:4][C@:56]([H:58])([H:60])[O:6][C:30]6=[C:36]([H:38])[C:46]([H:48])=[C:40]5[P:2]->1([C:10]1=[C:14]([H:16])[C:42]([H:64])=[C:28]([H:65])[C:12]([H:66])=[C:18]1[H:20])[C:26]1=[C:32]([H:34])[C:24]([H:63])=[C:44]([H:62])[C:54]([H:61])=[C:50]1[H:52])[C:7]1=[C:29]([O:5][C@@:55]([H:57])([H:59])[O:3]1)[C:35]([H:37])=[C:45]4[H:47])(<-[O-:75][C:73](=[O:77]->2)[C@@:79]([H:80])([H:81])[H:85])<-[O-:76][C:74](=[O:78]->3)[C@:82]([H:83])([H:84])[H:86],[H]OC([H])([H])[H],OC([C@H](CC1=CC=C(C(C)(C)C)C=C1)C2=CC=C(C(C)(C)C)C=C2)=O,OC([C@@H](CC1=CC=C(C(C)(C)C)C=C1)C2=CC=C(C(C)(C)C)C=C2)=O,OC(/C(C1=CC=C(C(C)(C)C)C=C1)=C/C2=CC=C(C(C)(C)C)C=C2)=O,60,10,,,,2
IAW00000650,CAT-2,SOL-1,,,REA-13,[Ru+2]123(<-[P:1]([C:9]4=[C:17]([H:19])[C:11]([H:67])=[C:27]([H:68])[C:41]([H:69])=[C:13]4[H:15])([C:25]4=[C:31]([H:33])[C:23]([H:70])=[C:43]([H:71])[C:53]([H:72])=[C:49]4[H:51])[C:39]4=[C:21]([C:22]5=[C:8]6[O:4][C@:56]([H:58])([H:60])[O:6][C:30]6=[C:36]([H:38])[C:46]([H:48])=[C:40]5[P:2]->1([C:10]1=[C:14]([H:16])[C:42]([H:64])=[C:28]([H:65])[C:12]([H:66])=[C:18]1[H:20])[C:26]1=[C:32]([H:34])[C:24]([H:63])=[C:44]([H:62])[C:54]([H:61])=[C:50]1[H:52])[C:7]1=[C:29]([O:5][C@@:55]([H:57])([H:59])[O:3]1)[C:35]([H:37])=[C:45]4[H:47])(<-[O-:75][C:73](=[O:77]->2)[C@@:79]([H:80])([H:81])[H:85])<-[O-:76][C:74](=[O:78]->3)[C@:82]([H:83])([H:84])[H:86],[H]OC([H])([H])[H],OC([C@H](CC1=CC=C(C(C)(C)C)C=C1)C2=CC=C(C(C)(C)C)C=C2)=O,OC([C@@H](CC1=CC=C(C(C)(C)C)C=C1)C2=CC=C(C(C)(C)C)C=C2)=O,OC(/C(C1=CC=C(C(C)(C)C)C=C1)=C/C2=CC=C(C(C)(C)C)C=C2)=O,60,30,,,,2
IAW00000651,CAT-2,SOL-1,,,REA-13,[Ru+2]123(<-[P:1]([C:9]4=[C:17]([H:19])[C:11]([H:67])=[C:27]([H:68])[C:41]([H:69])=[C:13]4[H:15])([C:25]4=[C:31]([H:33])[C:23]([H:70])=[C:43]([H:71])[C:53]([H:72])=[C:49]4[H:51])[C:39]4=[C:21]([C:22]5=[C:8]6[O:4][C@:56]([H:58])([H:60])[O:6][C:30]6=[C:36]([H:38])[C:46]([H:48])=[C:40]5[P:2]->1([C:10]1=[C:14]([H:16])[C:42]([H:64])=[C:28]([H:65])[C:12]([H:66])=[C:18]1[H:20])[C:26]1=[C:32]([H:34])[C:24]([H:63])=[C:44]([H:62])[C:54]([H:61])=[C:50]1[H:52])[C:7]1=[C:29]([O:5][C@@:55]([H:57])([H:59])[O:3]1)[C:35]([H:37])=[C:45]4[H:47])(<-[O-:75][C:73](=[O:77]->2)[C@@:79]([H:80])([H:81])[H:85])<-[O-:76][C:74](=[O:78]->3)[C@:82]([H:83])([H:84])[H:86],[H]OC([H])([H])[H],OC([C@H](CC1=CC=C(C(C)(C)C)C=C1)C2=CC=C(C(C)(C)C)C=C2)=O,OC([C@@H](CC1=CC=C(C(C)(C)C)C=C1)C2=CC=C(C(C)(C)C)C=C2)=O,OC(/C(C1=CC=C(C(C)(C)C)C=C1)=C/C2=CC=C(C(C)(C)C)C=C2)=O,60,50,,,,2
IAW00000652,CAT-2,SOL-1,,,REA-13,[Ru+2]123(<-[P:1]([C:9]4=[C:17]([H:19])[C:11]([H:67])=[C:27]([H:68])[C:41]([H:69])=[C:13]4[H:15])([C:25]4=[C:31]([H:33])[C:23]([H:70])=[C:43]([H:71])[C:53]([H:72])=[C:49]4[H:51])[C:39]4=[C:21]([C:22]5=[C:8]6[O:4][C@:56]([H:58])([H:60])[O:6][C:30]6=[C:36]([H:38])[C:46]([H:48])=[C:40]5[P:2]->1([C:10]1=[C:14]([H:16])[C:42]([H:64])=[C:28]([H:65])[C:12]([H:66])=[C:18]1[H:20])[C:26]1=[C:32]([H:34])[C:24]([H:63])=[C:44]([H:62])[C:54]([H:61])=[C:50]1[H:52])[C:7]1=[C:29]([O:5][C@@:55]([H:57])([H:59])[O:3]1)[C:35]([H:37])=[C:45]4[H:47])(<-[O-:75][C:73](=[O:77]->2)[C@@:79]([H:80])([H:81])[H:85])<-[O-:76][C:74](=[O:78]->3)[C@:82]([H:83])([H:84])[H:86],[H]OC([H])([H])[H],OC([C@H](CC1=CC=C(C(C)(C)C)C=C1)C2=CC=C(C(C)(C)C)C=C2)=O,OC([C@@H](CC1=CC=C(C(C)(C)C)C=C1)C2=CC=C(C(C)(C)C)C=C2)=O,OC(/C(C1=CC=C(C(C)(C)C)C=C1)=C/C2=CC=C(C(C)(C)C)C=C2)=O,60,70,,,,2
IAW00000653,CAT-2,SOL-1,,,REA-13,[Ru+2]123(<-[P:1]([C:9]4=[C:17]([H:19])[C:11]([H:67])=[C:27]([H:68])[C:41]([H:69])=[C:13]4[H:15])([C:25]4=[C:31]([H:33])[C:23]([H:70])=[C:43]([H:71])[C:53]([H:72])=[C:49]4[H:51])[C:39]4=[C:21]([C:22]5=[C:8]6[O:4][C@:56]([H:58])([H:60])[O:6][C:30]6=[C:36]([H:38])[C:46]([H:48])=[C:40]5[P:2]->1([C:10]1=[C:14]([H:16])[C:42]([H:64])=[C:28]([H:65])[C:12]([H:66])=[C:18]1[H:20])[C:26]1=[C:32]([H:34])[C:24]([H:63])=[C:44]([H:62])[C:54]([H:61])=[C:50]1[H:52])[C:7]1=[C:29]([O:5][C@@:55]([H:57])([H:59])[O:3]1)[C:35]([H:37])=[C:45]4[H:47])(<-[O-:75][C:73](=[O:77]->2)[C@@:79]([H:80])([H:81])[H:85])<-[O-:76][C:74](=[O:78]->3)[C@:82]([H:83])([H:84])[H:86],[H]OC([H])([H])[H],OC([C@H](CC1=CC=C(C(C)(C)C)C=C1)C2=CC=C(C(C)(C)C)C=C2)=O,OC([C@@H](CC1=CC=C(C(C)(C)C)C=C1)C2=CC=C(C(C)(C)C)C=C2)=O,OC(/C(C1=CC=C(C(C)(C)C)C=C1)=C/C2=CC=C(C(C)(C)C)C=C2)=O,60,90,,,,2
IAW00000654,CAT-2,SOL-1,,,REA-13,[Ru+2]123(<-[P:1]([C:9]4=[C:17]([H:19])[C:11]([H:67])=[C:27]([H:68])[C:41]([H:69])=[C:13]4[H:15])([C:25]4=[C:31]([H:33])[C:23]([H:70])=[C:43]([H:71])[C:53]([H:72])=[C:49]4[H:51])[C:39]4=[C:21]([C:22]5=[C:8]6[O:4][C@:56]([H:58])([H:60])[O:6][C:30]6=[C:36]([H:38])[C:46]([H:48])=[C:40]5[P:2]->1([C:10]1=[C:14]([H:16])[C:42]([H:64])=[C:28]([H:65])[C:12]([H:66])=[C:18]1[H:20])[C:26]1=[C:32]([H:34])[C:24]([H:63])=[C:44]([H:62])[C:54]([H:61])=[C:50]1[H:52])[C:7]1=[C:29]([O:5][C@@:55]([H:57])([H:59])[O:3]1)[C:35]([H:37])=[C:45]4[H:47])(<-[O-:75][C:73](=[O:77]->2)[C@@:79]([H:80])([H:81])[H:85])<-[O-:76][C:74](=[O:78]->3)[C@:82]([H:83])([H:84])[H:86],[H]OC([H])([H])[H],OC([C@H](CC1=CC=C(C(C)(C)C)C=C1)C2=CC=C(C(C)(C)C)C=C2)=O,OC([C@@H](CC1=CC=C(C(C)(C)C)C=C1)C2=CC=C(C(C)(C)C)C=C2)=O,OC(/C(C1=CC=C(C(C)(C)C)C=C1)=C/C2=CC=C(C(C)(C)C)C=C2)=O,60,100,,,,2
IAW00000655,CAT-3,SOL-1,,,REA-13,[Ru+2]123(<-[P:1]([C:13]4=[C:17]([H:19])[C:45]([C@:67]([C@:145]([H:147])([H:149])[H:151])([C@:153]([H:155])([H:157])[H:159])[C@:161]([H:163])([H:165])[H:167])=[C:31]([O:9][C@:121]([H:123])([H:125])[H:127])[C:15]([C@:69]([C@:87]([H:89])([H:91])[H:93])([C@:105]([H:107])([H:109])[H:111])[C@:129]([H:131])([H:133])[H:135])=[C:21]4[H:23])([C:29]4=[C:55]([H:57])[C:71]([C@:103]([C@:95]([H:97])([H:99])[H:101])([C@:137]([H:139])([H:141])[H:143])[C@:171]([H:179])([H:180])[H:181])=[C:47]([O:7][C@@:169]([H:173])([H:174])[H:175])[C:27]([C@@:49]([C@:59]([H:61])([H:63])[H:65])([C@:73]([H:75])([H:77])[H:79])[C@:113]([H:115])([H:117])[H:119])=[C:35]4[H:37])[C:43]4=[C:25]([C:26]5=[C:12]6[O:4][C@:82]([H:84])([H:86])[O:6][C:34]6=[C:40]([H:42])[C:52]([H:54])=[C:44]5[P:2]->1([C:14]1=[C:18]([H:20])[C:46]([C@:68]([C@:146]([H:148])([H:150])[H:152])([C@:154]([H:156])([H:158])[H:160])[C@:162]([H:164])([H:166])[H:168])=[C:32]([O:10][C@:122]([H:124])([H:126])[H:128])[C:16]([C@:70]([C@:88]([H:90])([H:92])[H:94])([C@:106]([H:108])([H:110])[H:112])[C@:130]([H:132])([H:134])[H:136])=[C:22]1[H:24])[C:30]1=[C:36]([H:38])[C:28]([C@@:50]([C@:60]([H:62])([H:64])[H:66])([C@:74]([H:76])([H:78])[H:80])[C@:114]([H:116])([H:118])[H:120])=[C:48]([O:8][C@@:170]([H:176])([H:177])[H:178])[C:72]([C@:104]([C@:96]([H:98])([H:100])[H:102])([C@:138]([H:140])([H:142])[H:144])[C@:172]([H:182])([H:183])[H:184])=[C:56]1[H:58])[C:11]1=[C:33]([O:5][C@@:81]([H:83])([H:85])[O:3]1)[C:39]([H:41])=[C:51]4[H:53])(<-[O:187]=[C:185]([O-:189]->2)[C@@:191]([H:192])([H:193])[H:194])<-[O:188]=[C:186]([O-:190]->3)[C@@:195]([H:196])([H:197])[H:198],[H]OC([H])([H])[H],OC([C@H](CC1=CC=C(C(C)(C)C)C=C1)C2=CC=C(C(C)(C)C)C=C2)=O,OC([C@@H](CC1=CC=C(C(C)(C)C)C=C1)C2=CC=C(C(C)(C)C)C=C2)=O,OC(/C(C1=CC=C(C(C)(C)C)C=C1)=C/C2=CC=C(C(C)(C)C)C=C2)=O,60,5,,,,2
IAW00000656,CAT-3,SOL-1,,,REA-13,[Ru+2]123(<-[P:1]([C:13]4=[C:17]([H:19])[C:45]([C@:67]([C@:145]([H:147])([H:149])[H:151])([C@:153]([H:155])([H:157])[H:159])[C@:161]([H:163])([H:165])[H:167])=[C:31]([O:9][C@:121]([H:123])([H:125])[H:127])[C:15]([C@:69]([C@:87]([H:89])([H:91])[H:93])([C@:105]([H:107])([H:109])[H:111])[C@:129]([H:131])([H:133])[H:135])=[C:21]4[H:23])([C:29]4=[C:55]([H:57])[C:71]([C@:103]([C@:95]([H:97])([H:99])[H:101])([C@:137]([H:139])([H:141])[H:143])[C@:171]([H:179])([H:180])[H:181])=[C:47]([O:7][C@@:169]([H:173])([H:174])[H:175])[C:27]([C@@:49]([C@:59]([H:61])([H:63])[H:65])([C@:73]([H:75])([H:77])[H:79])[C@:113]([H:115])([H:117])[H:119])=[C:35]4[H:37])[C:43]4=[C:25]([C:26]5=[C:12]6[O:4][C@:82]([H:84])([H:86])[O:6][C:34]6=[C:40]([H:42])[C:52]([H:54])=[C:44]5[P:2]->1([C:14]1=[C:18]([H:20])[C:46]([C@:68]([C@:146]([H:148])([H:150])[H:152])([C@:154]([H:156])([H:158])[H:160])[C@:162]([H:164])([H:166])[H:168])=[C:32]([O:10][C@:122]([H:124])([H:126])[H:128])[C:16]([C@:70]([C@:88]([H:90])([H:92])[H:94])([C@:106]([H:108])([H:110])[H:112])[C@:130]([H:132])([H:134])[H:136])=[C:22]1[H:24])[C:30]1=[C:36]([H:38])[C:28]([C@@:50]([C@:60]([H:62])([H:64])[H:66])([C@:74]([H:76])([H:78])[H:80])[C@:114]([H:116])([H:118])[H:120])=[C:48]([O:8][C@@:170]([H:176])([H:177])[H:178])[C:72]([C@:104]([C@:96]([H:98])([H:100])[H:102])([C@:138]([H:140])([H:142])[H:144])[C@:172]([H:182])([H:183])[H:184])=[C:56]1[H:58])[C:11]1=[C:33]([O:5][C@@:81]([H:83])([H:85])[O:3]1)[C:39]([H:41])=[C:51]4[H:53])(<-[O:187]=[C:185]([O-:189]->2)[C@@:191]([H:192])([H:193])[H:194])<-[O:188]=[C:186]([O-:190]->3)[C@@:195]([H:196])([H:197])[H:198],[H]OC([H])([H])[H],OC([C@H](CC1=CC=C(C(C)(C)C)C=C1)C2=CC=C(C(C)(C)C)C=C2)=O,OC([C@@H](CC1=CC=C(C(C)(C)C)C=C1)C2=CC=C(C(C)(C)C)C=C2)=O,OC(/C(C1=CC=C(C(C)(C)C)C=C1)=C/C2=CC=C(C(C)(C)C)C=C2)=O,60,10,,,,2
IAW00000657,CAT-3,SOL-1,,,REA-13,[Ru+2]123(<-[P:1]([C:13]4=[C:17]([H:19])[C:45]([C@:67]([C@:145]([H:147])([H:149])[H:151])([C@:153]([H:155])([H:157])[H:159])[C@:161]([H:163])([H:165])[H:167])=[C:31]([O:9][C@:121]([H:123])([H:125])[H:127])[C:15]([C@:69]([C@:87]([H:89])([H:91])[H:93])([C@:105]([H:107])([H:109])[H:111])[C@:129]([H:131])([H:133])[H:135])=[C:21]4[H:23])([C:29]4=[C:55]([H:57])[C:71]([C@:103]([C@:95]([H:97])([H:99])[H:101])([C@:137]([H:139])([H:141])[H:143])[C@:171]([H:179])([H:180])[H:181])=[C:47]([O:7][C@@:169]([H:173])([H:174])[H:175])[C:27]([C@@:49]([C@:59]([H:61])([H:63])[H:65])([C@:73]([H:75])([H:77])[H:79])[C@:113]([H:115])([H:117])[H:119])=[C:35]4[H:37])[C:43]4=[C:25]([C:26]5=[C:12]6[O:4][C@:82]([H:84])([H:86])[O:6][C:34]6=[C:40]([H:42])[C:52]([H:54])=[C:44]5[P:2]->1([C:14]1=[C:18]([H:20])[C:46]([C@:68]([C@:146]([H:148])([H:150])[H:152])([C@:154]([H:156])([H:158])[H:160])[C@:162]([H:164])([H:166])[H:168])=[C:32]([O:10][C@:122]([H:124])([H:126])[H:128])[C:16]([C@:70]([C@:88]([H:90])([H:92])[H:94])([C@:106]([H:108])([H:110])[H:112])[C@:130]([H:132])([H:134])[H:136])=[C:22]1[H:24])[C:30]1=[C:36]([H:38])[C:28]([C@@:50]([C@:60]([H:62])([H:64])[H:66])([C@:74]([H:76])([H:78])[H:80])[C@:114]([H:116])([H:118])[H:120])=[C:48]([O:8][C@@:170]([H:176])([H:177])[H:178])[C:72]([C@:104]([C@:96]([H:98])([H:100])[H:102])([C@:138]([H:140])([H:142])[H:144])[C@:172]([H:182])([H:183])[H:184])=[C:56]1[H:58])[C:11]1=[C:33]([O:5][C@@:81]([H:83])([H:85])[O:3]1)[C:39]([H:41])=[C:51]4[H:53])(<-[O:187]=[C:185]([O-:189]->2)[C@@:191]([H:192])([H:193])[H:194])<-[O:188]=[C:186]([O-:190]->3)[C@@:195]([H:196])([H:197])[H:198],[H]OC([H])([H])[H],OC([C@H](CC1=CC=C(C(C)(C)C)C=C1)C2=CC=C(C(C)(C)C)C=C2)=O,OC([C@@H](CC1=CC=C(C(C)(C)C)C=C1)C2=CC=C(C(C)(C)C)C=C2)=O,OC(/C(C1=CC=C(C(C)(C)C)C=C1)=C/C2=CC=C(C(C)(C)C)C=C2)=O,60,30,,,,2
IAW00000658,CAT-3,SOL-1,,,REA-13,[Ru+2]123(<-[P:1]([C:13]4=[C:17]([H:19])[C:45]([C@:67]([C@:145]([H:147])([H:149])[H:151])([C@:153]([H:155])([H:157])[H:159])[C@:161]([H:163])([H:165])[H:167])=[C:31]([O:9][C@:121]([H:123])([H:125])[H:127])[C:15]([C@:69]([C@:87]([H:89])([H:91])[H:93])([C@:105]([H:107])([H:109])[H:111])[C@:129]([H:131])([H:133])[H:135])=[C:21]4[H:23])([C:29]4=[C:55]([H:57])[C:71]([C@:103]([C@:95]([H:97])([H:99])[H:101])([C@:137]([H:139])([H:141])[H:143])[C@:171]([H:179])([H:180])[H:181])=[C:47]([O:7][C@@:169]([H:173])([H:174])[H:175])[C:27]([C@@:49]([C@:59]([H:61])([H:63])[H:65])([C@:73]([H:75])([H:77])[H:79])[C@:113]([H:115])([H:117])[H:119])=[C:35]4[H:37])[C:43]4=[C:25]([C:26]5=[C:12]6[O:4][C@:82]([H:84])([H:86])[O:6][C:34]6=[C:40]([H:42])[C:52]([H:54])=[C:44]5[P:2]->1([C:14]1=[C:18]([H:20])[C:46]([C@:68]([C@:146]([H:148])([H:150])[H:152])([C@:154]([H:156])([H:158])[H:160])[C@:162]([H:164])([H:166])[H:168])=[C:32]([O:10][C@:122]([H:124])([H:126])[H:128])[C:16]([C@:70]([C@:88]([H:90])([H:92])[H:94])([C@:106]([H:108])([H:110])[H:112])[C@:130]([H:132])([H:134])[H:136])=[C:22]1[H:24])[C:30]1=[C:36]([H:38])[C:28]([C@@:50]([C@:60]([H:62])([H:64])[H:66])([C@:74]([H:76])([H:78])[H:80])[C@:114]([H:116])([H:118])[H:120])=[C:48]([O:8][C@@:170]([H:176])([H:177])[H:178])[C:72]([C@:104]([C@:96]([H:98])([H:100])[H:102])([C@:138]([H:140])([H:142])[H:144])[C@:172]([H:182])([H:183])[H:184])=[C:56]1[H:58])[C:11]1=[C:33]([O:5][C@@:81]([H:83])([H:85])[O:3]1)[C:39]([H:41])=[C:51]4[H:53])(<-[O:187]=[C:185]([O-:189]->2)[C@@:191]([H:192])([H:193])[H:194])<-[O:188]=[C:186]([O-:190]->3)[C@@:195]([H:196])([H:197])[H:198],[H]OC([H])([H])[H],OC([C@H](CC1=CC=C(C(C)(C)C)C=C1)C2=CC=C(C(C)(C)C)C=C2)=O,OC([C@@H](CC1=CC=C(C(C)(C)C)C=C1)C2=CC=C(C(C)(C)C)C=C2)=O,OC(/C(C1=CC=C(C(C)(C)C)C=C1)=C/C2=CC=C(C(C)(C)C)C=C2)=O,60,50,,,,2
IAW00000659,CAT-63,SOL-1,,,REA-13,[Ru+2]123(<-[P:1]([C:13]4=[C:17]([H:19])[C:45]([C@:67]([C@:145]([H:147])([H:149])[H:151])([C@:153]([H:155])([H:157])[H:159])[C@:161]([H:163])([H:165])[H:167])=[C:31]([O:9][C@:121]([H:123])([H:125])[H:127])[C:15]([C@:69]([C@:87]([H:89])([H:91])[H:93])([C@:105]([H:107])([H:109])[H:111])[C@:129]([H:131])([H:133])[H:135])=[C:21]4[H:23])([C:29]4=[C:55]([H:57])[C:71]([C@:103]([C@:95]([H:97])([H:99])[H:101])([C@:137]([H:139])([H:141])[H:143])[C@:171]([H:179])([H:180])[H:181])=[C:47]([O:7][C@@:169]([H:173])([H:174])[H:175])[C:27]([C@@:49]([C@:59]([H:61])([H:63])[H:65])([C@:73]([H:75])([H:77])[H:79])[C@:113]([H:115])([H:117])[H:119])=[C:35]4[H:37])[C:43]4=[C:25]([C:26]5=[C:12]6[O:4][C@:82]([H:84])([H:86])[O:6][C:34]6=[C:40]([H:42])[C:52]([H:54])=[C:44]5[P:2]->1([C:14]1=[C:18]([H:20])[C:46]([C@:68]([C@:146]([H:148])([H:150])[H:152])([C@:154]([H:156])([H:158])[H:160])[C@:162]([H:164])([H:166])[H:168])=[C:32]([O:10][C@:122]([H:124])([H:126])[H:128])[C:16]([C@:70]([C@:88]([H:90])([H:92])[H:94])([C@:106]([H:108])([H:110])[H:112])[C@:130]([H:132])([H:134])[H:136])=[C:22]1[H:24])[C:30]1=[C:36]([H:38])[C:28]([C@@:50]([C@:60]([H:62])([H:64])[H:66])([C@:74]([H:76])([H:78])[H:80])[C@:114]([H:116])([H:118])[H:120])=[C:48]([O:8][C@@:170]([H:176])([H:177])[H:178])[C:72]([C@:104]([C@:96]([H:98])([H:100])[H:102])([C@:138]([H:140])([H:142])[H:144])[C@:172]([H:182])([H:183])[H:184])=[C:56]1[H:58])[C:11]1=[C:33]([O:5][C@@:81]([H:83])([H:85])[O:3]1)[C:39]([H:41])=[C:51]4[H:53])(<-[O:187]=[C:185]([O-:189]->2)[C@@:191]([H:192])([H:193])[H:194])<-[O:188]=[C:186]([O-:190]->3)[C@@:195]([H:196])([H:197])[H:198],[H]OC([H])([H])[H],OC([C@H](CC1=CC=C(C(C)(C)C)C=C1)C2=CC=C(C(C)(C)C)C=C2)=O,OC([C@@H](CC1=CC=C(C(C)(C)C)C=C1)C2=CC=C(C(C)(C)C)C=C2)=O,OC(/C(C1=CC=C(C(C)(C)C)C=C1)=C/C2=CC=C(C(C)(C)C)C=C2)=O,60,50,,,,2
IAW00000660,CAT-3,SOL-1,,,REA-13,[H]c1c([H])c2[P](c3c([H])c(C(C([H])([H])[H])(C([H])([H])[H])C([H])([H])[H])c(OC([H])([H])[H])c(C(C([H])([H])[H])(C([H])([H])[H])C([H])([H])[H])c3[H])(c3c([H])c(C(C([H])([H])[H])(C([H])([H])[H])C([H])([H])[H])c(OC([H])([H])[H])c(C(C([H])([H])[H])(C([H])([H])[H])C([H])([H])[H])c3[H])->[Ru+2](<-[O-]C(=O)C([H])([H])[H])(<-[O-]C(=O)C([H])([H])[H])<-[P](c3c([H])c(C(C([H])([H])[H])(C([H])([H])[H])C([H])([H])[H])c(OC([H])([H])[H])c(C(C([H])([H])[H])(C([H])([H])[H])C([H])([H])[H])c3[H])(c3c([H])c(C(C([H])([H])[H])(C([H])([H])[H])C([H])([H])[H])c(OC([H])([H])[H])c(C(C([H])([H])[H])(C([H])([H])[H])C([H])([H])[H])c3[H])c3c([H])c([H])c4c(c3-c2c2c1OC([H])([H])O2)OC([H])([H])O4,[H]OC([H])([H])[H],OC([C@H](CC1=CC=C(C(C)(C)C)C=C1)C2=CC=C(C(C)(C)C)C=C2)=O,OC([C@@H](CC1=CC=C(C(C)(C)C)C=C1)C2=CC=C(C(C)(C)C)C=C2)=O,OC(/C(C1=CC=C(C(C)(C)C)C=C1)=C/C2=CC=C(C(C)(C)C)C=C2)=O,60,70,,,,2
IAW00000661,CAT-3,SOL-1,,,REA-13,[Ru+2]123(<-[P:1]([C:13]4=[C:17]([H:19])[C:45]([C@:67]([C@:145]([H:147])([H:149])[H:151])([C@:153]([H:155])([H:157])[H:159])[C@:161]([H:163])([H:165])[H:167])=[C:31]([O:9][C@:121]([H:123])([H:125])[H:127])[C:15]([C@:69]([C@:87]([H:89])([H:91])[H:93])([C@:105]([H:107])([H:109])[H:111])[C@:129]([H:131])([H:133])[H:135])=[C:21]4[H:23])([C:29]4=[C:55]([H:57])[C:71]([C@:103]([C@:95]([H:97])([H:99])[H:101])([C@:137]([H:139])([H:141])[H:143])[C@:171]([H:179])([H:180])[H:181])=[C:47]([O:7][C@@:169]([H:173])([H:174])[H:175])[C:27]([C@@:49]([C@:59]([H:61])([H:63])[H:65])([C@:73]([H:75])([H:77])[H:79])[C@:113]([H:115])([H:117])[H:119])=[C:35]4[H:37])[C:43]4=[C:25]([C:26]5=[C:12]6[O:4][C@:82]([H:84])([H:86])[O:6][C:34]6=[C:40]([H:42])[C:52]([H:54])=[C:44]5[P:2]->1([C:14]1=[C:18]([H:20])[C:46]([C@:68]([C@:146]([H:148])([H:150])[H:152])([C@:154]([H:156])([H:158])[H:160])[C@:162]([H:164])([H:166])[H:168])=[C:32]([O:10][C@:122]([H:124])([H:126])[H:128])[C:16]([C@:70]([C@:88]([H:90])([H:92])[H:94])([C@:106]([H:108])([H:110])[H:112])[C@:130]([H:132])([H:134])[H:136])=[C:22]1[H:24])[C:30]1=[C:36]([H:38])[C:28]([C@@:50]([C@:60]([H:62])([H:64])[H:66])([C@:74]([H:76])([H:78])[H:80])[C@:114]([H:116])([H:118])[H:120])=[C:48]([O:8][C@@:170]([H:176])([H:177])[H:178])[C:72]([C@:104]([C@:96]([H:98])([H:100])[H:102])([C@:138]([H:140])([H:142])[H:144])[C@:172]([H:182])([H:183])[H:184])=[C:56]1[H:58])[C:11]1=[C:33]([O:5][C@@:81]([H:83])([H:85])[O:3]1)[C:39]([H:41])=[C:51]4[H:53])(<-[O:187]=[C:185]([O-:189]->2)[C@@:191]([H:192])([H:193])[H:194])<-[O:188]=[C:186]([O-:190]->3)[C@@:195]([H:196])([H:197])[H:198],[H]OC([H])([H])[H],OC([C@H](CC1=CC=C(C(C)(C)C)C=C1)C2=CC=C(C(C)(C)C)C=C2)=O,OC([C@@H](CC1=CC=C(C(C)(C)C)C=C1)C2=CC=C(C(C)(C)C)C=C2)=O,OC(/C(C1=CC=C(C(C)(C)C)C=C1)=C/C2=CC=C(C(C)(C)C)C=C2)=O,60,90,,,,2
IAW00000662,CAT-3,SOL-1,,,REA-13,[Ru+2]123(<-[P:1]([C:13]4=[C:17]([H:19])[C:45]([C@:67]([C@:145]([H:147])([H:149])[H:151])([C@:153]([H:155])([H:157])[H:159])[C@:161]([H:163])([H:165])[H:167])=[C:31]([O:9][C@:121]([H:123])([H:125])[H:127])[C:15]([C@:69]([C@:87]([H:89])([H:91])[H:93])([C@:105]([H:107])([H:109])[H:111])[C@:129]([H:131])([H:133])[H:135])=[C:21]4[H:23])([C:29]4=[C:55]([H:57])[C:71]([C@:103]([C@:95]([H:97])([H:99])[H:101])([C@:137]([H:139])([H:141])[H:143])[C@:171]([H:179])([H:180])[H:181])=[C:47]([O:7][C@@:169]([H:173])([H:174])[H:175])[C:27]([C@@:49]([C@:59]([H:61])([H:63])[H:65])([C@:73]([H:75])([H:77])[H:79])[C@:113]([H:115])([H:117])[H:119])=[C:35]4[H:37])[C:43]4=[C:25]([C:26]5=[C:12]6[O:4][C@:82]([H:84])([H:86])[O:6][C:34]6=[C:40]([H:42])[C:52]([H:54])=[C:44]5[P:2]->1([C:14]1=[C:18]([H:20])[C:46]([C@:68]([C@:146]([H:148])([H:150])[H:152])([C@:154]([H:156])([H:158])[H:160])[C@:162]([H:164])([H:166])[H:168])=[C:32]([O:10][C@:122]([H:124])([H:126])[H:128])[C:16]([C@:70]([C@:88]([H:90])([H:92])[H:94])([C@:106]([H:108])([H:110])[H:112])[C@:130]([H:132])([H:134])[H:136])=[C:22]1[H:24])[C:30]1=[C:36]([H:38])[C:28]([C@@:50]([C@:60]([H:62])([H:64])[H:66])([C@:74]([H:76])([H:78])[H:80])[C@:114]([H:116])([H:118])[H:120])=[C:48]([O:8][C@@:170]([H:176])([H:177])[H:178])[C:72]([C@:104]([C@:96]([H:98])([H:100])[H:102])([C@:138]([H:140])([H:142])[H:144])[C@:172]([H:182])([H:183])[H:184])=[C:56]1[H:58])[C:11]1=[C:33]([O:5][C@@:81]([H:83])([H:85])[O:3]1)[C:39]([H:41])=[C:51]4[H:53])(<-[O:187]=[C:185]([O-:189]->2)[C@@:191]([H:192])([H:193])[H:194])<-[O:188]=[C:186]([O-:190]->3)[C@@:195]([H:196])([H:197])[H:198],[H]OC([H])([H])[H],OC([C@H](CC1=CC=C(C(C)(C)C)C=C1)C2=CC=C(C(C)(C)C)C=C2)=O,OC([C@@H](CC1=CC=C(C(C)(C)C)C=C1)C2=CC=C(C(C)(C)C)C=C2)=O,OC(/C(C1=CC=C(C(C)(C)C)C=C1)=C/C2=CC=C(C(C)(C)C)C=C2)=O,60,100,,,,2
IAW00000663,CAT-4,SOL-1,,,REA-13,[Ru+2]1(<-[Cl-:1])(<-[Cl-:2])<-[P:3]([C:5]2=[C:11]([H:24])[C:23]([H:45])=[C:46]([H:63])[C:25]([H:47])=[C:12]2[H:26])([C:6]2=[C:14]([C:19]3=[C:9]([P:4]->1([C:8]1=[C:17]([H:34])[C:35]([H:54])=[C:55]([H:68])[C:37]([H:56])=[C:18]1[H:36])[C:10]1=[C:22]([H:44])[C:43]([H:62])=[C:61]([H:72])[C:42]([H:60])=[C:21]1[H:41])[C:20]([H:39])=[C:40]([H:59])[C:58]1=[C:38]3[C:57]([H:69])=[C:70]([H:76])[C:77]([H:80])=[C:71]1[H:78])[C:29]1=[C:49]([C:28]([H:48])=[C:13]2[H:27])[C:64]([H:73])=[C:74]([H:79])[C:66]([H:75])=[C:50]1[H:65])[C:7]1=[C:16]([H:32])[C:33]([H:53])=[C:52]([H:67])[C:31]([H:51])=[C:15]1[H:30],[H]OC([H])([H])[H],OC([C@H](CC1=CC=C(C(C)(C)C)C=C1)C2=CC=C(C(C)(C)C)C=C2)=O,OC([C@@H](CC1=CC=C(C(C)(C)C)C=C1)C2=CC=C(C(C)(C)C)C=C2)=O,OC(/C(C1=CC=C(C(C)(C)C)C=C1)=C/C2=CC=C(C(C)(C)C)C=C2)=O,60,100,,,,2
IAW00000664,CAT-5,SOL-1,,,REA-13,[Ru+2]123456(<-[P:1]([C:4]7=[C:3]([C:19]8=[C:20]([P:2]->1([C:57]1=[C:66]([H:67])[C:64]([H:65])=[C:62]([H:63])[C:60]([H:61])=[C:58]1[H:59])[C:68]1=[C:69]([H:70])[C:71]([H:72])=[C:73]([H:74])[C:75]([H:76])=[C:77]1[H:78])[C:21]([H:22])=[C:23]([H:24])[C:25]1=[C:26]8[C:27]([H:28])=[C:29]([H:30])[C:31]([H:32])=[C:33]1[H:34])[C:10]1=[C:9]([C:7]([H:8])=[C:5]7[H:6])[C:17]([H:18])=[C:15]([H:16])[C:13]([H:14])=[C:11]1[H:12])([C:35]1=[C:44]([H:45])[C:42]([H:43])=[C:40]([H:41])[C:38]([H:39])=[C:36]1[H:37])[C:46]1=[C:47]([H:48])[C:49]([H:50])=[C:51]([H:52])[C:53]([H:54])=[C:55]1[H:56])(<-[C:79]1([C@:89]([H:90])([H:91])[H:92])=[C:87]->2([H:88])[C:85]->3([H:86])=[C:84]->4([C@:93]([H:94])([C@@:95]([H:101])([H:102])[H:103])[C@@:96]([H:98])([H:99])[H:100])[C:82]->5([H:83])=[C:80]->61[H:81])<-[Cl-:97],[H]OC([H])([H])[H],OC([C@H](CC1=CC=C(C(C)(C)C)C=C1)C2=CC=C(C(C)(C)C)C=C2)=O,OC([C@@H](CC1=CC=C(C(C)(C)C)C=C1)C2=CC=C(C(C)(C)C)C=C2)=O,OC(/C(C1=CC=C(C(C)(C)C)C=C1)=C/C2=CC=C(C(C)(C)C)C=C2)=O,60,100,,,,2
IAW00000665,CAT-6,SOL-1,,,REA-13,[Ru+2]123456(<-[Cl-:1])(<-[P:2]([C:5]7=[C:4]([C:20]8=[C:21]([P:3]->1([C:47]1=[C:55]([H:56])[C:53]([H:54])=[C:52]([C@@:100]([H:101])([H:102])[H:103])[C:50]([H:51])=[C:48]1[H:49])[C:57]1=[C:86]([H:58])[C:96]([H:99])=[C:98]([C@@:104]([H:105])([H:106])[H:107])[C:95]([H:97])=[C:85]1[H:94])[C:80]([H:90])=[C:82]([H:92])[C:22]1=[C:23]8[C:24]([H:25])=[C:26]([H:27])[C:28]([H:29])=[C:81]1[H:91])[C:11]1=[C:10]([C:8]([H:9])=[C:6]7[H:7])[C:18]([H:19])=[C:16]([H:17])[C:14]([H:15])=[C:12]1[H:13])([C:30]1=[C:31]([H:32])[C:33]([H:34])=[C:35]([C@@:108]([H:109])([H:110])[H:111])[C:36]([H:37])=[C:38]1[H:39])[C:40]1=[C:41]([H:42])[C:83]([H:93])=[C:84]([C@@:112]([H:113])([H:114])[H:115])[C:43]([H:44])=[C:45]1[H:46])<-[C:59]1([C@:68]([H:69])([H:70])[H:88])=[C:66]->2([H:67])[C:64]->3([H:65])=[C:63]->4([C@:71]([H:72])([C@@:73]([H:74])([H:75])[H:89])[C@:76]([H:77])([H:78])[H:79])[C:61]->5([H:62])=[C:60]->61[H:87],[H]OC([H])([H])[H],OC([C@H](CC1=CC=C(C(C)(C)C)C=C1)C2=CC=C(C(C)(C)C)C=C2)=O,OC([C@@H](CC1=CC=C(C(C)(C)C)C=C1)C2=CC=C(C(C)(C)C)C=C2)=O,OC(/C(C1=CC=C(C(C)(C)C)C=C1)=C/C2=CC=C(C(C)(C)C)C=C2)=O,60,100,,,,2
IAW00000666,CAT-7,SOL-1,,,REA-13,[Ru+2]12(<-[Cl-:1])(<-[Cl-:2])(<-[P:3]([C:29]3=[C:38]([C:28]4=[C:21]([P:4]->1([C:52]1=[C:53]([H:99])[C:54]([H:100])=[C:55]([C@:58]([H:102])([H:103])[H:113])[C:56]([H:112])=[C:57]1[H:101])[C:59]1=[C:60]([H:104])[C:114]([H:120])=[C:115]([C@:121]([H:122])([H:123])[H:124])[C:61]([H:105])=[C:62]1[H:106])[C:22]([H:79])=[C:23]([H:80])[C:24]1=[C:27]4[C:26]([H:82])=[C:108]([H:117])[C:107]([H:116])=[C:25]1[H:81])[C:37]1=[C:32]([C:31]([H:84])=[C:30]3[H:83])[C:33]([H:85])=[C:34]([H:109])[C:35]([H:110])=[C:36]1[H:86])([C:39]1=[C:40]([H:87])[C:41]([H:88])=[C:42]([C@:45]([H:91])([H:92])[H:93])[C:43]([H:89])=[C:44]1[H:90])[C:46]1=[C:47]([H:94])[C:48]([H:95])=[C:49]([C@:111]([H:98])([H:118])[H:119])[C:50]([H:96])=[C:51]1[H:97])<-[N:5]([C@@:7]([C@:8]([N:6]->2([H:65])[H:66])([C:15]1=[C:16]([H:74])[C:17]([H:75])=[C:18]([H:76])[C:19]([H:77])=[C:20]1[H:78])[H:68])([C:9]1=[C:10]([H:69])[C:11]([H:70])=[C:12]([H:71])[C:13]([H:72])=[C:14]1[H:73])[H:67])([H:63])[H:64],[H]OC([H])([H])[H],OC([C@H](CC1=CC=C(C(C)(C)C)C=C1)C2=CC=C(C(C)(C)C)C=C2)=O,OC([C@@H](CC1=CC=C(C(C)(C)C)C=C1)C2=CC=C(C(C)(C)C)C=C2)=O,OC(/C(C1=CC=C(C(C)(C)C)C=C1)=C/C2=CC=C(C(C)(C)C)C=C2)=O,60,100,,,,2
IAW00000667,CAT-8,SOL-1,,,REA-13,[Ru+2]123456(<-[N-:3]([S@@:1](=[O:2])([C:10]7=[C:11]([H:27])[C:12]([H:28])=[C:13]([C@@:16]([H:31])([H:32])[H:33])[C:14]([H:29])=[C:15]7[H:30])=[O:42])[C@:4]([C:5]7=[C:6]([H:45])[C:7]([H:47])=[C:46]([H:51])[C:8]([H:25])=[C:9]7[H:26])([H:43])[C@@:44]([H:23])([N:41]->1([H:71])[H:72])[C:50]1=[C:54]([H:24])[C:60]([H:69])=[C:68]([H:70])[C:58]([H:67])=[C:53]1[H:59])(<-[C:17]1([H:49])=[C:18]->2([H:34])[C:19]->3([C@@:22]([H:37])([H:38])[H:39])=[C:20]->4([H:35])[C:21]->5([H:36])=[C:48]->61[C@:52]([H:55])([C@:56]([H:61])([H:62])[H:63])[C@:57]([H:64])([H:65])[H:66])<-[Cl-:40],[H]OC([H])([H])[H],OC([C@H](CC1=CC=C(C(C)(C)C)C=C1)C2=CC=C(C(C)(C)C)C=C2)=O,OC([C@@H](CC1=CC=C(C(C)(C)C)C=C1)C2=CC=C(C(C)(C)C)C=C2)=O,OC(/C(C1=CC=C(C(C)(C)C)C=C1)=C/C2=CC=C(C(C)(C)C)C=C2)=O,60,100,,,,2
IAW00000668,CAT-9,SOL-1,,,REA-13,[Ru+2]123(<-[Cl-:2]->[Ru+2:122]4(<-[Cl-:1])(<-[Cl-:3]->1)(<-[P:5]([C:11]1=[C:9]([C:22]5=[C:24]([P:7]->4([C:59]4=[C:69]([H:113])[C:67]([H:111])=[C:65]([H:140])[C:63]([H:109])=[C:61]4[H:107])[C:71]4=[C:81]([H:121])[C:79]([H:119])=[C:77]([H:139])[C:75]([H:117])=[C:73]4[H:115])[C:26]([H:87])=[C:28]([H:89])[C:30]4=[C:33]5[O:144][C@@:31]([H:147])([H:148])[O:143]4)[C:20]4=[C:17]([C:15]([H:85])=[C:13]1[H:83])[O:146][C@:18]([H:149])([H:150])[O:145]4)([C:35]1=[C:37]([H:91])[C:39]([H:93])=[C:41]([H:142])[C:43]([H:95])=[C:45]1[H:97])[C:47]1=[C:49]([H:99])[C:51]([H:101])=[C:53]([H:141])[C:55]([H:103])=[C:57]1[H:105])<-[Cl-:123]->2)(<-[P:4]([C:10]1=[C:8]([C:21]2=[C:23]([P:6]->3([C:58]3=[C:68]([H:112])[C:66]([H:110])=[C:64]([H:126])[C:62]([H:108])=[C:60]3[H:106])[C:70]3=[C:80]([H:120])[C:78]([H:118])=[C:76]([H:125])[C:74]([H:116])=[C:72]3[H:114])[C:25]([H:86])=[C:27]([H:88])[C:29]3=[C:32]2[O:130][C@@:133]([H:134])([H:135])[O:129]3)[C:19]2=[C:16]([C:14]([H:84])=[C:12]1[H:82])[O:132][C@:136]([H:137])([H:138])[O:131]2)([C:34]1=[C:44]([H:96])[C:42]([H:94])=[C:40]([H:127])[C:38]([H:92])=[C:36]1[H:90])[C:46]1=[C:48]([H:98])[C:50]([H:100])=[C:52]([H:128])[C:54]([H:102])=[C:56]1[H:104])<-[Cl-:124],[H]OC([H])([H])[H],OC([C@H](CC1=CC=C(C(C)(C)C)C=C1)C2=CC=C(C(C)(C)C)C=C2)=O,OC([C@@H](CC1=CC=C(C(C)(C)C)C=C1)C2=CC=C(C(C)(C)C)C=C2)=O,OC(/C(C1=CC=C(C(C)(C)C)C=C1)=C/C2=CC=C(C(C)(C)C)C=C2)=O,60,100,,,,2
IAW00000669,CAT-10,SOL-1,,,REA-13,[Ru+2]123456(<-[Cl-:1])(<-[P:2]([C:5]7=[C:6]([H:7])[C:8]([H:9])=[C:10]8[C:11](=[C:4]7[C:13]7=[C:16]9[C:15](=[C:71]([H:80])[C:70]([H:79])=[C:14]7[P:3]->1([C:36]1=[C:37]([H:38])[C:39]([H:40])=[C:41]([H:42])[C:43]([H:44])=[C:45]1[H:46])[C:47]1=[C:74]([H:83])[C:84]([H:86])=[C:87]([H:89])[C:85]([H:88])=[C:75]1[H:48])[O:90][C@@:17]([H:94])([H:95])[O:91]9)[O:92][C@@:12]([H:96])([H:97])[O:93]8)([C:18]1=[C:27]([H:28])[C:25]([H:26])=[C:23]([H:24])[C:21]([H:22])=[C:19]1[H:20])[C:29]1=[C:30]([H:31])[C:72]([H:81])=[C:73]([H:82])[C:32]([H:33])=[C:34]1[H:35])<-[C:49]1([C@:58]([H:59])([H:60])[H:77])=[C:50]->2([H:76])[C:51]->3([H:52])=[C:53]->4([C@:61]([H:62])([C@@:63]([H:64])([H:65])[H:78])[C@:66]([H:67])([H:68])[H:69])[C:54]->5([H:55])=[C:56]->61[H:57],[H]OC([H])([H])[H],OC([C@H](CC1=CC=C(C(C)(C)C)C=C1)C2=CC=C(C(C)(C)C)C=C2)=O,OC([C@@H](CC1=CC=C(C(C)(C)C)C=C1)C2=CC=C(C(C)(C)C)C=C2)=O,OC(/C(C1=CC=C(C(C)(C)C)C=C1)=C/C2=CC=C(C(C)(C)C)C=C2)=O,60,100,,,,2
IAW00000670,CAT-11,SOL-1,,,REA-13,[Ru+2]123(<-[P:1]([C:7]4=[C:9]([C:15]5=[C:10]([P:2]->1([C:28]1=[C:29]([H:52])[C:30]([H:53])=[C:31]([C@@:87]([H:88])([H:89])[H:90])[C:32]([H:54])=[C:33]1[H:55])[C:34]1=[C:35]([H:56])[C:62]([H:71])=[C:72]([C@@:83]([H:84])([H:85])[H:86])[C:70]([H:78])=[C:61]1[H:69])[C:11]([H:41])=[C:12]([H:42])[C:13]1=[C:14]5[C:60]([H:67])=[C:68]([H:77])[C:66]([H:76])=[C:59]1[H:43])[C:58]1=[C:64]([C:57]([H:63])=[C:8]4[H:40])[C:73]([H:80])=[C:79]([H:82])[C:75]([H:81])=[C:65]1[H:74])([C:16]1=[C:21]([H:47])[C:20]([H:46])=[C:19]([C@@:91]([H:92])([H:93])[H:94])[C:18]([H:45])=[C:17]1[H:44])[C:22]1=[C:23]([H:48])[C:24]([H:49])=[C:25]([C@@:95]([H:96])([H:97])[H:98])[C:26]([H:50])=[C:27]1[H:51])(<-[O-:3][C:36](=[O:4]->2)[C@@:37]([H:99])([H:100])[H:101])<-[O:5]=[C:38]([O-:6]->3)[C@@:39]([H:102])([H:103])[H:104],[H]OC([H])([H])[H],OC([C@H](CC1=CC=C(C(C)(C)C)C=C1)C2=CC=C(C(C)(C)C)C=C2)=O,OC([C@@H](CC1=CC=C(C(C)(C)C)C=C1)C2=CC=C(C(C)(C)C)C=C2)=O,OC(/C(C1=CC=C(C(C)(C)C)C=C1)=C/C2=CC=C(C(C)(C)C)C=C2)=O,60,50,,,,2
IAW00000671,CAT-11,SOL-1,,,REA-13,[Ru+2]123(<-[P:1]([C:7]4=[C:9]([C:15]5=[C:10]([P:2]->1([C:28]1=[C:29]([H:52])[C:30]([H:53])=[C:31]([C@@:87]([H:88])([H:89])[H:90])[C:32]([H:54])=[C:33]1[H:55])[C:34]1=[C:35]([H:56])[C:62]([H:71])=[C:72]([C@@:83]([H:84])([H:85])[H:86])[C:70]([H:78])=[C:61]1[H:69])[C:11]([H:41])=[C:12]([H:42])[C:13]1=[C:14]5[C:60]([H:67])=[C:68]([H:77])[C:66]([H:76])=[C:59]1[H:43])[C:58]1=[C:64]([C:57]([H:63])=[C:8]4[H:40])[C:73]([H:80])=[C:79]([H:82])[C:75]([H:81])=[C:65]1[H:74])([C:16]1=[C:21]([H:47])[C:20]([H:46])=[C:19]([C@@:91]([H:92])([H:93])[H:94])[C:18]([H:45])=[C:17]1[H:44])[C:22]1=[C:23]([H:48])[C:24]([H:49])=[C:25]([C@@:95]([H:96])([H:97])[H:98])[C:26]([H:50])=[C:27]1[H:51])(<-[O-:3][C:36](=[O:4]->2)[C@@:37]([H:99])([H:100])[H:101])<-[O:5]=[C:38]([O-:6]->3)[C@@:39]([H:102])([H:103])[H:104],[H]OC([H])([H])[H],OC([C@H](CC1=CC=C(C(C)(C)C)C=C1)C2=CC=C(C(C)(C)C)C=C2)=O,OC([C@@H](CC1=CC=C(C(C)(C)C)C=C1)C2=CC=C(C(C)(C)C)C=C2)=O,OC(/C(C1=CC=C(C(C)(C)C)C=C1)=C/C2=CC=C(C(C)(C)C)C=C2)=O,60,100,,,,2
IAW00000672,CAT-12,SOL-1,,,REA-13,[Ru+2]12(<-[Cl-:1])(<-[Cl-:2])(<-[P:3]([C:29]3=[C:38]([C:28]4=[C:21]([P:4]->1([C:52]1=[C:57]([H:99])[C:56]([H:110])=[C:55]([C@:58]([H:100])([H:101])[H:111])[C:54]([H:98])=[C:53]1[H:97])[C:59]1=[C:62]([H:104])[C:61]([H:103])=[C:113]([C@:119]([H:120])([H:121])[H:122])[C:112]([H:118])=[C:60]1[H:102])[C:22]([H:77])=[C:23]([H:78])[C:24]1=[C:27]4[C:26]([H:80])=[C:106]([H:115])[C:105]([H:114])=[C:25]1[H:79])[C:37]1=[C:32]([C:31]([H:82])=[C:30]3[H:81])[C:33]([H:83])=[C:34]([H:107])[C:35]([H:108])=[C:36]1[H:84])([C:39]1=[C:44]([H:88])[C:43]([H:87])=[C:42]([C@:45]([H:89])([H:90])[H:91])[C:41]([H:86])=[C:40]1[H:85])[C:46]1=[C:47]([H:92])[C:48]([H:93])=[C:49]([C@:109]([H:96])([H:116])[H:117])[C:50]([H:94])=[C:51]1[H:95])<-[N:5]([C@@:7]([C@:8]([N:6]->2([H:65])[H:66])([C:15]1=[C:20]([H:76])[C:19]([H:75])=[C:18]([C@@:127]([H:128])([H:129])[H:130])[C:17]([H:74])=[C:16]1[H:73])[H:68])([C:9]1=[C:10]([H:69])[C:11]([H:70])=[C:12]([C@@:123]([H:124])([H:125])[H:126])[C:13]([H:71])=[C:14]1[H:72])[H:67])([H:63])[H:64],[H]OC([H])([H])[H],OC([C@H](CC1=CC=C(C(C)(C)C)C=C1)C2=CC=C(C(C)(C)C)C=C2)=O,OC([C@@H](CC1=CC=C(C(C)(C)C)C=C1)C2=CC=C(C(C)(C)C)C=C2)=O,OC(/C(C1=CC=C(C(C)(C)C)C=C1)=C/C2=CC=C(C(C)(C)C)C=C2)=O,60,100,,,,2
IAW00000673,CAT-13,SOL-1,,,REA-13,[Ru+2]123(<-[P:1]([C:7]4=[C:9]([C:15]5=[C:10]([P:2]->1([C:28]1=[C:29]([H:50])[C:30]([C@@:103]([H:104])([H:105])[H:106])=[C:31]([H:51])[C:32]([C@@:107]([H:108])([H:109])[H:110])=[C:33]1[H:52])[C:34]1=[C:58]([H:66])[C:67]([C@@:99]([H:100])([H:101])[H:102])=[C:68]([H:74])[C:59]([C@@:95]([H:96])([H:97])[H:98])=[C:35]1[H:53])[C:11]([H:41])=[C:12]([H:42])[C:13]1=[C:14]5[C:57]([H:64])=[C:65]([H:73])[C:63]([H:72])=[C:56]1[H:43])[C:55]1=[C:61]([C:54]([H:60])=[C:8]4[H:40])[C:69]([H:76])=[C:75]([H:78])[C:71]([H:77])=[C:62]1[H:70])([C:16]1=[C:17]([H:44])[C:18]([C@@:79]([H:80])([H:81])[H:82])=[C:19]([H:45])[C:20]([C@@:83]([H:84])([H:85])[H:86])=[C:21]1[H:46])[C:22]1=[C:23]([H:47])[C:24]([C@@:87]([H:88])([H:89])[H:90])=[C:25]([H:48])[C:26]([C@@:91]([H:92])([H:93])[H:94])=[C:27]1[H:49])(<-[O-:3][C:36](=[O:4]->2)[C@@:37]([H:114])([H:115])[H:116])<-[O:5]=[C:38]([O-:6]->3)[C@@:39]([H:111])([H:112])[H:113],[H]OC([H])([H])[H],OC([C@H](CC1=CC=C(C(C)(C)C)C=C1)C2=CC=C(C(C)(C)C)C=C2)=O,OC([C@@H](CC1=CC=C(C(C)(C)C)C=C1)C2=CC=C(C(C)(C)C)C=C2)=O,OC(/C(C1=CC=C(C(C)(C)C)C=C1)=C/C2=CC=C(C(C)(C)C)C=C2)=O,60,50,,,,2
IAW00000674,CAT-13,SOL-1,,,REA-13,[Ru+2]123(<-[P:1]([C:7]4=[C:9]([C:15]5=[C:10]([P:2]->1([C:28]1=[C:29]([H:50])[C:30]([C@@:103]([H:104])([H:105])[H:106])=[C:31]([H:51])[C:32]([C@@:107]([H:108])([H:109])[H:110])=[C:33]1[H:52])[C:34]1=[C:58]([H:66])[C:67]([C@@:99]([H:100])([H:101])[H:102])=[C:68]([H:74])[C:59]([C@@:95]([H:96])([H:97])[H:98])=[C:35]1[H:53])[C:11]([H:41])=[C:12]([H:42])[C:13]1=[C:14]5[C:57]([H:64])=[C:65]([H:73])[C:63]([H:72])=[C:56]1[H:43])[C:55]1=[C:61]([C:54]([H:60])=[C:8]4[H:40])[C:69]([H:76])=[C:75]([H:78])[C:71]([H:77])=[C:62]1[H:70])([C:16]1=[C:17]([H:44])[C:18]([C@@:79]([H:80])([H:81])[H:82])=[C:19]([H:45])[C:20]([C@@:83]([H:84])([H:85])[H:86])=[C:21]1[H:46])[C:22]1=[C:23]([H:47])[C:24]([C@@:87]([H:88])([H:89])[H:90])=[C:25]([H:48])[C:26]([C@@:91]([H:92])([H:93])[H:94])=[C:27]1[H:49])(<-[O-:3][C:36](=[O:4]->2)[C@@:37]([H:114])([H:115])[H:116])<-[O:5]=[C:38]([O-:6]->3)[C@@:39]([H:111])([H:112])[H:113],[H]OC([H])([H])[H],OC([C@H](CC1=CC=C(C(C)(C)C)C=C1)C2=CC=C(C(C)(C)C)C=C2)=O,OC([C@@H](CC1=CC=C(C(C)(C)C)C=C1)C2=CC=C(C(C)(C)C)C=C2)=O,OC(/C(C1=CC=C(C(C)(C)C)C=C1)=C/C2=CC=C(C(C)(C)C)C=C2)=O,60,100,,,,2
IAW00000675,CAT-14,SOL-1,,,REA-13,[Ru+2]123(<-[P:1]([C:7]4=[C:9]([C:15]5=[C:10]([P:2]->1([C:28]1=[C:29]([H:53])[C:30]([H:54])=[C:31]([H:55])[C:32]([H:56])=[C:33]1[H:57])[C:34]1=[C:35]([H:58])[C:62]([H:67])=[C:68]([H:70])[C:66]([H:69])=[C:61]1[H:65])[C:11]([H:41])=[C:12]([H:42])[C:13]1=[C:14]5[C@@:71]([H:72])([H:73])[C@@:77]([H:79])([H:80])[C@:78]([H:81])([H:82])[C@:74]1([H:75])[H:76])[C:60]1=[C:64]([C:59]([H:63])=[C:8]4[H:40])[C@@:86]([H:87])([H:88])[C@@:90]([H:93])([H:94])[C@:89]([H:91])([H:92])[C@:83]1([H:84])[H:85])([C:16]1=[C:21]([H:47])[C:20]([H:46])=[C:19]([H:45])[C:18]([H:44])=[C:17]1[H:43])[C:22]1=[C:23]([H:48])[C:24]([H:49])=[C:25]([H:50])[C:26]([H:51])=[C:27]1[H:52])(<-[O:3]=[C:36]([O-:4]->2)[C@@:37]([H:95])([H:96])[H:97])<-[O-:5][C:38](=[O:6]->3)[C@@:39]([H:98])([H:99])[H:100],[H]OC([H])([H])[H],OC([C@H](CC1=CC=C(C(C)(C)C)C=C1)C2=CC=C(C(C)(C)C)C=C2)=O,OC([C@@H](CC1=CC=C(C(C)(C)C)C=C1)C2=CC=C(C(C)(C)C)C=C2)=O,OC(/C(C1=CC=C(C(C)(C)C)C=C1)=C/C2=CC=C(C(C)(C)C)C=C2)=O,60,10,,,,2
IAW00000676,CAT-14,SOL-1,,,REA-13,[Ru+2]123(<-[P:1]([C:7]4=[C:9]([C:15]5=[C:10]([P:2]->1([C:28]1=[C:29]([H:53])[C:30]([H:54])=[C:31]([H:55])[C:32]([H:56])=[C:33]1[H:57])[C:34]1=[C:35]([H:58])[C:62]([H:67])=[C:68]([H:70])[C:66]([H:69])=[C:61]1[H:65])[C:11]([H:41])=[C:12]([H:42])[C:13]1=[C:14]5[C@@:71]([H:72])([H:73])[C@@:77]([H:79])([H:80])[C@:78]([H:81])([H:82])[C@:74]1([H:75])[H:76])[C:60]1=[C:64]([C:59]([H:63])=[C:8]4[H:40])[C@@:86]([H:87])([H:88])[C@@:90]([H:93])([H:94])[C@:89]([H:91])([H:92])[C@:83]1([H:84])[H:85])([C:16]1=[C:21]([H:47])[C:20]([H:46])=[C:19]([H:45])[C:18]([H:44])=[C:17]1[H:43])[C:22]1=[C:23]([H:48])[C:24]([H:49])=[C:25]([H:50])[C:26]([H:51])=[C:27]1[H:52])(<-[O:3]=[C:36]([O-:4]->2)[C@@:37]([H:95])([H:96])[H:97])<-[O-:5][C:38](=[O:6]->3)[C@@:39]([H:98])([H:99])[H:100],[H]OC([H])([H])[H],OC([C@H](CC1=CC=C(C(C)(C)C)C=C1)C2=CC=C(C(C)(C)C)C=C2)=O,OC([C@@H](CC1=CC=C(C(C)(C)C)C=C1)C2=CC=C(C(C)(C)C)C=C2)=O,OC(/C(C1=CC=C(C(C)(C)C)C=C1)=C/C2=CC=C(C(C)(C)C)C=C2)=O,60,50,,,,2
IAW00000677,CAT-14,SOL-1,,,REA-13,[Ru+2]123(<-[P:1]([C:7]4=[C:9]([C:15]5=[C:10]([P:2]->1([C:28]1=[C:29]([H:53])[C:30]([H:54])=[C:31]([H:55])[C:32]([H:56])=[C:33]1[H:57])[C:34]1=[C:35]([H:58])[C:62]([H:67])=[C:68]([H:70])[C:66]([H:69])=[C:61]1[H:65])[C:11]([H:41])=[C:12]([H:42])[C:13]1=[C:14]5[C@@:71]([H:72])([H:73])[C@@:77]([H:79])([H:80])[C@:78]([H:81])([H:82])[C@:74]1([H:75])[H:76])[C:60]1=[C:64]([C:59]([H:63])=[C:8]4[H:40])[C@@:86]([H:87])([H:88])[C@@:90]([H:93])([H:94])[C@:89]([H:91])([H:92])[C@:83]1([H:84])[H:85])([C:16]1=[C:21]([H:47])[C:20]([H:46])=[C:19]([H:45])[C:18]([H:44])=[C:17]1[H:43])[C:22]1=[C:23]([H:48])[C:24]([H:49])=[C:25]([H:50])[C:26]([H:51])=[C:27]1[H:52])(<-[O:3]=[C:36]([O-:4]->2)[C@@:37]([H:95])([H:96])[H:97])<-[O-:5][C:38](=[O:6]->3)[C@@:39]([H:98])([H:99])[H:100],[H]OC([H])([H])[H],OC([C@H](CC1=CC=C(C(C)(C)C)C=C1)C2=CC=C(C(C)(C)C)C=C2)=O,OC([C@@H](CC1=CC=C(C(C)(C)C)C=C1)C2=CC=C(C(C)(C)C)C=C2)=O,OC(/C(C1=CC=C(C(C)(C)C)C=C1)=C/C2=CC=C(C(C)(C)C)C=C2)=O,60,100,,,,2
IAW00000678,CAT-15,SOL-1,,,REA-13,[Ru+2]123(<-[Cl-:2]->[Ru+2:137]4(<-[Cl-:1])(<-[Cl-:3]->1)(<-[P:5]([C:11]1=[C:9]([C:29]5=[C:31]([P:7]->4([C:73]4=[C:83]([H:132])[C:81]([C@@:175]([H:176])([H:177])[H:178])=[C:79]([H:179])[C:77]([C@@:171]([H:172])([H:173])[H:174])=[C:75]4[H:129])[C:85]4=[C:95]([H:136])[C:93]([C@@:163]([H:164])([H:165])[H:166])=[C:91]([H:140])[C:89]([C@@:167]([H:168])([H:169])[H:170])=[C:87]4[H:134])[C:33]([H:109])=[C:35]([H:111])[C:37]4=[C:47]5[C:45]([H:119])=[C:43]([H:117])[C:41]([H:115])=[C:39]4[H:113])[C:27]4=[C:17]([C:15]([H:99])=[C:13]1[H:97])[C:19]([H:101])=[C:21]([H:103])[C:23]([H:105])=[C:25]4[H:107])([C:49]1=[C:59]([H:123])[C:57]([C@@:192]([H:193])([H:194])[H:195])=[C:55]([H:144])[C:53]([C@@:188]([H:189])([H:190])[H:191])=[C:51]1[H:121])[C:61]1=[C:71]([H:127])[C:69]([C@@:184]([H:185])([H:186])[H:187])=[C:67]([H:145])[C:65]([C@@:180]([H:181])([H:182])[H:183])=[C:63]1[H:125])<-[Cl-:138]->2)(<-[P:4]([C:10]1=[C:8]([C:28]2=[C:30]([P:6]->3([C:72]3=[C:82]([H:131])[C:80]([C@@:204]([H:205])([H:206])[H:207])=[C:78]([H:142])[C:76]([H:130])=[C:74]3[H:128])[C:84]3=[C:86]([H:133])[C:88]([C@@:200]([H:201])([H:202])[H:203])=[C:90]([H:143])[C:92]([C@@:196]([H:197])([H:198])[H:199])=[C:94]3[H:135])[C:32]([H:108])=[C:34]([H:110])[C:36]3=[C:46]2[C:44]([H:118])=[C:42]([H:116])[C:40]([H:114])=[C:38]3[H:112])[C:26]2=[C:16]([C:14]([H:98])=[C:12]1[H:96])[C:18]([H:100])=[C:20]([H:102])[C:22]([H:104])=[C:24]2[H:106])([C:48]1=[C:58]([H:122])[C:56]([C@@:159]([H:160])([H:161])[H:162])=[C:54]([H:146])[C:52]([C@@:155]([H:156])([H:157])[H:158])=[C:50]1[H:120])[C:60]1=[C:70]([H:126])[C:68]([C@@:151]([H:152])([H:153])[H:154])=[C:66]([H:141])[C:64]([C@@:147]([H:148])([H:149])[H:150])=[C:62]1[H:124])<-[Cl-:139],[H]OC([H])([H])[H],OC([C@H](CC1=CC=C(C(C)(C)C)C=C1)C2=CC=C(C(C)(C)C)C=C2)=O,OC([C@@H](CC1=CC=C(C(C)(C)C)C=C1)C2=CC=C(C(C)(C)C)C=C2)=O,OC(/C(C1=CC=C(C(C)(C)C)C=C1)=C/C2=CC=C(C(C)(C)C)C=C2)=O,60,100,,,,2
IAW00000679,CAT-16,SOL-1,,,REA-13,[P]1([C:2]2=[C:4]([H:55])[C:6]([C@:7]([H:74])([H:76])[H:77])=[C:8]([H:56])[C:10]([C@:12]([H:81])([H:82])[H:83])=[C:13]2[H:57])([C:14]2=[C:19]([C:20]3=[C:25]([P:1]([C:26]4=[C:27]([H:64])[C:28]([C@:29]([H:84])([H:85])[H:86])=[C:30]([H:65])[C:31]([C@@:32]([H:87])([H:88])[H:89])=[C:33]4[H:68])(->[Ru+2:54]<-14(<-[N:3]([C@@:34]([C:35]1=[C:36]([H:69])[C:37]([H:70])=[C:38]([O:9][C@@:39]([H:90])([H:91])[H:92])[C:40]([H:71])=[C:41]1[H:72])([C:42]1=[C:48]([H:102])[C:47]([H:78])=[C:45]([O:11][C@@:46]([H:93])([H:94])[H:95])[C:44]([H:75])=[C:43]1[H:73])[C@@:49]([N:5]->4([H:66])[H:67])([C@@:50]([C@@:51]([H:96])([H:97])[H:98])([C@@:52]([H:99])([H:100])[H:101])[H:80])[H:79])([H:60])[H:61])(<-[Cl-:53])<-[Cl-:103])[C:129]1=[C:130]([H:133])[C:132]([C@@:150]([H:151])([H:152])[H:153])=[C:136]([H:137])[C:134]([C@@:146]([H:147])([H:148])[H:149])=[C:131]1[H:135])[C:24]([H:63])=[C:23]([H:62])[C:22]1=[C:21]3[C:115]([H:119])=[C:114]([H:118])[C:113]([H:117])=[C:112]1[H:116])[C:18]1=[C:17]([C:16]([H:59])=[C:15]2[H:58])[C:107]([H:111])=[C:106]([H:110])[C:105]([H:109])=[C:104]1[H:108])[C:120]1=[C:122]([H:126])[C:125]([C@@:138]([H:139])([H:140])[H:141])=[C:127]([H:128])[C:123]([C@@:142]([H:143])([H:144])[H:145])=[C:121]1[H:124],[H]OC([H])([H])[H],OC([C@H](CC1=CC=C(C(C)(C)C)C=C1)C2=CC=C(C(C)(C)C)C=C2)=O,OC([C@@H](CC1=CC=C(C(C)(C)C)C=C1)C2=CC=C(C(C)(C)C)C=C2)=O,OC(/C(C1=CC=C(C(C)(C)C)C=C1)=C/C2=CC=C(C(C)(C)C)C=C2)=O,60,100,,,,2
IAW00000680,CAT-17,SOL-1,,,REA-13,[P]1([C:2]2=[C:17]([H:79])[C:14]([C@:16]([H:109])([H:110])[H:111])=[C:12]([H:78])[C:8]([C@:10]([H:102])([H:104])[H:105])=[C:5]2[H:77])([C:18]2=[C:19]([H:80])[C:20]([C@:21]([H:112])([H:113])[H:114])=[C:22]([H:81])[C:23]([C@:24]([H:115])([H:116])[H:117])=[C:25]2[H:82])[C:26]2=[C:32]([C:33]3=[C:39]([P:1]([C:40]4=[C:41]([H:89])[C:42]([C@:43]([H:122])([H:123])[H:124])=[C:44]([H:90])[C:45]([C@:46]([H:125])([H:126])[H:127])=[C:47]4[H:93])([C:48]4=[C:55]([H:96])[C:53]([C@:54]([H:131])([H:132])[H:133])=[C:52]([H:95])[C:50]([C@:51]([H:128])([H:129])[H:130])=[C:49]4[H:94])->[Ru+2:76]<-14(<-[N:3]([C@:56]([C:57]1=[C:63]([H:100])[C:62]([H:99])=[C:60]([O:13][C@:61]([H:134])([H:135])[H:136])[C:59]([H:98])=[C:58]1[H:97])([C:64]1=[C:70]([H:146])[C:69]([H:106])=[C:67]([O:15][C@:68]([H:137])([H:138])[H:139])[C:66]([H:103])=[C:65]1[H:101])[C@@:71]([N:6]->4([H:91])[H:92])([C@@:72]([C@:73]([H:140])([H:141])[H:142])([C@:74]([H:143])([H:144])[H:145])[H:108])[H:107])([H:85])[H:86])(<-[Cl-:75])<-[Cl-:147])[C:38]([H:88])=[C:37]([H:87])[C:36]1=[C:34]3[O:9][C@:35]([H:120])([H:121])[O:11]1)[C:31]1=[C:29]([O:4][C@@:30]([H:118])([H:119])[O:7]1)[C:28]([H:84])=[C:27]2[H:83],[H]OC([H])([H])[H],OC([C@H](CC1=CC=C(C(C)(C)C)C=C1)C2=CC=C(C(C)(C)C)C=C2)=O,OC([C@@H](CC1=CC=C(C(C)(C)C)C=C1)C2=CC=C(C(C)(C)C)C=C2)=O,OC(/C(C1=CC=C(C(C)(C)C)C=C1)=C/C2=CC=C(C(C)(C)C)C=C2)=O,60,100,,,,2
IAW00000681,CAT-18,SOL-1,,,REA-13,[Ru+2]12(<-[Cl-:1])(<-[Cl-:2])(<-[P:3]([C:16]3=[C:25]([C:15]4=[C:8]([P:4]->1([C:39]1=[C:40]([H:73])[C:41]([H:74])=[C:42]([C@:45]([H:76])([H:77])[H:87])[C:43]([H:86])=[C:44]1[H:75])[C:46]1=[C:49]([H:80])[C:48]([H:79])=[C:89]([C@:95]([H:96])([H:97])[H:98])[C:88]([H:94])=[C:47]1[H:78])[C:9]([H:53])=[C:10]([H:54])[C:11]1=[C:14]4[C:13]([H:56])=[C:82]([H:91])[C:81]([H:90])=[C:12]1[H:55])[C:24]1=[C:19]([C:18]([H:58])=[C:17]3[H:57])[C:20]([H:59])=[C:21]([H:83])[C:22]([H:84])=[C:23]1[H:60])([C:26]1=[C:27]([H:61])[C:28]([H:62])=[C:29]([C@:32]([H:65])([H:66])[H:67])[C:30]([H:63])=[C:31]1[H:64])[C:33]1=[C:34]([H:68])[C:35]([H:69])=[C:36]([C@:85]([H:72])([H:92])[H:93])[C:37]([H:70])=[C:38]1[H:71])<-[N:5]([C@@:7]([H:52])([C:99]1=[N:6]->2[C:105]([H:106])=[C:103]([H:104])[C:102]([H:107])=[C:100]1[H:101])[H:108])([H:50])[H:51],[H]OC([H])([H])[H],OC([C@H](CC1=CC=C(C(C)(C)C)C=C1)C2=CC=C(C(C)(C)C)C=C2)=O,OC([C@@H](CC1=CC=C(C(C)(C)C)C=C1)C2=CC=C(C(C)(C)C)C=C2)=O,OC(/C(C1=CC=C(C(C)(C)C)C=C1)=C/C2=CC=C(C(C)(C)C)C=C2)=O,60,100,,,,2
IAW00000682,CAT-19,SOL-1,,,REA-13,[P]1([C:16]2=[C:11]([C@@:10]([N:3]3([C@:2]4([H:51])[C@:4]([H:52])([H:53])[C@:6]([H:54])([H:55])[C@@:7]([H:56])([H:57])[C@@:8]([H:58])([H:59])[C@:9]4([N:5]4([C@@:29]([C:30]5=[C:31]([H:81])[C:32]([H:82])=[C:33]([H:83])[C:34]([H:84])=[C:35]5[P:1]([C:36]5=[C:37]([H:85])[C:38]([H:86])=[C:39]([H:87])[C:40]([H:88])=[C:41]5[H:89])([C:42]5=[C:47]([H:94])[C:46]([H:93])=[C:45]([H:92])[C:44]([H:91])=[C:43]5[H:90])->[Ru+2:50]<-1<-3<-4(<-[Cl-:48])<-[Cl-:49])([H:79])[H:80])[H:78])[H:60])[H:61])([H:62])[H:63])[C:12]([H:64])=[C:13]([H:65])[C:14]([H:66])=[C:15]2[H:67])([C:17]1=[C:18]([H:68])[C:19]([H:69])=[C:20]([H:70])[C:21]([H:71])=[C:22]1[H:72])[C:23]1=[C:28]([H:77])[C:27]([H:76])=[C:26]([H:75])[C:25]([H:74])=[C:24]1[H:73],[H]OC([H])([H])[H],OC([C@H](CC1=CC=C(C(C)(C)C)C=C1)C2=CC=C(C(C)(C)C)C=C2)=O,OC([C@@H](CC1=CC=C(C(C)(C)C)C=C1)C2=CC=C(C(C)(C)C)C=C2)=O,OC(/C(C1=CC=C(C(C)(C)C)C=C1)=C/C2=CC=C(C(C)(C)C)C=C2)=O,60,100,,,,2
IAW00000683,CAT-20,SOL-1,,,REA-13,[Ru+2]12(<-[Cl-:1])(<-[Cl-:2])(<-[P:3]([C:29]3=[C:38]([C:28]4=[C:21]([P:4]->1([C:52]1=[C:57]([H:98])[C:56]([H:109])=[C:55]([C@:58]([H:99])([H:100])[H:110])[C:54]([H:97])=[C:53]1[H:96])[C:59]1=[C:62]([H:103])[C:61]([H:102])=[C:112]([C@:118]([H:119])([H:120])[H:121])[C:111]([H:117])=[C:60]1[H:101])[C:22]([H:76])=[C:23]([H:77])[C:24]1=[C:27]4[C:26]([H:79])=[C:105]([H:114])[C:104]([H:113])=[C:25]1[H:78])[C:37]1=[C:32]([C:31]([H:81])=[C:30]3[H:80])[C:33]([H:82])=[C:34]([H:106])[C:35]([H:107])=[C:36]1[H:83])([C:39]1=[C:40]([H:84])[C:41]([H:85])=[C:42]([C@:45]([H:88])([H:89])[H:90])[C:43]([H:86])=[C:44]1[H:87])[C:46]1=[C:47]([H:91])[C:48]([H:92])=[C:49]([C@:108]([H:95])([H:115])[H:116])[C:50]([H:93])=[C:51]1[H:94])<-[N:5]([C@:7]([C@@:8]([N:6]->2([H:63])[H:123])([C:15]1=[C:20]([H:75])[C:19]([H:74])=[C:18]([H:73])[C:17]([H:72])=[C:16]1[H:71])[H:65])([C:9]1=[C:10]([H:66])[C:11]([H:67])=[C:12]([H:68])[C:13]([H:69])=[C:14]1[H:70])[H:64])([H:122])[H:124],[H]OC([H])([H])[H],OC([C@H](CC1=CC=C(C(C)(C)C)C=C1)C2=CC=C(C(C)(C)C)C=C2)=O,OC([C@@H](CC1=CC=C(C(C)(C)C)C=C1)C2=CC=C(C(C)(C)C)C=C2)=O,OC(/C(C1=CC=C(C(C)(C)C)C=C1)=C/C2=CC=C(C(C)(C)C)C=C2)=O,60,100,,,,2
IAW00000684,CAT-21,SOL-1,,,REA-13,[Ru+2]12(<-[Cl-:1])(<-[Cl-:2])(<-[P:3]([C:27]3=[C:33]([C:26]4=[C:25]5[C:24](=[C:23]([H:75])[C:22]([H:74])=[C:21]4[P:4]->1([C:47]1=[C:48]([H:90])[C:49]([H:91])=[C:50]([C@:53]([H:93])([H:94])[H:101])[C:51]([H:100])=[C:52]1[H:92])[C:54]1=[C:57]([H:97])[C:56]([H:96])=[C:103]([C@:107]([H:108])([H:109])[H:110])[C:102]([H:106])=[C:55]1[H:95])[O:114][C@:98]([H:117])([H:118])[O:113]5)[C:32]1=[C:30]([C:29]([H:77])=[C:28]3[H:76])[O:111][C@:31]([H:115])([H:116])[O:112]1)([C:34]1=[C:35]([H:78])[C:36]([H:79])=[C:37]([C@:40]([H:82])([H:83])[H:84])[C:38]([H:80])=[C:39]1[H:81])[C:41]1=[C:42]([H:85])[C:43]([H:86])=[C:44]([C@:99]([H:89])([H:104])[H:105])[C:45]([H:87])=[C:46]1[H:88])<-[N:5]([C@@:7]([C@:8]([N:6]->2([H:60])[H:61])([C:15]1=[C:20]([H:73])[C:19]([H:72])=[C:18]([H:71])[C:17]([H:70])=[C:16]1[H:69])[H:63])([C:9]1=[C:14]([H:68])[C:13]([H:67])=[C:12]([H:66])[C:11]([H:65])=[C:10]1[H:64])[H:62])([H:58])[H:59],[H]OC([H])([H])[H],OC([C@H](CC1=CC=C(C(C)(C)C)C=C1)C2=CC=C(C(C)(C)C)C=C2)=O,OC([C@@H](CC1=CC=C(C(C)(C)C)C=C1)C2=CC=C(C(C)(C)C)C=C2)=O,OC(/C(C1=CC=C(C(C)(C)C)C=C1)=C/C2=CC=C(C(C)(C)C)C=C2)=O,60,100,,,,2
IAW00000685,CAT-23,SOL-2,,,REA-13,[C]12([H:1])->[Ir+:130]345(<-[C:7]=1([H:11])[C@@:10]([H:15])([H:16])[C@@:17]([H:22])([H:23])[C:12]->3([H:18])=[C:8]->4([H:13])[C@:5]([H:6])([H:9])[C@:2]2([H:3])[H:4])<-[N:21]1=[C:27]([C:28]2=[C:29]([H:32])[C:31]([H:36])=[C:35]([H:41])[C:33]3=[C:30]2[C@@:34]2([C@@:38]([H:44])([H:45])[C@@:46]([H:51])([H:52])[C:48]4=[C:39]2[C:47]([P:53]->5([C:56]2=[C:62]([H:68])[C:69]([C@@:76]([C@@:84]([H:103])([H:104])[H:105])([C@@:85]([H:106])([H:107])[H:108])[C@:86]([H:109])([H:110])[H:111])=[C:75]([H:83])[C:67]([C@@:74]([C@@:80]([H:94])([H:95])[H:96])([C@:81]([H:97])([H:98])[H:99])[C@:82]([H:100])([H:101])[H:102])=[C:61]2[H:66])[C:57]2=[C:63]([H:70])[C:71]([C@:77]([C@@:87]([H:112])([H:113])[H:114])([C@@:88]([H:115])([H:116])[H:117])[C@:89]([H:118])([H:119])[H:120])=[C:78]([H:90])[C:72]([C@:79]([C@:91]([H:121])([H:122])[H:123])([C@@:92]([H:124])([H:125])[H:126])[C@@:93]([H:127])([H:128])[H:129])=[C:64]2[H:73])=[C:54]([H:59])[C:58]([H:65])=[C:55]4[H:60])[C@:40]([H:49])([H:50])[C@@:37]3([H:42])[H:43])[O:25][C@@:19]([H:24])([H:26])[C@:14]1([H:20])[H:131],[H]C([H])([H])C([H])([H])N(C([H])([H])C([H])([H])[H])C([H])([H])C([H])([H])[H].[H]OC([H])([H])[H],OC([C@H](CC1=CC=C(C(C)(C)C)C=C1)C2=CC=C(C(C)(C)C)C=C2)=O,OC([C@@H](CC1=CC=C(C(C)(C)C)C=C1)C2=CC=C(C(C)(C)C)C=C2)=O,OC(/C(C1=CC=C(C(C)(C)C)C=C1)=C/C2=CC=C(C(C)(C)C)C=C2)=O,60,6,,,,2
IAW00000686,CAT-24,SOL-2,,,REA-13,C1([H:1])=[C:11]([H:17])[C:16]([C@@:24]2([H:31])[C@:30]([H:35])([H:37])[O:36][C:38]3[C:39]4=[C:41]5[C:44](=[C:46]([H:52])[C:42]([H:47])=[C:40]4[H:43])[C@:48]([H:53])([H:54])[C@@:51]([H:60])([H:61])[C@:45]54[C@@:49]([H:55])([H:56])[C@@:57]([H:62])([H:63])[C:59]5=[C:50]4[C:58]([P:64]([C:67]4=[C:73]([H:79])[C:80]([C@@:87]([C@@:95]([H:114])([H:115])[H:116])([C@@:96]([H:117])([H:118])[H:119])[C@:97]([H:120])([H:121])[H:122])=[C:86]([H:94])[C:78]([C@@:85]([C@@:91]([H:105])([H:106])[H:107])([C@:92]([H:108])([H:109])[H:110])[C@:93]([H:111])([H:112])[H:113])=[C:72]4[H:77])([C:68]4=[C:75]([H:84])[C:83]([C@:90]([C@:102]([H:132])([H:133])[H:134])([C@@:103]([H:135])([H:136])[H:137])[C@@:104]([H:138])([H:139])[H:140])=[C:89]([H:101])[C:82]([C@:88]([C@@:98]([H:123])([H:124])[H:125])([C@@:99]([H:126])([H:127])[H:128])[C@:100]([H:129])([H:130])[H:131])=[C:74]4[H:81])->[Ir+:141]467(<-[C:4]8([H:5])=[C:13]->4([H:21])[C@@:20]([H:26])([H:27])[C@@:28]([H:33])([H:34])[C:22]->6([H:29])=[C:14]->7([H:23])[C@:9]([H:10])([H:15])[C@:6]8([H:7])[H:8])<-[N:32]=32)=[C:65]([H:70])[C:69]([H:76])=[C:66]5[H:71])=[C:19]([H:25])[C:12]([H:18])=[C:2]1[H:3],[H]C([H])([H])C([H])([H])N(C([H])([H])C([H])([H])[H])C([H])([H])C([H])([H])[H].[H]OC([H])([H])[H],OC([C@H](CC1=CC=C(C(C)(C)C)C=C1)C2=CC=C(C(C)(C)C)C=C2)=O,OC([C@@H](CC1=CC=C(C(C)(C)C)C=C1)C2=CC=C(C(C)(C)C)C=C2)=O,OC(/C(C1=CC=C(C(C)(C)C)C=C1)=C/C2=CC=C(C(C)(C)C)C=C2)=O,60,6,,,,2
IAW00000687,CAT-25,SOL-2,,,REA-13,C12[P:96]([C:33]3=[C:40]([H:41])[C:39]([C@:55]([C@:56]([H:57])([H:58])[H:59])([C@:60]([H:61])([H:62])[H:105])[C@@:104]([H:120])([H:121])[H:122])=[C:37]([H:38])[C:36]([C@:42]([C@:43]([H:44])([H:45])[H:46])([C@:47]([H:48])([H:49])[H:50])[C@:51]([H:52])([H:53])[H:54])=[C:34]3[H:35])([C:63]3=[C:69]([H:109])[C:68]([C@:108]([C@:125]([H:136])([H:137])[H:138])([C@@:126]([H:139])([H:140])[H:141])[C@:127]([H:142])([H:143])[H:144])=[C:67]([H:107])[C:66]([C@:106]([C@:70]([H:71])([H:110])[H:111])([C@@:123]([H:131])([H:132])[H:133])[C@:124]([H:72])([H:134])[H:135])=[C:64]3[H:65])->[Ir+:93]345(<-[C:73]6([H:74])=[C:75]->3([H:76])[C@:77]([H:78])([H:79])[C@@:80]([H:81])([H:82])[C:83]->4([H:84])=[C:85]->5([H:86])[C@:87]([H:88])([H:89])[C@@:90]6([H:91])[H:92])<-[N:94]3=[C:13]([C:11]4=[C:9]([H:10])[C:102]([H:118])=[C:119]([H:130])[C:103]5=[C:12]4[C@:5]4([C:4]1=[C:3]([C@:6]([H:7])([H:101])[C@:99]4([H:114])[H:115])[C:98]([H:113])=[C:97]([H:112])[C:1]=2[H:2])[C@@:100]([H:8])([H:117])[C@@:116]5([H:128])[H:129])[O:95][C@:14]([H:15])([H:16])[C@:17]3([H:18])[C@@:19]([H:20])([H:21])[C:22]1=[C:23]([H:24])[C:25]([H:26])=[C:27]([H:28])[C:29]([H:30])=[C:31]1[H:32],[H]C([H])([H])C([H])([H])N(C([H])([H])C([H])([H])[H])C([H])([H])C([H])([H])[H].[H]OC([H])([H])[H],OC([C@H](CC1=CC=C(C(C)(C)C)C=C1)C2=CC=C(C(C)(C)C)C=C2)=O,OC([C@@H](CC1=CC=C(C(C)(C)C)C=C1)C2=CC=C(C(C)(C)C)C=C2)=O,OC(/C(C1=CC=C(C(C)(C)C)C=C1)=C/C2=CC=C(C(C)(C)C)C=C2)=O,60,6,,,,2
IAW00000688,CAT-26,SOL-2,,,REA-13,[P]1([C:13]2=[C:14]([H:57])[C:15]([H:58])=[C:16]([H:59])[C:11]3=[C:12]2[C@@:7]2([C@@:9]([H:67])([H:68])[C@@:10]3([H:72])[H:73])[C@@:17]([H:74])([H:75])[C@@:18]([H:76])([H:77])[C:19]3=[C:24]([H:62])[C:23]([H:61])=[C:22]([H:60])[C:21]([N:8]([C@:6]([C:5]4=[C:120]([C@@:121]([H:122])([H:123])[H:124])[C:1]([H:82])=[C:2]([H:81])[C:3]([H:80])=[C:4]4[H:119])([H:78])[H:79])(->[Ir+4:54]<-1(<-[Cl-:53])(<-[H-:55])(<-[H-:56])<-[H-:125])[H:64])=[C:20]23)([C:25]1=[C:30]([H:66])[C:29]([C@:35]([C@:36]([H:92])([H:93])[H:94])([C@:37]([H:95])([H:96])[H:97])[C@:38]([H:98])([H:99])[H:100])=[C:28]([H:65])[C:27]([C@:31]([C@:32]([H:83])([H:84])[H:85])([C@:33]([H:86])([H:87])[H:88])[C@:34]([H:89])([H:90])[H:91])=[C:26]1[H:63])[C:39]1=[C:40]([H:69])[C:41]([C@@:45]([C@:46]([H:101])([H:102])[H:103])([C@:47]([H:104])([H:105])[H:106])[C@:48]([H:107])([H:108])[H:109])=[C:42]([H:70])[C:43]([C@:49]([C@:50]([H:110])([H:111])[H:112])([C@:51]([H:113])([H:114])[H:115])[C@:52]([H:116])([H:117])[H:118])=[C:44]1[H:71],[H]C([H])([H])C([H])([H])N(C([H])([H])C([H])([H])[H])C([H])([H])C([H])([H])[H].[H]OC([H])([H])[H],OC([C@H](CC1=CC=C(C(C)(C)C)C=C1)C2=CC=C(C(C)(C)C)C=C2)=O,OC([C@@H](CC1=CC=C(C(C)(C)C)C=C1)C2=CC=C(C(C)(C)C)C=C2)=O,OC(/C(C1=CC=C(C(C)(C)C)C=C1)=C/C2=CC=C(C(C)(C)C)C=C2)=O,60,6,,,,2
IAW00000689,CAT-27,SOL-2,,,REA-13,[C@@]1([C@@:1]2([H:41])[C@:3]([C@@:7]([H:43])([H:44])[H:45])([H:42])[O:87][C:4]([C:6]3=[C:8]([H:46])[C:9]([H:47])=[C:10]([H:48])[C:11]([H:49])=[C:12]3[H:50])=[N:5]2->[Ir+5:26]234(<-[P:13]([O:2]1)([C@:14]1([H:51])[C@@:16]([H:53])([H:54])[C@@:17]([H:55])([H:56])[C@@:18]([H:57])([H:58])[C@@:19]([H:59])([H:60])[C@@:20]1([H:61])[H:62])[C@:15]1([H:52])[C@@:21]([H:63])([H:64])[C@@:22]([H:65])([H:66])[C@@:23]([H:67])([H:68])[C@@:24]([H:69])([H:70])[C@@:25]1([H:71])[H:72])<-[C-:88]1([H:89])[C-:90]->2([H:91])[C@@:92]([H:93])([H:94])[C@@:95]([H:96])([H:97])[C-:104]->3([H:106])[C-:105]->4([H:107])[C@:101]([H:102])([H:103])[C@@:98]1([H:99])[H:100])([C@:32]([C:35]1=[C:31]([H:77])[C:30]([H:76])=[C:29]([H:75])[C:28]([H:74])=[C:27]1[H:73])([H:78])[H:79])[C@:39]([C:40]1=[C:38]([H:84])[C:37]([H:83])=[C:36]([H:82])[C:34]([H:81])=[C:33]1[H:80])([H:85])[H:86],[H]C([H])([H])C([H])([H])N(C([H])([H])C([H])([H])[H])C([H])([H])C([H])([H])[H].[H]OC([H])([H])[H],OC([C@H](CC1=CC=C(C(C)(C)C)C=C1)C2=CC=C(C(C)(C)C)C=C2)=O,OC([C@@H](CC1=CC=C(C(C)(C)C)C=C1)C2=CC=C(C(C)(C)C)C=C2)=O,OC(/C(C1=CC=C(C(C)(C)C)C=C1)=C/C2=CC=C(C(C)(C)C)C=C2)=O,60,6,,,,2
IAW00000690,CAT-28,SOL-1,,,REA-13,[P]12([C@@:10]([C@:11]([P:1]3(->[Rh+:24]<-1456<-[C:2]1([H:25])=[C:3]->4([H:26])[C@:4]([H:27])([H:28])[C@@:5]([H:29])([H:30])[C:6]->5([H:31])=[C:7]->6([H:32])[C@:8]([H:33])([H:34])[C@@:9]1([H:35])[H:36])[C@@:18]([C@:22]([H:59])([H:60])[H:61])([H:53])[C@@:19]([H:54])([H:55])[C@@:20]([H:56])([H:57])[C@:21]3([C@:23]([H:62])([H:63])[H:64])[H:58])([H:39])[H:40])([H:37])[H:38])[C@@:12]([C@:16]([H:47])([H:48])[H:49])([H:41])[C@@:13]([H:42])([H:43])[C@:14]([H:44])([H:45])[C@:15]2([C@:17]([H:50])([H:51])[H:52])[H:46],[H]OC([H])([H])[H],OC([C@H](CC1=CC=C(C(C)(C)C)C=C1)C2=CC=C(C(C)(C)C)C=C2)=O,OC([C@@H](CC1=CC=C(C(C)(C)C)C=C1)C2=CC=C(C(C)(C)C)C=C2)=O,OC(/C(C1=CC=C(C(C)(C)C)C=C1)=C/C2=CC=C(C(C)(C)C)C=C2)=O,60,20,,,,2
IAW00000691,CAT-28,SOL-2,,,REA-13,[P]12([C@@:10]([C@:11]([P:1]3(->[Rh+:24]<-1456<-[C:2]1([H:25])=[C:3]->4([H:26])[C@:4]([H:27])([H:28])[C@@:5]([H:29])([H:30])[C:6]->5([H:31])=[C:7]->6([H:32])[C@:8]([H:33])([H:34])[C@@:9]1([H:35])[H:36])[C@@:18]([C@:22]([H:59])([H:60])[H:61])([H:53])[C@@:19]([H:54])([H:55])[C@@:20]([H:56])([H:57])[C@:21]3([C@:23]([H:62])([H:63])[H:64])[H:58])([H:39])[H:40])([H:37])[H:38])[C@@:12]([C@:16]([H:47])([H:48])[H:49])([H:41])[C@@:13]([H:42])([H:43])[C@:14]([H:44])([H:45])[C@:15]2([C@:17]([H:50])([H:51])[H:52])[H:46],[H]C([H])([H])C([H])([H])N(C([H])([H])C([H])([H])[H])C([H])([H])C([H])([H])[H].[H]OC([H])([H])[H],OC([C@H](CC1=CC=C(C(C)(C)C)C=C1)C2=CC=C(C(C)(C)C)C=C2)=O,OC([C@@H](CC1=CC=C(C(C)(C)C)C=C1)C2=CC=C(C(C)(C)C)C=C2)=O,OC(/C(C1=CC=C(C(C)(C)C)C=C1)=C/C2=CC=C(C(C)(C)C)C=C2)=O,60,20,,,,2
IAW00000692,CAT-29,SOL-2,,,REA-13,[P]12([C@@:22]([H:23])([H:24])[C@:25]([P:1]3(->[Rh+:76]<-1456<-[C:2]1([H:3])=[C:4]->4([H:5])[C@:6]([H:7])([H:8])[C@@:9]([H:10])([H:11])[C:12]->5([H:13])=[C:14]->6([H:15])[C@:16]([H:17])([H:18])[C@@:19]1([H:20])[H:21])[C@@:48]([H:49])([C@@:65]([H:66])([H:67])[C@:68]([H:69])([H:70])[H:72])[C@@:50]([H:51])([H:52])[C@:53]([H:54])([H:55])[C@:56]3([H:57])[C@:58]([H:59])([H:60])[C@:61]([H:62])([H:63])[H:64])([H:26])[H:27])[C@@:28]([H:29])([C@:38]([H:39])([H:40])[C@:41]([H:42])([H:43])[H:44])[C@@:30]([H:31])([H:32])[C@:33]([H:34])([H:35])[C@:36]2([H:37])[C@@:45]([H:46])([H:47])[C@:71]([H:73])([H:74])[H:75],[H]C([H])([H])C([H])([H])N(C([H])([H])C([H])([H])[H])C([H])([H])C([H])([H])[H].[H]OC([H])([H])[H],OC([C@H](CC1=CC=C(C(C)(C)C)C=C1)C2=CC=C(C(C)(C)C)C=C2)=O,OC([C@@H](CC1=CC=C(C(C)(C)C)C=C1)C2=CC=C(C(C)(C)C)C=C2)=O,OC(/C(C1=CC=C(C(C)(C)C)C=C1)=C/C2=CC=C(C(C)(C)C)C=C2)=O,60,20,,,,2
IAW00000693,CAT-30,SOL-1,,,REA-13,[P]12([C@@:22]([H:23])([H:24])[C@:25]([P:1]3(->[Rh+:72]<-1456<-[C:2]1([H:3])=[C:4]->4([H:5])[C@:6]([H:7])([H:8])[C@@:9]([H:10])([H:11])[C:12]->5([H:13])=[C:14]->6([H:15])[C@:16]([H:17])([H:18])[C@@:19]1([H:20])[H:21])[C@:46]([H:47])([C@@:62]([H:63])([C@:64]([H:65])([H:66])[H:68])[C@@:85]([H:86])([H:87])[H:88])[C@@:48]([H:49])([H:50])[C@:51]([H:52])([H:53])[C@@:54]3([H:55])[C@@:56]([H:57])([C@:58]([H:59])([H:60])[H:61])[C@@:81]([H:82])([H:83])[H:84])([H:26])[H:27])[C@:28]([H:29])([C@@:38]([H:39])([C@:40]([H:41])([H:42])[H:43])[C@@:73]([H:74])([H:75])[H:76])[C@@:30]([H:31])([H:32])[C@:33]([H:34])([H:35])[C@@:36]2([H:37])[C@:44]([H:45])([C@:67]([H:69])([H:70])[H:71])[C@@:77]([H:78])([H:79])[H:80],[H]OC([H])([H])[H],OC([C@H](CC1=CC=C(C(C)(C)C)C=C1)C2=CC=C(C(C)(C)C)C=C2)=O,OC([C@@H](CC1=CC=C(C(C)(C)C)C=C1)C2=CC=C(C(C)(C)C)C=C2)=O,OC(/C(C1=CC=C(C(C)(C)C)C=C1)=C/C2=CC=C(C(C)(C)C)C=C2)=O,60,20,,,,2
IAW00000694,CAT-30,SOL-2,,,REA-13,[P]12([C@@:22]([H:23])([H:24])[C@:25]([P:1]3(->[Rh+:72]<-1456<-[C:2]1([H:3])=[C:4]->4([H:5])[C@:6]([H:7])([H:8])[C@@:9]([H:10])([H:11])[C:12]->5([H:13])=[C:14]->6([H:15])[C@:16]([H:17])([H:18])[C@@:19]1([H:20])[H:21])[C@:46]([H:47])([C@@:62]([H:63])([C@:64]([H:65])([H:66])[H:68])[C@@:85]([H:86])([H:87])[H:88])[C@@:48]([H:49])([H:50])[C@:51]([H:52])([H:53])[C@@:54]3([H:55])[C@@:56]([H:57])([C@:58]([H:59])([H:60])[H:61])[C@@:81]([H:82])([H:83])[H:84])([H:26])[H:27])[C@:28]([H:29])([C@@:38]([H:39])([C@:40]([H:41])([H:42])[H:43])[C@@:73]([H:74])([H:75])[H:76])[C@@:30]([H:31])([H:32])[C@:33]([H:34])([H:35])[C@@:36]2([H:37])[C@:44]([H:45])([C@:67]([H:69])([H:70])[H:71])[C@@:77]([H:78])([H:79])[H:80],[H]C([H])([H])C([H])([H])N(C([H])([H])C([H])([H])[H])C([H])([H])C([H])([H])[H].[H]OC([H])([H])[H],OC([C@H](CC1=CC=C(C(C)(C)C)C=C1)C2=CC=C(C(C)(C)C)C=C2)=O,OC([C@@H](CC1=CC=C(C(C)(C)C)C=C1)C2=CC=C(C(C)(C)C)C=C2)=O,OC(/C(C1=CC=C(C(C)(C)C)C=C1)=C/C2=CC=C(C(C)(C)C)C=C2)=O,60,20,,,,2
IAW00000695,CAT-31,SOL-1,,,REA-13,[P]12([C@@:10]([C@:11]([P:1]3(->[Rh+:20]<-1456<-[C:2]1([H:21])=[C:3]->4([H:22])[C@:4]([H:23])([H:24])[C@@:5]([H:25])([H:26])[C:6]->5([H:27])=[C:7]->6([H:28])[C@:8]([H:29])([H:30])[C@@:9]1([H:31])[H:32])[C@@:16]([H:43])([C:82]1=[C:83]([H:86])[C:85]([H:90])=[C:89]([H:92])[C:87]([H:91])=[C:84]1[H:88])[C@@:17]([H:44])([H:45])[C@@:18]([H:46])([H:47])[C@:19]3([H:48])[C:71]1=[C:72]([H:75])[C:74]([H:79])=[C:78]([H:81])[C:76]([H:80])=[C:73]1[H:77])([H:35])[H:36])([H:33])[H:34])[C@@:12]([H:37])([C:49]1=[C:50]([H:53])[C:52]([H:57])=[C:56]([H:59])[C:54]([H:58])=[C:51]1[H:55])[C@@:13]([H:38])([H:39])[C@:14]([H:40])([H:41])[C@:15]2([H:42])[C:60]1=[C:61]([H:64])[C:63]([H:68])=[C:67]([H:70])[C:65]([H:69])=[C:62]1[H:66],[H]OC([H])([H])[H],OC([C@H](CC1=CC=C(C(C)(C)C)C=C1)C2=CC=C(C(C)(C)C)C=C2)=O,OC([C@@H](CC1=CC=C(C(C)(C)C)C=C1)C2=CC=C(C(C)(C)C)C=C2)=O,OC(/C(C1=CC=C(C(C)(C)C)C=C1)=C/C2=CC=C(C(C)(C)C)C=C2)=O,60,20,,,,2
IAW00000696,CAT-31,SOL-2,,,REA-13,[P]12([C@@:10]([C@:11]([P:1]3(->[Rh+:20]<-1456<-[C:2]1([H:21])=[C:3]->4([H:22])[C@:4]([H:23])([H:24])[C@@:5]([H:25])([H:26])[C:6]->5([H:27])=[C:7]->6([H:28])[C@:8]([H:29])([H:30])[C@@:9]1([H:31])[H:32])[C@@:16]([H:43])([C:82]1=[C:83]([H:86])[C:85]([H:90])=[C:89]([H:92])[C:87]([H:91])=[C:84]1[H:88])[C@@:17]([H:44])([H:45])[C@@:18]([H:46])([H:47])[C@:19]3([H:48])[C:71]1=[C:72]([H:75])[C:74]([H:79])=[C:78]([H:81])[C:76]([H:80])=[C:73]1[H:77])([H:35])[H:36])([H:33])[H:34])[C@@:12]([H:37])([C:49]1=[C:50]([H:53])[C:52]([H:57])=[C:56]([H:59])[C:54]([H:58])=[C:51]1[H:55])[C@@:13]([H:38])([H:39])[C@:14]([H:40])([H:41])[C@:15]2([H:42])[C:60]1=[C:61]([H:64])[C:63]([H:68])=[C:67]([H:70])[C:65]([H:69])=[C:62]1[H:66],[H]C([H])([H])C([H])([H])N(C([H])([H])C([H])([H])[H])C([H])([H])C([H])([H])[H].[H]OC([H])([H])[H],OC([C@H](CC1=CC=C(C(C)(C)C)C=C1)C2=CC=C(C(C)(C)C)C=C2)=O,OC([C@@H](CC1=CC=C(C(C)(C)C)C=C1)C2=CC=C(C(C)(C)C)C=C2)=O,OC(/C(C1=CC=C(C(C)(C)C)C=C1)=C/C2=CC=C(C(C)(C)C)C=C2)=O,60,20,,,,2
IAW00000697,CAT-32,SOL-2,,,REA-13,[Rh+]1234(<-[P:1]5([C:35]6=[C:41]([H:52])[C:51]([H:59])=[C:58]([H:60])[C:47]([H:57])=[C:39]6[P:34]->16[C@@:63]([C@:46]([H:54])([H:55])[H:56])([H:64])[C@:42]([H:23])([H:53])[C@:36]([H:22])([H:43])[C@:67]6([C@@:24]([H:25])([H:26])[H:37])[H:68])[C@@:61]([C@:30]([H:31])([H:32])[H:33])([H:62])[C@@:27]([H:28])([H:29])[C@:38]([H:44])([H:45])[C@:65]5([C@@:40]([H:48])([H:49])[H:50])[H:66])<-[C:2]1([H:3])=[C:4]->2([H:5])[C@@:6]([H:7])([H:8])[C@:9]([H:10])([H:11])[C:12]->3([H:13])=[C:14]->4([H:15])[C@@:16]([H:17])([H:18])[C@:19]1([H:20])[H:21],[H]C([H])([H])C([H])([H])N(C([H])([H])C([H])([H])[H])C([H])([H])C([H])([H])[H].[H]OC([H])([H])[H],OC([C@H](CC1=CC=C(C(C)(C)C)C=C1)C2=CC=C(C(C)(C)C)C=C2)=O,OC([C@@H](CC1=CC=C(C(C)(C)C)C=C1)C2=CC=C(C(C)(C)C)C=C2)=O,OC(/C(C1=CC=C(C(C)(C)C)C=C1)=C/C2=CC=C(C(C)(C)C)C=C2)=O,60,20,,,,2
IAW00000698,CAT-33,SOL-3,,,REA-13,[Rh+]1234(<-[P:1]5([C:23]6=[C:31]([H:32])[C:29]([H:30])=[C:27]([H:28])[C:25]([H:26])=[C:24]6[P:2]->16[C@:73]([C@:66]([H:67])([H:68])[C@@:69]([H:70])([H:71])[H:72])([H:74])[C@@:56]([H:57])([H:58])[C@@:53]([H:54])([H:55])[C@@:75]6([C@:59]([H:60])([H:61])[C@@:62]([H:63])([H:64])[H:65])[H:76])[C@:77]([C@:46]([H:47])([H:48])[C@@:49]([H:50])([H:51])[H:52])([H:78])[C@@:36]([H:37])([H:38])[C@@:33]([H:34])([H:35])[C@@:79]5([C@:39]([H:40])([H:41])[C@@:42]([H:43])([H:44])[H:45])[H:80])<-[C:3]1([H:4])=[C:5]->2([H:6])[C@:7]([H:8])([H:9])[C@:10]([H:11])([H:12])[C:13]->3([H:14])=[C:15]->4([H:16])[C@:17]([H:18])([H:19])[C@@:20]1([H:21])[H:22],F[B-](F)(F)F.[H]C([H])([H])C([H])([H])N(C([H])([H])C([H])([H])[H])C([H])([H])C([H])([H])[H].[H]OC([H])([H])[H],OC([C@H](CC1=CC=C(C(C)(C)C)C=C1)C2=CC=C(C(C)(C)C)C=C2)=O,OC([C@@H](CC1=CC=C(C(C)(C)C)C=C1)C2=CC=C(C(C)(C)C)C=C2)=O,OC(/C(C1=CC=C(C(C)(C)C)C=C1)=C/C2=CC=C(C(C)(C)C)C=C2)=O,60,20,,,,2
IAW00000699,CAT-34,SOL-2,,,REA-13,[Rh+]1234(<-[P:1]5([C:33]6=[C:30]([P:2]->17[C@@:45]([H:46])([C@:55]([H:56])([C@:57]([H:58])([H:59])[H:60])[C@:61]([H:62])([H:63])[H:64])[C@:47]([H:48])([H:49])[C@@:50]([H:51])([H:52])[C@:53]7([H:54])[C@@:65]([H:66])([C@:67]([H:68])([H:69])[H:70])[C@:71]([H:72])([H:73])[H:74])[C:28]([H:29])=[C:26]([H:27])[C:24]([H:25])=[C:23]6[H:76])[C@@:31]([H:32])([C@@:36]([H:37])([C@:38]([H:39])([H:40])[H:78])[C@:41]([H:42])([H:43])[H:44])[C@@:77]([H:82])([H:83])[C@:79]([H:84])([H:85])[C@@:75]5([C@@:80]([H:34])([C@:86]([H:88])([H:89])[H:90])[C@:87]([H:35])([H:91])[H:92])[H:81])<-[C:3]1([H:4])=[C:5]->2([H:6])[C@:7]([H:8])([H:9])[C@@:10]([H:11])([H:12])[C:13]->3([H:14])=[C:15]->4([H:16])[C@:17]([H:18])([H:19])[C@@:20]1([H:21])[H:22],[H]C([H])([H])C([H])([H])N(C([H])([H])C([H])([H])[H])C([H])([H])C([H])([H])[H].[H]OC([H])([H])[H],OC([C@H](CC1=CC=C(C(C)(C)C)C=C1)C2=CC=C(C(C)(C)C)C=C2)=O,OC([C@@H](CC1=CC=C(C(C)(C)C)C=C1)C2=CC=C(C(C)(C)C)C=C2)=O,OC(/C(C1=CC=C(C(C)(C)C)C=C1)=C/C2=CC=C(C(C)(C)C)C=C2)=O,60,20,,,,2
IAW00000700,CAT-35,SOL-2,,,REA-13,[Fe+2]123456789<-[C:3]%10([P:1]%11(->[Rh+:61]%12%13%14(<-[P:2]%15([C:12]->1%16=[C:17]->2([H:18])[C:15]->3([H:16])=[C:14]->4([H:53])[C-:13]->5%16[H:52])[C@:29]([H:30])([C@@:62]([H:63])([H:64])[H:65])[C@:54]([H:57])([H:58])[C@:56]([H:59])([H:60])[C@@:51]%15([H:55])[C@@:66]([H:67])([H:68])[H:69])<-[C:31]1([H:32])=[C:33]->%12([H:34])[C@:35]([H:36])([H:37])[C@@:38]([H:39])([H:40])[C:41]->%13([H:42])=[C:43]->%14([H:44])[C@:45]([H:46])([H:47])[C@@:48]1([H:49])[H:50])[C@:19]([H:20])([C@@:70]([H:71])([H:72])[H:73])[C@@:21]([H:22])([H:23])[C@:24]([H:25])([H:26])[C@@:27]%11([H:28])[C@@:74]([H:75])([H:76])[H:77])=[C:4]->6([H:5])[C:6]->7([H:7])=[C:8]->8([H:9])[C-:10]->9%10[H:11],[H]C([H])([H])C([H])([H])N(C([H])([H])C([H])([H])[H])C([H])([H])C([H])([H])[H].[H]OC([H])([H])[H],OC([C@H](CC1=CC=C(C(C)(C)C)C=C1)C2=CC=C(C(C)(C)C)C=C2)=O,OC([C@@H](CC1=CC=C(C(C)(C)C)C=C1)C2=CC=C(C(C)(C)C)C=C2)=O,OC(/C(C1=CC=C(C(C)(C)C)C=C1)=C/C2=CC=C(C(C)(C)C)C=C2)=O,60,20,,,,2
IAW00000701,CAT-35,SOL-4,,,REA-13,[Fe+2]123456789<-[C:3]%10([P:1]%11(->[Rh+:61]%12%13%14(<-[P:2]%15([C:12]->1%16=[C:17]->2([H:18])[C:15]->3([H:16])=[C:14]->4([H:53])[C-:13]->5%16[H:52])[C@:29]([H:30])([C@@:62]([H:63])([H:64])[H:65])[C@:54]([H:57])([H:58])[C@:56]([H:59])([H:60])[C@@:51]%15([H:55])[C@@:66]([H:67])([H:68])[H:69])<-[C:31]1([H:32])=[C:33]->%12([H:34])[C@:35]([H:36])([H:37])[C@@:38]([H:39])([H:40])[C:41]->%13([H:42])=[C:43]->%14([H:44])[C@:45]([H:46])([H:47])[C@@:48]1([H:49])[H:50])[C@:19]([H:20])([C@@:70]([H:71])([H:72])[H:73])[C@@:21]([H:22])([H:23])[C@:24]([H:25])([H:26])[C@@:27]%11([H:28])[C@@:74]([H:75])([H:76])[H:77])=[C:4]->6([H:5])[C:6]->7([H:7])=[C:8]->8([H:9])[C-:10]->9%10[H:11],[H]C([H])([H])C([H])([H])N(C([H])([H])C([H])([H])[H])C([H])([H])C([H])([H])[H].[H]OC([H])([H])[H].[H]O[H],OC([C@H](CC1=CC=C(C(C)(C)C)C=C1)C2=CC=C(C(C)(C)C)C=C2)=O,OC([C@@H](CC1=CC=C(C(C)(C)C)C=C1)C2=CC=C(C(C)(C)C)C=C2)=O,OC(/C(C1=CC=C(C(C)(C)C)C=C1)=C/C2=CC=C(C(C)(C)C)C=C2)=O,60,20,,,,2
IAW00000702,CAT-35,SOL-5,,,REA-13,[Fe+2]123456789<-[C:3]%10([P:1]%11(->[Rh+:61]%12%13%14(<-[P:2]%15([C:12]->1%16=[C:17]->2([H:18])[C:15]->3([H:16])=[C:14]->4([H:53])[C-:13]->5%16[H:52])[C@:29]([H:30])([C@@:62]([H:63])([H:64])[H:65])[C@:54]([H:57])([H:58])[C@:56]([H:59])([H:60])[C@@:51]%15([H:55])[C@@:66]([H:67])([H:68])[H:69])<-[C:31]1([H:32])=[C:33]->%12([H:34])[C@:35]([H:36])([H:37])[C@@:38]([H:39])([H:40])[C:41]->%13([H:42])=[C:43]->%14([H:44])[C@:45]([H:46])([H:47])[C@@:48]1([H:49])[H:50])[C@:19]([H:20])([C@@:70]([H:71])([H:72])[H:73])[C@@:21]([H:22])([H:23])[C@:24]([H:25])([H:26])[C@@:27]%11([H:28])[C@@:74]([H:75])([H:76])[H:77])=[C:4]->6([H:5])[C:6]->7([H:7])=[C:8]->8([H:9])[C-:10]->9%10[H:11],[H]C([H])([H])C([H])([H])N(C([H])([H])C([H])([H])[H])C([H])([H])C([H])([H])[H].[H]C1([H])OC([H])([H])C([H])([H])C1([H])[H],OC([C@H](CC1=CC=C(C(C)(C)C)C=C1)C2=CC=C(C(C)(C)C)C=C2)=O,OC([C@@H](CC1=CC=C(C(C)(C)C)C=C1)C2=CC=C(C(C)(C)C)C=C2)=O,OC(/C(C1=CC=C(C(C)(C)C)C=C1)=C/C2=CC=C(C(C)(C)C)C=C2)=O,60,5,,,,2
IAW00000703,CAT-35,SOL-5,,,REA-13,[Fe+2]123456789<-[C:3]%10([P:1]%11(->[Rh+:61]%12%13%14(<-[P:2]%15([C:12]->1%16=[C:17]->2([H:18])[C:15]->3([H:16])=[C:14]->4([H:53])[C-:13]->5%16[H:52])[C@:29]([H:30])([C@@:62]([H:63])([H:64])[H:65])[C@:54]([H:57])([H:58])[C@:56]([H:59])([H:60])[C@@:51]%15([H:55])[C@@:66]([H:67])([H:68])[H:69])<-[C:31]1([H:32])=[C:33]->%12([H:34])[C@:35]([H:36])([H:37])[C@@:38]([H:39])([H:40])[C:41]->%13([H:42])=[C:43]->%14([H:44])[C@:45]([H:46])([H:47])[C@@:48]1([H:49])[H:50])[C@:19]([H:20])([C@@:70]([H:71])([H:72])[H:73])[C@@:21]([H:22])([H:23])[C@:24]([H:25])([H:26])[C@@:27]%11([H:28])[C@@:74]([H:75])([H:76])[H:77])=[C:4]->6([H:5])[C:6]->7([H:7])=[C:8]->8([H:9])[C-:10]->9%10[H:11],[H]C([H])([H])C([H])([H])N(C([H])([H])C([H])([H])[H])C([H])([H])C([H])([H])[H].[H]C1([H])OC([H])([H])C([H])([H])C1([H])[H],OC([C@H](CC1=CC=C(C(C)(C)C)C=C1)C2=CC=C(C(C)(C)C)C=C2)=O,OC([C@@H](CC1=CC=C(C(C)(C)C)C=C1)C2=CC=C(C(C)(C)C)C=C2)=O,OC(/C(C1=CC=C(C(C)(C)C)C=C1)=C/C2=CC=C(C(C)(C)C)C=C2)=O,60,50,,,,2
IAW00000704,CAT-35,SOL-5,,,REA-13,[Fe+2]123456789<-[C:3]%10([P:1]%11(->[Rh+:61]%12%13%14(<-[P:2]%15([C:12]->1%16=[C:17]->2([H:18])[C:15]->3([H:16])=[C:14]->4([H:53])[C-:13]->5%16[H:52])[C@:29]([H:30])([C@@:62]([H:63])([H:64])[H:65])[C@:54]([H:57])([H:58])[C@:56]([H:59])([H:60])[C@@:51]%15([H:55])[C@@:66]([H:67])([H:68])[H:69])<-[C:31]1([H:32])=[C:33]->%12([H:34])[C@:35]([H:36])([H:37])[C@@:38]([H:39])([H:40])[C:41]->%13([H:42])=[C:43]->%14([H:44])[C@:45]([H:46])([H:47])[C@@:48]1([H:49])[H:50])[C@:19]([H:20])([C@@:70]([H:71])([H:72])[H:73])[C@@:21]([H:22])([H:23])[C@:24]([H:25])([H:26])[C@@:27]%11([H:28])[C@@:74]([H:75])([H:76])[H:77])=[C:4]->6([H:5])[C:6]->7([H:7])=[C:8]->8([H:9])[C-:10]->9%10[H:11],[H]C([H])([H])C([H])([H])N(C([H])([H])C([H])([H])[H])C([H])([H])C([H])([H])[H].[H]C1([H])OC([H])([H])C([H])([H])C1([H])[H],OC([C@H](CC1=CC=C(C(C)(C)C)C=C1)C2=CC=C(C(C)(C)C)C=C2)=O,OC([C@@H](CC1=CC=C(C(C)(C)C)C=C1)C2=CC=C(C(C)(C)C)C=C2)=O,OC(/C(C1=CC=C(C(C)(C)C)C=C1)=C/C2=CC=C(C(C)(C)C)C=C2)=O,60,20,,,,2
IAW00000705,CAT-35,SOL-6,,,REA-13,[Fe+2]123456789<-[C:3]%10([P:1]%11(->[Rh+:61]%12%13%14(<-[P:2]%15([C:12]->1%16=[C:17]->2([H:18])[C:15]->3([H:16])=[C:14]->4([H:53])[C-:13]->5%16[H:52])[C@:29]([H:30])([C@@:62]([H:63])([H:64])[H:65])[C@:54]([H:57])([H:58])[C@:56]([H:59])([H:60])[C@@:51]%15([H:55])[C@@:66]([H:67])([H:68])[H:69])<-[C:31]1([H:32])=[C:33]->%12([H:34])[C@:35]([H:36])([H:37])[C@@:38]([H:39])([H:40])[C:41]->%13([H:42])=[C:43]->%14([H:44])[C@:45]([H:46])([H:47])[C@@:48]1([H:49])[H:50])[C@:19]([H:20])([C@@:70]([H:71])([H:72])[H:73])[C@@:21]([H:22])([H:23])[C@:24]([H:25])([H:26])[C@@:27]%11([H:28])[C@@:74]([H:75])([H:76])[H:77])=[C:4]->6([H:5])[C:6]->7([H:7])=[C:8]->8([H:9])[C-:10]->9%10[H:11],[H]C([H])([H])C([H])([H])N(C([H])([H])C([H])([H])[H])C([H])([H])C([H])([H])[H].[H]OC([H])(C([H])([H])[H])C([H])([H])[H],OC([C@H](CC1=CC=C(C(C)(C)C)C=C1)C2=CC=C(C(C)(C)C)C=C2)=O,OC([C@@H](CC1=CC=C(C(C)(C)C)C=C1)C2=CC=C(C(C)(C)C)C=C2)=O,OC(/C(C1=CC=C(C(C)(C)C)C=C1)=C/C2=CC=C(C(C)(C)C)C=C2)=O,60,20,,,,2
IAW00000706,CAT-36,SOL-2,,,REA-13,[Fe+2]123456789<-[C:3]%10([P:1]%11(->[Rh+:61]%12%13%14(<-[P:2]%15([C-:12]->1%16[C:13]->2([H:52])=[C:14]->3([H:53])[C:15]->4([H:16])=[C:17]->5%16[H:18])[C@@:29]([H:30])([C@:66]([H:67])([H:68])[C@@:69]([H:70])([H:71])[H:72])[C@:54]([H:57])([H:58])[C@:56]([H:59])([H:60])[C@:51]%15([H:55])[C@:73]([C@@:62]([H:63])([H:64])[H:65])([H:74])[H:75])<-[C:31]1([H:32])=[C:33]->%12([H:34])[C@:35]([H:36])([H:37])[C@@:38]([H:39])([H:40])[C:41]->%13([H:42])=[C:43]->%14([H:44])[C@:45]([H:46])([H:47])[C@@:48]1([H:49])[H:50])[C@@:19]([H:20])([C@:83]([H:84])([H:85])[C@@:86]([H:87])([H:88])[H:89])[C@@:21]([H:22])([H:23])[C@:24]([H:25])([H:26])[C@:27]%11([H:28])[C@:76]([H:77])([H:78])[C@@:79]([H:80])([H:81])[H:82])=[C:10]->6([H:11])[C-:8]->7([H:9])[C:6]->8([H:7])=[C:4]->9%10[H:5],[H]C([H])([H])C([H])([H])N(C([H])([H])C([H])([H])[H])C([H])([H])C([H])([H])[H].[H]OC([H])([H])[H],OC([C@H](CC1=CC=C(C(C)(C)C)C=C1)C2=CC=C(C(C)(C)C)C=C2)=O,OC([C@@H](CC1=CC=C(C(C)(C)C)C=C1)C2=CC=C(C(C)(C)C)C=C2)=O,OC(/C(C1=CC=C(C(C)(C)C)C=C1)=C/C2=CC=C(C(C)(C)C)C=C2)=O,60,20,,,,2
IAW00000707,CAT-36,SOL-4,,,REA-13,[Fe+2]123456789<-[C:3]%10([P:1]%11(->[Rh+:61]%12%13%14(<-[P:2]%15([C-:12]->1%16[C:13]->2([H:52])=[C:14]->3([H:53])[C:15]->4([H:16])=[C:17]->5%16[H:18])[C@@:29]([H:30])([C@:66]([H:67])([H:68])[C@@:69]([H:70])([H:71])[H:72])[C@:54]([H:57])([H:58])[C@:56]([H:59])([H:60])[C@:51]%15([H:55])[C@:73]([C@@:62]([H:63])([H:64])[H:65])([H:74])[H:75])<-[C:31]1([H:32])=[C:33]->%12([H:34])[C@:35]([H:36])([H:37])[C@@:38]([H:39])([H:40])[C:41]->%13([H:42])=[C:43]->%14([H:44])[C@:45]([H:46])([H:47])[C@@:48]1([H:49])[H:50])[C@@:19]([H:20])([C@:83]([H:84])([H:85])[C@@:86]([H:87])([H:88])[H:89])[C@@:21]([H:22])([H:23])[C@:24]([H:25])([H:26])[C@:27]%11([H:28])[C@:76]([H:77])([H:78])[C@@:79]([H:80])([H:81])[H:82])=[C:10]->6([H:11])[C-:8]->7([H:9])[C:6]->8([H:7])=[C:4]->9%10[H:5],[H]C([H])([H])C([H])([H])N(C([H])([H])C([H])([H])[H])C([H])([H])C([H])([H])[H].[H]OC([H])([H])[H].[H]O[H],OC([C@H](CC1=CC=C(C(C)(C)C)C=C1)C2=CC=C(C(C)(C)C)C=C2)=O,OC([C@@H](CC1=CC=C(C(C)(C)C)C=C1)C2=CC=C(C(C)(C)C)C=C2)=O,OC(/C(C1=CC=C(C(C)(C)C)C=C1)=C/C2=CC=C(C(C)(C)C)C=C2)=O,60,20,,,,2
IAW00000708,CAT-36,SOL-5,,,REA-13,[Fe+2]123456789<-[C:3]%10([P:1]%11(->[Rh+:61]%12%13%14(<-[P:2]%15([C-:12]->1%16[C:13]->2([H:52])=[C:14]->3([H:53])[C:15]->4([H:16])=[C:17]->5%16[H:18])[C@@:29]([H:30])([C@:66]([H:67])([H:68])[C@@:69]([H:70])([H:71])[H:72])[C@:54]([H:57])([H:58])[C@:56]([H:59])([H:60])[C@:51]%15([H:55])[C@:73]([C@@:62]([H:63])([H:64])[H:65])([H:74])[H:75])<-[C:31]1([H:32])=[C:33]->%12([H:34])[C@:35]([H:36])([H:37])[C@@:38]([H:39])([H:40])[C:41]->%13([H:42])=[C:43]->%14([H:44])[C@:45]([H:46])([H:47])[C@@:48]1([H:49])[H:50])[C@@:19]([H:20])([C@:83]([H:84])([H:85])[C@@:86]([H:87])([H:88])[H:89])[C@@:21]([H:22])([H:23])[C@:24]([H:25])([H:26])[C@:27]%11([H:28])[C@:76]([H:77])([H:78])[C@@:79]([H:80])([H:81])[H:82])=[C:10]->6([H:11])[C-:8]->7([H:9])[C:6]->8([H:7])=[C:4]->9%10[H:5],[H]C([H])([H])C([H])([H])N(C([H])([H])C([H])([H])[H])C([H])([H])C([H])([H])[H].[H]C1([H])OC([H])([H])C([H])([H])C1([H])[H],OC([C@H](CC1=CC=C(C(C)(C)C)C=C1)C2=CC=C(C(C)(C)C)C=C2)=O,OC([C@@H](CC1=CC=C(C(C)(C)C)C=C1)C2=CC=C(C(C)(C)C)C=C2)=O,OC(/C(C1=CC=C(C(C)(C)C)C=C1)=C/C2=CC=C(C(C)(C)C)C=C2)=O,60,5,,,,2
IAW00000709,CAT-36,SOL-5,,,REA-13,[Fe+2]123456789<-[C:3]%10([P:1]%11(->[Rh+:61]%12%13%14(<-[P:2]%15([C-:12]->1%16[C:13]->2([H:52])=[C:14]->3([H:53])[C:15]->4([H:16])=[C:17]->5%16[H:18])[C@@:29]([H:30])([C@:66]([H:67])([H:68])[C@@:69]([H:70])([H:71])[H:72])[C@:54]([H:57])([H:58])[C@:56]([H:59])([H:60])[C@:51]%15([H:55])[C@:73]([C@@:62]([H:63])([H:64])[H:65])([H:74])[H:75])<-[C:31]1([H:32])=[C:33]->%12([H:34])[C@:35]([H:36])([H:37])[C@@:38]([H:39])([H:40])[C:41]->%13([H:42])=[C:43]->%14([H:44])[C@:45]([H:46])([H:47])[C@@:48]1([H:49])[H:50])[C@@:19]([H:20])([C@:83]([H:84])([H:85])[C@@:86]([H:87])([H:88])[H:89])[C@@:21]([H:22])([H:23])[C@:24]([H:25])([H:26])[C@:27]%11([H:28])[C@:76]([H:77])([H:78])[C@@:79]([H:80])([H:81])[H:82])=[C:10]->6([H:11])[C-:8]->7([H:9])[C:6]->8([H:7])=[C:4]->9%10[H:5],[H]C([H])([H])C([H])([H])N(C([H])([H])C([H])([H])[H])C([H])([H])C([H])([H])[H].[H]C1([H])OC([H])([H])C([H])([H])C1([H])[H],OC([C@H](CC1=CC=C(C(C)(C)C)C=C1)C2=CC=C(C(C)(C)C)C=C2)=O,OC([C@@H](CC1=CC=C(C(C)(C)C)C=C1)C2=CC=C(C(C)(C)C)C=C2)=O,OC(/C(C1=CC=C(C(C)(C)C)C=C1)=C/C2=CC=C(C(C)(C)C)C=C2)=O,60,50,,,,2
IAW00000710,CAT-36,SOL-5,,,REA-13,[Fe+2]123456789<-[C:3]%10([P:1]%11(->[Rh+:61]%12%13%14(<-[P:2]%15([C-:12]->1%16[C:13]->2([H:52])=[C:14]->3([H:53])[C:15]->4([H:16])=[C:17]->5%16[H:18])[C@@:29]([H:30])([C@:66]([H:67])([H:68])[C@@:69]([H:70])([H:71])[H:72])[C@:54]([H:57])([H:58])[C@:56]([H:59])([H:60])[C@:51]%15([H:55])[C@:73]([C@@:62]([H:63])([H:64])[H:65])([H:74])[H:75])<-[C:31]1([H:32])=[C:33]->%12([H:34])[C@:35]([H:36])([H:37])[C@@:38]([H:39])([H:40])[C:41]->%13([H:42])=[C:43]->%14([H:44])[C@:45]([H:46])([H:47])[C@@:48]1([H:49])[H:50])[C@@:19]([H:20])([C@:83]([H:84])([H:85])[C@@:86]([H:87])([H:88])[H:89])[C@@:21]([H:22])([H:23])[C@:24]([H:25])([H:26])[C@:27]%11([H:28])[C@:76]([H:77])([H:78])[C@@:79]([H:80])([H:81])[H:82])=[C:10]->6([H:11])[C-:8]->7([H:9])[C:6]->8([H:7])=[C:4]->9%10[H:5],[H]C([H])([H])C([H])([H])N(C([H])([H])C([H])([H])[H])C([H])([H])C([H])([H])[H].[H]C1([H])OC([H])([H])C([H])([H])C1([H])[H],OC([C@H](CC1=CC=C(C(C)(C)C)C=C1)C2=CC=C(C(C)(C)C)C=C2)=O,OC([C@@H](CC1=CC=C(C(C)(C)C)C=C1)C2=CC=C(C(C)(C)C)C=C2)=O,OC(/C(C1=CC=C(C(C)(C)C)C=C1)=C/C2=CC=C(C(C)(C)C)C=C2)=O,60,20,,,,2
IAW00000711,CAT-36,SOL-6,,,REA-13,[Fe+2]123456789<-[C:3]%10([P:1]%11(->[Rh+:61]%12%13%14(<-[P:2]%15([C-:12]->1%16[C:13]->2([H:52])=[C:14]->3([H:53])[C:15]->4([H:16])=[C:17]->5%16[H:18])[C@@:29]([H:30])([C@:66]([H:67])([H:68])[C@@:69]([H:70])([H:71])[H:72])[C@:54]([H:57])([H:58])[C@:56]([H:59])([H:60])[C@:51]%15([H:55])[C@:73]([C@@:62]([H:63])([H:64])[H:65])([H:74])[H:75])<-[C:31]1([H:32])=[C:33]->%12([H:34])[C@:35]([H:36])([H:37])[C@@:38]([H:39])([H:40])[C:41]->%13([H:42])=[C:43]->%14([H:44])[C@:45]([H:46])([H:47])[C@@:48]1([H:49])[H:50])[C@@:19]([H:20])([C@:83]([H:84])([H:85])[C@@:86]([H:87])([H:88])[H:89])[C@@:21]([H:22])([H:23])[C@:24]([H:25])([H:26])[C@:27]%11([H:28])[C@:76]([H:77])([H:78])[C@@:79]([H:80])([H:81])[H:82])=[C:10]->6([H:11])[C-:8]->7([H:9])[C:6]->8([H:7])=[C:4]->9%10[H:5],[H]C([H])([H])C([H])([H])N(C([H])([H])C([H])([H])[H])C([H])([H])C([H])([H])[H].[H]OC([H])(C([H])([H])[H])C([H])([H])[H],OC([C@H](CC1=CC=C(C(C)(C)C)C=C1)C2=CC=C(C(C)(C)C)C=C2)=O,OC([C@@H](CC1=CC=C(C(C)(C)C)C=C1)C2=CC=C(C(C)(C)C)C=C2)=O,OC(/C(C1=CC=C(C(C)(C)C)C=C1)=C/C2=CC=C(C(C)(C)C)C=C2)=O,60,20,,,,2
IAW00000712,CAT-37,SOL-2,,,REA-13,[Fe+2]123456789<-[C:3]%10([P:1]%11(->[Rh+:61]%12%13%14(<-[P:2]%15([C:12]->1%16=[C:17]->2([H:18])[C:15]->3([H:16])=[C:14]->4([H:53])[C-:13]->5%16[H:52])[C@@:29]([H:30])([C@@:72]([H:73])([C@@:74]([H:75])([H:76])[H:77])[C@@:78]([H:79])([H:80])[H:81])[C@:54]([H:57])([H:58])[C@:56]([H:59])([H:60])[C@:51]%15([H:55])[C@@:62]([H:63])([C@@:64]([H:65])([H:66])[H:67])[C@@:68]([H:69])([H:70])[H:71])<-[C:31]1([H:32])=[C:33]->%12([H:34])[C@:35]([H:36])([H:37])[C@@:38]([H:39])([H:40])[C:41]->%13([H:42])=[C:43]->%14([H:44])[C@:45]([H:46])([H:47])[C@@:48]1([H:49])[H:50])[C@@:19]([H:20])([C@:91]([H:92])([C@@:93]([H:94])([H:95])[H:96])[C@@:97]([H:98])([H:99])[H:100])[C@@:21]([H:22])([H:23])[C@:24]([H:25])([H:26])[C@:27]%11([H:28])[C@:82]([C@@:83]([H:84])([H:85])[H:86])([C@@:87]([H:88])([H:89])[H:90])[H:101])=[C:4]->6([H:5])[C:6]->7([H:7])=[C:8]->8([H:9])[C-:10]->9%10[H:11],[H]C([H])([H])C([H])([H])N(C([H])([H])C([H])([H])[H])C([H])([H])C([H])([H])[H].[H]OC([H])([H])[H],OC([C@H](CC1=CC=C(C(C)(C)C)C=C1)C2=CC=C(C(C)(C)C)C=C2)=O,OC([C@@H](CC1=CC=C(C(C)(C)C)C=C1)C2=CC=C(C(C)(C)C)C=C2)=O,OC(/C(C1=CC=C(C(C)(C)C)C=C1)=C/C2=CC=C(C(C)(C)C)C=C2)=O,60,20,,,,2
IAW00000713,CAT-37,SOL-4,,,REA-13,[Fe+2]123456789<-[C:3]%10([P:1]%11(->[Rh+:61]%12%13%14(<-[P:2]%15([C:12]->1%16=[C:17]->2([H:18])[C:15]->3([H:16])=[C:14]->4([H:53])[C-:13]->5%16[H:52])[C@@:29]([H:30])([C@@:72]([H:73])([C@@:74]([H:75])([H:76])[H:77])[C@@:78]([H:79])([H:80])[H:81])[C@:54]([H:57])([H:58])[C@:56]([H:59])([H:60])[C@:51]%15([H:55])[C@@:62]([H:63])([C@@:64]([H:65])([H:66])[H:67])[C@@:68]([H:69])([H:70])[H:71])<-[C:31]1([H:32])=[C:33]->%12([H:34])[C@:35]([H:36])([H:37])[C@@:38]([H:39])([H:40])[C:41]->%13([H:42])=[C:43]->%14([H:44])[C@:45]([H:46])([H:47])[C@@:48]1([H:49])[H:50])[C@@:19]([H:20])([C@:91]([H:92])([C@@:93]([H:94])([H:95])[H:96])[C@@:97]([H:98])([H:99])[H:100])[C@@:21]([H:22])([H:23])[C@:24]([H:25])([H:26])[C@:27]%11([H:28])[C@:82]([C@@:83]([H:84])([H:85])[H:86])([C@@:87]([H:88])([H:89])[H:90])[H:101])=[C:4]->6([H:5])[C:6]->7([H:7])=[C:8]->8([H:9])[C-:10]->9%10[H:11],[H]C([H])([H])C([H])([H])N(C([H])([H])C([H])([H])[H])C([H])([H])C([H])([H])[H].[H]OC([H])([H])[H].[H]O[H],OC([C@H](CC1=CC=C(C(C)(C)C)C=C1)C2=CC=C(C(C)(C)C)C=C2)=O,OC([C@@H](CC1=CC=C(C(C)(C)C)C=C1)C2=CC=C(C(C)(C)C)C=C2)=O,OC(/C(C1=CC=C(C(C)(C)C)C=C1)=C/C2=CC=C(C(C)(C)C)C=C2)=O,60,20,,,,2
IAW00000714,CAT-37,SOL-5,,,REA-13,[Fe+2]123456789<-[C:3]%10([P:1]%11(->[Rh+:61]%12%13%14(<-[P:2]%15([C:12]->1%16=[C:17]->2([H:18])[C:15]->3([H:16])=[C:14]->4([H:53])[C-:13]->5%16[H:52])[C@@:29]([H:30])([C@@:72]([H:73])([C@@:74]([H:75])([H:76])[H:77])[C@@:78]([H:79])([H:80])[H:81])[C@:54]([H:57])([H:58])[C@:56]([H:59])([H:60])[C@:51]%15([H:55])[C@@:62]([H:63])([C@@:64]([H:65])([H:66])[H:67])[C@@:68]([H:69])([H:70])[H:71])<-[C:31]1([H:32])=[C:33]->%12([H:34])[C@:35]([H:36])([H:37])[C@@:38]([H:39])([H:40])[C:41]->%13([H:42])=[C:43]->%14([H:44])[C@:45]([H:46])([H:47])[C@@:48]1([H:49])[H:50])[C@@:19]([H:20])([C@:91]([H:92])([C@@:93]([H:94])([H:95])[H:96])[C@@:97]([H:98])([H:99])[H:100])[C@@:21]([H:22])([H:23])[C@:24]([H:25])([H:26])[C@:27]%11([H:28])[C@:82]([C@@:83]([H:84])([H:85])[H:86])([C@@:87]([H:88])([H:89])[H:90])[H:101])=[C:4]->6([H:5])[C:6]->7([H:7])=[C:8]->8([H:9])[C-:10]->9%10[H:11],[H]C([H])([H])C([H])([H])N(C([H])([H])C([H])([H])[H])C([H])([H])C([H])([H])[H].[H]C1([H])OC([H])([H])C([H])([H])C1([H])[H],OC([C@H](CC1=CC=C(C(C)(C)C)C=C1)C2=CC=C(C(C)(C)C)C=C2)=O,OC([C@@H](CC1=CC=C(C(C)(C)C)C=C1)C2=CC=C(C(C)(C)C)C=C2)=O,OC(/C(C1=CC=C(C(C)(C)C)C=C1)=C/C2=CC=C(C(C)(C)C)C=C2)=O,60,5,,,,2
IAW00000715,CAT-37,SOL-5,,,REA-13,[Fe+2]123456789<-[C:3]%10([P:1]%11(->[Rh+:61]%12%13%14(<-[P:2]%15([C:12]->1%16=[C:17]->2([H:18])[C:15]->3([H:16])=[C:14]->4([H:53])[C-:13]->5%16[H:52])[C@@:29]([H:30])([C@@:72]([H:73])([C@@:74]([H:75])([H:76])[H:77])[C@@:78]([H:79])([H:80])[H:81])[C@:54]([H:57])([H:58])[C@:56]([H:59])([H:60])[C@:51]%15([H:55])[C@@:62]([H:63])([C@@:64]([H:65])([H:66])[H:67])[C@@:68]([H:69])([H:70])[H:71])<-[C:31]1([H:32])=[C:33]->%12([H:34])[C@:35]([H:36])([H:37])[C@@:38]([H:39])([H:40])[C:41]->%13([H:42])=[C:43]->%14([H:44])[C@:45]([H:46])([H:47])[C@@:48]1([H:49])[H:50])[C@@:19]([H:20])([C@:91]([H:92])([C@@:93]([H:94])([H:95])[H:96])[C@@:97]([H:98])([H:99])[H:100])[C@@:21]([H:22])([H:23])[C@:24]([H:25])([H:26])[C@:27]%11([H:28])[C@:82]([C@@:83]([H:84])([H:85])[H:86])([C@@:87]([H:88])([H:89])[H:90])[H:101])=[C:4]->6([H:5])[C:6]->7([H:7])=[C:8]->8([H:9])[C-:10]->9%10[H:11],[H]C([H])([H])C([H])([H])N(C([H])([H])C([H])([H])[H])C([H])([H])C([H])([H])[H].[H]C1([H])OC([H])([H])C([H])([H])C1([H])[H],OC([C@H](CC1=CC=C(C(C)(C)C)C=C1)C2=CC=C(C(C)(C)C)C=C2)=O,OC([C@@H](CC1=CC=C(C(C)(C)C)C=C1)C2=CC=C(C(C)(C)C)C=C2)=O,OC(/C(C1=CC=C(C(C)(C)C)C=C1)=C/C2=CC=C(C(C)(C)C)C=C2)=O,60,50,,,,2
IAW00000716,CAT-37,SOL-5,,,REA-13,[Fe+2]123456789<-[C:3]%10([P:1]%11(->[Rh+:61]%12%13%14(<-[P:2]%15([C:12]->1%16=[C:17]->2([H:18])[C:15]->3([H:16])=[C:14]->4([H:53])[C-:13]->5%16[H:52])[C@@:29]([H:30])([C@@:72]([H:73])([C@@:74]([H:75])([H:76])[H:77])[C@@:78]([H:79])([H:80])[H:81])[C@:54]([H:57])([H:58])[C@:56]([H:59])([H:60])[C@:51]%15([H:55])[C@@:62]([H:63])([C@@:64]([H:65])([H:66])[H:67])[C@@:68]([H:69])([H:70])[H:71])<-[C:31]1([H:32])=[C:33]->%12([H:34])[C@:35]([H:36])([H:37])[C@@:38]([H:39])([H:40])[C:41]->%13([H:42])=[C:43]->%14([H:44])[C@:45]([H:46])([H:47])[C@@:48]1([H:49])[H:50])[C@@:19]([H:20])([C@:91]([H:92])([C@@:93]([H:94])([H:95])[H:96])[C@@:97]([H:98])([H:99])[H:100])[C@@:21]([H:22])([H:23])[C@:24]([H:25])([H:26])[C@:27]%11([H:28])[C@:82]([C@@:83]([H:84])([H:85])[H:86])([C@@:87]([H:88])([H:89])[H:90])[H:101])=[C:4]->6([H:5])[C:6]->7([H:7])=[C:8]->8([H:9])[C-:10]->9%10[H:11],[H]C([H])([H])C([H])([H])N(C([H])([H])C([H])([H])[H])C([H])([H])C([H])([H])[H].[H]C1([H])OC([H])([H])C([H])([H])C1([H])[H],OC([C@H](CC1=CC=C(C(C)(C)C)C=C1)C2=CC=C(C(C)(C)C)C=C2)=O,OC([C@@H](CC1=CC=C(C(C)(C)C)C=C1)C2=CC=C(C(C)(C)C)C=C2)=O,OC(/C(C1=CC=C(C(C)(C)C)C=C1)=C/C2=CC=C(C(C)(C)C)C=C2)=O,60,20,,,,2
IAW00000717,CAT-37,SOL-6,,,REA-13,[Fe+2]123456789<-[C:3]%10([P:1]%11(->[Rh+:61]%12%13%14(<-[P:2]%15([C:12]->1%16=[C:17]->2([H:18])[C:15]->3([H:16])=[C:14]->4([H:53])[C-:13]->5%16[H:52])[C@@:29]([H:30])([C@@:72]([H:73])([C@@:74]([H:75])([H:76])[H:77])[C@@:78]([H:79])([H:80])[H:81])[C@:54]([H:57])([H:58])[C@:56]([H:59])([H:60])[C@:51]%15([H:55])[C@@:62]([H:63])([C@@:64]([H:65])([H:66])[H:67])[C@@:68]([H:69])([H:70])[H:71])<-[C:31]1([H:32])=[C:33]->%12([H:34])[C@:35]([H:36])([H:37])[C@@:38]([H:39])([H:40])[C:41]->%13([H:42])=[C:43]->%14([H:44])[C@:45]([H:46])([H:47])[C@@:48]1([H:49])[H:50])[C@@:19]([H:20])([C@:91]([H:92])([C@@:93]([H:94])([H:95])[H:96])[C@@:97]([H:98])([H:99])[H:100])[C@@:21]([H:22])([H:23])[C@:24]([H:25])([H:26])[C@:27]%11([H:28])[C@:82]([C@@:83]([H:84])([H:85])[H:86])([C@@:87]([H:88])([H:89])[H:90])[H:101])=[C:4]->6([H:5])[C:6]->7([H:7])=[C:8]->8([H:9])[C-:10]->9%10[H:11],[H]C([H])([H])C([H])([H])N(C([H])([H])C([H])([H])[H])C([H])([H])C([H])([H])[H].[H]OC([H])(C([H])([H])[H])C([H])([H])[H],OC([C@H](CC1=CC=C(C(C)(C)C)C=C1)C2=CC=C(C(C)(C)C)C=C2)=O,OC([C@@H](CC1=CC=C(C(C)(C)C)C=C1)C2=CC=C(C(C)(C)C)C=C2)=O,OC(/C(C1=CC=C(C(C)(C)C)C=C1)=C/C2=CC=C(C(C)(C)C)C=C2)=O,60,20,,,,2
IAW00000718,CAT-40,SOL-2,,,REA-13,[Rh+]1234(<-[P:1]([C@@:25]([H:26])([H:27])[C@:28]([P:2]->1([C:56]1=[C:64]([H:65])[C:62]([H:63])=[C:60]([H:61])[C:58]([H:59])=[C:57]1[O:4][C@:66]([H:67])([H:68])[H:69])[C:70]1=[C:79]([H:80])[C:77]([H:78])=[C:75]([H:76])[C:73]([H:74])=[C:71]1[H:72])([H:29])[H:30])([C:31]1=[C:39]([H:40])[C:37]([H:38])=[C:35]([H:36])[C:33]([H:34])=[C:32]1[O:3][C@:41]([H:42])([H:43])[H:44])[C:45]1=[C:54]([H:55])[C:52]([H:53])=[C:50]([H:51])[C:48]([H:49])=[C:46]1[H:47])<-[C:5]1([H:6])=[C:7]->2([H:8])[C@@:9]([H:10])([H:11])[C@:12]([H:13])([H:14])[C:15]->3([H:16])=[C:17]->4([H:18])[C@@:19]([H:20])([H:21])[C@:22]1([H:23])[H:24],[H]C([H])([H])C([H])([H])N(C([H])([H])C([H])([H])[H])C([H])([H])C([H])([H])[H].[H]OC([H])([H])[H],OC([C@H](CC1=CC=C(C(C)(C)C)C=C1)C2=CC=C(C(C)(C)C)C=C2)=O,OC([C@@H](CC1=CC=C(C(C)(C)C)C=C1)C2=CC=C(C(C)(C)C)C=C2)=O,OC(/C(C1=CC=C(C(C)(C)C)C=C1)=C/C2=CC=C(C(C)(C)C)C=C2)=O,60,20,,,,2
IAW00000719,CAT-41,SOL-2,,,REA-13,[Rh+]1234(<-[P:1]([C:21]5=[C:24]([C:25]6=[C:40]([P:2]->1([C:57]1=[C:78]([H:88])[C:89]([H:96])=[C:90]([H:97])[C:79]([H:91])=[C:58]1[H:59])[C:60]1=[C:61]([H:62])[C:63]([H:64])=[C:65]([H:66])[C:67]([H:68])=[C:69]1[H:70])[C:38]([H:39])=[C:36]([H:37])[C:35]1=[C:26]6[C:27]([H:28])=[C:29]([H:30])[C:31]([H:32])=[C:33]1[H:34])[C:74]1=[C:82]([C:81]([H:92])=[C:73]5[H:80])[C:93]([H:98])=[C:84]([H:94])[C:75]([H:83])=[C:22]1[H:23])([C:41]1=[C:42]([H:43])[C:44]([H:45])=[C:46]([H:47])[C:48]([H:49])=[C:50]1[H:51])[C:52]1=[C:53]([H:54])[C:55]([H:56])=[C:77]([H:87])[C:86]([H:95])=[C:76]1[H:85])<-[C:3]1([H:4])=[C:5]->2([H:6])[C@@:7]([H:8])([H:71])[C@@:9]([H:10])([H:72])[C:11]->3([H:12])=[C:13]->4([H:14])[C@:15]([H:16])([H:17])[C@@:18]1([H:19])[H:20],[H]C([H])([H])C([H])([H])N(C([H])([H])C([H])([H])[H])C([H])([H])C([H])([H])[H].[H]OC([H])([H])[H],OC([C@H](CC1=CC=C(C(C)(C)C)C=C1)C2=CC=C(C(C)(C)C)C=C2)=O,OC([C@@H](CC1=CC=C(C(C)(C)C)C=C1)C2=CC=C(C(C)(C)C)C=C2)=O,OC(/C(C1=CC=C(C(C)(C)C)C=C1)=C/C2=CC=C(C(C)(C)C)C=C2)=O,60,20,,,,2
IAW00000720,CAT-42,SOL-2,,,REA-13,[Rh+2]123<-[O:44]=[C:52]([O-:45]->[Rh+2:1](<-[O:47]=[C:68]([O-:46]->1)[C@:69]([N:13]1[C:16](=[O:14])[C:17]4=[C:26]([C:24]([H:25])=[C:22]([H:23])[C:20]([H:21])=[C:18]4[H:19])[C:27]1=[O:15])([H:70])[C@@:71]([C@:72]([H:73])([H:74])[H:75])([C@:76]([H:77])([H:78])[H:79])[C@:80]([H:81])([H:82])[H:83])(<-[O-:49][C:84](=[O:48]->2)[C@:85]([N:28]1[C:31](=[O:29])[C:32]2=[C:40]([C:39]([H:118])=[C:37]([H:38])[C:35]([H:36])=[C:33]2[H:34])[C:41]1=[O:30])([H:86])[C@:87]([C@:88]([H:89])([H:90])[H:91])([C@:92]([H:93])([H:94])[H:95])[C@:96]([H:97])([H:98])[H:99])<-[O-:51][C:100](=[O:50]->3)[C@:101]([N:42]1[C:119](=[O:123])[C:124]2=[C:125]([C:120]1=[O:43])[C:127]([H:130])=[C:131]([H:133])[C:128]([H:132])=[C:126]2[H:129])([H:102])[C@@:103]([C@:104]([H:105])([H:106])[H:107])([C@:108]([H:109])([H:110])[H:111])[C@:112]([H:113])([H:114])[H:115])[C@:53]([N:2]1[C:5](=[O:3])[C:6]2=[C:11]([C:9]([H:10])=[C:117]([H:122])[C:116]([H:121])=[C:7]2[H:8])[C:12]1=[O:4])([H:54])[C@:55]([C@:56]([H:57])([H:58])[H:59])([C@:60]([H:61])([H:62])[H:63])[C@:64]([H:65])([H:66])[H:67],[H]C([H])([H])C([H])([H])N(C([H])([H])C([H])([H])[H])C([H])([H])C([H])([H])[H].[H]OC([H])([H])[H],OC([C@H](CC1=CC=C(C(C)(C)C)C=C1)C2=CC=C(C(C)(C)C)C=C2)=O,OC([C@@H](CC1=CC=C(C(C)(C)C)C=C1)C2=CC=C(C(C)(C)C)C=C2)=O,OC(/C(C1=CC=C(C(C)(C)C)C=C1)=C/C2=CC=C(C(C)(C)C)C=C2)=O,60,20,,,,2
IAW00000721,CAT-43,SOL-2,,,REA-13,[Rh+2]123<-[O:10]=[C:20]([O-:12]->[Rh+2:1](<-[O:13]=[C:21]([O-:11]->1)[C@:23]([N:19]1[C:49](=[O:15])[C:51]4=[C:61]([C:59]([Cl:9])=[C:57]([Cl:7])[C:55]([Cl:5])=[C:53]4[Cl:3])[C:63]1=[O:17])([H:25])[C@:27]([C@:29]([H:31])([H:33])[H:69])([C@:35]([H:37])([H:39])[H:41])[C@:43]([H:45])([H:47])[H:71])(<-[O:66]=[C:72]([O-:64]->2)[C@:74]([C@@:76]([C@:82]([H:92])([H:93])[H:94])([C@:83]([H:95])([H:96])[H:97])[C@:84]([H:98])([H:99])[H:100])([N:77]1[C:85](=[O:102])[C:101]2=[C:103]([C:86]1=[O:104])[C:119]([Cl:125])=[C:124]([Cl:131])[C:122]([Cl:130])=[C:118]2[Cl:123])[H:78])<-[O-:67][C:73](=[O:65]->3)[C@@:75]([N:79]1[C:87](=[O:105])[C:106]2=[C:107]([C:88]1=[O:108])[C:121]([Cl:129])=[C:128]([Cl:133])[C:127]([Cl:132])=[C:120]2[Cl:126])([C@:80]([C@:89]([H:109])([H:110])[H:111])([C@@:90]([H:112])([H:113])[H:114])[C@:91]([H:115])([H:116])[H:117])[H:81])[C@:22]([N:18]1[C:48](=[O:14])[C:50]2=[C:60]([C:58]([Cl:8])=[C:56]([Cl:6])[C:54]([Cl:4])=[C:52]2[Cl:2])[C:62]1=[O:16])([H:24])[C@:26]([C@:28]([H:30])([H:32])[H:68])([C@:34]([H:36])([H:38])[H:40])[C@:42]([H:44])([H:46])[H:70],[H]C([H])([H])C([H])([H])N(C([H])([H])C([H])([H])[H])C([H])([H])C([H])([H])[H].[H]OC([H])([H])[H],OC([C@H](CC1=CC=C(C(C)(C)C)C=C1)C2=CC=C(C(C)(C)C)C=C2)=O,OC([C@@H](CC1=CC=C(C(C)(C)C)C=C1)C2=CC=C(C(C)(C)C)C=C2)=O,OC(/C(C1=CC=C(C(C)(C)C)C=C1)=C/C2=CC=C(C(C)(C)C)C=C2)=O,60,20,,,,2
IAW00000722,CAT-44,SOL-2,,,REA-13,[Rh+2]123<-[O-:6][C:26](=[O:7]->[Rh+2:1](<-[O-:11][C:48](=[O:10]->1)[C@@:49]1([H:50])[N:23]([S@@:3](=[O:12])(=[O:13])[C:60]4=[C:68]([H:69])[C:66]([H:67])=[C:65]([C@@:114]([H:115])([H:116])[C@:117]([H:118])([H:119])[C@@:120]([H:121])([H:122])[C@:123]([H:124])([H:125])[C@@:126]([H:127])([H:128])[C@:129]([H:130])([H:131])[C@:132]([H:133])([H:134])[C@:135]([H:136])([H:137])[C@:138]([H:139])([H:140])[C@:141]([H:142])([H:143])[C@:144]([H:145])([H:146])[C@@:147]([H:148])([H:149])[H:150])[C:63]([H:64])=[C:61]4[H:62])[C@:57]([H:58])([H:59])[C@:54]([H:55])([H:56])[C@@:51]1([H:52])[H:53])(<-[O:15]=[C:70]([O-:14]->2)[C@@:71]1([H:72])[N:24]([S@:4](=[O:16])(=[O:17])[C:82]2=[C:90]([H:91])[C:88]([H:89])=[C:87]([C@:225]([H:226])([H:227])[C@@:228]([H:229])([H:230])[C@:231]([H:232])([H:233])[C@@:234]([H:235])([H:236])[C@:237]([H:238])([H:239])[C@@:240]([H:241])([H:242])[C@@:243]([H:244])([H:245])[C@@:246]([H:247])([H:248])[C@:249]([H:250])([H:251])[C@@:252]([H:253])([H:254])[C@:255]([H:256])([H:257])[C@@:258]([H:259])([H:260])[H:261])[C:85]([H:86])=[C:83]2[H:84])[C@:79]([H:80])([H:81])[C@:76]([H:77])([H:78])[C@:73]1([H:74])[H:75])<-[O-:19][C:92](=[O:18]->3)[C@@:93]1([H:94])[N:25]([S@:5](=[O:20])(=[O:21])[C:104]2=[C:105]([H:106])[C:107]([H:108])=[C:109]([C@@:188]([H:189])([H:190])[C@@:191]([H:192])([H:193])[C@@:194]([H:195])([H:196])[C@@:197]([H:198])([H:199])[C@@:200]([H:201])([H:202])[C@:203]([H:204])([H:205])[C@@:206]([H:207])([H:208])[C@:209]([H:210])([H:211])[C@@:212]([H:213])([H:214])[C@@:215]([H:216])([H:217])[C@@:218]([H:219])([H:220])[C@@:221]([H:222])([H:223])[H:224])[C:110]([H:111])=[C:112]2[H:113])[C@:101]([H:102])([H:103])[C@:98]([H:99])([H:100])[C@:95]1([H:96])[H:97])[C@@:27]1([H:28])[N:22]([S@@:2](=[O:8])(=[O:9])[C:38]2=[C:39]([H:40])[C:41]([H:42])=[C:43]([C@@:151]([H:152])([H:153])[C@:154]([H:155])([H:156])[C@@:157]([H:158])([H:159])[C@:160]([H:161])([H:162])[C@@:163]([H:164])([H:165])[C@:166]([H:167])([H:168])[C@@:169]([H:170])([H:171])[C@:172]([H:173])([H:174])[C@@:175]([H:176])([H:177])[C@:178]([H:179])([H:180])[C@@:181]([H:182])([H:183])[C@@:184]([H:185])([H:186])[H:187])[C:44]([H:45])=[C:46]2[H:47])[C@:35]([H:36])([H:37])[C@@:32]([H:33])([H:34])[C@:29]1([H:30])[H:31],[H]C([H])([H])C([H])([H])N(C([H])([H])C([H])([H])[H])C([H])([H])C([H])([H])[H].[H]OC([H])([H])[H],OC([C@H](CC1=CC=C(C(C)(C)C)C=C1)C2=CC=C(C(C)(C)C)C=C2)=O,OC([C@@H](CC1=CC=C(C(C)(C)C)C=C1)C2=CC=C(C(C)(C)C)C=C2)=O,OC(/C(C1=CC=C(C(C)(C)C)C=C1)=C/C2=CC=C(C(C)(C)C)C=C2)=O,60,20,,,,2
IAW00000723,CAT-45,SOL-1,,,REA-13,[P]12([C@@:22]([C@:23]([P:1]3(->[Co+2:42]<-145(<-[O:3]=[C:40]([O-:5]->4)[C@:130]([H:131])([H:132])[C@:133]([H:134])([H:135])[C@@:136]([H:137])([H:138])[C@:139]([H:140])([H:141])[C@@:142]([H:143])([H:144])[C@:145]([H:146])([H:147])[C@@:148]([H:149])([H:150])[C@:151]([H:152])([H:153])[C@@:154]([H:155])([H:156])[C@:157]([H:158])([H:159])[C@:160]([H:161])([H:162])[C@:163]([H:164])([H:165])[C@@:166]([H:167])([H:168])[C@:169]([H:170])([H:171])[C@@:172]([H:173])([H:174])[C@:175]([H:176])([H:177])[C@@:178]([H:179])([H:180])[H:181])<-[O-:7][C:41](=[O:9]->5)[C@:78]([H:79])([H:80])[C@:81]([H:82])([H:83])[C@:84]([H:85])([H:86])[C@@:87]([H:88])([H:89])[C@:90]([H:91])([H:92])[C@:93]([H:94])([H:95])[C@:96]([H:97])([H:98])[C@:99]([H:100])([H:101])[C@:102]([H:103])([H:104])[C@:105]([H:106])([H:107])[C@@:108]([H:109])([H:110])[C@:111]([H:112])([H:113])[C@@:114]([H:115])([H:116])[C@:117]([H:118])([H:119])[C@@:120]([H:121])([H:122])[C@:123]([H:124])([H:125])[C@@:126]([H:127])([H:128])[H:129])[C@@:24]([C:28]1=[C:33]([H:60])[C:32]([H:59])=[C:31]([H:58])[C:30]([H:57])=[C:29]1[H:56])([H:54])[C@:25]([H:74])([H:75])[C@@:26]([H:76])([H:77])[C@:27]3([C:34]1=[C:35]([H:61])[C:36]([H:62])=[C:37]([H:63])[C:38]([H:64])=[C:39]1[H:65])[H:55])([H:72])[H:73])([H:70])[H:71])[C@@:2]([C:10]1=[C:11]([H:45])[C:12]([H:182])=[C:13]([H:46])[C:14]([H:47])=[C:15]1[H:48])([H:43])[C@:4]([H:66])([H:67])[C@:6]([H:68])([H:69])[C@:8]2([C:16]1=[C:17]([H:49])[C:18]([H:50])=[C:19]([H:51])[C:20]([H:52])=[C:21]1[H:53])[H:44],[H]OC([H])([H])[H],OC([C@H](CC1=CC=C(C(C)(C)C)C=C1)C2=CC=C(C(C)(C)C)C=C2)=O,OC([C@@H](CC1=CC=C(C(C)(C)C)C=C1)C2=CC=C(C(C)(C)C)C=C2)=O,OC(/C(C1=CC=C(C(C)(C)C)C=C1)=C/C2=CC=C(C(C)(C)C)C=C2)=O,50,60,,,,2
IAW00000724,CAT-45,SOL-8,,,REA-13,[P]12([C@@:22]([C@:23]([P:1]3(->[Co+2:42]<-145(<-[O:3]=[C:40]([O-:5]->4)[C@:130]([H:131])([H:132])[C@:133]([H:134])([H:135])[C@@:136]([H:137])([H:138])[C@:139]([H:140])([H:141])[C@@:142]([H:143])([H:144])[C@:145]([H:146])([H:147])[C@@:148]([H:149])([H:150])[C@:151]([H:152])([H:153])[C@@:154]([H:155])([H:156])[C@:157]([H:158])([H:159])[C@:160]([H:161])([H:162])[C@:163]([H:164])([H:165])[C@@:166]([H:167])([H:168])[C@:169]([H:170])([H:171])[C@@:172]([H:173])([H:174])[C@:175]([H:176])([H:177])[C@@:178]([H:179])([H:180])[H:181])<-[O-:7][C:41](=[O:9]->5)[C@:78]([H:79])([H:80])[C@:81]([H:82])([H:83])[C@:84]([H:85])([H:86])[C@@:87]([H:88])([H:89])[C@:90]([H:91])([H:92])[C@:93]([H:94])([H:95])[C@:96]([H:97])([H:98])[C@:99]([H:100])([H:101])[C@:102]([H:103])([H:104])[C@:105]([H:106])([H:107])[C@@:108]([H:109])([H:110])[C@:111]([H:112])([H:113])[C@@:114]([H:115])([H:116])[C@:117]([H:118])([H:119])[C@@:120]([H:121])([H:122])[C@:123]([H:124])([H:125])[C@@:126]([H:127])([H:128])[H:129])[C@@:24]([C:28]1=[C:33]([H:60])[C:32]([H:59])=[C:31]([H:58])[C:30]([H:57])=[C:29]1[H:56])([H:54])[C@:25]([H:74])([H:75])[C@@:26]([H:76])([H:77])[C@:27]3([C:34]1=[C:35]([H:61])[C:36]([H:62])=[C:37]([H:63])[C:38]([H:64])=[C:39]1[H:65])[H:55])([H:72])[H:73])([H:70])[H:71])[C@@:2]([C:10]1=[C:11]([H:45])[C:12]([H:182])=[C:13]([H:46])[C:14]([H:47])=[C:15]1[H:48])([H:43])[C@:4]([H:66])([H:67])[C@:6]([H:68])([H:69])[C@:8]2([C:16]1=[C:17]([H:49])[C:18]([H:50])=[C:19]([H:51])[C:20]([H:52])=[C:21]1[H:53])[H:44],[H]OC(C([H])([H])[H])(C([H])([H])[H])C([H])([H])[H],OC([C@H](CC1=CC=C(C(C)(C)C)C=C1)C2=CC=C(C(C)(C)C)C=C2)=O,OC([C@@H](CC1=CC=C(C(C)(C)C)C=C1)C2=CC=C(C(C)(C)C)C=C2)=O,OC(/C(C1=CC=C(C(C)(C)C)C=C1)=C/C2=CC=C(C(C)(C)C)C=C2)=O,40,80,,,,2
IAW00000725,CAT-46,SOL-8,,,REA-13,[P]12([C:12]3=[C:2]([H:54])[C:3]([H:4])=[C:5]([H:6])[C:7]([H:8])=[C:9]3[P:1]3(->[Co+2:76]<-1(<-[O-:71][C:72](=[O:75])[C@@:79]([H:80])([H:81])[C@@:82]([H:83])([H:84])[C@:85]([H:86])([H:87])[C@@:88]([H:89])([H:90])[C@:91]([H:92])([H:93])[C@@:94]([H:95])([H:96])[C@:97]([H:98])([H:99])[C@@:100]([H:101])([H:102])[C@:103]([H:104])([H:105])[C@@:106]([H:107])([H:108])[C@@:109]([H:110])([H:111])[C@@:112]([H:113])([H:114])[C@:115]([H:116])([H:117])[C@:118]([H:119])([H:120])[C@:121]([H:122])([H:123])[C@:124]([H:125])([H:126])[C@@:127]([H:128])([H:129])[H:130])<-[O-:73][C:74](=[O:78])[C@@:131]([H:132])([H:133])[C@@:134]([H:135])([H:136])[C@:137]([H:138])([H:139])[C@@:140]([H:141])([H:142])[C@:143]([H:144])([H:145])[C@@:146]([H:147])([H:148])[C@:149]([H:150])([H:151])[C@@:152]([H:153])([H:154])[C@:155]([H:156])([H:157])[C@@:158]([H:159])([H:160])[C@:161]([H:162])([H:163])[C@@:164]([H:165])([H:166])[C@:167]([H:168])([H:169])[C@@:170]([H:171])([H:172])[C@:173]([H:174])([H:175])[C@@:176]([H:177])([H:178])[C@@:179]([H:180])([H:181])[H:182])[C@@:24]([H:25])([C@:34]([H:35])([C@:36]([H:37])([H:38])[H:77])[C@:39]([H:40])([H:41])[H:42])[C@:26]([H:27])([H:28])[C@@:29]([H:30])([H:31])[C@:32]3([H:33])[C@@:43]([H:44])([C@:45]([H:46])([H:47])[H:48])[C@:49]([H:50])([H:51])[H:52])[C@@:10]([H:11])([C@@:15]([H:16])([C@:17]([H:18])([H:19])[H:56])[C@:20]([H:21])([H:22])[H:23])[C@@:55]([H:60])([H:61])[C@:57]([H:62])([H:63])[C@@:53]2([C@@:58]([H:13])([C@:64]([H:66])([H:67])[H:68])[C@:65]([H:14])([H:69])[H:70])[H:59],[H]OC(C([H])([H])[H])(C([H])([H])[H])C([H])([H])[H],OC([C@H](CC1=CC=C(C(C)(C)C)C=C1)C2=CC=C(C(C)(C)C)C=C2)=O,OC([C@@H](CC1=CC=C(C(C)(C)C)C=C1)C2=CC=C(C(C)(C)C)C=C2)=O,OC(/C(C1=CC=C(C(C)(C)C)C=C1)=C/C2=CC=C(C(C)(C)C)C=C2)=O,40,80,,,,2
IAW00000726,CAT-47,SOL-8,,,REA-13,[Fe+2]123456789<-[C:3]%10([P:1]%11(->[Co+2:41](<-[P:2]%12([C:12]->1%13=[C:17]->2([H:18])[C:15]->3([H:16])=[C:14]->4([H:33])[C-:13]->5%13[H:32])[C@:29]([H:30])([C@@:148]([H:149])([H:150])[H:151])[C@:34]([H:37])([H:38])[C@:36]([H:39])([H:40])[C@@:31]%12([H:35])[C@@:156]([H:157])([H:158])[H:159])(<-[O-:42][C:45]([C@@:160]([C@@:46]([H:47])([H:48])[C@:49]([H:50])([H:51])[C@@:52]([H:53])([H:54])[C@:55]([H:56])([H:57])[C@@:58]([H:59])([H:60])[C@:61]([H:62])([H:63])[C@@:64]([H:65])([H:66])[C@:67]([H:68])([H:69])[C@@:70]([H:71])([H:72])[C@:73]([H:74])([H:75])[C@@:76]([H:77])([H:78])[C@:79]([H:80])([H:81])[C@@:82]([H:83])([H:84])[C@@:85]([H:86])([H:87])[C@@:88]([H:89])([H:90])[C@@:91]([H:92])([H:93])[H:94])([H:166])[H:167])=[O:165])<-[O-:43][C:44]([C@@:161]([C@@:95]([H:96])([H:97])[C@@:98]([H:99])([H:100])[C@:101]([H:102])([H:103])[C@@:104]([H:105])([H:106])[C@:107]([H:108])([H:109])[C@@:110]([H:111])([H:112])[C@:113]([H:114])([H:115])[C@@:116]([H:117])([H:118])[C@@:119]([H:120])([H:121])[C@@:122]([H:123])([H:124])[C@@:125]([H:126])([H:127])[C@:128]([H:129])([H:130])[C@@:131]([H:132])([H:133])[C@:134]([H:135])([H:136])[C@:137]([H:138])([H:139])[C@@:140]([H:141])([H:142])[H:143])([H:162])[H:163])=[O:164])[C@:19]([H:20])([C@@:144]([H:145])([H:146])[H:147])[C@@:21]([H:22])([H:23])[C@:24]([H:25])([H:26])[C@@:27]%11([H:28])[C@@:152]([H:153])([H:154])[H:155])=[C:4]->6([H:5])[C:6]->7([H:7])=[C:8]->8([H:9])[C-:10]->9%10[H:11],[H]OC(C([H])([H])[H])(C([H])([H])[H])C([H])([H])[H],OC([C@H](CC1=CC=C(C(C)(C)C)C=C1)C2=CC=C(C(C)(C)C)C=C2)=O,OC([C@@H](CC1=CC=C(C(C)(C)C)C=C1)C2=CC=C(C(C)(C)C)C=C2)=O,OC(/C(C1=CC=C(C(C)(C)C)C=C1)=C/C2=CC=C(C(C)(C)C)C=C2)=O,40,80,,,,2
IAW00000727,CAT-48,SOL-1,,,REA-13,[Co+2]123<-[O-:1][C:7](=[C:8]([C:9](=[N:5]->1[C@@:10]([C@:11]([N:6]->2=[C:12]([C:13](=[C:14]([O-:2]->3)[C@@:37]([H:71])([H:72])[H:74])[C:35](=[O:4])[C@@:36]([H:68])([H:69])[H:70])[H:41])([C:26]1=[C:31]([C@@:34]([H:65])([H:66])[H:67])[C:30]([H:58])=[C:29]([C@@:33]([H:62])([H:63])[H:64])[C:28]([H:57])=[C:27]1[C@@:32]([H:59])([H:60])[H:61])[H:40])([C:17]1=[C:22]([C@@:25]([H:54])([H:55])[H:56])[C:21]([H:47])=[C:20]([C@@:24]([H:51])([H:52])[H:53])[C:19]([H:46])=[C:18]1[C@@:23]([H:48])([H:49])[H:50])[H:39])[H:38])[C:15](=[O:3])[C@@:16]([H:43])([H:44])[H:45])[C@:73]([H:42])([H:75])[H:76],[H]OC([H])([H])[H],OC([C@H](CC1=CC=C(C(C)(C)C)C=C1)C2=CC=C(C(C)(C)C)C=C2)=O,OC([C@@H](CC1=CC=C(C(C)(C)C)C=C1)C2=CC=C(C(C)(C)C)C=C2)=O,OC(/C(C1=CC=C(C(C)(C)C)C=C1)=C/C2=CC=C(C(C)(C)C)C=C2)=O,50,60,,,,2
IAW00000728,CAT-49,SOL-1,,,REA-13,[N]12=[C:10]([C:9]3=[C:4]([O-:1]->[Co+2:40]<-14<-[N:2]([C@@:16]1([H:53])[C@@:11]2([H:44])[C@@:12]([H:45])([H:46])[C@:13]([H:47])([H:48])[C@@:14]([H:49])([H:50])[C@@:15]1([H:51])[H:52])=[C:17]([C:18]1=[C:23]([O-:3]->4)[C:22]([C@@:36]([C@@:37]([H:84])([H:85])[H:86])([C@@:38]([H:87])([H:88])[H:89])[C@@:39]([H:90])([H:91])[H:92])=[C:21]([H:56])[C:20]([C@@:32]([C@@:33]([H:75])([H:76])[H:77])([C@@:34]([H:78])([H:79])[H:80])[C@@:35]([H:81])([H:82])[H:83])=[C:19]1[H:55])[H:54])[C:5]([C@:24]([C@@:25]([H:57])([H:58])[H:59])([C@@:26]([H:60])([H:61])[H:62])[C@@:27]([H:63])([H:64])[H:65])=[C:6]([H:41])[C:7]([C@@:28]([C@@:29]([H:66])([H:67])[H:68])([C@@:30]([H:69])([H:70])[H:71])[C@@:31]([H:72])([H:73])[H:74])=[C:8]3[H:42])[H:43],[H]OC([H])([H])[H],OC([C@H](CC1=CC=C(C(C)(C)C)C=C1)C2=CC=C(C(C)(C)C)C=C2)=O,OC([C@@H](CC1=CC=C(C(C)(C)C)C=C1)C2=CC=C(C(C)(C)C)C=C2)=O,OC(/C(C1=CC=C(C(C)(C)C)C=C1)=C/C2=CC=C(C(C)(C)C)C=C2)=O,50,60,,,,2
IAW00000729,CAT-50,SOL-1,,,REA-13,[Co+3]123(<-[Cl-:1])<-[O-:2][C:59]4=[C:62]([C@:11]([C@:12]([H:13])([H:14])[H:63])([C@:15]([H:16])([H:17])[H:18])[C@:19]([H:20])([H:21])[H:22])[C:71]([H:78])=[C:79]([C@:81]([C@@:82]([H:85])([H:86])[H:87])([C@@:83]([H:88])([H:89])[H:90])[C@:84]([H:91])([H:92])[H:93])[C:73]([H:80])=[C:66]4[C:65](=[N:58]->1[C@@:61]1([H:5])[C@@:9]([N:4]->2=[C:23]([H:24])[C:25]2=[C:26]([O-:3]->3)[C:27]([C@:33]([C@:34]([H:35])([H:36])[H:64])([C@:37]([H:38])([H:39])[H:40])[C@:41]([H:42])([H:43])[H:44])=[C:28]([H:29])[C:30]([C@@:45]([C@:46]([H:47])([H:48])[H:49])([C@:50]([H:51])([H:52])[H:53])[C@:54]([H:55])([H:56])[H:57])=[C:31]2[H:32])([H:10])[C@:6]([H:7])([H:8])[C@:60]([H:67])([H:69])[C@@:68]([H:74])([H:75])[C@:70]1([H:76])[H:77])[H:72],[H]OC([H])([H])[H],OC([C@H](CC1=CC=C(C(C)(C)C)C=C1)C2=CC=C(C(C)(C)C)C=C2)=O,OC([C@@H](CC1=CC=C(C(C)(C)C)C=C1)C2=CC=C(C(C)(C)C)C=C2)=O,OC(/C(C1=CC=C(C(C)(C)C)C=C1)=C/C2=CC=C(C(C)(C)C)C=C2)=O,50,60,,,,2
IAW00000730,CAT-51,SOL-1,,,REA-13,[Co+3]123(<-[O-:1][C:58]4=[C:61]([C@:10]([C@:11]([H:12])([H:13])[H:62])([C@:14]([H:15])([H:16])[H:17])[C@:18]([H:19])([H:20])[H:21])[C:70]([H:77])=[C:78]([C@:80]([C@@:81]([H:84])([H:85])[H:86])([C@@:82]([H:87])([H:88])[H:89])[C@:83]([H:90])([H:91])[H:92])[C:72]([H:79])=[C:65]4[C:64](=[N:57]->1[C@:60]1([H:4])[C@:8]([N:3]->2=[C:22]([H:23])[C:24]2=[C:25]([O-:2]->3)[C:26]([C@:32]([C@:33]([H:34])([H:35])[H:63])([C@:36]([H:37])([H:38])[H:39])[C@:40]([H:41])([H:42])[H:43])=[C:27]([H:28])[C:29]([C@@:44]([C@:45]([H:46])([H:47])[H:48])([C@:49]([H:50])([H:51])[H:52])[C@:53]([H:54])([H:55])[H:56])=[C:30]2[H:31])([H:9])[C@:5]([H:6])([H:7])[C@:59]([H:66])([H:68])[C@@:67]([H:73])([H:74])[C@:69]1([H:75])[H:76])[H:71])<-[O-:93][S@@:108]([C:94]1=[C:95]([H:100])[C:96]([H:101])=[C:97]([C@@:104]([H:105])([H:106])[H:107])[C:98]([H:102])=[C:99]1[H:103])(=[O:109])=[O:110],[H]OC([H])([H])[H],OC([C@H](CC1=CC=C(C(C)(C)C)C=C1)C2=CC=C(C(C)(C)C)C=C2)=O,OC([C@@H](CC1=CC=C(C(C)(C)C)C=C1)C2=CC=C(C(C)(C)C)C=C2)=O,OC(/C(C1=CC=C(C(C)(C)C)C=C1)=C/C2=CC=C(C(C)(C)C)C=C2)=O,50,60,,,,2
IAW00000731,CAT-52,SOL-9,,,REA-13,[Fe+2]123456789<-[C:3]%10([P:1]%11(->[Ni+2:71](<-[P:2]%12([C:12]->1%13=[C:17]->2([H:18])[C:15]->3([H:16])=[C:14]->4([H:33])[C-:13]->5%13[H:32])[C@:29]([H:30])([C@@:49]([H:50])([H:51])[H:52])[C@:34]([H:37])([H:38])[C@:36]([H:39])([H:40])[C@@:31]%12([H:35])[C@@:57]([H:58])([H:59])[H:60])(<-[O-:41][C:44]([C@@:61]([H:67])([H:68])[H:69])=[O:66])<-[O-:42][C:43]([C@@:62]([H:63])([H:64])[H:70])=[O:65])[C@:19]([H:20])([C@@:45]([H:46])([H:47])[H:48])[C@@:21]([H:22])([H:23])[C@:24]([H:25])([H:26])[C@@:27]%11([H:28])[C@@:53]([H:54])([H:55])[H:56])=[C:4]->6([H:5])[C:6]->7([H:7])=[C:8]->8([H:9])[C-:10]->9%10[H:11],[H]OC([H])([H])C(F)(F)F,OC([C@H](CC1=CC=C(C(C)(C)C)C=C1)C2=CC=C(C(C)(C)C)C=C2)=O,OC([C@@H](CC1=CC=C(C(C)(C)C)C=C1)C2=CC=C(C(C)(C)C)C=C2)=O,OC(/C(C1=CC=C(C(C)(C)C)C=C1)=C/C2=CC=C(C(C)(C)C)C=C2)=O,50,30,,,,2
IAW00000732,CAT-53,SOL-9,,,REA-13,C12[P:44]3(->[Ni+2:46](<-[O-:41][C:34]([C@:35]([H:36])([H:37])[H:38])=[O:40])(<-[O-:42][C:39](=[O:43])[C@@:48]([H:53])([H:54])[H:55])<-[P:45]4([C:1]1=[C:2]([H:3])[C:4]([H:5])=[C:6]([H:7])[C:8]=2[H:9])[C@:28]([H:29])([C@:30]([H:31])([H:32])[H:33])[C@@:47]([H:50])([H:51])[C@:52]([H:58])([H:59])[C@@:49]4([H:56])[C@@:57]([H:60])([H:61])[H:62])[C@@:14]([C@:10]([H:11])([H:12])[H:13])([H:15])[C@@:16]([H:17])([H:18])[C@@:19]([H:20])([H:21])[C@@:22]3([H:23])[C@:24]([H:25])([H:26])[H:27],[H]OC([H])([H])C(F)(F)F,OC([C@H](CC1=CC=C(C(C)(C)C)C=C1)C2=CC=C(C(C)(C)C)C=C2)=O,OC([C@@H](CC1=CC=C(C(C)(C)C)C=C1)C2=CC=C(C(C)(C)C)C=C2)=O,OC(/C(C1=CC=C(C(C)(C)C)C=C1)=C/C2=CC=C(C(C)(C)C)C=C2)=O,50,30,,,,2
IAW00000733,CAT-54,SOL-9,,,REA-13,[P]12([C@@:22]([C@:23]([P:1]3(->[Ni+2:86]<-1(<-[O-:5][C:40](=[O:3])[C@:80]([H:81])([H:82])[H:84])<-[O-:7][C:41](=[O:9])[C@:77]([H:78])([H:79])[H:85])[C@@:24]([C:28]1=[C:33]([H:59])[C:32]([H:58])=[C:31]([H:57])[C:30]([H:56])=[C:29]1[H:55])([H:53])[C@:25]([H:73])([H:74])[C@@:26]([H:75])([H:76])[C@:27]3([C:34]1=[C:35]([H:60])[C:36]([H:61])=[C:37]([H:62])[C:38]([H:63])=[C:39]1[H:64])[H:54])([H:71])[H:72])([H:69])[H:70])[C@@:2]([C:10]1=[C:11]([H:44])[C:12]([H:83])=[C:13]([H:45])[C:14]([H:46])=[C:15]1[H:47])([H:42])[C@:4]([H:65])([H:66])[C@:6]([H:67])([H:68])[C@:8]2([C:16]1=[C:17]([H:48])[C:18]([H:49])=[C:19]([H:50])[C:20]([H:51])=[C:21]1[H:52])[H:43],[H]OC([H])([H])C(F)(F)F,OC([C@H](CC1=CC=C(C(C)(C)C)C=C1)C2=CC=C(C(C)(C)C)C=C2)=O,OC([C@@H](CC1=CC=C(C(C)(C)C)C=C1)C2=CC=C(C(C)(C)C)C=C2)=O,OC(/C(C1=CC=C(C(C)(C)C)C=C1)=C/C2=CC=C(C(C)(C)C)C=C2)=O,50,30,,,,2
IAW00000734,CAT-55,SOL-9,,,REA-13,[P]12([C:12]3=[C:2]([H:54])[C:3]([H:4])=[C:5]([H:6])[C:7]([H:8])=[C:9]3[P:1]3(->[Ni+2:86]<-1(<-[O-:71][C:72](=[O:75])[C@@:78]([H:79])([H:80])[H:84])<-[O-:73][C:74](=[O:77])[C@@:81]([H:82])([H:83])[H:85])[C@@:24]([H:25])([C@:34]([H:35])([C@:36]([H:37])([H:38])[H:76])[C@:39]([H:40])([H:41])[H:42])[C@:26]([H:27])([H:28])[C@@:29]([H:30])([H:31])[C@:32]3([H:33])[C@@:43]([H:44])([C@:45]([H:46])([H:47])[H:48])[C@:49]([H:50])([H:51])[H:52])[C@@:10]([H:11])([C@@:15]([H:16])([C@:17]([H:18])([H:19])[H:56])[C@:20]([H:21])([H:22])[H:23])[C@@:55]([H:60])([H:61])[C@:57]([H:62])([H:63])[C@@:53]2([C@@:58]([H:13])([C@:64]([H:66])([H:67])[H:68])[C@:65]([H:14])([H:69])[H:70])[H:59],[H]OC([H])([H])C(F)(F)F,OC([C@H](CC1=CC=C(C(C)(C)C)C=C1)C2=CC=C(C(C)(C)C)C=C2)=O,OC([C@@H](CC1=CC=C(C(C)(C)C)C=C1)C2=CC=C(C(C)(C)C)C=C2)=O,OC(/C(C1=CC=C(C(C)(C)C)C=C1)=C/C2=CC=C(C(C)(C)C)C=C2)=O,50,30,,,,2
IAW00000735,CAT-56,SOL-9,,,REA-13,[Ni+2]1(<-[P:1]([C:2]2=[C:9]([H:10])[C:23]([H:24])=[C:34]([H:39])[C:38]([H:48])=[C:33]2[P:31]->1([C@@:35]([C@:40]([H:49])([H:50])[H:51])([C@:41]([H:52])([H:53])[H:54])[C@:42]([H:55])([H:56])[H:57])[C@:36]([H:43])([H:44])[H:45])([C@:8]([C@:4]([H:5])([H:6])[H:7])([C@:11]([H:12])([H:13])[H:14])[C@:15]([H:16])([H:17])[H:18])[C@:19]([H:20])([H:21])[H:22])(<-[O-:3][C:26](=[O:25])[C@:27]([H:28])([H:29])[H:30])<-[O-:32][C:37](=[O:46])[C@:47]([H:58])([H:59])[H:60],[H]OC([H])([H])C(F)(F)F,OC([C@H](CC1=CC=C(C(C)(C)C)C=C1)C2=CC=C(C(C)(C)C)C=C2)=O,OC([C@@H](CC1=CC=C(C(C)(C)C)C=C1)C2=CC=C(C(C)(C)C)C=C2)=O,OC(/C(C1=CC=C(C(C)(C)C)C=C1)=C/C2=CC=C(C(C)(C)C)C=C2)=O,50,30,,,,2
IAW00000736,CAT-57,SOL-1,,,REA-13,[Br-]->[Ni+2:1]12(<-[N:2]([H:3])([C@:28]3([H:29])[C@@:9]([H:10])([H:11])[C@@:35]([H:36])([H:37])[C@:38]([H:39])([H:40])[C@:12]([H:13])([H:14])[C@:17]3([N:7]->1([H:8])[C@:59]([H:60])([H:61])[C:70]1=[C:81]([H:92])[C:91]([H:96])=[C:95]([H:97])[C:90]([H:94])=[C:80]1[H:89])[H:18])[C@:30]([C:16]1=[C:26]([H:27])[C:20]([H:21])=[C:41]([H:42])[C:33]([H:34])=[C:22]1[H:23])([H:31])[H:32])(<-[N:4]([C@@:24]1([H:25])[C@@:19]([N:5]->2([H:6])[C@:54]([C:47]2=[C:50]([H:51])[C:52]([H:53])=[C:57]([H:58])[C:62]([H:63])=[C:48]2[H:49])([H:55])[H:56])([H:65])[C@@:66]([H:15])([H:72])[C@:71]([H:82])([H:83])[C@:75]([H:84])([H:85])[C@:67]1([H:73])[H:74])([C@:43]([H:44])([H:45])[C:46]1=[C:69]([H:79])[C:78]([H:88])=[C:86]([H:93])[C:76]([H:87])=[C:68]1[H:77])[H:98])<-[Br-:64],[H]OC([H])([H])[H],OC([C@H](CC1=CC=C(C(C)(C)C)C=C1)C2=CC=C(C(C)(C)C)C=C2)=O,OC([C@@H](CC1=CC=C(C(C)(C)C)C=C1)C2=CC=C(C(C)(C)C)C=C2)=O,OC(/C(C1=CC=C(C(C)(C)C)C=C1)=C/C2=CC=C(C(C)(C)C)C=C2)=O,50,60,,,,2
IAW00000737,CAT-58,SOL-1,,,REA-13,[N-]12[C:3](=[O:2])[C@@:4]3([H:5])[N:1]([C@:25]([C:28]4=[C:33]([H:14])[C:38]([H:48])=[C:49]([H:56])[C:39]([H:50])=[C:34]4[H:40])([H:29])[H:30])(->[Ni+2:58]<-14<-[N:32](=[C:27]([C:15]1=[C:16]2[C:17]([H:18])=[C:19]([H:20])[C:21]([H:22])=[C:23]1[H:24])[C:31]1=[C:36]([H:43])[C:44]([H:53])=[C:51]([H:57])[C:42]([H:52])=[C:35]1[H:41])[C@@:37]([H:45])([H:46])[C:47]([O-:54]->4)=[O:55])[C@@:12]([H:13])([H:26])[C@:9]([H:10])([H:11])[C@:6]3([H:7])[H:8],[H]OC([H])([H])[H],OC([C@H](CC1=CC=C(C(C)(C)C)C=C1)C2=CC=C(C(C)(C)C)C=C2)=O,OC([C@@H](CC1=CC=C(C(C)(C)C)C=C1)C2=CC=C(C(C)(C)C)C=C2)=O,OC(/C(C1=CC=C(C(C)(C)C)C=C1)=C/C2=CC=C(C(C)(C)C)C=C2)=O,60,20,,,,2
IAW00000738,CAT-59,SOL-1,,,REA-13,[Pd+2]1(<-[P:63]([C:3]2=[C:1]([C:2]3=[C:4]([P:64]->1([C:24]1=[C:26]([H:28])[C:30]([H:32])=[C:34]([H:74])[C:36]([H:76])=[C:38]1[H:40])[C:42]1=[C:60]([H:62])[C:56]([H:58])=[C:52]([H:54])[C:48]([H:50])=[C:44]1[H:46])[C:6]([H:8])=[C:10]([H:12])[C:14]1=[C:22]3[C:18]([H:20])=[C:72]([H:80])[C:69]([H:78])=[C:16]1[H:70])[C:21]1=[C:13]([C:9]([H:11])=[C:5]2[H:7])[C:15]([H:68])=[C:67]([H:77])[C:71]([H:79])=[C:17]1[H:19])([C:23]1=[C:25]([H:27])[C:29]([H:31])=[C:33]([H:73])[C:35]([H:75])=[C:37]1[H:39])[C:41]1=[C:43]([H:45])[C:47]([H:49])=[C:51]([H:53])[C:55]([H:57])=[C:59]1[H:61])(<-[Cl-:65])<-[Cl-:66],[H]OC([H])([H])[H],OC([C@H](CC1=CC=C(C(C)(C)C)C=C1)C2=CC=C(C(C)(C)C)C=C2)=O,OC([C@@H](CC1=CC=C(C(C)(C)C)C=C1)C2=CC=C(C(C)(C)C)C=C2)=O,OC(/C(C1=CC=C(C(C)(C)C)C=C1)=C/C2=CC=C(C(C)(C)C)C=C2)=O,60,20,,,,2
IAW00000739,CAT-60,SOL-1,,,REA-13,[Pd+2]123(<-[N:2]4=[C:12]([C:13]([N-:5]->1[C@:14]([C@:15]([H:34])([H:35])[H:36])([C:16]1=[N:8]->2[C:20]([H:33])=[C:19]([H:32])[C:18]([H:31])=[C:17]1[H:30])[H:29])=[O:9])[C:11]([H:28])=[C:10]([H:27])[C:7]([H:26])=[C:4]4[C@:1]([F:23])([F:24])[F:25])<-[O-:3][C:21](=[O:6]->3)[C@:22]([H:37])([H:38])[H:39],[H]OC([H])([H])[H],OC([C@H](CC1=CC=C(C(C)(C)C)C=C1)C2=CC=C(C(C)(C)C)C=C2)=O,OC([C@@H](CC1=CC=C(C(C)(C)C)C=C1)C2=CC=C(C(C)(C)C)C=C2)=O,OC(/C(C1=CC=C(C(C)(C)C)C=C1)=C/C2=CC=C(C(C)(C)C)C=C2)=O,60,20,,,,2
IAW00000740,CAT-61,SOL-1,,,REA-13,[Cr+3]123(<-[Cl-:1])<-[N:2]([C@:6]4([H:7])[C@:8]([H:9])([H:10])[C@@:11]([H:12])([H:13])[C@@:14]([H:78])([H:79])[C@@:15]([H:16])([H:17])[C@:18]4([N:3]->1=[C:42]([H:43])[C:44]1=[C:45]([O-:5]->2)[C:46]([C@:52]([C@:54]([H:55])([H:56])[H:57])([C@:58]([H:59])([H:60])[H:61])[C@:62]([H:63])([H:64])[H:65])=[C:47]([H:48])[C:49]([C@:53]([C@:66]([H:67])([H:68])[H:69])([C@:70]([H:71])([H:72])[H:73])[C@:74]([H:75])([H:76])[H:77])=[C:50]1[H:51])[H:19])=[C:20]([H:21])[C:22]1=[C:23]([O-:4]->3)[C:24]([C@@:80]([C@:31]([H:32])([H:33])[H:83])([C@@:84]([H:89])([H:90])[H:91])[C@@:85]([H:30])([H:92])[H:93])=[C:25]([H:81])[C:26]([C@@:29]([C@:34]([H:35])([H:36])[H:37])([C@:38]([H:39])([H:40])[H:41])[C@:82]([H:86])([H:87])[H:88])=[C:27]1[H:28],[H]OC([H])([H])[H],OC([C@H](CC1=CC=C(C(C)(C)C)C=C1)C2=CC=C(C(C)(C)C)C=C2)=O,OC([C@@H](CC1=CC=C(C(C)(C)C)C=C1)C2=CC=C(C(C)(C)C)C=C2)=O,OC(/C(C1=CC=C(C(C)(C)C)C=C1)=C/C2=CC=C(C(C)(C)C)C=C2)=O,50,60,,,,2
IAW00000741,CAT-62,SOL-1,,,REA-13,[Mn+3]123(<-[Cl-:1])<-[O-:2][C:6]4=[C:7]([C@:42]([C@:44]([H:45])([H:46])[H:47])([C@:48]([H:49])([H:50])[H:51])[C@@:79]([H:43])([H:86])[H:87])[C:8]([H:9])=[C:10]([C@@:52]([C@:53]([H:54])([H:55])[H:56])([C@:57]([H:58])([H:59])[H:80])[C@:60]([H:61])([H:62])[H:81])[C:11]([H:12])=[C:13]4[C:14](=[N:4]->1[C@:16]1([H:17])[C@:18]([H:19])([H:20])[C@@:21]([H:22])([H:23])[C@:24]([H:25])([H:26])[C@@:27]([H:28])([H:29])[C@:30]1([N:5]->2=[C:32]([H:33])[C:34]1=[C:35]([H:36])[C:37]([C@@:63]([C@:64]([H:65])([H:66])[H:67])([C@:68]([H:69])([H:70])[H:82])[C@:71]([H:72])([H:73])[H:74])=[C:38]([H:39])[C:40]([C@:78]([C@@:75]([H:76])([H:77])[H:83])([C@:84]([H:88])([H:89])[H:90])[C@:85]([H:91])([H:92])[H:93])=[C:41]1[O-:3]->3)[H:31])[H:15],[H]OC([H])([H])[H],OC([C@H](CC1=CC=C(C(C)(C)C)C=C1)C2=CC=C(C(C)(C)C)C=C2)=O,OC([C@@H](CC1=CC=C(C(C)(C)C)C=C1)C2=CC=C(C(C)(C)C)C=C2)=O,OC(/C(C1=CC=C(C(C)(C)C)C=C1)=C/C2=CC=C(C(C)(C)C)C=C2)=O,50,60,,,,2
IAW00000742,CAT-1,SOL-1,,,REA-14,[Ru+2]123(<-[P:1]([C:7]4=[C:8]([H:40])[C:60]([H:66])=[C:67]5[C:61](=[C:9]4[C:15]4=[C:14]6[C:13](=[C:12]([H:42])[C:11]([H:41])=[C:10]4[P:2]->1([C:28]1=[C:29]([H:54])[C:30]([H:55])=[C:31]([H:56])[C:32]([H:57])=[C:33]1[H:58])[C:34]1=[C:35]([H:59])[C:65]([H:74])=[C:75]([H:82])[C:73]([H:81])=[C:64]1[H:72])[C:62]([H:43])=[C:69]([H:79])[C:71]([H:80])=[C:63]6[H:70])[C:68]([H:77])=[C:78]([H:85])[C:83]([H:86])=[C:76]5[H:84])([C:16]1=[C:21]([H:48])[C:20]([H:47])=[C:19]([H:46])[C:18]([H:45])=[C:17]1[H:44])[C:22]1=[C:27]([H:53])[C:26]([H:52])=[C:25]([H:51])[C:24]([H:50])=[C:23]1[H:49])(<-[O-:3][C:36](=[O:4]->2)[C@@:37]([H:87])([H:88])[H:92])<-[O:5]=[C:38]([O-:6]->3)[C@@:39]([H:89])([H:90])[H:91],[H]OC([H])([H])[H],CC1=CC=C([C@@H](CC2=CC=C(C)C=C2)C(O)=O)C=C1,CC1=CC=C([C@H](CC2=CC=C(C)C=C2)C(O)=O)C=C1,CC1=CC=C(/C(C(O)=O)=C\C2=CC=C(C)C=C2)C=C1,60,5,,,,2
IAW00000743,CAT-1,SOL-1,,,REA-14,[Ru+2]123(<-[P:1]([C:7]4=[C:8]([H:40])[C:60]([H:66])=[C:67]5[C:61](=[C:9]4[C:15]4=[C:14]6[C:13](=[C:12]([H:42])[C:11]([H:41])=[C:10]4[P:2]->1([C:28]1=[C:29]([H:54])[C:30]([H:55])=[C:31]([H:56])[C:32]([H:57])=[C:33]1[H:58])[C:34]1=[C:35]([H:59])[C:65]([H:74])=[C:75]([H:82])[C:73]([H:81])=[C:64]1[H:72])[C:62]([H:43])=[C:69]([H:79])[C:71]([H:80])=[C:63]6[H:70])[C:68]([H:77])=[C:78]([H:85])[C:83]([H:86])=[C:76]5[H:84])([C:16]1=[C:21]([H:48])[C:20]([H:47])=[C:19]([H:46])[C:18]([H:45])=[C:17]1[H:44])[C:22]1=[C:27]([H:53])[C:26]([H:52])=[C:25]([H:51])[C:24]([H:50])=[C:23]1[H:49])(<-[O-:3][C:36](=[O:4]->2)[C@@:37]([H:87])([H:88])[H:92])<-[O:5]=[C:38]([O-:6]->3)[C@@:39]([H:89])([H:90])[H:91],[H]OC([H])([H])[H],CC1=CC=C([C@@H](CC2=CC=C(C)C=C2)C(O)=O)C=C1,CC1=CC=C([C@H](CC2=CC=C(C)C=C2)C(O)=O)C=C1,CC1=CC=C(/C(C(O)=O)=C\C2=CC=C(C)C=C2)C=C1,60,10,,,,2
IAW00000744,CAT-1,SOL-1,,,REA-14,[Ru+2]123(<-[P:1]([C:7]4=[C:8]([H:40])[C:60]([H:66])=[C:67]5[C:61](=[C:9]4[C:15]4=[C:14]6[C:13](=[C:12]([H:42])[C:11]([H:41])=[C:10]4[P:2]->1([C:28]1=[C:29]([H:54])[C:30]([H:55])=[C:31]([H:56])[C:32]([H:57])=[C:33]1[H:58])[C:34]1=[C:35]([H:59])[C:65]([H:74])=[C:75]([H:82])[C:73]([H:81])=[C:64]1[H:72])[C:62]([H:43])=[C:69]([H:79])[C:71]([H:80])=[C:63]6[H:70])[C:68]([H:77])=[C:78]([H:85])[C:83]([H:86])=[C:76]5[H:84])([C:16]1=[C:21]([H:48])[C:20]([H:47])=[C:19]([H:46])[C:18]([H:45])=[C:17]1[H:44])[C:22]1=[C:27]([H:53])[C:26]([H:52])=[C:25]([H:51])[C:24]([H:50])=[C:23]1[H:49])(<-[O-:3][C:36](=[O:4]->2)[C@@:37]([H:87])([H:88])[H:92])<-[O:5]=[C:38]([O-:6]->3)[C@@:39]([H:89])([H:90])[H:91],[H]OC([H])([H])[H],CC1=CC=C([C@@H](CC2=CC=C(C)C=C2)C(O)=O)C=C1,CC1=CC=C([C@H](CC2=CC=C(C)C=C2)C(O)=O)C=C1,CC1=CC=C(/C(C(O)=O)=C\C2=CC=C(C)C=C2)C=C1,60,30,,,,2
IAW00000745,CAT-1,SOL-1,,,REA-14,[Ru+2]123(<-[P:1]([C:7]4=[C:8]([H:40])[C:60]([H:66])=[C:67]5[C:61](=[C:9]4[C:15]4=[C:14]6[C:13](=[C:12]([H:42])[C:11]([H:41])=[C:10]4[P:2]->1([C:28]1=[C:29]([H:54])[C:30]([H:55])=[C:31]([H:56])[C:32]([H:57])=[C:33]1[H:58])[C:34]1=[C:35]([H:59])[C:65]([H:74])=[C:75]([H:82])[C:73]([H:81])=[C:64]1[H:72])[C:62]([H:43])=[C:69]([H:79])[C:71]([H:80])=[C:63]6[H:70])[C:68]([H:77])=[C:78]([H:85])[C:83]([H:86])=[C:76]5[H:84])([C:16]1=[C:21]([H:48])[C:20]([H:47])=[C:19]([H:46])[C:18]([H:45])=[C:17]1[H:44])[C:22]1=[C:27]([H:53])[C:26]([H:52])=[C:25]([H:51])[C:24]([H:50])=[C:23]1[H:49])(<-[O-:3][C:36](=[O:4]->2)[C@@:37]([H:87])([H:88])[H:92])<-[O:5]=[C:38]([O-:6]->3)[C@@:39]([H:89])([H:90])[H:91],[H]OC([H])([H])[H],CC1=CC=C([C@@H](CC2=CC=C(C)C=C2)C(O)=O)C=C1,CC1=CC=C([C@H](CC2=CC=C(C)C=C2)C(O)=O)C=C1,CC1=CC=C(/C(C(O)=O)=C\C2=CC=C(C)C=C2)C=C1,60,50,,,,2
IAW00000746,CAT-1,SOL-1,,,REA-14,[Ru+2]123(<-[P:1]([C:7]4=[C:8]([H:40])[C:60]([H:66])=[C:67]5[C:61](=[C:9]4[C:15]4=[C:14]6[C:13](=[C:12]([H:42])[C:11]([H:41])=[C:10]4[P:2]->1([C:28]1=[C:29]([H:54])[C:30]([H:55])=[C:31]([H:56])[C:32]([H:57])=[C:33]1[H:58])[C:34]1=[C:35]([H:59])[C:65]([H:74])=[C:75]([H:82])[C:73]([H:81])=[C:64]1[H:72])[C:62]([H:43])=[C:69]([H:79])[C:71]([H:80])=[C:63]6[H:70])[C:68]([H:77])=[C:78]([H:85])[C:83]([H:86])=[C:76]5[H:84])([C:16]1=[C:21]([H:48])[C:20]([H:47])=[C:19]([H:46])[C:18]([H:45])=[C:17]1[H:44])[C:22]1=[C:27]([H:53])[C:26]([H:52])=[C:25]([H:51])[C:24]([H:50])=[C:23]1[H:49])(<-[O-:3][C:36](=[O:4]->2)[C@@:37]([H:87])([H:88])[H:92])<-[O:5]=[C:38]([O-:6]->3)[C@@:39]([H:89])([H:90])[H:91],[H]OC([H])([H])[H],CC1=CC=C([C@@H](CC2=CC=C(C)C=C2)C(O)=O)C=C1,CC1=CC=C([C@H](CC2=CC=C(C)C=C2)C(O)=O)C=C1,CC1=CC=C(/C(C(O)=O)=C\C2=CC=C(C)C=C2)C=C1,60,70,,,,2
IAW00000747,CAT-1,SOL-1,,,REA-14,[Ru+2]123(<-[P:1]([C:7]4=[C:8]([H:40])[C:60]([H:66])=[C:67]5[C:61](=[C:9]4[C:15]4=[C:14]6[C:13](=[C:12]([H:42])[C:11]([H:41])=[C:10]4[P:2]->1([C:28]1=[C:29]([H:54])[C:30]([H:55])=[C:31]([H:56])[C:32]([H:57])=[C:33]1[H:58])[C:34]1=[C:35]([H:59])[C:65]([H:74])=[C:75]([H:82])[C:73]([H:81])=[C:64]1[H:72])[C:62]([H:43])=[C:69]([H:79])[C:71]([H:80])=[C:63]6[H:70])[C:68]([H:77])=[C:78]([H:85])[C:83]([H:86])=[C:76]5[H:84])([C:16]1=[C:21]([H:48])[C:20]([H:47])=[C:19]([H:46])[C:18]([H:45])=[C:17]1[H:44])[C:22]1=[C:27]([H:53])[C:26]([H:52])=[C:25]([H:51])[C:24]([H:50])=[C:23]1[H:49])(<-[O-:3][C:36](=[O:4]->2)[C@@:37]([H:87])([H:88])[H:92])<-[O:5]=[C:38]([O-:6]->3)[C@@:39]([H:89])([H:90])[H:91],[H]OC([H])([H])[H],CC1=CC=C([C@@H](CC2=CC=C(C)C=C2)C(O)=O)C=C1,CC1=CC=C([C@H](CC2=CC=C(C)C=C2)C(O)=O)C=C1,CC1=CC=C(/C(C(O)=O)=C\C2=CC=C(C)C=C2)C=C1,60,90,,,,2
IAW00000748,CAT-1,SOL-1,,,REA-14,[Ru+2]123(<-[P:1]([C:7]4=[C:8]([H:40])[C:60]([H:66])=[C:67]5[C:61](=[C:9]4[C:15]4=[C:14]6[C:13](=[C:12]([H:42])[C:11]([H:41])=[C:10]4[P:2]->1([C:28]1=[C:29]([H:54])[C:30]([H:55])=[C:31]([H:56])[C:32]([H:57])=[C:33]1[H:58])[C:34]1=[C:35]([H:59])[C:65]([H:74])=[C:75]([H:82])[C:73]([H:81])=[C:64]1[H:72])[C:62]([H:43])=[C:69]([H:79])[C:71]([H:80])=[C:63]6[H:70])[C:68]([H:77])=[C:78]([H:85])[C:83]([H:86])=[C:76]5[H:84])([C:16]1=[C:21]([H:48])[C:20]([H:47])=[C:19]([H:46])[C:18]([H:45])=[C:17]1[H:44])[C:22]1=[C:27]([H:53])[C:26]([H:52])=[C:25]([H:51])[C:24]([H:50])=[C:23]1[H:49])(<-[O-:3][C:36](=[O:4]->2)[C@@:37]([H:87])([H:88])[H:92])<-[O:5]=[C:38]([O-:6]->3)[C@@:39]([H:89])([H:90])[H:91],[H]OC([H])([H])[H],CC1=CC=C([C@@H](CC2=CC=C(C)C=C2)C(O)=O)C=C1,CC1=CC=C([C@H](CC2=CC=C(C)C=C2)C(O)=O)C=C1,CC1=CC=C(/C(C(O)=O)=C\C2=CC=C(C)C=C2)C=C1,60,100,,,,2
IAW00000749,CAT-1,SOL-1,,,REA-14,[Ru+2]123(<-[P:1]([C:7]4=[C:8]([H:40])[C:60]([H:66])=[C:67]5[C:61](=[C:9]4[C:15]4=[C:14]6[C:13](=[C:12]([H:42])[C:11]([H:41])=[C:10]4[P:2]->1([C:28]1=[C:29]([H:54])[C:30]([H:55])=[C:31]([H:56])[C:32]([H:57])=[C:33]1[H:58])[C:34]1=[C:35]([H:59])[C:65]([H:74])=[C:75]([H:82])[C:73]([H:81])=[C:64]1[H:72])[C:62]([H:43])=[C:69]([H:79])[C:71]([H:80])=[C:63]6[H:70])[C:68]([H:77])=[C:78]([H:85])[C:83]([H:86])=[C:76]5[H:84])([C:16]1=[C:21]([H:48])[C:20]([H:47])=[C:19]([H:46])[C:18]([H:45])=[C:17]1[H:44])[C:22]1=[C:27]([H:53])[C:26]([H:52])=[C:25]([H:51])[C:24]([H:50])=[C:23]1[H:49])(<-[O-:3][C:36](=[O:4]->2)[C@@:37]([H:87])([H:88])[H:92])<-[O:5]=[C:38]([O-:6]->3)[C@@:39]([H:89])([H:90])[H:91],[H]OC([H])([H])[H],CC1=CC=C([C@@H](CC2=CC=C(C)C=C2)C(O)=O)C=C1,CC1=CC=C([C@H](CC2=CC=C(C)C=C2)C(O)=O)C=C1,CC1=CC=C(/C(C(O)=O)=C\C2=CC=C(C)C=C2)C=C1,50,100,,,,2
IAW00000750,CAT-1,SOL-1,,,REA-14,[Ru+2]123(<-[P:1]([C:7]4=[C:8]([H:40])[C:60]([H:66])=[C:67]5[C:61](=[C:9]4[C:15]4=[C:14]6[C:13](=[C:12]([H:42])[C:11]([H:41])=[C:10]4[P:2]->1([C:28]1=[C:29]([H:54])[C:30]([H:55])=[C:31]([H:56])[C:32]([H:57])=[C:33]1[H:58])[C:34]1=[C:35]([H:59])[C:65]([H:74])=[C:75]([H:82])[C:73]([H:81])=[C:64]1[H:72])[C:62]([H:43])=[C:69]([H:79])[C:71]([H:80])=[C:63]6[H:70])[C:68]([H:77])=[C:78]([H:85])[C:83]([H:86])=[C:76]5[H:84])([C:16]1=[C:21]([H:48])[C:20]([H:47])=[C:19]([H:46])[C:18]([H:45])=[C:17]1[H:44])[C:22]1=[C:27]([H:53])[C:26]([H:52])=[C:25]([H:51])[C:24]([H:50])=[C:23]1[H:49])(<-[O-:3][C:36](=[O:4]->2)[C@@:37]([H:87])([H:88])[H:92])<-[O:5]=[C:38]([O-:6]->3)[C@@:39]([H:89])([H:90])[H:91],[H]OC([H])([H])[H],CC1=CC=C([C@@H](CC2=CC=C(C)C=C2)C(O)=O)C=C1,CC1=CC=C([C@H](CC2=CC=C(C)C=C2)C(O)=O)C=C1,CC1=CC=C(/C(C(O)=O)=C\C2=CC=C(C)C=C2)C=C1,40,100,,,,2
IAW00000751,CAT-2,SOL-1,,,REA-14,[Ru+2]123(<-[P:1]([C:9]4=[C:17]([H:19])[C:11]([H:67])=[C:27]([H:68])[C:41]([H:69])=[C:13]4[H:15])([C:25]4=[C:31]([H:33])[C:23]([H:70])=[C:43]([H:71])[C:53]([H:72])=[C:49]4[H:51])[C:39]4=[C:21]([C:22]5=[C:8]6[O:4][C@:56]([H:58])([H:60])[O:6][C:30]6=[C:36]([H:38])[C:46]([H:48])=[C:40]5[P:2]->1([C:10]1=[C:14]([H:16])[C:42]([H:64])=[C:28]([H:65])[C:12]([H:66])=[C:18]1[H:20])[C:26]1=[C:32]([H:34])[C:24]([H:63])=[C:44]([H:62])[C:54]([H:61])=[C:50]1[H:52])[C:7]1=[C:29]([O:5][C@@:55]([H:57])([H:59])[O:3]1)[C:35]([H:37])=[C:45]4[H:47])(<-[O-:75][C:73](=[O:77]->2)[C@@:79]([H:80])([H:81])[H:85])<-[O-:76][C:74](=[O:78]->3)[C@:82]([H:83])([H:84])[H:86],[H]OC([H])([H])[H],CC1=CC=C([C@@H](CC2=CC=C(C)C=C2)C(O)=O)C=C1,CC1=CC=C([C@H](CC2=CC=C(C)C=C2)C(O)=O)C=C1,CC1=CC=C(/C(C(O)=O)=C\C2=CC=C(C)C=C2)C=C1,60,10,,,,2
IAW00000752,CAT-2,SOL-1,,,REA-14,[Ru+2]123(<-[P:1]([C:9]4=[C:17]([H:19])[C:11]([H:67])=[C:27]([H:68])[C:41]([H:69])=[C:13]4[H:15])([C:25]4=[C:31]([H:33])[C:23]([H:70])=[C:43]([H:71])[C:53]([H:72])=[C:49]4[H:51])[C:39]4=[C:21]([C:22]5=[C:8]6[O:4][C@:56]([H:58])([H:60])[O:6][C:30]6=[C:36]([H:38])[C:46]([H:48])=[C:40]5[P:2]->1([C:10]1=[C:14]([H:16])[C:42]([H:64])=[C:28]([H:65])[C:12]([H:66])=[C:18]1[H:20])[C:26]1=[C:32]([H:34])[C:24]([H:63])=[C:44]([H:62])[C:54]([H:61])=[C:50]1[H:52])[C:7]1=[C:29]([O:5][C@@:55]([H:57])([H:59])[O:3]1)[C:35]([H:37])=[C:45]4[H:47])(<-[O-:75][C:73](=[O:77]->2)[C@@:79]([H:80])([H:81])[H:85])<-[O-:76][C:74](=[O:78]->3)[C@:82]([H:83])([H:84])[H:86],[H]OC([H])([H])[H],CC1=CC=C([C@@H](CC2=CC=C(C)C=C2)C(O)=O)C=C1,CC1=CC=C([C@H](CC2=CC=C(C)C=C2)C(O)=O)C=C1,CC1=CC=C(/C(C(O)=O)=C\C2=CC=C(C)C=C2)C=C1,60,30,,,,2
IAW00000753,CAT-2,SOL-1,,,REA-14,[Ru+2]123(<-[P:1]([C:9]4=[C:17]([H:19])[C:11]([H:67])=[C:27]([H:68])[C:41]([H:69])=[C:13]4[H:15])([C:25]4=[C:31]([H:33])[C:23]([H:70])=[C:43]([H:71])[C:53]([H:72])=[C:49]4[H:51])[C:39]4=[C:21]([C:22]5=[C:8]6[O:4][C@:56]([H:58])([H:60])[O:6][C:30]6=[C:36]([H:38])[C:46]([H:48])=[C:40]5[P:2]->1([C:10]1=[C:14]([H:16])[C:42]([H:64])=[C:28]([H:65])[C:12]([H:66])=[C:18]1[H:20])[C:26]1=[C:32]([H:34])[C:24]([H:63])=[C:44]([H:62])[C:54]([H:61])=[C:50]1[H:52])[C:7]1=[C:29]([O:5][C@@:55]([H:57])([H:59])[O:3]1)[C:35]([H:37])=[C:45]4[H:47])(<-[O-:75][C:73](=[O:77]->2)[C@@:79]([H:80])([H:81])[H:85])<-[O-:76][C:74](=[O:78]->3)[C@:82]([H:83])([H:84])[H:86],[H]OC([H])([H])[H],CC1=CC=C([C@@H](CC2=CC=C(C)C=C2)C(O)=O)C=C1,CC1=CC=C([C@H](CC2=CC=C(C)C=C2)C(O)=O)C=C1,CC1=CC=C(/C(C(O)=O)=C\C2=CC=C(C)C=C2)C=C1,60,50,,,,2
IAW00000754,CAT-2,SOL-1,,,REA-14,[Ru+2]123(<-[P:1]([C:9]4=[C:17]([H:19])[C:11]([H:67])=[C:27]([H:68])[C:41]([H:69])=[C:13]4[H:15])([C:25]4=[C:31]([H:33])[C:23]([H:70])=[C:43]([H:71])[C:53]([H:72])=[C:49]4[H:51])[C:39]4=[C:21]([C:22]5=[C:8]6[O:4][C@:56]([H:58])([H:60])[O:6][C:30]6=[C:36]([H:38])[C:46]([H:48])=[C:40]5[P:2]->1([C:10]1=[C:14]([H:16])[C:42]([H:64])=[C:28]([H:65])[C:12]([H:66])=[C:18]1[H:20])[C:26]1=[C:32]([H:34])[C:24]([H:63])=[C:44]([H:62])[C:54]([H:61])=[C:50]1[H:52])[C:7]1=[C:29]([O:5][C@@:55]([H:57])([H:59])[O:3]1)[C:35]([H:37])=[C:45]4[H:47])(<-[O-:75][C:73](=[O:77]->2)[C@@:79]([H:80])([H:81])[H:85])<-[O-:76][C:74](=[O:78]->3)[C@:82]([H:83])([H:84])[H:86],[H]OC([H])([H])[H],CC1=CC=C([C@@H](CC2=CC=C(C)C=C2)C(O)=O)C=C1,CC1=CC=C([C@H](CC2=CC=C(C)C=C2)C(O)=O)C=C1,CC1=CC=C(/C(C(O)=O)=C\C2=CC=C(C)C=C2)C=C1,60,70,,,,2
IAW00000755,CAT-2,SOL-1,,,REA-14,[Ru+2]123(<-[P:1]([C:9]4=[C:17]([H:19])[C:11]([H:67])=[C:27]([H:68])[C:41]([H:69])=[C:13]4[H:15])([C:25]4=[C:31]([H:33])[C:23]([H:70])=[C:43]([H:71])[C:53]([H:72])=[C:49]4[H:51])[C:39]4=[C:21]([C:22]5=[C:8]6[O:4][C@:56]([H:58])([H:60])[O:6][C:30]6=[C:36]([H:38])[C:46]([H:48])=[C:40]5[P:2]->1([C:10]1=[C:14]([H:16])[C:42]([H:64])=[C:28]([H:65])[C:12]([H:66])=[C:18]1[H:20])[C:26]1=[C:32]([H:34])[C:24]([H:63])=[C:44]([H:62])[C:54]([H:61])=[C:50]1[H:52])[C:7]1=[C:29]([O:5][C@@:55]([H:57])([H:59])[O:3]1)[C:35]([H:37])=[C:45]4[H:47])(<-[O-:75][C:73](=[O:77]->2)[C@@:79]([H:80])([H:81])[H:85])<-[O-:76][C:74](=[O:78]->3)[C@:82]([H:83])([H:84])[H:86],[H]OC([H])([H])[H],CC1=CC=C([C@@H](CC2=CC=C(C)C=C2)C(O)=O)C=C1,CC1=CC=C([C@H](CC2=CC=C(C)C=C2)C(O)=O)C=C1,CC1=CC=C(/C(C(O)=O)=C\C2=CC=C(C)C=C2)C=C1,60,90,,,,2
IAW00000756,CAT-2,SOL-1,,,REA-14,[Ru+2]123(<-[P:1]([C:9]4=[C:17]([H:19])[C:11]([H:67])=[C:27]([H:68])[C:41]([H:69])=[C:13]4[H:15])([C:25]4=[C:31]([H:33])[C:23]([H:70])=[C:43]([H:71])[C:53]([H:72])=[C:49]4[H:51])[C:39]4=[C:21]([C:22]5=[C:8]6[O:4][C@:56]([H:58])([H:60])[O:6][C:30]6=[C:36]([H:38])[C:46]([H:48])=[C:40]5[P:2]->1([C:10]1=[C:14]([H:16])[C:42]([H:64])=[C:28]([H:65])[C:12]([H:66])=[C:18]1[H:20])[C:26]1=[C:32]([H:34])[C:24]([H:63])=[C:44]([H:62])[C:54]([H:61])=[C:50]1[H:52])[C:7]1=[C:29]([O:5][C@@:55]([H:57])([H:59])[O:3]1)[C:35]([H:37])=[C:45]4[H:47])(<-[O-:75][C:73](=[O:77]->2)[C@@:79]([H:80])([H:81])[H:85])<-[O-:76][C:74](=[O:78]->3)[C@:82]([H:83])([H:84])[H:86],[H]OC([H])([H])[H],CC1=CC=C([C@@H](CC2=CC=C(C)C=C2)C(O)=O)C=C1,CC1=CC=C([C@H](CC2=CC=C(C)C=C2)C(O)=O)C=C1,CC1=CC=C(/C(C(O)=O)=C\C2=CC=C(C)C=C2)C=C1,60,100,,,,2
IAW00000757,CAT-3,SOL-1,,,REA-14,[Ru+2]123(<-[P:1]([C:13]4=[C:17]([H:19])[C:45]([C@:67]([C@:145]([H:147])([H:149])[H:151])([C@:153]([H:155])([H:157])[H:159])[C@:161]([H:163])([H:165])[H:167])=[C:31]([O:9][C@:121]([H:123])([H:125])[H:127])[C:15]([C@:69]([C@:87]([H:89])([H:91])[H:93])([C@:105]([H:107])([H:109])[H:111])[C@:129]([H:131])([H:133])[H:135])=[C:21]4[H:23])([C:29]4=[C:55]([H:57])[C:71]([C@:103]([C@:95]([H:97])([H:99])[H:101])([C@:137]([H:139])([H:141])[H:143])[C@:171]([H:179])([H:180])[H:181])=[C:47]([O:7][C@@:169]([H:173])([H:174])[H:175])[C:27]([C@@:49]([C@:59]([H:61])([H:63])[H:65])([C@:73]([H:75])([H:77])[H:79])[C@:113]([H:115])([H:117])[H:119])=[C:35]4[H:37])[C:43]4=[C:25]([C:26]5=[C:12]6[O:4][C@:82]([H:84])([H:86])[O:6][C:34]6=[C:40]([H:42])[C:52]([H:54])=[C:44]5[P:2]->1([C:14]1=[C:18]([H:20])[C:46]([C@:68]([C@:146]([H:148])([H:150])[H:152])([C@:154]([H:156])([H:158])[H:160])[C@:162]([H:164])([H:166])[H:168])=[C:32]([O:10][C@:122]([H:124])([H:126])[H:128])[C:16]([C@:70]([C@:88]([H:90])([H:92])[H:94])([C@:106]([H:108])([H:110])[H:112])[C@:130]([H:132])([H:134])[H:136])=[C:22]1[H:24])[C:30]1=[C:36]([H:38])[C:28]([C@@:50]([C@:60]([H:62])([H:64])[H:66])([C@:74]([H:76])([H:78])[H:80])[C@:114]([H:116])([H:118])[H:120])=[C:48]([O:8][C@@:170]([H:176])([H:177])[H:178])[C:72]([C@:104]([C@:96]([H:98])([H:100])[H:102])([C@:138]([H:140])([H:142])[H:144])[C@:172]([H:182])([H:183])[H:184])=[C:56]1[H:58])[C:11]1=[C:33]([O:5][C@@:81]([H:83])([H:85])[O:3]1)[C:39]([H:41])=[C:51]4[H:53])(<-[O:187]=[C:185]([O-:189]->2)[C@@:191]([H:192])([H:193])[H:194])<-[O:188]=[C:186]([O-:190]->3)[C@@:195]([H:196])([H:197])[H:198],[H]OC([H])([H])[H],CC1=CC=C([C@@H](CC2=CC=C(C)C=C2)C(O)=O)C=C1,CC1=CC=C([C@H](CC2=CC=C(C)C=C2)C(O)=O)C=C1,CC1=CC=C(/C(C(O)=O)=C\C2=CC=C(C)C=C2)C=C1,60,5,,,,2
IAW00000758,CAT-3,SOL-1,,,REA-14,[Ru+2]123(<-[P:1]([C:13]4=[C:17]([H:19])[C:45]([C@:67]([C@:145]([H:147])([H:149])[H:151])([C@:153]([H:155])([H:157])[H:159])[C@:161]([H:163])([H:165])[H:167])=[C:31]([O:9][C@:121]([H:123])([H:125])[H:127])[C:15]([C@:69]([C@:87]([H:89])([H:91])[H:93])([C@:105]([H:107])([H:109])[H:111])[C@:129]([H:131])([H:133])[H:135])=[C:21]4[H:23])([C:29]4=[C:55]([H:57])[C:71]([C@:103]([C@:95]([H:97])([H:99])[H:101])([C@:137]([H:139])([H:141])[H:143])[C@:171]([H:179])([H:180])[H:181])=[C:47]([O:7][C@@:169]([H:173])([H:174])[H:175])[C:27]([C@@:49]([C@:59]([H:61])([H:63])[H:65])([C@:73]([H:75])([H:77])[H:79])[C@:113]([H:115])([H:117])[H:119])=[C:35]4[H:37])[C:43]4=[C:25]([C:26]5=[C:12]6[O:4][C@:82]([H:84])([H:86])[O:6][C:34]6=[C:40]([H:42])[C:52]([H:54])=[C:44]5[P:2]->1([C:14]1=[C:18]([H:20])[C:46]([C@:68]([C@:146]([H:148])([H:150])[H:152])([C@:154]([H:156])([H:158])[H:160])[C@:162]([H:164])([H:166])[H:168])=[C:32]([O:10][C@:122]([H:124])([H:126])[H:128])[C:16]([C@:70]([C@:88]([H:90])([H:92])[H:94])([C@:106]([H:108])([H:110])[H:112])[C@:130]([H:132])([H:134])[H:136])=[C:22]1[H:24])[C:30]1=[C:36]([H:38])[C:28]([C@@:50]([C@:60]([H:62])([H:64])[H:66])([C@:74]([H:76])([H:78])[H:80])[C@:114]([H:116])([H:118])[H:120])=[C:48]([O:8][C@@:170]([H:176])([H:177])[H:178])[C:72]([C@:104]([C@:96]([H:98])([H:100])[H:102])([C@:138]([H:140])([H:142])[H:144])[C@:172]([H:182])([H:183])[H:184])=[C:56]1[H:58])[C:11]1=[C:33]([O:5][C@@:81]([H:83])([H:85])[O:3]1)[C:39]([H:41])=[C:51]4[H:53])(<-[O:187]=[C:185]([O-:189]->2)[C@@:191]([H:192])([H:193])[H:194])<-[O:188]=[C:186]([O-:190]->3)[C@@:195]([H:196])([H:197])[H:198],[H]OC([H])([H])[H],CC1=CC=C([C@@H](CC2=CC=C(C)C=C2)C(O)=O)C=C1,CC1=CC=C([C@H](CC2=CC=C(C)C=C2)C(O)=O)C=C1,CC1=CC=C(/C(C(O)=O)=C\C2=CC=C(C)C=C2)C=C1,60,10,,,,2
IAW00000759,CAT-3,SOL-1,,,REA-14,[Ru+2]123(<-[P:1]([C:13]4=[C:17]([H:19])[C:45]([C@:67]([C@:145]([H:147])([H:149])[H:151])([C@:153]([H:155])([H:157])[H:159])[C@:161]([H:163])([H:165])[H:167])=[C:31]([O:9][C@:121]([H:123])([H:125])[H:127])[C:15]([C@:69]([C@:87]([H:89])([H:91])[H:93])([C@:105]([H:107])([H:109])[H:111])[C@:129]([H:131])([H:133])[H:135])=[C:21]4[H:23])([C:29]4=[C:55]([H:57])[C:71]([C@:103]([C@:95]([H:97])([H:99])[H:101])([C@:137]([H:139])([H:141])[H:143])[C@:171]([H:179])([H:180])[H:181])=[C:47]([O:7][C@@:169]([H:173])([H:174])[H:175])[C:27]([C@@:49]([C@:59]([H:61])([H:63])[H:65])([C@:73]([H:75])([H:77])[H:79])[C@:113]([H:115])([H:117])[H:119])=[C:35]4[H:37])[C:43]4=[C:25]([C:26]5=[C:12]6[O:4][C@:82]([H:84])([H:86])[O:6][C:34]6=[C:40]([H:42])[C:52]([H:54])=[C:44]5[P:2]->1([C:14]1=[C:18]([H:20])[C:46]([C@:68]([C@:146]([H:148])([H:150])[H:152])([C@:154]([H:156])([H:158])[H:160])[C@:162]([H:164])([H:166])[H:168])=[C:32]([O:10][C@:122]([H:124])([H:126])[H:128])[C:16]([C@:70]([C@:88]([H:90])([H:92])[H:94])([C@:106]([H:108])([H:110])[H:112])[C@:130]([H:132])([H:134])[H:136])=[C:22]1[H:24])[C:30]1=[C:36]([H:38])[C:28]([C@@:50]([C@:60]([H:62])([H:64])[H:66])([C@:74]([H:76])([H:78])[H:80])[C@:114]([H:116])([H:118])[H:120])=[C:48]([O:8][C@@:170]([H:176])([H:177])[H:178])[C:72]([C@:104]([C@:96]([H:98])([H:100])[H:102])([C@:138]([H:140])([H:142])[H:144])[C@:172]([H:182])([H:183])[H:184])=[C:56]1[H:58])[C:11]1=[C:33]([O:5][C@@:81]([H:83])([H:85])[O:3]1)[C:39]([H:41])=[C:51]4[H:53])(<-[O:187]=[C:185]([O-:189]->2)[C@@:191]([H:192])([H:193])[H:194])<-[O:188]=[C:186]([O-:190]->3)[C@@:195]([H:196])([H:197])[H:198],[H]OC([H])([H])[H],CC1=CC=C([C@@H](CC2=CC=C(C)C=C2)C(O)=O)C=C1,CC1=CC=C([C@H](CC2=CC=C(C)C=C2)C(O)=O)C=C1,CC1=CC=C(/C(C(O)=O)=C\C2=CC=C(C)C=C2)C=C1,60,30,,,,2
IAW00000760,CAT-3,SOL-1,,,REA-14,[Ru+2]123(<-[P:1]([C:13]4=[C:17]([H:19])[C:45]([C@:67]([C@:145]([H:147])([H:149])[H:151])([C@:153]([H:155])([H:157])[H:159])[C@:161]([H:163])([H:165])[H:167])=[C:31]([O:9][C@:121]([H:123])([H:125])[H:127])[C:15]([C@:69]([C@:87]([H:89])([H:91])[H:93])([C@:105]([H:107])([H:109])[H:111])[C@:129]([H:131])([H:133])[H:135])=[C:21]4[H:23])([C:29]4=[C:55]([H:57])[C:71]([C@:103]([C@:95]([H:97])([H:99])[H:101])([C@:137]([H:139])([H:141])[H:143])[C@:171]([H:179])([H:180])[H:181])=[C:47]([O:7][C@@:169]([H:173])([H:174])[H:175])[C:27]([C@@:49]([C@:59]([H:61])([H:63])[H:65])([C@:73]([H:75])([H:77])[H:79])[C@:113]([H:115])([H:117])[H:119])=[C:35]4[H:37])[C:43]4=[C:25]([C:26]5=[C:12]6[O:4][C@:82]([H:84])([H:86])[O:6][C:34]6=[C:40]([H:42])[C:52]([H:54])=[C:44]5[P:2]->1([C:14]1=[C:18]([H:20])[C:46]([C@:68]([C@:146]([H:148])([H:150])[H:152])([C@:154]([H:156])([H:158])[H:160])[C@:162]([H:164])([H:166])[H:168])=[C:32]([O:10][C@:122]([H:124])([H:126])[H:128])[C:16]([C@:70]([C@:88]([H:90])([H:92])[H:94])([C@:106]([H:108])([H:110])[H:112])[C@:130]([H:132])([H:134])[H:136])=[C:22]1[H:24])[C:30]1=[C:36]([H:38])[C:28]([C@@:50]([C@:60]([H:62])([H:64])[H:66])([C@:74]([H:76])([H:78])[H:80])[C@:114]([H:116])([H:118])[H:120])=[C:48]([O:8][C@@:170]([H:176])([H:177])[H:178])[C:72]([C@:104]([C@:96]([H:98])([H:100])[H:102])([C@:138]([H:140])([H:142])[H:144])[C@:172]([H:182])([H:183])[H:184])=[C:56]1[H:58])[C:11]1=[C:33]([O:5][C@@:81]([H:83])([H:85])[O:3]1)[C:39]([H:41])=[C:51]4[H:53])(<-[O:187]=[C:185]([O-:189]->2)[C@@:191]([H:192])([H:193])[H:194])<-[O:188]=[C:186]([O-:190]->3)[C@@:195]([H:196])([H:197])[H:198],[H]OC([H])([H])[H],CC1=CC=C([C@@H](CC2=CC=C(C)C=C2)C(O)=O)C=C1,CC1=CC=C([C@H](CC2=CC=C(C)C=C2)C(O)=O)C=C1,CC1=CC=C(/C(C(O)=O)=C\C2=CC=C(C)C=C2)C=C1,60,50,,,,2
IAW00000761,CAT-63,SOL-1,,,REA-14,[Ru+2]123(<-[P:1]([C:13]4=[C:17]([H:19])[C:45]([C@:67]([C@:145]([H:147])([H:149])[H:151])([C@:153]([H:155])([H:157])[H:159])[C@:161]([H:163])([H:165])[H:167])=[C:31]([O:9][C@:121]([H:123])([H:125])[H:127])[C:15]([C@:69]([C@:87]([H:89])([H:91])[H:93])([C@:105]([H:107])([H:109])[H:111])[C@:129]([H:131])([H:133])[H:135])=[C:21]4[H:23])([C:29]4=[C:55]([H:57])[C:71]([C@:103]([C@:95]([H:97])([H:99])[H:101])([C@:137]([H:139])([H:141])[H:143])[C@:171]([H:179])([H:180])[H:181])=[C:47]([O:7][C@@:169]([H:173])([H:174])[H:175])[C:27]([C@@:49]([C@:59]([H:61])([H:63])[H:65])([C@:73]([H:75])([H:77])[H:79])[C@:113]([H:115])([H:117])[H:119])=[C:35]4[H:37])[C:43]4=[C:25]([C:26]5=[C:12]6[O:4][C@:82]([H:84])([H:86])[O:6][C:34]6=[C:40]([H:42])[C:52]([H:54])=[C:44]5[P:2]->1([C:14]1=[C:18]([H:20])[C:46]([C@:68]([C@:146]([H:148])([H:150])[H:152])([C@:154]([H:156])([H:158])[H:160])[C@:162]([H:164])([H:166])[H:168])=[C:32]([O:10][C@:122]([H:124])([H:126])[H:128])[C:16]([C@:70]([C@:88]([H:90])([H:92])[H:94])([C@:106]([H:108])([H:110])[H:112])[C@:130]([H:132])([H:134])[H:136])=[C:22]1[H:24])[C:30]1=[C:36]([H:38])[C:28]([C@@:50]([C@:60]([H:62])([H:64])[H:66])([C@:74]([H:76])([H:78])[H:80])[C@:114]([H:116])([H:118])[H:120])=[C:48]([O:8][C@@:170]([H:176])([H:177])[H:178])[C:72]([C@:104]([C@:96]([H:98])([H:100])[H:102])([C@:138]([H:140])([H:142])[H:144])[C@:172]([H:182])([H:183])[H:184])=[C:56]1[H:58])[C:11]1=[C:33]([O:5][C@@:81]([H:83])([H:85])[O:3]1)[C:39]([H:41])=[C:51]4[H:53])(<-[O:187]=[C:185]([O-:189]->2)[C@@:191]([H:192])([H:193])[H:194])<-[O:188]=[C:186]([O-:190]->3)[C@@:195]([H:196])([H:197])[H:198],[H]OC([H])([H])[H],CC1=CC=C([C@@H](CC2=CC=C(C)C=C2)C(O)=O)C=C1,CC1=CC=C([C@H](CC2=CC=C(C)C=C2)C(O)=O)C=C1,CC1=CC=C(/C(C(O)=O)=C\C2=CC=C(C)C=C2)C=C1,60,50,,,,2
IAW00000762,CAT-3,SOL-1,,,REA-14,[H]c1c([H])c2[P](c3c([H])c(C(C([H])([H])[H])(C([H])([H])[H])C([H])([H])[H])c(OC([H])([H])[H])c(C(C([H])([H])[H])(C([H])([H])[H])C([H])([H])[H])c3[H])(c3c([H])c(C(C([H])([H])[H])(C([H])([H])[H])C([H])([H])[H])c(OC([H])([H])[H])c(C(C([H])([H])[H])(C([H])([H])[H])C([H])([H])[H])c3[H])->[Ru+2](<-[O-]C(=O)C([H])([H])[H])(<-[O-]C(=O)C([H])([H])[H])<-[P](c3c([H])c(C(C([H])([H])[H])(C([H])([H])[H])C([H])([H])[H])c(OC([H])([H])[H])c(C(C([H])([H])[H])(C([H])([H])[H])C([H])([H])[H])c3[H])(c3c([H])c(C(C([H])([H])[H])(C([H])([H])[H])C([H])([H])[H])c(OC([H])([H])[H])c(C(C([H])([H])[H])(C([H])([H])[H])C([H])([H])[H])c3[H])c3c([H])c([H])c4c(c3-c2c2c1OC([H])([H])O2)OC([H])([H])O4,[H]OC([H])([H])[H],CC1=CC=C([C@@H](CC2=CC=C(C)C=C2)C(O)=O)C=C1,CC1=CC=C([C@H](CC2=CC=C(C)C=C2)C(O)=O)C=C1,CC1=CC=C(/C(C(O)=O)=C\C2=CC=C(C)C=C2)C=C1,60,70,,,,2
IAW00000763,CAT-3,SOL-1,,,REA-14,[Ru+2]123(<-[P:1]([C:13]4=[C:17]([H:19])[C:45]([C@:67]([C@:145]([H:147])([H:149])[H:151])([C@:153]([H:155])([H:157])[H:159])[C@:161]([H:163])([H:165])[H:167])=[C:31]([O:9][C@:121]([H:123])([H:125])[H:127])[C:15]([C@:69]([C@:87]([H:89])([H:91])[H:93])([C@:105]([H:107])([H:109])[H:111])[C@:129]([H:131])([H:133])[H:135])=[C:21]4[H:23])([C:29]4=[C:55]([H:57])[C:71]([C@:103]([C@:95]([H:97])([H:99])[H:101])([C@:137]([H:139])([H:141])[H:143])[C@:171]([H:179])([H:180])[H:181])=[C:47]([O:7][C@@:169]([H:173])([H:174])[H:175])[C:27]([C@@:49]([C@:59]([H:61])([H:63])[H:65])([C@:73]([H:75])([H:77])[H:79])[C@:113]([H:115])([H:117])[H:119])=[C:35]4[H:37])[C:43]4=[C:25]([C:26]5=[C:12]6[O:4][C@:82]([H:84])([H:86])[O:6][C:34]6=[C:40]([H:42])[C:52]([H:54])=[C:44]5[P:2]->1([C:14]1=[C:18]([H:20])[C:46]([C@:68]([C@:146]([H:148])([H:150])[H:152])([C@:154]([H:156])([H:158])[H:160])[C@:162]([H:164])([H:166])[H:168])=[C:32]([O:10][C@:122]([H:124])([H:126])[H:128])[C:16]([C@:70]([C@:88]([H:90])([H:92])[H:94])([C@:106]([H:108])([H:110])[H:112])[C@:130]([H:132])([H:134])[H:136])=[C:22]1[H:24])[C:30]1=[C:36]([H:38])[C:28]([C@@:50]([C@:60]([H:62])([H:64])[H:66])([C@:74]([H:76])([H:78])[H:80])[C@:114]([H:116])([H:118])[H:120])=[C:48]([O:8][C@@:170]([H:176])([H:177])[H:178])[C:72]([C@:104]([C@:96]([H:98])([H:100])[H:102])([C@:138]([H:140])([H:142])[H:144])[C@:172]([H:182])([H:183])[H:184])=[C:56]1[H:58])[C:11]1=[C:33]([O:5][C@@:81]([H:83])([H:85])[O:3]1)[C:39]([H:41])=[C:51]4[H:53])(<-[O:187]=[C:185]([O-:189]->2)[C@@:191]([H:192])([H:193])[H:194])<-[O:188]=[C:186]([O-:190]->3)[C@@:195]([H:196])([H:197])[H:198],[H]OC([H])([H])[H],CC1=CC=C([C@@H](CC2=CC=C(C)C=C2)C(O)=O)C=C1,CC1=CC=C([C@H](CC2=CC=C(C)C=C2)C(O)=O)C=C1,CC1=CC=C(/C(C(O)=O)=C\C2=CC=C(C)C=C2)C=C1,60,90,,,,2
IAW00000764,CAT-3,SOL-1,,,REA-14,[Ru+2]123(<-[P:1]([C:13]4=[C:17]([H:19])[C:45]([C@:67]([C@:145]([H:147])([H:149])[H:151])([C@:153]([H:155])([H:157])[H:159])[C@:161]([H:163])([H:165])[H:167])=[C:31]([O:9][C@:121]([H:123])([H:125])[H:127])[C:15]([C@:69]([C@:87]([H:89])([H:91])[H:93])([C@:105]([H:107])([H:109])[H:111])[C@:129]([H:131])([H:133])[H:135])=[C:21]4[H:23])([C:29]4=[C:55]([H:57])[C:71]([C@:103]([C@:95]([H:97])([H:99])[H:101])([C@:137]([H:139])([H:141])[H:143])[C@:171]([H:179])([H:180])[H:181])=[C:47]([O:7][C@@:169]([H:173])([H:174])[H:175])[C:27]([C@@:49]([C@:59]([H:61])([H:63])[H:65])([C@:73]([H:75])([H:77])[H:79])[C@:113]([H:115])([H:117])[H:119])=[C:35]4[H:37])[C:43]4=[C:25]([C:26]5=[C:12]6[O:4][C@:82]([H:84])([H:86])[O:6][C:34]6=[C:40]([H:42])[C:52]([H:54])=[C:44]5[P:2]->1([C:14]1=[C:18]([H:20])[C:46]([C@:68]([C@:146]([H:148])([H:150])[H:152])([C@:154]([H:156])([H:158])[H:160])[C@:162]([H:164])([H:166])[H:168])=[C:32]([O:10][C@:122]([H:124])([H:126])[H:128])[C:16]([C@:70]([C@:88]([H:90])([H:92])[H:94])([C@:106]([H:108])([H:110])[H:112])[C@:130]([H:132])([H:134])[H:136])=[C:22]1[H:24])[C:30]1=[C:36]([H:38])[C:28]([C@@:50]([C@:60]([H:62])([H:64])[H:66])([C@:74]([H:76])([H:78])[H:80])[C@:114]([H:116])([H:118])[H:120])=[C:48]([O:8][C@@:170]([H:176])([H:177])[H:178])[C:72]([C@:104]([C@:96]([H:98])([H:100])[H:102])([C@:138]([H:140])([H:142])[H:144])[C@:172]([H:182])([H:183])[H:184])=[C:56]1[H:58])[C:11]1=[C:33]([O:5][C@@:81]([H:83])([H:85])[O:3]1)[C:39]([H:41])=[C:51]4[H:53])(<-[O:187]=[C:185]([O-:189]->2)[C@@:191]([H:192])([H:193])[H:194])<-[O:188]=[C:186]([O-:190]->3)[C@@:195]([H:196])([H:197])[H:198],[H]OC([H])([H])[H],CC1=CC=C([C@@H](CC2=CC=C(C)C=C2)C(O)=O)C=C1,CC1=CC=C([C@H](CC2=CC=C(C)C=C2)C(O)=O)C=C1,CC1=CC=C(/C(C(O)=O)=C\C2=CC=C(C)C=C2)C=C1,60,100,,,,2
IAW00000765,CAT-4,SOL-1,,,REA-14,[Ru+2]1(<-[Cl-:1])(<-[Cl-:2])<-[P:3]([C:5]2=[C:11]([H:24])[C:23]([H:45])=[C:46]([H:63])[C:25]([H:47])=[C:12]2[H:26])([C:6]2=[C:14]([C:19]3=[C:9]([P:4]->1([C:8]1=[C:17]([H:34])[C:35]([H:54])=[C:55]([H:68])[C:37]([H:56])=[C:18]1[H:36])[C:10]1=[C:22]([H:44])[C:43]([H:62])=[C:61]([H:72])[C:42]([H:60])=[C:21]1[H:41])[C:20]([H:39])=[C:40]([H:59])[C:58]1=[C:38]3[C:57]([H:69])=[C:70]([H:76])[C:77]([H:80])=[C:71]1[H:78])[C:29]1=[C:49]([C:28]([H:48])=[C:13]2[H:27])[C:64]([H:73])=[C:74]([H:79])[C:66]([H:75])=[C:50]1[H:65])[C:7]1=[C:16]([H:32])[C:33]([H:53])=[C:52]([H:67])[C:31]([H:51])=[C:15]1[H:30],[H]OC([H])([H])[H],CC1=CC=C([C@@H](CC2=CC=C(C)C=C2)C(O)=O)C=C1,CC1=CC=C([C@H](CC2=CC=C(C)C=C2)C(O)=O)C=C1,CC1=CC=C(/C(C(O)=O)=C\C2=CC=C(C)C=C2)C=C1,60,100,,,,2
IAW00000766,CAT-5,SOL-1,,,REA-14,[Ru+2]123456(<-[P:1]([C:4]7=[C:3]([C:19]8=[C:20]([P:2]->1([C:57]1=[C:66]([H:67])[C:64]([H:65])=[C:62]([H:63])[C:60]([H:61])=[C:58]1[H:59])[C:68]1=[C:69]([H:70])[C:71]([H:72])=[C:73]([H:74])[C:75]([H:76])=[C:77]1[H:78])[C:21]([H:22])=[C:23]([H:24])[C:25]1=[C:26]8[C:27]([H:28])=[C:29]([H:30])[C:31]([H:32])=[C:33]1[H:34])[C:10]1=[C:9]([C:7]([H:8])=[C:5]7[H:6])[C:17]([H:18])=[C:15]([H:16])[C:13]([H:14])=[C:11]1[H:12])([C:35]1=[C:44]([H:45])[C:42]([H:43])=[C:40]([H:41])[C:38]([H:39])=[C:36]1[H:37])[C:46]1=[C:47]([H:48])[C:49]([H:50])=[C:51]([H:52])[C:53]([H:54])=[C:55]1[H:56])(<-[C:79]1([C@:89]([H:90])([H:91])[H:92])=[C:87]->2([H:88])[C:85]->3([H:86])=[C:84]->4([C@:93]([H:94])([C@@:95]([H:101])([H:102])[H:103])[C@@:96]([H:98])([H:99])[H:100])[C:82]->5([H:83])=[C:80]->61[H:81])<-[Cl-:97],[H]OC([H])([H])[H],CC1=CC=C([C@@H](CC2=CC=C(C)C=C2)C(O)=O)C=C1,CC1=CC=C([C@H](CC2=CC=C(C)C=C2)C(O)=O)C=C1,CC1=CC=C(/C(C(O)=O)=C\C2=CC=C(C)C=C2)C=C1,60,100,,,,2
IAW00000767,CAT-6,SOL-1,,,REA-14,[Ru+2]123456(<-[Cl-:1])(<-[P:2]([C:5]7=[C:4]([C:20]8=[C:21]([P:3]->1([C:47]1=[C:55]([H:56])[C:53]([H:54])=[C:52]([C@@:100]([H:101])([H:102])[H:103])[C:50]([H:51])=[C:48]1[H:49])[C:57]1=[C:86]([H:58])[C:96]([H:99])=[C:98]([C@@:104]([H:105])([H:106])[H:107])[C:95]([H:97])=[C:85]1[H:94])[C:80]([H:90])=[C:82]([H:92])[C:22]1=[C:23]8[C:24]([H:25])=[C:26]([H:27])[C:28]([H:29])=[C:81]1[H:91])[C:11]1=[C:10]([C:8]([H:9])=[C:6]7[H:7])[C:18]([H:19])=[C:16]([H:17])[C:14]([H:15])=[C:12]1[H:13])([C:30]1=[C:31]([H:32])[C:33]([H:34])=[C:35]([C@@:108]([H:109])([H:110])[H:111])[C:36]([H:37])=[C:38]1[H:39])[C:40]1=[C:41]([H:42])[C:83]([H:93])=[C:84]([C@@:112]([H:113])([H:114])[H:115])[C:43]([H:44])=[C:45]1[H:46])<-[C:59]1([C@:68]([H:69])([H:70])[H:88])=[C:66]->2([H:67])[C:64]->3([H:65])=[C:63]->4([C@:71]([H:72])([C@@:73]([H:74])([H:75])[H:89])[C@:76]([H:77])([H:78])[H:79])[C:61]->5([H:62])=[C:60]->61[H:87],[H]OC([H])([H])[H],CC1=CC=C([C@@H](CC2=CC=C(C)C=C2)C(O)=O)C=C1,CC1=CC=C([C@H](CC2=CC=C(C)C=C2)C(O)=O)C=C1,CC1=CC=C(/C(C(O)=O)=C\C2=CC=C(C)C=C2)C=C1,60,100,,,,2
IAW00000768,CAT-7,SOL-1,,,REA-14,[Ru+2]12(<-[Cl-:1])(<-[Cl-:2])(<-[P:3]([C:29]3=[C:38]([C:28]4=[C:21]([P:4]->1([C:52]1=[C:53]([H:99])[C:54]([H:100])=[C:55]([C@:58]([H:102])([H:103])[H:113])[C:56]([H:112])=[C:57]1[H:101])[C:59]1=[C:60]([H:104])[C:114]([H:120])=[C:115]([C@:121]([H:122])([H:123])[H:124])[C:61]([H:105])=[C:62]1[H:106])[C:22]([H:79])=[C:23]([H:80])[C:24]1=[C:27]4[C:26]([H:82])=[C:108]([H:117])[C:107]([H:116])=[C:25]1[H:81])[C:37]1=[C:32]([C:31]([H:84])=[C:30]3[H:83])[C:33]([H:85])=[C:34]([H:109])[C:35]([H:110])=[C:36]1[H:86])([C:39]1=[C:40]([H:87])[C:41]([H:88])=[C:42]([C@:45]([H:91])([H:92])[H:93])[C:43]([H:89])=[C:44]1[H:90])[C:46]1=[C:47]([H:94])[C:48]([H:95])=[C:49]([C@:111]([H:98])([H:118])[H:119])[C:50]([H:96])=[C:51]1[H:97])<-[N:5]([C@@:7]([C@:8]([N:6]->2([H:65])[H:66])([C:15]1=[C:16]([H:74])[C:17]([H:75])=[C:18]([H:76])[C:19]([H:77])=[C:20]1[H:78])[H:68])([C:9]1=[C:10]([H:69])[C:11]([H:70])=[C:12]([H:71])[C:13]([H:72])=[C:14]1[H:73])[H:67])([H:63])[H:64],[H]OC([H])([H])[H],CC1=CC=C([C@@H](CC2=CC=C(C)C=C2)C(O)=O)C=C1,CC1=CC=C([C@H](CC2=CC=C(C)C=C2)C(O)=O)C=C1,CC1=CC=C(/C(C(O)=O)=C\C2=CC=C(C)C=C2)C=C1,60,100,,,,2
IAW00000769,CAT-8,SOL-1,,,REA-14,[Ru+2]123456(<-[N-:3]([S@@:1](=[O:2])([C:10]7=[C:11]([H:27])[C:12]([H:28])=[C:13]([C@@:16]([H:31])([H:32])[H:33])[C:14]([H:29])=[C:15]7[H:30])=[O:42])[C@:4]([C:5]7=[C:6]([H:45])[C:7]([H:47])=[C:46]([H:51])[C:8]([H:25])=[C:9]7[H:26])([H:43])[C@@:44]([H:23])([N:41]->1([H:71])[H:72])[C:50]1=[C:54]([H:24])[C:60]([H:69])=[C:68]([H:70])[C:58]([H:67])=[C:53]1[H:59])(<-[C:17]1([H:49])=[C:18]->2([H:34])[C:19]->3([C@@:22]([H:37])([H:38])[H:39])=[C:20]->4([H:35])[C:21]->5([H:36])=[C:48]->61[C@:52]([H:55])([C@:56]([H:61])([H:62])[H:63])[C@:57]([H:64])([H:65])[H:66])<-[Cl-:40],[H]OC([H])([H])[H],CC1=CC=C([C@@H](CC2=CC=C(C)C=C2)C(O)=O)C=C1,CC1=CC=C([C@H](CC2=CC=C(C)C=C2)C(O)=O)C=C1,CC1=CC=C(/C(C(O)=O)=C\C2=CC=C(C)C=C2)C=C1,60,100,,,,2
IAW00000770,CAT-9,SOL-1,,,REA-14,[Ru+2]123(<-[Cl-:2]->[Ru+2:122]4(<-[Cl-:1])(<-[Cl-:3]->1)(<-[P:5]([C:11]1=[C:9]([C:22]5=[C:24]([P:7]->4([C:59]4=[C:69]([H:113])[C:67]([H:111])=[C:65]([H:140])[C:63]([H:109])=[C:61]4[H:107])[C:71]4=[C:81]([H:121])[C:79]([H:119])=[C:77]([H:139])[C:75]([H:117])=[C:73]4[H:115])[C:26]([H:87])=[C:28]([H:89])[C:30]4=[C:33]5[O:144][C@@:31]([H:147])([H:148])[O:143]4)[C:20]4=[C:17]([C:15]([H:85])=[C:13]1[H:83])[O:146][C@:18]([H:149])([H:150])[O:145]4)([C:35]1=[C:37]([H:91])[C:39]([H:93])=[C:41]([H:142])[C:43]([H:95])=[C:45]1[H:97])[C:47]1=[C:49]([H:99])[C:51]([H:101])=[C:53]([H:141])[C:55]([H:103])=[C:57]1[H:105])<-[Cl-:123]->2)(<-[P:4]([C:10]1=[C:8]([C:21]2=[C:23]([P:6]->3([C:58]3=[C:68]([H:112])[C:66]([H:110])=[C:64]([H:126])[C:62]([H:108])=[C:60]3[H:106])[C:70]3=[C:80]([H:120])[C:78]([H:118])=[C:76]([H:125])[C:74]([H:116])=[C:72]3[H:114])[C:25]([H:86])=[C:27]([H:88])[C:29]3=[C:32]2[O:130][C@@:133]([H:134])([H:135])[O:129]3)[C:19]2=[C:16]([C:14]([H:84])=[C:12]1[H:82])[O:132][C@:136]([H:137])([H:138])[O:131]2)([C:34]1=[C:44]([H:96])[C:42]([H:94])=[C:40]([H:127])[C:38]([H:92])=[C:36]1[H:90])[C:46]1=[C:48]([H:98])[C:50]([H:100])=[C:52]([H:128])[C:54]([H:102])=[C:56]1[H:104])<-[Cl-:124],[H]OC([H])([H])[H],CC1=CC=C([C@@H](CC2=CC=C(C)C=C2)C(O)=O)C=C1,CC1=CC=C([C@H](CC2=CC=C(C)C=C2)C(O)=O)C=C1,CC1=CC=C(/C(C(O)=O)=C\C2=CC=C(C)C=C2)C=C1,60,100,,,,2
IAW00000771,CAT-10,SOL-1,,,REA-14,[Ru+2]123456(<-[Cl-:1])(<-[P:2]([C:5]7=[C:6]([H:7])[C:8]([H:9])=[C:10]8[C:11](=[C:4]7[C:13]7=[C:16]9[C:15](=[C:71]([H:80])[C:70]([H:79])=[C:14]7[P:3]->1([C:36]1=[C:37]([H:38])[C:39]([H:40])=[C:41]([H:42])[C:43]([H:44])=[C:45]1[H:46])[C:47]1=[C:74]([H:83])[C:84]([H:86])=[C:87]([H:89])[C:85]([H:88])=[C:75]1[H:48])[O:90][C@@:17]([H:94])([H:95])[O:91]9)[O:92][C@@:12]([H:96])([H:97])[O:93]8)([C:18]1=[C:27]([H:28])[C:25]([H:26])=[C:23]([H:24])[C:21]([H:22])=[C:19]1[H:20])[C:29]1=[C:30]([H:31])[C:72]([H:81])=[C:73]([H:82])[C:32]([H:33])=[C:34]1[H:35])<-[C:49]1([C@:58]([H:59])([H:60])[H:77])=[C:50]->2([H:76])[C:51]->3([H:52])=[C:53]->4([C@:61]([H:62])([C@@:63]([H:64])([H:65])[H:78])[C@:66]([H:67])([H:68])[H:69])[C:54]->5([H:55])=[C:56]->61[H:57],[H]OC([H])([H])[H],CC1=CC=C([C@@H](CC2=CC=C(C)C=C2)C(O)=O)C=C1,CC1=CC=C([C@H](CC2=CC=C(C)C=C2)C(O)=O)C=C1,CC1=CC=C(/C(C(O)=O)=C\C2=CC=C(C)C=C2)C=C1,60,100,,,,2
IAW00000772,CAT-11,SOL-1,,,REA-14,[Ru+2]123(<-[P:1]([C:7]4=[C:9]([C:15]5=[C:10]([P:2]->1([C:28]1=[C:29]([H:52])[C:30]([H:53])=[C:31]([C@@:87]([H:88])([H:89])[H:90])[C:32]([H:54])=[C:33]1[H:55])[C:34]1=[C:35]([H:56])[C:62]([H:71])=[C:72]([C@@:83]([H:84])([H:85])[H:86])[C:70]([H:78])=[C:61]1[H:69])[C:11]([H:41])=[C:12]([H:42])[C:13]1=[C:14]5[C:60]([H:67])=[C:68]([H:77])[C:66]([H:76])=[C:59]1[H:43])[C:58]1=[C:64]([C:57]([H:63])=[C:8]4[H:40])[C:73]([H:80])=[C:79]([H:82])[C:75]([H:81])=[C:65]1[H:74])([C:16]1=[C:21]([H:47])[C:20]([H:46])=[C:19]([C@@:91]([H:92])([H:93])[H:94])[C:18]([H:45])=[C:17]1[H:44])[C:22]1=[C:23]([H:48])[C:24]([H:49])=[C:25]([C@@:95]([H:96])([H:97])[H:98])[C:26]([H:50])=[C:27]1[H:51])(<-[O-:3][C:36](=[O:4]->2)[C@@:37]([H:99])([H:100])[H:101])<-[O:5]=[C:38]([O-:6]->3)[C@@:39]([H:102])([H:103])[H:104],[H]OC([H])([H])[H],CC1=CC=C([C@@H](CC2=CC=C(C)C=C2)C(O)=O)C=C1,CC1=CC=C([C@H](CC2=CC=C(C)C=C2)C(O)=O)C=C1,CC1=CC=C(/C(C(O)=O)=C\C2=CC=C(C)C=C2)C=C1,60,50,,,,2
IAW00000773,CAT-11,SOL-1,,,REA-14,[Ru+2]123(<-[P:1]([C:7]4=[C:9]([C:15]5=[C:10]([P:2]->1([C:28]1=[C:29]([H:52])[C:30]([H:53])=[C:31]([C@@:87]([H:88])([H:89])[H:90])[C:32]([H:54])=[C:33]1[H:55])[C:34]1=[C:35]([H:56])[C:62]([H:71])=[C:72]([C@@:83]([H:84])([H:85])[H:86])[C:70]([H:78])=[C:61]1[H:69])[C:11]([H:41])=[C:12]([H:42])[C:13]1=[C:14]5[C:60]([H:67])=[C:68]([H:77])[C:66]([H:76])=[C:59]1[H:43])[C:58]1=[C:64]([C:57]([H:63])=[C:8]4[H:40])[C:73]([H:80])=[C:79]([H:82])[C:75]([H:81])=[C:65]1[H:74])([C:16]1=[C:21]([H:47])[C:20]([H:46])=[C:19]([C@@:91]([H:92])([H:93])[H:94])[C:18]([H:45])=[C:17]1[H:44])[C:22]1=[C:23]([H:48])[C:24]([H:49])=[C:25]([C@@:95]([H:96])([H:97])[H:98])[C:26]([H:50])=[C:27]1[H:51])(<-[O-:3][C:36](=[O:4]->2)[C@@:37]([H:99])([H:100])[H:101])<-[O:5]=[C:38]([O-:6]->3)[C@@:39]([H:102])([H:103])[H:104],[H]OC([H])([H])[H],CC1=CC=C([C@@H](CC2=CC=C(C)C=C2)C(O)=O)C=C1,CC1=CC=C([C@H](CC2=CC=C(C)C=C2)C(O)=O)C=C1,CC1=CC=C(/C(C(O)=O)=C\C2=CC=C(C)C=C2)C=C1,60,100,,,,2
IAW00000774,CAT-12,SOL-1,,,REA-14,[Ru+2]12(<-[Cl-:1])(<-[Cl-:2])(<-[P:3]([C:29]3=[C:38]([C:28]4=[C:21]([P:4]->1([C:52]1=[C:57]([H:99])[C:56]([H:110])=[C:55]([C@:58]([H:100])([H:101])[H:111])[C:54]([H:98])=[C:53]1[H:97])[C:59]1=[C:62]([H:104])[C:61]([H:103])=[C:113]([C@:119]([H:120])([H:121])[H:122])[C:112]([H:118])=[C:60]1[H:102])[C:22]([H:77])=[C:23]([H:78])[C:24]1=[C:27]4[C:26]([H:80])=[C:106]([H:115])[C:105]([H:114])=[C:25]1[H:79])[C:37]1=[C:32]([C:31]([H:82])=[C:30]3[H:81])[C:33]([H:83])=[C:34]([H:107])[C:35]([H:108])=[C:36]1[H:84])([C:39]1=[C:44]([H:88])[C:43]([H:87])=[C:42]([C@:45]([H:89])([H:90])[H:91])[C:41]([H:86])=[C:40]1[H:85])[C:46]1=[C:47]([H:92])[C:48]([H:93])=[C:49]([C@:109]([H:96])([H:116])[H:117])[C:50]([H:94])=[C:51]1[H:95])<-[N:5]([C@@:7]([C@:8]([N:6]->2([H:65])[H:66])([C:15]1=[C:20]([H:76])[C:19]([H:75])=[C:18]([C@@:127]([H:128])([H:129])[H:130])[C:17]([H:74])=[C:16]1[H:73])[H:68])([C:9]1=[C:10]([H:69])[C:11]([H:70])=[C:12]([C@@:123]([H:124])([H:125])[H:126])[C:13]([H:71])=[C:14]1[H:72])[H:67])([H:63])[H:64],[H]OC([H])([H])[H],CC1=CC=C([C@@H](CC2=CC=C(C)C=C2)C(O)=O)C=C1,CC1=CC=C([C@H](CC2=CC=C(C)C=C2)C(O)=O)C=C1,CC1=CC=C(/C(C(O)=O)=C\C2=CC=C(C)C=C2)C=C1,60,100,,,,2
IAW00000775,CAT-13,SOL-1,,,REA-14,[Ru+2]123(<-[P:1]([C:7]4=[C:9]([C:15]5=[C:10]([P:2]->1([C:28]1=[C:29]([H:50])[C:30]([C@@:103]([H:104])([H:105])[H:106])=[C:31]([H:51])[C:32]([C@@:107]([H:108])([H:109])[H:110])=[C:33]1[H:52])[C:34]1=[C:58]([H:66])[C:67]([C@@:99]([H:100])([H:101])[H:102])=[C:68]([H:74])[C:59]([C@@:95]([H:96])([H:97])[H:98])=[C:35]1[H:53])[C:11]([H:41])=[C:12]([H:42])[C:13]1=[C:14]5[C:57]([H:64])=[C:65]([H:73])[C:63]([H:72])=[C:56]1[H:43])[C:55]1=[C:61]([C:54]([H:60])=[C:8]4[H:40])[C:69]([H:76])=[C:75]([H:78])[C:71]([H:77])=[C:62]1[H:70])([C:16]1=[C:17]([H:44])[C:18]([C@@:79]([H:80])([H:81])[H:82])=[C:19]([H:45])[C:20]([C@@:83]([H:84])([H:85])[H:86])=[C:21]1[H:46])[C:22]1=[C:23]([H:47])[C:24]([C@@:87]([H:88])([H:89])[H:90])=[C:25]([H:48])[C:26]([C@@:91]([H:92])([H:93])[H:94])=[C:27]1[H:49])(<-[O-:3][C:36](=[O:4]->2)[C@@:37]([H:114])([H:115])[H:116])<-[O:5]=[C:38]([O-:6]->3)[C@@:39]([H:111])([H:112])[H:113],[H]OC([H])([H])[H],CC1=CC=C([C@@H](CC2=CC=C(C)C=C2)C(O)=O)C=C1,CC1=CC=C([C@H](CC2=CC=C(C)C=C2)C(O)=O)C=C1,CC1=CC=C(/C(C(O)=O)=C\C2=CC=C(C)C=C2)C=C1,60,50,,,,2
IAW00000776,CAT-13,SOL-1,,,REA-14,[Ru+2]123(<-[P:1]([C:7]4=[C:9]([C:15]5=[C:10]([P:2]->1([C:28]1=[C:29]([H:50])[C:30]([C@@:103]([H:104])([H:105])[H:106])=[C:31]([H:51])[C:32]([C@@:107]([H:108])([H:109])[H:110])=[C:33]1[H:52])[C:34]1=[C:58]([H:66])[C:67]([C@@:99]([H:100])([H:101])[H:102])=[C:68]([H:74])[C:59]([C@@:95]([H:96])([H:97])[H:98])=[C:35]1[H:53])[C:11]([H:41])=[C:12]([H:42])[C:13]1=[C:14]5[C:57]([H:64])=[C:65]([H:73])[C:63]([H:72])=[C:56]1[H:43])[C:55]1=[C:61]([C:54]([H:60])=[C:8]4[H:40])[C:69]([H:76])=[C:75]([H:78])[C:71]([H:77])=[C:62]1[H:70])([C:16]1=[C:17]([H:44])[C:18]([C@@:79]([H:80])([H:81])[H:82])=[C:19]([H:45])[C:20]([C@@:83]([H:84])([H:85])[H:86])=[C:21]1[H:46])[C:22]1=[C:23]([H:47])[C:24]([C@@:87]([H:88])([H:89])[H:90])=[C:25]([H:48])[C:26]([C@@:91]([H:92])([H:93])[H:94])=[C:27]1[H:49])(<-[O-:3][C:36](=[O:4]->2)[C@@:37]([H:114])([H:115])[H:116])<-[O:5]=[C:38]([O-:6]->3)[C@@:39]([H:111])([H:112])[H:113],[H]OC([H])([H])[H],CC1=CC=C([C@@H](CC2=CC=C(C)C=C2)C(O)=O)C=C1,CC1=CC=C([C@H](CC2=CC=C(C)C=C2)C(O)=O)C=C1,CC1=CC=C(/C(C(O)=O)=C\C2=CC=C(C)C=C2)C=C1,60,100,,,,2
IAW00000777,CAT-14,SOL-1,,,REA-14,[Ru+2]123(<-[P:1]([C:7]4=[C:9]([C:15]5=[C:10]([P:2]->1([C:28]1=[C:29]([H:53])[C:30]([H:54])=[C:31]([H:55])[C:32]([H:56])=[C:33]1[H:57])[C:34]1=[C:35]([H:58])[C:62]([H:67])=[C:68]([H:70])[C:66]([H:69])=[C:61]1[H:65])[C:11]([H:41])=[C:12]([H:42])[C:13]1=[C:14]5[C@@:71]([H:72])([H:73])[C@@:77]([H:79])([H:80])[C@:78]([H:81])([H:82])[C@:74]1([H:75])[H:76])[C:60]1=[C:64]([C:59]([H:63])=[C:8]4[H:40])[C@@:86]([H:87])([H:88])[C@@:90]([H:93])([H:94])[C@:89]([H:91])([H:92])[C@:83]1([H:84])[H:85])([C:16]1=[C:21]([H:47])[C:20]([H:46])=[C:19]([H:45])[C:18]([H:44])=[C:17]1[H:43])[C:22]1=[C:23]([H:48])[C:24]([H:49])=[C:25]([H:50])[C:26]([H:51])=[C:27]1[H:52])(<-[O:3]=[C:36]([O-:4]->2)[C@@:37]([H:95])([H:96])[H:97])<-[O-:5][C:38](=[O:6]->3)[C@@:39]([H:98])([H:99])[H:100],[H]OC([H])([H])[H],CC1=CC=C([C@@H](CC2=CC=C(C)C=C2)C(O)=O)C=C1,CC1=CC=C([C@H](CC2=CC=C(C)C=C2)C(O)=O)C=C1,CC1=CC=C(/C(C(O)=O)=C\C2=CC=C(C)C=C2)C=C1,60,10,,,,2
IAW00000778,CAT-14,SOL-1,,,REA-14,[Ru+2]123(<-[P:1]([C:7]4=[C:9]([C:15]5=[C:10]([P:2]->1([C:28]1=[C:29]([H:53])[C:30]([H:54])=[C:31]([H:55])[C:32]([H:56])=[C:33]1[H:57])[C:34]1=[C:35]([H:58])[C:62]([H:67])=[C:68]([H:70])[C:66]([H:69])=[C:61]1[H:65])[C:11]([H:41])=[C:12]([H:42])[C:13]1=[C:14]5[C@@:71]([H:72])([H:73])[C@@:77]([H:79])([H:80])[C@:78]([H:81])([H:82])[C@:74]1([H:75])[H:76])[C:60]1=[C:64]([C:59]([H:63])=[C:8]4[H:40])[C@@:86]([H:87])([H:88])[C@@:90]([H:93])([H:94])[C@:89]([H:91])([H:92])[C@:83]1([H:84])[H:85])([C:16]1=[C:21]([H:47])[C:20]([H:46])=[C:19]([H:45])[C:18]([H:44])=[C:17]1[H:43])[C:22]1=[C:23]([H:48])[C:24]([H:49])=[C:25]([H:50])[C:26]([H:51])=[C:27]1[H:52])(<-[O:3]=[C:36]([O-:4]->2)[C@@:37]([H:95])([H:96])[H:97])<-[O-:5][C:38](=[O:6]->3)[C@@:39]([H:98])([H:99])[H:100],[H]OC([H])([H])[H],CC1=CC=C([C@@H](CC2=CC=C(C)C=C2)C(O)=O)C=C1,CC1=CC=C([C@H](CC2=CC=C(C)C=C2)C(O)=O)C=C1,CC1=CC=C(/C(C(O)=O)=C\C2=CC=C(C)C=C2)C=C1,60,50,,,,2
IAW00000779,CAT-14,SOL-1,,,REA-14,[Ru+2]123(<-[P:1]([C:7]4=[C:9]([C:15]5=[C:10]([P:2]->1([C:28]1=[C:29]([H:53])[C:30]([H:54])=[C:31]([H:55])[C:32]([H:56])=[C:33]1[H:57])[C:34]1=[C:35]([H:58])[C:62]([H:67])=[C:68]([H:70])[C:66]([H:69])=[C:61]1[H:65])[C:11]([H:41])=[C:12]([H:42])[C:13]1=[C:14]5[C@@:71]([H:72])([H:73])[C@@:77]([H:79])([H:80])[C@:78]([H:81])([H:82])[C@:74]1([H:75])[H:76])[C:60]1=[C:64]([C:59]([H:63])=[C:8]4[H:40])[C@@:86]([H:87])([H:88])[C@@:90]([H:93])([H:94])[C@:89]([H:91])([H:92])[C@:83]1([H:84])[H:85])([C:16]1=[C:21]([H:47])[C:20]([H:46])=[C:19]([H:45])[C:18]([H:44])=[C:17]1[H:43])[C:22]1=[C:23]([H:48])[C:24]([H:49])=[C:25]([H:50])[C:26]([H:51])=[C:27]1[H:52])(<-[O:3]=[C:36]([O-:4]->2)[C@@:37]([H:95])([H:96])[H:97])<-[O-:5][C:38](=[O:6]->3)[C@@:39]([H:98])([H:99])[H:100],[H]OC([H])([H])[H],CC1=CC=C([C@@H](CC2=CC=C(C)C=C2)C(O)=O)C=C1,CC1=CC=C([C@H](CC2=CC=C(C)C=C2)C(O)=O)C=C1,CC1=CC=C(/C(C(O)=O)=C\C2=CC=C(C)C=C2)C=C1,60,100,,,,2
IAW00000780,CAT-15,SOL-1,,,REA-14,[Ru+2]123(<-[Cl-:2]->[Ru+2:137]4(<-[Cl-:1])(<-[Cl-:3]->1)(<-[P:5]([C:11]1=[C:9]([C:29]5=[C:31]([P:7]->4([C:73]4=[C:83]([H:132])[C:81]([C@@:175]([H:176])([H:177])[H:178])=[C:79]([H:179])[C:77]([C@@:171]([H:172])([H:173])[H:174])=[C:75]4[H:129])[C:85]4=[C:95]([H:136])[C:93]([C@@:163]([H:164])([H:165])[H:166])=[C:91]([H:140])[C:89]([C@@:167]([H:168])([H:169])[H:170])=[C:87]4[H:134])[C:33]([H:109])=[C:35]([H:111])[C:37]4=[C:47]5[C:45]([H:119])=[C:43]([H:117])[C:41]([H:115])=[C:39]4[H:113])[C:27]4=[C:17]([C:15]([H:99])=[C:13]1[H:97])[C:19]([H:101])=[C:21]([H:103])[C:23]([H:105])=[C:25]4[H:107])([C:49]1=[C:59]([H:123])[C:57]([C@@:192]([H:193])([H:194])[H:195])=[C:55]([H:144])[C:53]([C@@:188]([H:189])([H:190])[H:191])=[C:51]1[H:121])[C:61]1=[C:71]([H:127])[C:69]([C@@:184]([H:185])([H:186])[H:187])=[C:67]([H:145])[C:65]([C@@:180]([H:181])([H:182])[H:183])=[C:63]1[H:125])<-[Cl-:138]->2)(<-[P:4]([C:10]1=[C:8]([C:28]2=[C:30]([P:6]->3([C:72]3=[C:82]([H:131])[C:80]([C@@:204]([H:205])([H:206])[H:207])=[C:78]([H:142])[C:76]([H:130])=[C:74]3[H:128])[C:84]3=[C:86]([H:133])[C:88]([C@@:200]([H:201])([H:202])[H:203])=[C:90]([H:143])[C:92]([C@@:196]([H:197])([H:198])[H:199])=[C:94]3[H:135])[C:32]([H:108])=[C:34]([H:110])[C:36]3=[C:46]2[C:44]([H:118])=[C:42]([H:116])[C:40]([H:114])=[C:38]3[H:112])[C:26]2=[C:16]([C:14]([H:98])=[C:12]1[H:96])[C:18]([H:100])=[C:20]([H:102])[C:22]([H:104])=[C:24]2[H:106])([C:48]1=[C:58]([H:122])[C:56]([C@@:159]([H:160])([H:161])[H:162])=[C:54]([H:146])[C:52]([C@@:155]([H:156])([H:157])[H:158])=[C:50]1[H:120])[C:60]1=[C:70]([H:126])[C:68]([C@@:151]([H:152])([H:153])[H:154])=[C:66]([H:141])[C:64]([C@@:147]([H:148])([H:149])[H:150])=[C:62]1[H:124])<-[Cl-:139],[H]OC([H])([H])[H],CC1=CC=C([C@@H](CC2=CC=C(C)C=C2)C(O)=O)C=C1,CC1=CC=C([C@H](CC2=CC=C(C)C=C2)C(O)=O)C=C1,CC1=CC=C(/C(C(O)=O)=C\C2=CC=C(C)C=C2)C=C1,60,100,,,,2
IAW00000781,CAT-16,SOL-1,,,REA-14,[P]1([C:2]2=[C:4]([H:55])[C:6]([C@:7]([H:74])([H:76])[H:77])=[C:8]([H:56])[C:10]([C@:12]([H:81])([H:82])[H:83])=[C:13]2[H:57])([C:14]2=[C:19]([C:20]3=[C:25]([P:1]([C:26]4=[C:27]([H:64])[C:28]([C@:29]([H:84])([H:85])[H:86])=[C:30]([H:65])[C:31]([C@@:32]([H:87])([H:88])[H:89])=[C:33]4[H:68])(->[Ru+2:54]<-14(<-[N:3]([C@@:34]([C:35]1=[C:36]([H:69])[C:37]([H:70])=[C:38]([O:9][C@@:39]([H:90])([H:91])[H:92])[C:40]([H:71])=[C:41]1[H:72])([C:42]1=[C:48]([H:102])[C:47]([H:78])=[C:45]([O:11][C@@:46]([H:93])([H:94])[H:95])[C:44]([H:75])=[C:43]1[H:73])[C@@:49]([N:5]->4([H:66])[H:67])([C@@:50]([C@@:51]([H:96])([H:97])[H:98])([C@@:52]([H:99])([H:100])[H:101])[H:80])[H:79])([H:60])[H:61])(<-[Cl-:53])<-[Cl-:103])[C:129]1=[C:130]([H:133])[C:132]([C@@:150]([H:151])([H:152])[H:153])=[C:136]([H:137])[C:134]([C@@:146]([H:147])([H:148])[H:149])=[C:131]1[H:135])[C:24]([H:63])=[C:23]([H:62])[C:22]1=[C:21]3[C:115]([H:119])=[C:114]([H:118])[C:113]([H:117])=[C:112]1[H:116])[C:18]1=[C:17]([C:16]([H:59])=[C:15]2[H:58])[C:107]([H:111])=[C:106]([H:110])[C:105]([H:109])=[C:104]1[H:108])[C:120]1=[C:122]([H:126])[C:125]([C@@:138]([H:139])([H:140])[H:141])=[C:127]([H:128])[C:123]([C@@:142]([H:143])([H:144])[H:145])=[C:121]1[H:124],[H]OC([H])([H])[H],CC1=CC=C([C@@H](CC2=CC=C(C)C=C2)C(O)=O)C=C1,CC1=CC=C([C@H](CC2=CC=C(C)C=C2)C(O)=O)C=C1,CC1=CC=C(/C(C(O)=O)=C\C2=CC=C(C)C=C2)C=C1,60,100,,,,2
IAW00000782,CAT-17,SOL-1,,,REA-14,[P]1([C:2]2=[C:17]([H:79])[C:14]([C@:16]([H:109])([H:110])[H:111])=[C:12]([H:78])[C:8]([C@:10]([H:102])([H:104])[H:105])=[C:5]2[H:77])([C:18]2=[C:19]([H:80])[C:20]([C@:21]([H:112])([H:113])[H:114])=[C:22]([H:81])[C:23]([C@:24]([H:115])([H:116])[H:117])=[C:25]2[H:82])[C:26]2=[C:32]([C:33]3=[C:39]([P:1]([C:40]4=[C:41]([H:89])[C:42]([C@:43]([H:122])([H:123])[H:124])=[C:44]([H:90])[C:45]([C@:46]([H:125])([H:126])[H:127])=[C:47]4[H:93])([C:48]4=[C:55]([H:96])[C:53]([C@:54]([H:131])([H:132])[H:133])=[C:52]([H:95])[C:50]([C@:51]([H:128])([H:129])[H:130])=[C:49]4[H:94])->[Ru+2:76]<-14(<-[N:3]([C@:56]([C:57]1=[C:63]([H:100])[C:62]([H:99])=[C:60]([O:13][C@:61]([H:134])([H:135])[H:136])[C:59]([H:98])=[C:58]1[H:97])([C:64]1=[C:70]([H:146])[C:69]([H:106])=[C:67]([O:15][C@:68]([H:137])([H:138])[H:139])[C:66]([H:103])=[C:65]1[H:101])[C@@:71]([N:6]->4([H:91])[H:92])([C@@:72]([C@:73]([H:140])([H:141])[H:142])([C@:74]([H:143])([H:144])[H:145])[H:108])[H:107])([H:85])[H:86])(<-[Cl-:75])<-[Cl-:147])[C:38]([H:88])=[C:37]([H:87])[C:36]1=[C:34]3[O:9][C@:35]([H:120])([H:121])[O:11]1)[C:31]1=[C:29]([O:4][C@@:30]([H:118])([H:119])[O:7]1)[C:28]([H:84])=[C:27]2[H:83],[H]OC([H])([H])[H],CC1=CC=C([C@@H](CC2=CC=C(C)C=C2)C(O)=O)C=C1,CC1=CC=C([C@H](CC2=CC=C(C)C=C2)C(O)=O)C=C1,CC1=CC=C(/C(C(O)=O)=C\C2=CC=C(C)C=C2)C=C1,60,100,,,,2
IAW00000783,CAT-18,SOL-1,,,REA-14,[Ru+2]12(<-[Cl-:1])(<-[Cl-:2])(<-[P:3]([C:16]3=[C:25]([C:15]4=[C:8]([P:4]->1([C:39]1=[C:40]([H:73])[C:41]([H:74])=[C:42]([C@:45]([H:76])([H:77])[H:87])[C:43]([H:86])=[C:44]1[H:75])[C:46]1=[C:49]([H:80])[C:48]([H:79])=[C:89]([C@:95]([H:96])([H:97])[H:98])[C:88]([H:94])=[C:47]1[H:78])[C:9]([H:53])=[C:10]([H:54])[C:11]1=[C:14]4[C:13]([H:56])=[C:82]([H:91])[C:81]([H:90])=[C:12]1[H:55])[C:24]1=[C:19]([C:18]([H:58])=[C:17]3[H:57])[C:20]([H:59])=[C:21]([H:83])[C:22]([H:84])=[C:23]1[H:60])([C:26]1=[C:27]([H:61])[C:28]([H:62])=[C:29]([C@:32]([H:65])([H:66])[H:67])[C:30]([H:63])=[C:31]1[H:64])[C:33]1=[C:34]([H:68])[C:35]([H:69])=[C:36]([C@:85]([H:72])([H:92])[H:93])[C:37]([H:70])=[C:38]1[H:71])<-[N:5]([C@@:7]([H:52])([C:99]1=[N:6]->2[C:105]([H:106])=[C:103]([H:104])[C:102]([H:107])=[C:100]1[H:101])[H:108])([H:50])[H:51],[H]OC([H])([H])[H],CC1=CC=C([C@@H](CC2=CC=C(C)C=C2)C(O)=O)C=C1,CC1=CC=C([C@H](CC2=CC=C(C)C=C2)C(O)=O)C=C1,CC1=CC=C(/C(C(O)=O)=C\C2=CC=C(C)C=C2)C=C1,60,100,,,,2
IAW00000784,CAT-19,SOL-1,,,REA-14,[P]1([C:16]2=[C:11]([C@@:10]([N:3]3([C@:2]4([H:51])[C@:4]([H:52])([H:53])[C@:6]([H:54])([H:55])[C@@:7]([H:56])([H:57])[C@@:8]([H:58])([H:59])[C@:9]4([N:5]4([C@@:29]([C:30]5=[C:31]([H:81])[C:32]([H:82])=[C:33]([H:83])[C:34]([H:84])=[C:35]5[P:1]([C:36]5=[C:37]([H:85])[C:38]([H:86])=[C:39]([H:87])[C:40]([H:88])=[C:41]5[H:89])([C:42]5=[C:47]([H:94])[C:46]([H:93])=[C:45]([H:92])[C:44]([H:91])=[C:43]5[H:90])->[Ru+2:50]<-1<-3<-4(<-[Cl-:48])<-[Cl-:49])([H:79])[H:80])[H:78])[H:60])[H:61])([H:62])[H:63])[C:12]([H:64])=[C:13]([H:65])[C:14]([H:66])=[C:15]2[H:67])([C:17]1=[C:18]([H:68])[C:19]([H:69])=[C:20]([H:70])[C:21]([H:71])=[C:22]1[H:72])[C:23]1=[C:28]([H:77])[C:27]([H:76])=[C:26]([H:75])[C:25]([H:74])=[C:24]1[H:73],[H]OC([H])([H])[H],CC1=CC=C([C@@H](CC2=CC=C(C)C=C2)C(O)=O)C=C1,CC1=CC=C([C@H](CC2=CC=C(C)C=C2)C(O)=O)C=C1,CC1=CC=C(/C(C(O)=O)=C\C2=CC=C(C)C=C2)C=C1,60,100,,,,2
IAW00000785,CAT-20,SOL-1,,,REA-14,[Ru+2]12(<-[Cl-:1])(<-[Cl-:2])(<-[P:3]([C:29]3=[C:38]([C:28]4=[C:21]([P:4]->1([C:52]1=[C:57]([H:98])[C:56]([H:109])=[C:55]([C@:58]([H:99])([H:100])[H:110])[C:54]([H:97])=[C:53]1[H:96])[C:59]1=[C:62]([H:103])[C:61]([H:102])=[C:112]([C@:118]([H:119])([H:120])[H:121])[C:111]([H:117])=[C:60]1[H:101])[C:22]([H:76])=[C:23]([H:77])[C:24]1=[C:27]4[C:26]([H:79])=[C:105]([H:114])[C:104]([H:113])=[C:25]1[H:78])[C:37]1=[C:32]([C:31]([H:81])=[C:30]3[H:80])[C:33]([H:82])=[C:34]([H:106])[C:35]([H:107])=[C:36]1[H:83])([C:39]1=[C:40]([H:84])[C:41]([H:85])=[C:42]([C@:45]([H:88])([H:89])[H:90])[C:43]([H:86])=[C:44]1[H:87])[C:46]1=[C:47]([H:91])[C:48]([H:92])=[C:49]([C@:108]([H:95])([H:115])[H:116])[C:50]([H:93])=[C:51]1[H:94])<-[N:5]([C@:7]([C@@:8]([N:6]->2([H:63])[H:123])([C:15]1=[C:20]([H:75])[C:19]([H:74])=[C:18]([H:73])[C:17]([H:72])=[C:16]1[H:71])[H:65])([C:9]1=[C:10]([H:66])[C:11]([H:67])=[C:12]([H:68])[C:13]([H:69])=[C:14]1[H:70])[H:64])([H:122])[H:124],[H]OC([H])([H])[H],CC1=CC=C([C@@H](CC2=CC=C(C)C=C2)C(O)=O)C=C1,CC1=CC=C([C@H](CC2=CC=C(C)C=C2)C(O)=O)C=C1,CC1=CC=C(/C(C(O)=O)=C\C2=CC=C(C)C=C2)C=C1,60,100,,,,2
IAW00000786,CAT-21,SOL-1,,,REA-14,[Ru+2]12(<-[Cl-:1])(<-[Cl-:2])(<-[P:3]([C:27]3=[C:33]([C:26]4=[C:25]5[C:24](=[C:23]([H:75])[C:22]([H:74])=[C:21]4[P:4]->1([C:47]1=[C:48]([H:90])[C:49]([H:91])=[C:50]([C@:53]([H:93])([H:94])[H:101])[C:51]([H:100])=[C:52]1[H:92])[C:54]1=[C:57]([H:97])[C:56]([H:96])=[C:103]([C@:107]([H:108])([H:109])[H:110])[C:102]([H:106])=[C:55]1[H:95])[O:114][C@:98]([H:117])([H:118])[O:113]5)[C:32]1=[C:30]([C:29]([H:77])=[C:28]3[H:76])[O:111][C@:31]([H:115])([H:116])[O:112]1)([C:34]1=[C:35]([H:78])[C:36]([H:79])=[C:37]([C@:40]([H:82])([H:83])[H:84])[C:38]([H:80])=[C:39]1[H:81])[C:41]1=[C:42]([H:85])[C:43]([H:86])=[C:44]([C@:99]([H:89])([H:104])[H:105])[C:45]([H:87])=[C:46]1[H:88])<-[N:5]([C@@:7]([C@:8]([N:6]->2([H:60])[H:61])([C:15]1=[C:20]([H:73])[C:19]([H:72])=[C:18]([H:71])[C:17]([H:70])=[C:16]1[H:69])[H:63])([C:9]1=[C:14]([H:68])[C:13]([H:67])=[C:12]([H:66])[C:11]([H:65])=[C:10]1[H:64])[H:62])([H:58])[H:59],[H]OC([H])([H])[H],CC1=CC=C([C@@H](CC2=CC=C(C)C=C2)C(O)=O)C=C1,CC1=CC=C([C@H](CC2=CC=C(C)C=C2)C(O)=O)C=C1,CC1=CC=C(/C(C(O)=O)=C\C2=CC=C(C)C=C2)C=C1,60,100,,,,2
IAW00000787,CAT-23,SOL-2,,,REA-14,[C]12([H:1])->[Ir+:130]345(<-[C:7]=1([H:11])[C@@:10]([H:15])([H:16])[C@@:17]([H:22])([H:23])[C:12]->3([H:18])=[C:8]->4([H:13])[C@:5]([H:6])([H:9])[C@:2]2([H:3])[H:4])<-[N:21]1=[C:27]([C:28]2=[C:29]([H:32])[C:31]([H:36])=[C:35]([H:41])[C:33]3=[C:30]2[C@@:34]2([C@@:38]([H:44])([H:45])[C@@:46]([H:51])([H:52])[C:48]4=[C:39]2[C:47]([P:53]->5([C:56]2=[C:62]([H:68])[C:69]([C@@:76]([C@@:84]([H:103])([H:104])[H:105])([C@@:85]([H:106])([H:107])[H:108])[C@:86]([H:109])([H:110])[H:111])=[C:75]([H:83])[C:67]([C@@:74]([C@@:80]([H:94])([H:95])[H:96])([C@:81]([H:97])([H:98])[H:99])[C@:82]([H:100])([H:101])[H:102])=[C:61]2[H:66])[C:57]2=[C:63]([H:70])[C:71]([C@:77]([C@@:87]([H:112])([H:113])[H:114])([C@@:88]([H:115])([H:116])[H:117])[C@:89]([H:118])([H:119])[H:120])=[C:78]([H:90])[C:72]([C@:79]([C@:91]([H:121])([H:122])[H:123])([C@@:92]([H:124])([H:125])[H:126])[C@@:93]([H:127])([H:128])[H:129])=[C:64]2[H:73])=[C:54]([H:59])[C:58]([H:65])=[C:55]4[H:60])[C@:40]([H:49])([H:50])[C@@:37]3([H:42])[H:43])[O:25][C@@:19]([H:24])([H:26])[C@:14]1([H:20])[H:131],[H]C([H])([H])C([H])([H])N(C([H])([H])C([H])([H])[H])C([H])([H])C([H])([H])[H].[H]OC([H])([H])[H],CC1=CC=C([C@@H](CC2=CC=C(C)C=C2)C(O)=O)C=C1,CC1=CC=C([C@H](CC2=CC=C(C)C=C2)C(O)=O)C=C1,CC1=CC=C(/C(C(O)=O)=C\C2=CC=C(C)C=C2)C=C1,60,6,,,,2
IAW00000788,CAT-24,SOL-2,,,REA-14,C1([H:1])=[C:11]([H:17])[C:16]([C@@:24]2([H:31])[C@:30]([H:35])([H:37])[O:36][C:38]3[C:39]4=[C:41]5[C:44](=[C:46]([H:52])[C:42]([H:47])=[C:40]4[H:43])[C@:48]([H:53])([H:54])[C@@:51]([H:60])([H:61])[C@:45]54[C@@:49]([H:55])([H:56])[C@@:57]([H:62])([H:63])[C:59]5=[C:50]4[C:58]([P:64]([C:67]4=[C:73]([H:79])[C:80]([C@@:87]([C@@:95]([H:114])([H:115])[H:116])([C@@:96]([H:117])([H:118])[H:119])[C@:97]([H:120])([H:121])[H:122])=[C:86]([H:94])[C:78]([C@@:85]([C@@:91]([H:105])([H:106])[H:107])([C@:92]([H:108])([H:109])[H:110])[C@:93]([H:111])([H:112])[H:113])=[C:72]4[H:77])([C:68]4=[C:75]([H:84])[C:83]([C@:90]([C@:102]([H:132])([H:133])[H:134])([C@@:103]([H:135])([H:136])[H:137])[C@@:104]([H:138])([H:139])[H:140])=[C:89]([H:101])[C:82]([C@:88]([C@@:98]([H:123])([H:124])[H:125])([C@@:99]([H:126])([H:127])[H:128])[C@:100]([H:129])([H:130])[H:131])=[C:74]4[H:81])->[Ir+:141]467(<-[C:4]8([H:5])=[C:13]->4([H:21])[C@@:20]([H:26])([H:27])[C@@:28]([H:33])([H:34])[C:22]->6([H:29])=[C:14]->7([H:23])[C@:9]([H:10])([H:15])[C@:6]8([H:7])[H:8])<-[N:32]=32)=[C:65]([H:70])[C:69]([H:76])=[C:66]5[H:71])=[C:19]([H:25])[C:12]([H:18])=[C:2]1[H:3],[H]C([H])([H])C([H])([H])N(C([H])([H])C([H])([H])[H])C([H])([H])C([H])([H])[H].[H]OC([H])([H])[H],CC1=CC=C([C@@H](CC2=CC=C(C)C=C2)C(O)=O)C=C1,CC1=CC=C([C@H](CC2=CC=C(C)C=C2)C(O)=O)C=C1,CC1=CC=C(/C(C(O)=O)=C\C2=CC=C(C)C=C2)C=C1,60,6,,,,2
IAW00000789,CAT-25,SOL-2,,,REA-14,C12[P:96]([C:33]3=[C:40]([H:41])[C:39]([C@:55]([C@:56]([H:57])([H:58])[H:59])([C@:60]([H:61])([H:62])[H:105])[C@@:104]([H:120])([H:121])[H:122])=[C:37]([H:38])[C:36]([C@:42]([C@:43]([H:44])([H:45])[H:46])([C@:47]([H:48])([H:49])[H:50])[C@:51]([H:52])([H:53])[H:54])=[C:34]3[H:35])([C:63]3=[C:69]([H:109])[C:68]([C@:108]([C@:125]([H:136])([H:137])[H:138])([C@@:126]([H:139])([H:140])[H:141])[C@:127]([H:142])([H:143])[H:144])=[C:67]([H:107])[C:66]([C@:106]([C@:70]([H:71])([H:110])[H:111])([C@@:123]([H:131])([H:132])[H:133])[C@:124]([H:72])([H:134])[H:135])=[C:64]3[H:65])->[Ir+:93]345(<-[C:73]6([H:74])=[C:75]->3([H:76])[C@:77]([H:78])([H:79])[C@@:80]([H:81])([H:82])[C:83]->4([H:84])=[C:85]->5([H:86])[C@:87]([H:88])([H:89])[C@@:90]6([H:91])[H:92])<-[N:94]3=[C:13]([C:11]4=[C:9]([H:10])[C:102]([H:118])=[C:119]([H:130])[C:103]5=[C:12]4[C@:5]4([C:4]1=[C:3]([C@:6]([H:7])([H:101])[C@:99]4([H:114])[H:115])[C:98]([H:113])=[C:97]([H:112])[C:1]=2[H:2])[C@@:100]([H:8])([H:117])[C@@:116]5([H:128])[H:129])[O:95][C@:14]([H:15])([H:16])[C@:17]3([H:18])[C@@:19]([H:20])([H:21])[C:22]1=[C:23]([H:24])[C:25]([H:26])=[C:27]([H:28])[C:29]([H:30])=[C:31]1[H:32],[H]C([H])([H])C([H])([H])N(C([H])([H])C([H])([H])[H])C([H])([H])C([H])([H])[H].[H]OC([H])([H])[H],CC1=CC=C([C@@H](CC2=CC=C(C)C=C2)C(O)=O)C=C1,CC1=CC=C([C@H](CC2=CC=C(C)C=C2)C(O)=O)C=C1,CC1=CC=C(/C(C(O)=O)=C\C2=CC=C(C)C=C2)C=C1,60,6,,,,2
IAW00000790,CAT-26,SOL-2,,,REA-14,[P]1([C:13]2=[C:14]([H:57])[C:15]([H:58])=[C:16]([H:59])[C:11]3=[C:12]2[C@@:7]2([C@@:9]([H:67])([H:68])[C@@:10]3([H:72])[H:73])[C@@:17]([H:74])([H:75])[C@@:18]([H:76])([H:77])[C:19]3=[C:24]([H:62])[C:23]([H:61])=[C:22]([H:60])[C:21]([N:8]([C@:6]([C:5]4=[C:120]([C@@:121]([H:122])([H:123])[H:124])[C:1]([H:82])=[C:2]([H:81])[C:3]([H:80])=[C:4]4[H:119])([H:78])[H:79])(->[Ir+4:54]<-1(<-[Cl-:53])(<-[H-:55])(<-[H-:56])<-[H-:125])[H:64])=[C:20]23)([C:25]1=[C:30]([H:66])[C:29]([C@:35]([C@:36]([H:92])([H:93])[H:94])([C@:37]([H:95])([H:96])[H:97])[C@:38]([H:98])([H:99])[H:100])=[C:28]([H:65])[C:27]([C@:31]([C@:32]([H:83])([H:84])[H:85])([C@:33]([H:86])([H:87])[H:88])[C@:34]([H:89])([H:90])[H:91])=[C:26]1[H:63])[C:39]1=[C:40]([H:69])[C:41]([C@@:45]([C@:46]([H:101])([H:102])[H:103])([C@:47]([H:104])([H:105])[H:106])[C@:48]([H:107])([H:108])[H:109])=[C:42]([H:70])[C:43]([C@:49]([C@:50]([H:110])([H:111])[H:112])([C@:51]([H:113])([H:114])[H:115])[C@:52]([H:116])([H:117])[H:118])=[C:44]1[H:71],[H]C([H])([H])C([H])([H])N(C([H])([H])C([H])([H])[H])C([H])([H])C([H])([H])[H].[H]OC([H])([H])[H],CC1=CC=C([C@@H](CC2=CC=C(C)C=C2)C(O)=O)C=C1,CC1=CC=C([C@H](CC2=CC=C(C)C=C2)C(O)=O)C=C1,CC1=CC=C(/C(C(O)=O)=C\C2=CC=C(C)C=C2)C=C1,60,6,,,,2
IAW00000791,CAT-27,SOL-2,,,REA-14,[C@@]1([C@@:1]2([H:41])[C@:3]([C@@:7]([H:43])([H:44])[H:45])([H:42])[O:87][C:4]([C:6]3=[C:8]([H:46])[C:9]([H:47])=[C:10]([H:48])[C:11]([H:49])=[C:12]3[H:50])=[N:5]2->[Ir+5:26]234(<-[P:13]([O:2]1)([C@:14]1([H:51])[C@@:16]([H:53])([H:54])[C@@:17]([H:55])([H:56])[C@@:18]([H:57])([H:58])[C@@:19]([H:59])([H:60])[C@@:20]1([H:61])[H:62])[C@:15]1([H:52])[C@@:21]([H:63])([H:64])[C@@:22]([H:65])([H:66])[C@@:23]([H:67])([H:68])[C@@:24]([H:69])([H:70])[C@@:25]1([H:71])[H:72])<-[C-:88]1([H:89])[C-:90]->2([H:91])[C@@:92]([H:93])([H:94])[C@@:95]([H:96])([H:97])[C-:104]->3([H:106])[C-:105]->4([H:107])[C@:101]([H:102])([H:103])[C@@:98]1([H:99])[H:100])([C@:32]([C:35]1=[C:31]([H:77])[C:30]([H:76])=[C:29]([H:75])[C:28]([H:74])=[C:27]1[H:73])([H:78])[H:79])[C@:39]([C:40]1=[C:38]([H:84])[C:37]([H:83])=[C:36]([H:82])[C:34]([H:81])=[C:33]1[H:80])([H:85])[H:86],[H]C([H])([H])C([H])([H])N(C([H])([H])C([H])([H])[H])C([H])([H])C([H])([H])[H].[H]OC([H])([H])[H],CC1=CC=C([C@@H](CC2=CC=C(C)C=C2)C(O)=O)C=C1,CC1=CC=C([C@H](CC2=CC=C(C)C=C2)C(O)=O)C=C1,CC1=CC=C(/C(C(O)=O)=C\C2=CC=C(C)C=C2)C=C1,60,6,,,,2
IAW00000792,CAT-28,SOL-1,,,REA-14,[P]12([C@@:10]([C@:11]([P:1]3(->[Rh+:24]<-1456<-[C:2]1([H:25])=[C:3]->4([H:26])[C@:4]([H:27])([H:28])[C@@:5]([H:29])([H:30])[C:6]->5([H:31])=[C:7]->6([H:32])[C@:8]([H:33])([H:34])[C@@:9]1([H:35])[H:36])[C@@:18]([C@:22]([H:59])([H:60])[H:61])([H:53])[C@@:19]([H:54])([H:55])[C@@:20]([H:56])([H:57])[C@:21]3([C@:23]([H:62])([H:63])[H:64])[H:58])([H:39])[H:40])([H:37])[H:38])[C@@:12]([C@:16]([H:47])([H:48])[H:49])([H:41])[C@@:13]([H:42])([H:43])[C@:14]([H:44])([H:45])[C@:15]2([C@:17]([H:50])([H:51])[H:52])[H:46],[H]OC([H])([H])[H],CC1=CC=C([C@@H](CC2=CC=C(C)C=C2)C(O)=O)C=C1,CC1=CC=C([C@H](CC2=CC=C(C)C=C2)C(O)=O)C=C1,CC1=CC=C(/C(C(O)=O)=C\C2=CC=C(C)C=C2)C=C1,60,20,,,,2
IAW00000793,CAT-28,SOL-2,,,REA-14,[P]12([C@@:10]([C@:11]([P:1]3(->[Rh+:24]<-1456<-[C:2]1([H:25])=[C:3]->4([H:26])[C@:4]([H:27])([H:28])[C@@:5]([H:29])([H:30])[C:6]->5([H:31])=[C:7]->6([H:32])[C@:8]([H:33])([H:34])[C@@:9]1([H:35])[H:36])[C@@:18]([C@:22]([H:59])([H:60])[H:61])([H:53])[C@@:19]([H:54])([H:55])[C@@:20]([H:56])([H:57])[C@:21]3([C@:23]([H:62])([H:63])[H:64])[H:58])([H:39])[H:40])([H:37])[H:38])[C@@:12]([C@:16]([H:47])([H:48])[H:49])([H:41])[C@@:13]([H:42])([H:43])[C@:14]([H:44])([H:45])[C@:15]2([C@:17]([H:50])([H:51])[H:52])[H:46],[H]C([H])([H])C([H])([H])N(C([H])([H])C([H])([H])[H])C([H])([H])C([H])([H])[H].[H]OC([H])([H])[H],CC1=CC=C([C@@H](CC2=CC=C(C)C=C2)C(O)=O)C=C1,CC1=CC=C([C@H](CC2=CC=C(C)C=C2)C(O)=O)C=C1,CC1=CC=C(/C(C(O)=O)=C\C2=CC=C(C)C=C2)C=C1,60,20,,,,2
IAW00000794,CAT-29,SOL-2,,,REA-14,[P]12([C@@:22]([H:23])([H:24])[C@:25]([P:1]3(->[Rh+:76]<-1456<-[C:2]1([H:3])=[C:4]->4([H:5])[C@:6]([H:7])([H:8])[C@@:9]([H:10])([H:11])[C:12]->5([H:13])=[C:14]->6([H:15])[C@:16]([H:17])([H:18])[C@@:19]1([H:20])[H:21])[C@@:48]([H:49])([C@@:65]([H:66])([H:67])[C@:68]([H:69])([H:70])[H:72])[C@@:50]([H:51])([H:52])[C@:53]([H:54])([H:55])[C@:56]3([H:57])[C@:58]([H:59])([H:60])[C@:61]([H:62])([H:63])[H:64])([H:26])[H:27])[C@@:28]([H:29])([C@:38]([H:39])([H:40])[C@:41]([H:42])([H:43])[H:44])[C@@:30]([H:31])([H:32])[C@:33]([H:34])([H:35])[C@:36]2([H:37])[C@@:45]([H:46])([H:47])[C@:71]([H:73])([H:74])[H:75],[H]C([H])([H])C([H])([H])N(C([H])([H])C([H])([H])[H])C([H])([H])C([H])([H])[H].[H]OC([H])([H])[H],CC1=CC=C([C@@H](CC2=CC=C(C)C=C2)C(O)=O)C=C1,CC1=CC=C([C@H](CC2=CC=C(C)C=C2)C(O)=O)C=C1,CC1=CC=C(/C(C(O)=O)=C\C2=CC=C(C)C=C2)C=C1,60,20,,,,2
IAW00000795,CAT-30,SOL-1,,,REA-14,[P]12([C@@:22]([H:23])([H:24])[C@:25]([P:1]3(->[Rh+:72]<-1456<-[C:2]1([H:3])=[C:4]->4([H:5])[C@:6]([H:7])([H:8])[C@@:9]([H:10])([H:11])[C:12]->5([H:13])=[C:14]->6([H:15])[C@:16]([H:17])([H:18])[C@@:19]1([H:20])[H:21])[C@:46]([H:47])([C@@:62]([H:63])([C@:64]([H:65])([H:66])[H:68])[C@@:85]([H:86])([H:87])[H:88])[C@@:48]([H:49])([H:50])[C@:51]([H:52])([H:53])[C@@:54]3([H:55])[C@@:56]([H:57])([C@:58]([H:59])([H:60])[H:61])[C@@:81]([H:82])([H:83])[H:84])([H:26])[H:27])[C@:28]([H:29])([C@@:38]([H:39])([C@:40]([H:41])([H:42])[H:43])[C@@:73]([H:74])([H:75])[H:76])[C@@:30]([H:31])([H:32])[C@:33]([H:34])([H:35])[C@@:36]2([H:37])[C@:44]([H:45])([C@:67]([H:69])([H:70])[H:71])[C@@:77]([H:78])([H:79])[H:80],[H]OC([H])([H])[H],CC1=CC=C([C@@H](CC2=CC=C(C)C=C2)C(O)=O)C=C1,CC1=CC=C([C@H](CC2=CC=C(C)C=C2)C(O)=O)C=C1,CC1=CC=C(/C(C(O)=O)=C\C2=CC=C(C)C=C2)C=C1,60,20,,,,2
IAW00000796,CAT-30,SOL-2,,,REA-14,[P]12([C@@:22]([H:23])([H:24])[C@:25]([P:1]3(->[Rh+:72]<-1456<-[C:2]1([H:3])=[C:4]->4([H:5])[C@:6]([H:7])([H:8])[C@@:9]([H:10])([H:11])[C:12]->5([H:13])=[C:14]->6([H:15])[C@:16]([H:17])([H:18])[C@@:19]1([H:20])[H:21])[C@:46]([H:47])([C@@:62]([H:63])([C@:64]([H:65])([H:66])[H:68])[C@@:85]([H:86])([H:87])[H:88])[C@@:48]([H:49])([H:50])[C@:51]([H:52])([H:53])[C@@:54]3([H:55])[C@@:56]([H:57])([C@:58]([H:59])([H:60])[H:61])[C@@:81]([H:82])([H:83])[H:84])([H:26])[H:27])[C@:28]([H:29])([C@@:38]([H:39])([C@:40]([H:41])([H:42])[H:43])[C@@:73]([H:74])([H:75])[H:76])[C@@:30]([H:31])([H:32])[C@:33]([H:34])([H:35])[C@@:36]2([H:37])[C@:44]([H:45])([C@:67]([H:69])([H:70])[H:71])[C@@:77]([H:78])([H:79])[H:80],[H]C([H])([H])C([H])([H])N(C([H])([H])C([H])([H])[H])C([H])([H])C([H])([H])[H].[H]OC([H])([H])[H],CC1=CC=C([C@@H](CC2=CC=C(C)C=C2)C(O)=O)C=C1,CC1=CC=C([C@H](CC2=CC=C(C)C=C2)C(O)=O)C=C1,CC1=CC=C(/C(C(O)=O)=C\C2=CC=C(C)C=C2)C=C1,60,20,,,,2
IAW00000797,CAT-31,SOL-1,,,REA-14,[P]12([C@@:10]([C@:11]([P:1]3(->[Rh+:20]<-1456<-[C:2]1([H:21])=[C:3]->4([H:22])[C@:4]([H:23])([H:24])[C@@:5]([H:25])([H:26])[C:6]->5([H:27])=[C:7]->6([H:28])[C@:8]([H:29])([H:30])[C@@:9]1([H:31])[H:32])[C@@:16]([H:43])([C:82]1=[C:83]([H:86])[C:85]([H:90])=[C:89]([H:92])[C:87]([H:91])=[C:84]1[H:88])[C@@:17]([H:44])([H:45])[C@@:18]([H:46])([H:47])[C@:19]3([H:48])[C:71]1=[C:72]([H:75])[C:74]([H:79])=[C:78]([H:81])[C:76]([H:80])=[C:73]1[H:77])([H:35])[H:36])([H:33])[H:34])[C@@:12]([H:37])([C:49]1=[C:50]([H:53])[C:52]([H:57])=[C:56]([H:59])[C:54]([H:58])=[C:51]1[H:55])[C@@:13]([H:38])([H:39])[C@:14]([H:40])([H:41])[C@:15]2([H:42])[C:60]1=[C:61]([H:64])[C:63]([H:68])=[C:67]([H:70])[C:65]([H:69])=[C:62]1[H:66],[H]OC([H])([H])[H],CC1=CC=C([C@@H](CC2=CC=C(C)C=C2)C(O)=O)C=C1,CC1=CC=C([C@H](CC2=CC=C(C)C=C2)C(O)=O)C=C1,CC1=CC=C(/C(C(O)=O)=C\C2=CC=C(C)C=C2)C=C1,60,20,,,,2
IAW00000798,CAT-31,SOL-2,,,REA-14,[P]12([C@@:10]([C@:11]([P:1]3(->[Rh+:20]<-1456<-[C:2]1([H:21])=[C:3]->4([H:22])[C@:4]([H:23])([H:24])[C@@:5]([H:25])([H:26])[C:6]->5([H:27])=[C:7]->6([H:28])[C@:8]([H:29])([H:30])[C@@:9]1([H:31])[H:32])[C@@:16]([H:43])([C:82]1=[C:83]([H:86])[C:85]([H:90])=[C:89]([H:92])[C:87]([H:91])=[C:84]1[H:88])[C@@:17]([H:44])([H:45])[C@@:18]([H:46])([H:47])[C@:19]3([H:48])[C:71]1=[C:72]([H:75])[C:74]([H:79])=[C:78]([H:81])[C:76]([H:80])=[C:73]1[H:77])([H:35])[H:36])([H:33])[H:34])[C@@:12]([H:37])([C:49]1=[C:50]([H:53])[C:52]([H:57])=[C:56]([H:59])[C:54]([H:58])=[C:51]1[H:55])[C@@:13]([H:38])([H:39])[C@:14]([H:40])([H:41])[C@:15]2([H:42])[C:60]1=[C:61]([H:64])[C:63]([H:68])=[C:67]([H:70])[C:65]([H:69])=[C:62]1[H:66],[H]C([H])([H])C([H])([H])N(C([H])([H])C([H])([H])[H])C([H])([H])C([H])([H])[H].[H]OC([H])([H])[H],CC1=CC=C([C@@H](CC2=CC=C(C)C=C2)C(O)=O)C=C1,CC1=CC=C([C@H](CC2=CC=C(C)C=C2)C(O)=O)C=C1,CC1=CC=C(/C(C(O)=O)=C\C2=CC=C(C)C=C2)C=C1,60,20,,,,2
IAW00000799,CAT-32,SOL-2,,,REA-14,[Rh+]1234(<-[P:1]5([C:35]6=[C:41]([H:52])[C:51]([H:59])=[C:58]([H:60])[C:47]([H:57])=[C:39]6[P:34]->16[C@@:63]([C@:46]([H:54])([H:55])[H:56])([H:64])[C@:42]([H:23])([H:53])[C@:36]([H:22])([H:43])[C@:67]6([C@@:24]([H:25])([H:26])[H:37])[H:68])[C@@:61]([C@:30]([H:31])([H:32])[H:33])([H:62])[C@@:27]([H:28])([H:29])[C@:38]([H:44])([H:45])[C@:65]5([C@@:40]([H:48])([H:49])[H:50])[H:66])<-[C:2]1([H:3])=[C:4]->2([H:5])[C@@:6]([H:7])([H:8])[C@:9]([H:10])([H:11])[C:12]->3([H:13])=[C:14]->4([H:15])[C@@:16]([H:17])([H:18])[C@:19]1([H:20])[H:21],[H]C([H])([H])C([H])([H])N(C([H])([H])C([H])([H])[H])C([H])([H])C([H])([H])[H].[H]OC([H])([H])[H],CC1=CC=C([C@@H](CC2=CC=C(C)C=C2)C(O)=O)C=C1,CC1=CC=C([C@H](CC2=CC=C(C)C=C2)C(O)=O)C=C1,CC1=CC=C(/C(C(O)=O)=C\C2=CC=C(C)C=C2)C=C1,60,20,,,,2
IAW00000800,CAT-33,SOL-3,,,REA-14,[Rh+]1234(<-[P:1]5([C:23]6=[C:31]([H:32])[C:29]([H:30])=[C:27]([H:28])[C:25]([H:26])=[C:24]6[P:2]->16[C@:73]([C@:66]([H:67])([H:68])[C@@:69]([H:70])([H:71])[H:72])([H:74])[C@@:56]([H:57])([H:58])[C@@:53]([H:54])([H:55])[C@@:75]6([C@:59]([H:60])([H:61])[C@@:62]([H:63])([H:64])[H:65])[H:76])[C@:77]([C@:46]([H:47])([H:48])[C@@:49]([H:50])([H:51])[H:52])([H:78])[C@@:36]([H:37])([H:38])[C@@:33]([H:34])([H:35])[C@@:79]5([C@:39]([H:40])([H:41])[C@@:42]([H:43])([H:44])[H:45])[H:80])<-[C:3]1([H:4])=[C:5]->2([H:6])[C@:7]([H:8])([H:9])[C@:10]([H:11])([H:12])[C:13]->3([H:14])=[C:15]->4([H:16])[C@:17]([H:18])([H:19])[C@@:20]1([H:21])[H:22],F[B-](F)(F)F.[H]C([H])([H])C([H])([H])N(C([H])([H])C([H])([H])[H])C([H])([H])C([H])([H])[H].[H]OC([H])([H])[H],CC1=CC=C([C@@H](CC2=CC=C(C)C=C2)C(O)=O)C=C1,CC1=CC=C([C@H](CC2=CC=C(C)C=C2)C(O)=O)C=C1,CC1=CC=C(/C(C(O)=O)=C\C2=CC=C(C)C=C2)C=C1,60,20,,,,2
IAW00000801,CAT-34,SOL-2,,,REA-14,[Rh+]1234(<-[P:1]5([C:33]6=[C:30]([P:2]->17[C@@:45]([H:46])([C@:55]([H:56])([C@:57]([H:58])([H:59])[H:60])[C@:61]([H:62])([H:63])[H:64])[C@:47]([H:48])([H:49])[C@@:50]([H:51])([H:52])[C@:53]7([H:54])[C@@:65]([H:66])([C@:67]([H:68])([H:69])[H:70])[C@:71]([H:72])([H:73])[H:74])[C:28]([H:29])=[C:26]([H:27])[C:24]([H:25])=[C:23]6[H:76])[C@@:31]([H:32])([C@@:36]([H:37])([C@:38]([H:39])([H:40])[H:78])[C@:41]([H:42])([H:43])[H:44])[C@@:77]([H:82])([H:83])[C@:79]([H:84])([H:85])[C@@:75]5([C@@:80]([H:34])([C@:86]([H:88])([H:89])[H:90])[C@:87]([H:35])([H:91])[H:92])[H:81])<-[C:3]1([H:4])=[C:5]->2([H:6])[C@:7]([H:8])([H:9])[C@@:10]([H:11])([H:12])[C:13]->3([H:14])=[C:15]->4([H:16])[C@:17]([H:18])([H:19])[C@@:20]1([H:21])[H:22],[H]C([H])([H])C([H])([H])N(C([H])([H])C([H])([H])[H])C([H])([H])C([H])([H])[H].[H]OC([H])([H])[H],CC1=CC=C([C@@H](CC2=CC=C(C)C=C2)C(O)=O)C=C1,CC1=CC=C([C@H](CC2=CC=C(C)C=C2)C(O)=O)C=C1,CC1=CC=C(/C(C(O)=O)=C\C2=CC=C(C)C=C2)C=C1,60,20,,,,2
IAW00000802,CAT-35,SOL-2,,,REA-14,[Fe+2]123456789<-[C:3]%10([P:1]%11(->[Rh+:61]%12%13%14(<-[P:2]%15([C:12]->1%16=[C:17]->2([H:18])[C:15]->3([H:16])=[C:14]->4([H:53])[C-:13]->5%16[H:52])[C@:29]([H:30])([C@@:62]([H:63])([H:64])[H:65])[C@:54]([H:57])([H:58])[C@:56]([H:59])([H:60])[C@@:51]%15([H:55])[C@@:66]([H:67])([H:68])[H:69])<-[C:31]1([H:32])=[C:33]->%12([H:34])[C@:35]([H:36])([H:37])[C@@:38]([H:39])([H:40])[C:41]->%13([H:42])=[C:43]->%14([H:44])[C@:45]([H:46])([H:47])[C@@:48]1([H:49])[H:50])[C@:19]([H:20])([C@@:70]([H:71])([H:72])[H:73])[C@@:21]([H:22])([H:23])[C@:24]([H:25])([H:26])[C@@:27]%11([H:28])[C@@:74]([H:75])([H:76])[H:77])=[C:4]->6([H:5])[C:6]->7([H:7])=[C:8]->8([H:9])[C-:10]->9%10[H:11],[H]C([H])([H])C([H])([H])N(C([H])([H])C([H])([H])[H])C([H])([H])C([H])([H])[H].[H]OC([H])([H])[H],CC1=CC=C([C@@H](CC2=CC=C(C)C=C2)C(O)=O)C=C1,CC1=CC=C([C@H](CC2=CC=C(C)C=C2)C(O)=O)C=C1,CC1=CC=C(/C(C(O)=O)=C\C2=CC=C(C)C=C2)C=C1,60,20,,,,2
IAW00000803,CAT-35,SOL-4,,,REA-14,[Fe+2]123456789<-[C:3]%10([P:1]%11(->[Rh+:61]%12%13%14(<-[P:2]%15([C:12]->1%16=[C:17]->2([H:18])[C:15]->3([H:16])=[C:14]->4([H:53])[C-:13]->5%16[H:52])[C@:29]([H:30])([C@@:62]([H:63])([H:64])[H:65])[C@:54]([H:57])([H:58])[C@:56]([H:59])([H:60])[C@@:51]%15([H:55])[C@@:66]([H:67])([H:68])[H:69])<-[C:31]1([H:32])=[C:33]->%12([H:34])[C@:35]([H:36])([H:37])[C@@:38]([H:39])([H:40])[C:41]->%13([H:42])=[C:43]->%14([H:44])[C@:45]([H:46])([H:47])[C@@:48]1([H:49])[H:50])[C@:19]([H:20])([C@@:70]([H:71])([H:72])[H:73])[C@@:21]([H:22])([H:23])[C@:24]([H:25])([H:26])[C@@:27]%11([H:28])[C@@:74]([H:75])([H:76])[H:77])=[C:4]->6([H:5])[C:6]->7([H:7])=[C:8]->8([H:9])[C-:10]->9%10[H:11],[H]C([H])([H])C([H])([H])N(C([H])([H])C([H])([H])[H])C([H])([H])C([H])([H])[H].[H]OC([H])([H])[H].[H]O[H],CC1=CC=C([C@@H](CC2=CC=C(C)C=C2)C(O)=O)C=C1,CC1=CC=C([C@H](CC2=CC=C(C)C=C2)C(O)=O)C=C1,CC1=CC=C(/C(C(O)=O)=C\C2=CC=C(C)C=C2)C=C1,60,20,,,,2
IAW00000804,CAT-35,SOL-5,,,REA-14,[Fe+2]123456789<-[C:3]%10([P:1]%11(->[Rh+:61]%12%13%14(<-[P:2]%15([C:12]->1%16=[C:17]->2([H:18])[C:15]->3([H:16])=[C:14]->4([H:53])[C-:13]->5%16[H:52])[C@:29]([H:30])([C@@:62]([H:63])([H:64])[H:65])[C@:54]([H:57])([H:58])[C@:56]([H:59])([H:60])[C@@:51]%15([H:55])[C@@:66]([H:67])([H:68])[H:69])<-[C:31]1([H:32])=[C:33]->%12([H:34])[C@:35]([H:36])([H:37])[C@@:38]([H:39])([H:40])[C:41]->%13([H:42])=[C:43]->%14([H:44])[C@:45]([H:46])([H:47])[C@@:48]1([H:49])[H:50])[C@:19]([H:20])([C@@:70]([H:71])([H:72])[H:73])[C@@:21]([H:22])([H:23])[C@:24]([H:25])([H:26])[C@@:27]%11([H:28])[C@@:74]([H:75])([H:76])[H:77])=[C:4]->6([H:5])[C:6]->7([H:7])=[C:8]->8([H:9])[C-:10]->9%10[H:11],[H]C([H])([H])C([H])([H])N(C([H])([H])C([H])([H])[H])C([H])([H])C([H])([H])[H].[H]C1([H])OC([H])([H])C([H])([H])C1([H])[H],CC1=CC=C([C@@H](CC2=CC=C(C)C=C2)C(O)=O)C=C1,CC1=CC=C([C@H](CC2=CC=C(C)C=C2)C(O)=O)C=C1,CC1=CC=C(/C(C(O)=O)=C\C2=CC=C(C)C=C2)C=C1,60,5,,,,2
IAW00000805,CAT-35,SOL-5,,,REA-14,[Fe+2]123456789<-[C:3]%10([P:1]%11(->[Rh+:61]%12%13%14(<-[P:2]%15([C:12]->1%16=[C:17]->2([H:18])[C:15]->3([H:16])=[C:14]->4([H:53])[C-:13]->5%16[H:52])[C@:29]([H:30])([C@@:62]([H:63])([H:64])[H:65])[C@:54]([H:57])([H:58])[C@:56]([H:59])([H:60])[C@@:51]%15([H:55])[C@@:66]([H:67])([H:68])[H:69])<-[C:31]1([H:32])=[C:33]->%12([H:34])[C@:35]([H:36])([H:37])[C@@:38]([H:39])([H:40])[C:41]->%13([H:42])=[C:43]->%14([H:44])[C@:45]([H:46])([H:47])[C@@:48]1([H:49])[H:50])[C@:19]([H:20])([C@@:70]([H:71])([H:72])[H:73])[C@@:21]([H:22])([H:23])[C@:24]([H:25])([H:26])[C@@:27]%11([H:28])[C@@:74]([H:75])([H:76])[H:77])=[C:4]->6([H:5])[C:6]->7([H:7])=[C:8]->8([H:9])[C-:10]->9%10[H:11],[H]C([H])([H])C([H])([H])N(C([H])([H])C([H])([H])[H])C([H])([H])C([H])([H])[H].[H]C1([H])OC([H])([H])C([H])([H])C1([H])[H],CC1=CC=C([C@@H](CC2=CC=C(C)C=C2)C(O)=O)C=C1,CC1=CC=C([C@H](CC2=CC=C(C)C=C2)C(O)=O)C=C1,CC1=CC=C(/C(C(O)=O)=C\C2=CC=C(C)C=C2)C=C1,60,50,,,,2
IAW00000806,CAT-35,SOL-5,,,REA-14,[Fe+2]123456789<-[C:3]%10([P:1]%11(->[Rh+:61]%12%13%14(<-[P:2]%15([C:12]->1%16=[C:17]->2([H:18])[C:15]->3([H:16])=[C:14]->4([H:53])[C-:13]->5%16[H:52])[C@:29]([H:30])([C@@:62]([H:63])([H:64])[H:65])[C@:54]([H:57])([H:58])[C@:56]([H:59])([H:60])[C@@:51]%15([H:55])[C@@:66]([H:67])([H:68])[H:69])<-[C:31]1([H:32])=[C:33]->%12([H:34])[C@:35]([H:36])([H:37])[C@@:38]([H:39])([H:40])[C:41]->%13([H:42])=[C:43]->%14([H:44])[C@:45]([H:46])([H:47])[C@@:48]1([H:49])[H:50])[C@:19]([H:20])([C@@:70]([H:71])([H:72])[H:73])[C@@:21]([H:22])([H:23])[C@:24]([H:25])([H:26])[C@@:27]%11([H:28])[C@@:74]([H:75])([H:76])[H:77])=[C:4]->6([H:5])[C:6]->7([H:7])=[C:8]->8([H:9])[C-:10]->9%10[H:11],[H]C([H])([H])C([H])([H])N(C([H])([H])C([H])([H])[H])C([H])([H])C([H])([H])[H].[H]C1([H])OC([H])([H])C([H])([H])C1([H])[H],CC1=CC=C([C@@H](CC2=CC=C(C)C=C2)C(O)=O)C=C1,CC1=CC=C([C@H](CC2=CC=C(C)C=C2)C(O)=O)C=C1,CC1=CC=C(/C(C(O)=O)=C\C2=CC=C(C)C=C2)C=C1,60,20,,,,2
IAW00000807,CAT-35,SOL-6,,,REA-14,[Fe+2]123456789<-[C:3]%10([P:1]%11(->[Rh+:61]%12%13%14(<-[P:2]%15([C:12]->1%16=[C:17]->2([H:18])[C:15]->3([H:16])=[C:14]->4([H:53])[C-:13]->5%16[H:52])[C@:29]([H:30])([C@@:62]([H:63])([H:64])[H:65])[C@:54]([H:57])([H:58])[C@:56]([H:59])([H:60])[C@@:51]%15([H:55])[C@@:66]([H:67])([H:68])[H:69])<-[C:31]1([H:32])=[C:33]->%12([H:34])[C@:35]([H:36])([H:37])[C@@:38]([H:39])([H:40])[C:41]->%13([H:42])=[C:43]->%14([H:44])[C@:45]([H:46])([H:47])[C@@:48]1([H:49])[H:50])[C@:19]([H:20])([C@@:70]([H:71])([H:72])[H:73])[C@@:21]([H:22])([H:23])[C@:24]([H:25])([H:26])[C@@:27]%11([H:28])[C@@:74]([H:75])([H:76])[H:77])=[C:4]->6([H:5])[C:6]->7([H:7])=[C:8]->8([H:9])[C-:10]->9%10[H:11],[H]C([H])([H])C([H])([H])N(C([H])([H])C([H])([H])[H])C([H])([H])C([H])([H])[H].[H]OC([H])(C([H])([H])[H])C([H])([H])[H],CC1=CC=C([C@@H](CC2=CC=C(C)C=C2)C(O)=O)C=C1,CC1=CC=C([C@H](CC2=CC=C(C)C=C2)C(O)=O)C=C1,CC1=CC=C(/C(C(O)=O)=C\C2=CC=C(C)C=C2)C=C1,60,20,,,,2
IAW00000808,CAT-36,SOL-2,,,REA-14,[Fe+2]123456789<-[C:3]%10([P:1]%11(->[Rh+:61]%12%13%14(<-[P:2]%15([C-:12]->1%16[C:13]->2([H:52])=[C:14]->3([H:53])[C:15]->4([H:16])=[C:17]->5%16[H:18])[C@@:29]([H:30])([C@:66]([H:67])([H:68])[C@@:69]([H:70])([H:71])[H:72])[C@:54]([H:57])([H:58])[C@:56]([H:59])([H:60])[C@:51]%15([H:55])[C@:73]([C@@:62]([H:63])([H:64])[H:65])([H:74])[H:75])<-[C:31]1([H:32])=[C:33]->%12([H:34])[C@:35]([H:36])([H:37])[C@@:38]([H:39])([H:40])[C:41]->%13([H:42])=[C:43]->%14([H:44])[C@:45]([H:46])([H:47])[C@@:48]1([H:49])[H:50])[C@@:19]([H:20])([C@:83]([H:84])([H:85])[C@@:86]([H:87])([H:88])[H:89])[C@@:21]([H:22])([H:23])[C@:24]([H:25])([H:26])[C@:27]%11([H:28])[C@:76]([H:77])([H:78])[C@@:79]([H:80])([H:81])[H:82])=[C:10]->6([H:11])[C-:8]->7([H:9])[C:6]->8([H:7])=[C:4]->9%10[H:5],[H]C([H])([H])C([H])([H])N(C([H])([H])C([H])([H])[H])C([H])([H])C([H])([H])[H].[H]OC([H])([H])[H],CC1=CC=C([C@@H](CC2=CC=C(C)C=C2)C(O)=O)C=C1,CC1=CC=C([C@H](CC2=CC=C(C)C=C2)C(O)=O)C=C1,CC1=CC=C(/C(C(O)=O)=C\C2=CC=C(C)C=C2)C=C1,60,20,,,,2
IAW00000809,CAT-36,SOL-4,,,REA-14,[Fe+2]123456789<-[C:3]%10([P:1]%11(->[Rh+:61]%12%13%14(<-[P:2]%15([C-:12]->1%16[C:13]->2([H:52])=[C:14]->3([H:53])[C:15]->4([H:16])=[C:17]->5%16[H:18])[C@@:29]([H:30])([C@:66]([H:67])([H:68])[C@@:69]([H:70])([H:71])[H:72])[C@:54]([H:57])([H:58])[C@:56]([H:59])([H:60])[C@:51]%15([H:55])[C@:73]([C@@:62]([H:63])([H:64])[H:65])([H:74])[H:75])<-[C:31]1([H:32])=[C:33]->%12([H:34])[C@:35]([H:36])([H:37])[C@@:38]([H:39])([H:40])[C:41]->%13([H:42])=[C:43]->%14([H:44])[C@:45]([H:46])([H:47])[C@@:48]1([H:49])[H:50])[C@@:19]([H:20])([C@:83]([H:84])([H:85])[C@@:86]([H:87])([H:88])[H:89])[C@@:21]([H:22])([H:23])[C@:24]([H:25])([H:26])[C@:27]%11([H:28])[C@:76]([H:77])([H:78])[C@@:79]([H:80])([H:81])[H:82])=[C:10]->6([H:11])[C-:8]->7([H:9])[C:6]->8([H:7])=[C:4]->9%10[H:5],[H]C([H])([H])C([H])([H])N(C([H])([H])C([H])([H])[H])C([H])([H])C([H])([H])[H].[H]OC([H])([H])[H].[H]O[H],CC1=CC=C([C@@H](CC2=CC=C(C)C=C2)C(O)=O)C=C1,CC1=CC=C([C@H](CC2=CC=C(C)C=C2)C(O)=O)C=C1,CC1=CC=C(/C(C(O)=O)=C\C2=CC=C(C)C=C2)C=C1,60,20,,,,2
IAW00000810,CAT-36,SOL-5,,,REA-14,[Fe+2]123456789<-[C:3]%10([P:1]%11(->[Rh+:61]%12%13%14(<-[P:2]%15([C-:12]->1%16[C:13]->2([H:52])=[C:14]->3([H:53])[C:15]->4([H:16])=[C:17]->5%16[H:18])[C@@:29]([H:30])([C@:66]([H:67])([H:68])[C@@:69]([H:70])([H:71])[H:72])[C@:54]([H:57])([H:58])[C@:56]([H:59])([H:60])[C@:51]%15([H:55])[C@:73]([C@@:62]([H:63])([H:64])[H:65])([H:74])[H:75])<-[C:31]1([H:32])=[C:33]->%12([H:34])[C@:35]([H:36])([H:37])[C@@:38]([H:39])([H:40])[C:41]->%13([H:42])=[C:43]->%14([H:44])[C@:45]([H:46])([H:47])[C@@:48]1([H:49])[H:50])[C@@:19]([H:20])([C@:83]([H:84])([H:85])[C@@:86]([H:87])([H:88])[H:89])[C@@:21]([H:22])([H:23])[C@:24]([H:25])([H:26])[C@:27]%11([H:28])[C@:76]([H:77])([H:78])[C@@:79]([H:80])([H:81])[H:82])=[C:10]->6([H:11])[C-:8]->7([H:9])[C:6]->8([H:7])=[C:4]->9%10[H:5],[H]C([H])([H])C([H])([H])N(C([H])([H])C([H])([H])[H])C([H])([H])C([H])([H])[H].[H]C1([H])OC([H])([H])C([H])([H])C1([H])[H],CC1=CC=C([C@@H](CC2=CC=C(C)C=C2)C(O)=O)C=C1,CC1=CC=C([C@H](CC2=CC=C(C)C=C2)C(O)=O)C=C1,CC1=CC=C(/C(C(O)=O)=C\C2=CC=C(C)C=C2)C=C1,60,5,,,,2
IAW00000811,CAT-36,SOL-5,,,REA-14,[Fe+2]123456789<-[C:3]%10([P:1]%11(->[Rh+:61]%12%13%14(<-[P:2]%15([C-:12]->1%16[C:13]->2([H:52])=[C:14]->3([H:53])[C:15]->4([H:16])=[C:17]->5%16[H:18])[C@@:29]([H:30])([C@:66]([H:67])([H:68])[C@@:69]([H:70])([H:71])[H:72])[C@:54]([H:57])([H:58])[C@:56]([H:59])([H:60])[C@:51]%15([H:55])[C@:73]([C@@:62]([H:63])([H:64])[H:65])([H:74])[H:75])<-[C:31]1([H:32])=[C:33]->%12([H:34])[C@:35]([H:36])([H:37])[C@@:38]([H:39])([H:40])[C:41]->%13([H:42])=[C:43]->%14([H:44])[C@:45]([H:46])([H:47])[C@@:48]1([H:49])[H:50])[C@@:19]([H:20])([C@:83]([H:84])([H:85])[C@@:86]([H:87])([H:88])[H:89])[C@@:21]([H:22])([H:23])[C@:24]([H:25])([H:26])[C@:27]%11([H:28])[C@:76]([H:77])([H:78])[C@@:79]([H:80])([H:81])[H:82])=[C:10]->6([H:11])[C-:8]->7([H:9])[C:6]->8([H:7])=[C:4]->9%10[H:5],[H]C([H])([H])C([H])([H])N(C([H])([H])C([H])([H])[H])C([H])([H])C([H])([H])[H].[H]C1([H])OC([H])([H])C([H])([H])C1([H])[H],CC1=CC=C([C@@H](CC2=CC=C(C)C=C2)C(O)=O)C=C1,CC1=CC=C([C@H](CC2=CC=C(C)C=C2)C(O)=O)C=C1,CC1=CC=C(/C(C(O)=O)=C\C2=CC=C(C)C=C2)C=C1,60,50,,,,2
IAW00000812,CAT-36,SOL-5,,,REA-14,[Fe+2]123456789<-[C:3]%10([P:1]%11(->[Rh+:61]%12%13%14(<-[P:2]%15([C-:12]->1%16[C:13]->2([H:52])=[C:14]->3([H:53])[C:15]->4([H:16])=[C:17]->5%16[H:18])[C@@:29]([H:30])([C@:66]([H:67])([H:68])[C@@:69]([H:70])([H:71])[H:72])[C@:54]([H:57])([H:58])[C@:56]([H:59])([H:60])[C@:51]%15([H:55])[C@:73]([C@@:62]([H:63])([H:64])[H:65])([H:74])[H:75])<-[C:31]1([H:32])=[C:33]->%12([H:34])[C@:35]([H:36])([H:37])[C@@:38]([H:39])([H:40])[C:41]->%13([H:42])=[C:43]->%14([H:44])[C@:45]([H:46])([H:47])[C@@:48]1([H:49])[H:50])[C@@:19]([H:20])([C@:83]([H:84])([H:85])[C@@:86]([H:87])([H:88])[H:89])[C@@:21]([H:22])([H:23])[C@:24]([H:25])([H:26])[C@:27]%11([H:28])[C@:76]([H:77])([H:78])[C@@:79]([H:80])([H:81])[H:82])=[C:10]->6([H:11])[C-:8]->7([H:9])[C:6]->8([H:7])=[C:4]->9%10[H:5],[H]C([H])([H])C([H])([H])N(C([H])([H])C([H])([H])[H])C([H])([H])C([H])([H])[H].[H]C1([H])OC([H])([H])C([H])([H])C1([H])[H],CC1=CC=C([C@@H](CC2=CC=C(C)C=C2)C(O)=O)C=C1,CC1=CC=C([C@H](CC2=CC=C(C)C=C2)C(O)=O)C=C1,CC1=CC=C(/C(C(O)=O)=C\C2=CC=C(C)C=C2)C=C1,60,20,,,,2
IAW00000813,CAT-36,SOL-6,,,REA-14,[Fe+2]123456789<-[C:3]%10([P:1]%11(->[Rh+:61]%12%13%14(<-[P:2]%15([C-:12]->1%16[C:13]->2([H:52])=[C:14]->3([H:53])[C:15]->4([H:16])=[C:17]->5%16[H:18])[C@@:29]([H:30])([C@:66]([H:67])([H:68])[C@@:69]([H:70])([H:71])[H:72])[C@:54]([H:57])([H:58])[C@:56]([H:59])([H:60])[C@:51]%15([H:55])[C@:73]([C@@:62]([H:63])([H:64])[H:65])([H:74])[H:75])<-[C:31]1([H:32])=[C:33]->%12([H:34])[C@:35]([H:36])([H:37])[C@@:38]([H:39])([H:40])[C:41]->%13([H:42])=[C:43]->%14([H:44])[C@:45]([H:46])([H:47])[C@@:48]1([H:49])[H:50])[C@@:19]([H:20])([C@:83]([H:84])([H:85])[C@@:86]([H:87])([H:88])[H:89])[C@@:21]([H:22])([H:23])[C@:24]([H:25])([H:26])[C@:27]%11([H:28])[C@:76]([H:77])([H:78])[C@@:79]([H:80])([H:81])[H:82])=[C:10]->6([H:11])[C-:8]->7([H:9])[C:6]->8([H:7])=[C:4]->9%10[H:5],[H]C([H])([H])C([H])([H])N(C([H])([H])C([H])([H])[H])C([H])([H])C([H])([H])[H].[H]OC([H])(C([H])([H])[H])C([H])([H])[H],CC1=CC=C([C@@H](CC2=CC=C(C)C=C2)C(O)=O)C=C1,CC1=CC=C([C@H](CC2=CC=C(C)C=C2)C(O)=O)C=C1,CC1=CC=C(/C(C(O)=O)=C\C2=CC=C(C)C=C2)C=C1,60,20,,,,2
IAW00000814,CAT-37,SOL-2,,,REA-14,[Fe+2]123456789<-[C:3]%10([P:1]%11(->[Rh+:61]%12%13%14(<-[P:2]%15([C:12]->1%16=[C:17]->2([H:18])[C:15]->3([H:16])=[C:14]->4([H:53])[C-:13]->5%16[H:52])[C@@:29]([H:30])([C@@:72]([H:73])([C@@:74]([H:75])([H:76])[H:77])[C@@:78]([H:79])([H:80])[H:81])[C@:54]([H:57])([H:58])[C@:56]([H:59])([H:60])[C@:51]%15([H:55])[C@@:62]([H:63])([C@@:64]([H:65])([H:66])[H:67])[C@@:68]([H:69])([H:70])[H:71])<-[C:31]1([H:32])=[C:33]->%12([H:34])[C@:35]([H:36])([H:37])[C@@:38]([H:39])([H:40])[C:41]->%13([H:42])=[C:43]->%14([H:44])[C@:45]([H:46])([H:47])[C@@:48]1([H:49])[H:50])[C@@:19]([H:20])([C@:91]([H:92])([C@@:93]([H:94])([H:95])[H:96])[C@@:97]([H:98])([H:99])[H:100])[C@@:21]([H:22])([H:23])[C@:24]([H:25])([H:26])[C@:27]%11([H:28])[C@:82]([C@@:83]([H:84])([H:85])[H:86])([C@@:87]([H:88])([H:89])[H:90])[H:101])=[C:4]->6([H:5])[C:6]->7([H:7])=[C:8]->8([H:9])[C-:10]->9%10[H:11],[H]C([H])([H])C([H])([H])N(C([H])([H])C([H])([H])[H])C([H])([H])C([H])([H])[H].[H]OC([H])([H])[H],CC1=CC=C([C@@H](CC2=CC=C(C)C=C2)C(O)=O)C=C1,CC1=CC=C([C@H](CC2=CC=C(C)C=C2)C(O)=O)C=C1,CC1=CC=C(/C(C(O)=O)=C\C2=CC=C(C)C=C2)C=C1,60,20,,,,2
IAW00000815,CAT-37,SOL-4,,,REA-14,[Fe+2]123456789<-[C:3]%10([P:1]%11(->[Rh+:61]%12%13%14(<-[P:2]%15([C:12]->1%16=[C:17]->2([H:18])[C:15]->3([H:16])=[C:14]->4([H:53])[C-:13]->5%16[H:52])[C@@:29]([H:30])([C@@:72]([H:73])([C@@:74]([H:75])([H:76])[H:77])[C@@:78]([H:79])([H:80])[H:81])[C@:54]([H:57])([H:58])[C@:56]([H:59])([H:60])[C@:51]%15([H:55])[C@@:62]([H:63])([C@@:64]([H:65])([H:66])[H:67])[C@@:68]([H:69])([H:70])[H:71])<-[C:31]1([H:32])=[C:33]->%12([H:34])[C@:35]([H:36])([H:37])[C@@:38]([H:39])([H:40])[C:41]->%13([H:42])=[C:43]->%14([H:44])[C@:45]([H:46])([H:47])[C@@:48]1([H:49])[H:50])[C@@:19]([H:20])([C@:91]([H:92])([C@@:93]([H:94])([H:95])[H:96])[C@@:97]([H:98])([H:99])[H:100])[C@@:21]([H:22])([H:23])[C@:24]([H:25])([H:26])[C@:27]%11([H:28])[C@:82]([C@@:83]([H:84])([H:85])[H:86])([C@@:87]([H:88])([H:89])[H:90])[H:101])=[C:4]->6([H:5])[C:6]->7([H:7])=[C:8]->8([H:9])[C-:10]->9%10[H:11],[H]C([H])([H])C([H])([H])N(C([H])([H])C([H])([H])[H])C([H])([H])C([H])([H])[H].[H]OC([H])([H])[H].[H]O[H],CC1=CC=C([C@@H](CC2=CC=C(C)C=C2)C(O)=O)C=C1,CC1=CC=C([C@H](CC2=CC=C(C)C=C2)C(O)=O)C=C1,CC1=CC=C(/C(C(O)=O)=C\C2=CC=C(C)C=C2)C=C1,60,20,,,,2
IAW00000816,CAT-37,SOL-5,,,REA-14,[Fe+2]123456789<-[C:3]%10([P:1]%11(->[Rh+:61]%12%13%14(<-[P:2]%15([C:12]->1%16=[C:17]->2([H:18])[C:15]->3([H:16])=[C:14]->4([H:53])[C-:13]->5%16[H:52])[C@@:29]([H:30])([C@@:72]([H:73])([C@@:74]([H:75])([H:76])[H:77])[C@@:78]([H:79])([H:80])[H:81])[C@:54]([H:57])([H:58])[C@:56]([H:59])([H:60])[C@:51]%15([H:55])[C@@:62]([H:63])([C@@:64]([H:65])([H:66])[H:67])[C@@:68]([H:69])([H:70])[H:71])<-[C:31]1([H:32])=[C:33]->%12([H:34])[C@:35]([H:36])([H:37])[C@@:38]([H:39])([H:40])[C:41]->%13([H:42])=[C:43]->%14([H:44])[C@:45]([H:46])([H:47])[C@@:48]1([H:49])[H:50])[C@@:19]([H:20])([C@:91]([H:92])([C@@:93]([H:94])([H:95])[H:96])[C@@:97]([H:98])([H:99])[H:100])[C@@:21]([H:22])([H:23])[C@:24]([H:25])([H:26])[C@:27]%11([H:28])[C@:82]([C@@:83]([H:84])([H:85])[H:86])([C@@:87]([H:88])([H:89])[H:90])[H:101])=[C:4]->6([H:5])[C:6]->7([H:7])=[C:8]->8([H:9])[C-:10]->9%10[H:11],[H]C([H])([H])C([H])([H])N(C([H])([H])C([H])([H])[H])C([H])([H])C([H])([H])[H].[H]C1([H])OC([H])([H])C([H])([H])C1([H])[H],CC1=CC=C([C@@H](CC2=CC=C(C)C=C2)C(O)=O)C=C1,CC1=CC=C([C@H](CC2=CC=C(C)C=C2)C(O)=O)C=C1,CC1=CC=C(/C(C(O)=O)=C\C2=CC=C(C)C=C2)C=C1,60,5,,,,2
IAW00000817,CAT-37,SOL-5,,,REA-14,[Fe+2]123456789<-[C:3]%10([P:1]%11(->[Rh+:61]%12%13%14(<-[P:2]%15([C:12]->1%16=[C:17]->2([H:18])[C:15]->3([H:16])=[C:14]->4([H:53])[C-:13]->5%16[H:52])[C@@:29]([H:30])([C@@:72]([H:73])([C@@:74]([H:75])([H:76])[H:77])[C@@:78]([H:79])([H:80])[H:81])[C@:54]([H:57])([H:58])[C@:56]([H:59])([H:60])[C@:51]%15([H:55])[C@@:62]([H:63])([C@@:64]([H:65])([H:66])[H:67])[C@@:68]([H:69])([H:70])[H:71])<-[C:31]1([H:32])=[C:33]->%12([H:34])[C@:35]([H:36])([H:37])[C@@:38]([H:39])([H:40])[C:41]->%13([H:42])=[C:43]->%14([H:44])[C@:45]([H:46])([H:47])[C@@:48]1([H:49])[H:50])[C@@:19]([H:20])([C@:91]([H:92])([C@@:93]([H:94])([H:95])[H:96])[C@@:97]([H:98])([H:99])[H:100])[C@@:21]([H:22])([H:23])[C@:24]([H:25])([H:26])[C@:27]%11([H:28])[C@:82]([C@@:83]([H:84])([H:85])[H:86])([C@@:87]([H:88])([H:89])[H:90])[H:101])=[C:4]->6([H:5])[C:6]->7([H:7])=[C:8]->8([H:9])[C-:10]->9%10[H:11],[H]C([H])([H])C([H])([H])N(C([H])([H])C([H])([H])[H])C([H])([H])C([H])([H])[H].[H]C1([H])OC([H])([H])C([H])([H])C1([H])[H],CC1=CC=C([C@@H](CC2=CC=C(C)C=C2)C(O)=O)C=C1,CC1=CC=C([C@H](CC2=CC=C(C)C=C2)C(O)=O)C=C1,CC1=CC=C(/C(C(O)=O)=C\C2=CC=C(C)C=C2)C=C1,60,50,,,,2
IAW00000818,CAT-37,SOL-5,,,REA-14,[Fe+2]123456789<-[C:3]%10([P:1]%11(->[Rh+:61]%12%13%14(<-[P:2]%15([C:12]->1%16=[C:17]->2([H:18])[C:15]->3([H:16])=[C:14]->4([H:53])[C-:13]->5%16[H:52])[C@@:29]([H:30])([C@@:72]([H:73])([C@@:74]([H:75])([H:76])[H:77])[C@@:78]([H:79])([H:80])[H:81])[C@:54]([H:57])([H:58])[C@:56]([H:59])([H:60])[C@:51]%15([H:55])[C@@:62]([H:63])([C@@:64]([H:65])([H:66])[H:67])[C@@:68]([H:69])([H:70])[H:71])<-[C:31]1([H:32])=[C:33]->%12([H:34])[C@:35]([H:36])([H:37])[C@@:38]([H:39])([H:40])[C:41]->%13([H:42])=[C:43]->%14([H:44])[C@:45]([H:46])([H:47])[C@@:48]1([H:49])[H:50])[C@@:19]([H:20])([C@:91]([H:92])([C@@:93]([H:94])([H:95])[H:96])[C@@:97]([H:98])([H:99])[H:100])[C@@:21]([H:22])([H:23])[C@:24]([H:25])([H:26])[C@:27]%11([H:28])[C@:82]([C@@:83]([H:84])([H:85])[H:86])([C@@:87]([H:88])([H:89])[H:90])[H:101])=[C:4]->6([H:5])[C:6]->7([H:7])=[C:8]->8([H:9])[C-:10]->9%10[H:11],[H]C([H])([H])C([H])([H])N(C([H])([H])C([H])([H])[H])C([H])([H])C([H])([H])[H].[H]C1([H])OC([H])([H])C([H])([H])C1([H])[H],CC1=CC=C([C@@H](CC2=CC=C(C)C=C2)C(O)=O)C=C1,CC1=CC=C([C@H](CC2=CC=C(C)C=C2)C(O)=O)C=C1,CC1=CC=C(/C(C(O)=O)=C\C2=CC=C(C)C=C2)C=C1,60,20,,,,2
IAW00000819,CAT-37,SOL-6,,,REA-14,[Fe+2]123456789<-[C:3]%10([P:1]%11(->[Rh+:61]%12%13%14(<-[P:2]%15([C:12]->1%16=[C:17]->2([H:18])[C:15]->3([H:16])=[C:14]->4([H:53])[C-:13]->5%16[H:52])[C@@:29]([H:30])([C@@:72]([H:73])([C@@:74]([H:75])([H:76])[H:77])[C@@:78]([H:79])([H:80])[H:81])[C@:54]([H:57])([H:58])[C@:56]([H:59])([H:60])[C@:51]%15([H:55])[C@@:62]([H:63])([C@@:64]([H:65])([H:66])[H:67])[C@@:68]([H:69])([H:70])[H:71])<-[C:31]1([H:32])=[C:33]->%12([H:34])[C@:35]([H:36])([H:37])[C@@:38]([H:39])([H:40])[C:41]->%13([H:42])=[C:43]->%14([H:44])[C@:45]([H:46])([H:47])[C@@:48]1([H:49])[H:50])[C@@:19]([H:20])([C@:91]([H:92])([C@@:93]([H:94])([H:95])[H:96])[C@@:97]([H:98])([H:99])[H:100])[C@@:21]([H:22])([H:23])[C@:24]([H:25])([H:26])[C@:27]%11([H:28])[C@:82]([C@@:83]([H:84])([H:85])[H:86])([C@@:87]([H:88])([H:89])[H:90])[H:101])=[C:4]->6([H:5])[C:6]->7([H:7])=[C:8]->8([H:9])[C-:10]->9%10[H:11],[H]C([H])([H])C([H])([H])N(C([H])([H])C([H])([H])[H])C([H])([H])C([H])([H])[H].[H]OC([H])(C([H])([H])[H])C([H])([H])[H],CC1=CC=C([C@@H](CC2=CC=C(C)C=C2)C(O)=O)C=C1,CC1=CC=C([C@H](CC2=CC=C(C)C=C2)C(O)=O)C=C1,CC1=CC=C(/C(C(O)=O)=C\C2=CC=C(C)C=C2)C=C1,60,20,,,,2
IAW00000820,CAT-40,SOL-2,,,REA-14,[Rh+]1234(<-[P:1]([C@@:25]([H:26])([H:27])[C@:28]([P:2]->1([C:56]1=[C:64]([H:65])[C:62]([H:63])=[C:60]([H:61])[C:58]([H:59])=[C:57]1[O:4][C@:66]([H:67])([H:68])[H:69])[C:70]1=[C:79]([H:80])[C:77]([H:78])=[C:75]([H:76])[C:73]([H:74])=[C:71]1[H:72])([H:29])[H:30])([C:31]1=[C:39]([H:40])[C:37]([H:38])=[C:35]([H:36])[C:33]([H:34])=[C:32]1[O:3][C@:41]([H:42])([H:43])[H:44])[C:45]1=[C:54]([H:55])[C:52]([H:53])=[C:50]([H:51])[C:48]([H:49])=[C:46]1[H:47])<-[C:5]1([H:6])=[C:7]->2([H:8])[C@@:9]([H:10])([H:11])[C@:12]([H:13])([H:14])[C:15]->3([H:16])=[C:17]->4([H:18])[C@@:19]([H:20])([H:21])[C@:22]1([H:23])[H:24],[H]C([H])([H])C([H])([H])N(C([H])([H])C([H])([H])[H])C([H])([H])C([H])([H])[H].[H]OC([H])([H])[H],CC1=CC=C([C@@H](CC2=CC=C(C)C=C2)C(O)=O)C=C1,CC1=CC=C([C@H](CC2=CC=C(C)C=C2)C(O)=O)C=C1,CC1=CC=C(/C(C(O)=O)=C\C2=CC=C(C)C=C2)C=C1,60,20,,,,2
IAW00000821,CAT-41,SOL-2,,,REA-14,[Rh+]1234(<-[P:1]([C:21]5=[C:24]([C:25]6=[C:40]([P:2]->1([C:57]1=[C:78]([H:88])[C:89]([H:96])=[C:90]([H:97])[C:79]([H:91])=[C:58]1[H:59])[C:60]1=[C:61]([H:62])[C:63]([H:64])=[C:65]([H:66])[C:67]([H:68])=[C:69]1[H:70])[C:38]([H:39])=[C:36]([H:37])[C:35]1=[C:26]6[C:27]([H:28])=[C:29]([H:30])[C:31]([H:32])=[C:33]1[H:34])[C:74]1=[C:82]([C:81]([H:92])=[C:73]5[H:80])[C:93]([H:98])=[C:84]([H:94])[C:75]([H:83])=[C:22]1[H:23])([C:41]1=[C:42]([H:43])[C:44]([H:45])=[C:46]([H:47])[C:48]([H:49])=[C:50]1[H:51])[C:52]1=[C:53]([H:54])[C:55]([H:56])=[C:77]([H:87])[C:86]([H:95])=[C:76]1[H:85])<-[C:3]1([H:4])=[C:5]->2([H:6])[C@@:7]([H:8])([H:71])[C@@:9]([H:10])([H:72])[C:11]->3([H:12])=[C:13]->4([H:14])[C@:15]([H:16])([H:17])[C@@:18]1([H:19])[H:20],[H]C([H])([H])C([H])([H])N(C([H])([H])C([H])([H])[H])C([H])([H])C([H])([H])[H].[H]OC([H])([H])[H],CC1=CC=C([C@@H](CC2=CC=C(C)C=C2)C(O)=O)C=C1,CC1=CC=C([C@H](CC2=CC=C(C)C=C2)C(O)=O)C=C1,CC1=CC=C(/C(C(O)=O)=C\C2=CC=C(C)C=C2)C=C1,60,20,,,,2
IAW00000822,CAT-42,SOL-2,,,REA-14,[Rh+2]123<-[O:44]=[C:52]([O-:45]->[Rh+2:1](<-[O:47]=[C:68]([O-:46]->1)[C@:69]([N:13]1[C:16](=[O:14])[C:17]4=[C:26]([C:24]([H:25])=[C:22]([H:23])[C:20]([H:21])=[C:18]4[H:19])[C:27]1=[O:15])([H:70])[C@@:71]([C@:72]([H:73])([H:74])[H:75])([C@:76]([H:77])([H:78])[H:79])[C@:80]([H:81])([H:82])[H:83])(<-[O-:49][C:84](=[O:48]->2)[C@:85]([N:28]1[C:31](=[O:29])[C:32]2=[C:40]([C:39]([H:118])=[C:37]([H:38])[C:35]([H:36])=[C:33]2[H:34])[C:41]1=[O:30])([H:86])[C@:87]([C@:88]([H:89])([H:90])[H:91])([C@:92]([H:93])([H:94])[H:95])[C@:96]([H:97])([H:98])[H:99])<-[O-:51][C:100](=[O:50]->3)[C@:101]([N:42]1[C:119](=[O:123])[C:124]2=[C:125]([C:120]1=[O:43])[C:127]([H:130])=[C:131]([H:133])[C:128]([H:132])=[C:126]2[H:129])([H:102])[C@@:103]([C@:104]([H:105])([H:106])[H:107])([C@:108]([H:109])([H:110])[H:111])[C@:112]([H:113])([H:114])[H:115])[C@:53]([N:2]1[C:5](=[O:3])[C:6]2=[C:11]([C:9]([H:10])=[C:117]([H:122])[C:116]([H:121])=[C:7]2[H:8])[C:12]1=[O:4])([H:54])[C@:55]([C@:56]([H:57])([H:58])[H:59])([C@:60]([H:61])([H:62])[H:63])[C@:64]([H:65])([H:66])[H:67],[H]C([H])([H])C([H])([H])N(C([H])([H])C([H])([H])[H])C([H])([H])C([H])([H])[H].[H]OC([H])([H])[H],CC1=CC=C([C@@H](CC2=CC=C(C)C=C2)C(O)=O)C=C1,CC1=CC=C([C@H](CC2=CC=C(C)C=C2)C(O)=O)C=C1,CC1=CC=C(/C(C(O)=O)=C\C2=CC=C(C)C=C2)C=C1,60,20,,,,2
IAW00000823,CAT-43,SOL-2,,,REA-14,[Rh+2]123<-[O:10]=[C:20]([O-:12]->[Rh+2:1](<-[O:13]=[C:21]([O-:11]->1)[C@:23]([N:19]1[C:49](=[O:15])[C:51]4=[C:61]([C:59]([Cl:9])=[C:57]([Cl:7])[C:55]([Cl:5])=[C:53]4[Cl:3])[C:63]1=[O:17])([H:25])[C@:27]([C@:29]([H:31])([H:33])[H:69])([C@:35]([H:37])([H:39])[H:41])[C@:43]([H:45])([H:47])[H:71])(<-[O:66]=[C:72]([O-:64]->2)[C@:74]([C@@:76]([C@:82]([H:92])([H:93])[H:94])([C@:83]([H:95])([H:96])[H:97])[C@:84]([H:98])([H:99])[H:100])([N:77]1[C:85](=[O:102])[C:101]2=[C:103]([C:86]1=[O:104])[C:119]([Cl:125])=[C:124]([Cl:131])[C:122]([Cl:130])=[C:118]2[Cl:123])[H:78])<-[O-:67][C:73](=[O:65]->3)[C@@:75]([N:79]1[C:87](=[O:105])[C:106]2=[C:107]([C:88]1=[O:108])[C:121]([Cl:129])=[C:128]([Cl:133])[C:127]([Cl:132])=[C:120]2[Cl:126])([C@:80]([C@:89]([H:109])([H:110])[H:111])([C@@:90]([H:112])([H:113])[H:114])[C@:91]([H:115])([H:116])[H:117])[H:81])[C@:22]([N:18]1[C:48](=[O:14])[C:50]2=[C:60]([C:58]([Cl:8])=[C:56]([Cl:6])[C:54]([Cl:4])=[C:52]2[Cl:2])[C:62]1=[O:16])([H:24])[C@:26]([C@:28]([H:30])([H:32])[H:68])([C@:34]([H:36])([H:38])[H:40])[C@:42]([H:44])([H:46])[H:70],[H]C([H])([H])C([H])([H])N(C([H])([H])C([H])([H])[H])C([H])([H])C([H])([H])[H].[H]OC([H])([H])[H],CC1=CC=C([C@@H](CC2=CC=C(C)C=C2)C(O)=O)C=C1,CC1=CC=C([C@H](CC2=CC=C(C)C=C2)C(O)=O)C=C1,CC1=CC=C(/C(C(O)=O)=C\C2=CC=C(C)C=C2)C=C1,60,20,,,,2
IAW00000824,CAT-44,SOL-2,,,REA-14,[Rh+2]123<-[O-:6][C:26](=[O:7]->[Rh+2:1](<-[O-:11][C:48](=[O:10]->1)[C@@:49]1([H:50])[N:23]([S@@:3](=[O:12])(=[O:13])[C:60]4=[C:68]([H:69])[C:66]([H:67])=[C:65]([C@@:114]([H:115])([H:116])[C@:117]([H:118])([H:119])[C@@:120]([H:121])([H:122])[C@:123]([H:124])([H:125])[C@@:126]([H:127])([H:128])[C@:129]([H:130])([H:131])[C@:132]([H:133])([H:134])[C@:135]([H:136])([H:137])[C@:138]([H:139])([H:140])[C@:141]([H:142])([H:143])[C@:144]([H:145])([H:146])[C@@:147]([H:148])([H:149])[H:150])[C:63]([H:64])=[C:61]4[H:62])[C@:57]([H:58])([H:59])[C@:54]([H:55])([H:56])[C@@:51]1([H:52])[H:53])(<-[O:15]=[C:70]([O-:14]->2)[C@@:71]1([H:72])[N:24]([S@:4](=[O:16])(=[O:17])[C:82]2=[C:90]([H:91])[C:88]([H:89])=[C:87]([C@:225]([H:226])([H:227])[C@@:228]([H:229])([H:230])[C@:231]([H:232])([H:233])[C@@:234]([H:235])([H:236])[C@:237]([H:238])([H:239])[C@@:240]([H:241])([H:242])[C@@:243]([H:244])([H:245])[C@@:246]([H:247])([H:248])[C@:249]([H:250])([H:251])[C@@:252]([H:253])([H:254])[C@:255]([H:256])([H:257])[C@@:258]([H:259])([H:260])[H:261])[C:85]([H:86])=[C:83]2[H:84])[C@:79]([H:80])([H:81])[C@:76]([H:77])([H:78])[C@:73]1([H:74])[H:75])<-[O-:19][C:92](=[O:18]->3)[C@@:93]1([H:94])[N:25]([S@:5](=[O:20])(=[O:21])[C:104]2=[C:105]([H:106])[C:107]([H:108])=[C:109]([C@@:188]([H:189])([H:190])[C@@:191]([H:192])([H:193])[C@@:194]([H:195])([H:196])[C@@:197]([H:198])([H:199])[C@@:200]([H:201])([H:202])[C@:203]([H:204])([H:205])[C@@:206]([H:207])([H:208])[C@:209]([H:210])([H:211])[C@@:212]([H:213])([H:214])[C@@:215]([H:216])([H:217])[C@@:218]([H:219])([H:220])[C@@:221]([H:222])([H:223])[H:224])[C:110]([H:111])=[C:112]2[H:113])[C@:101]([H:102])([H:103])[C@:98]([H:99])([H:100])[C@:95]1([H:96])[H:97])[C@@:27]1([H:28])[N:22]([S@@:2](=[O:8])(=[O:9])[C:38]2=[C:39]([H:40])[C:41]([H:42])=[C:43]([C@@:151]([H:152])([H:153])[C@:154]([H:155])([H:156])[C@@:157]([H:158])([H:159])[C@:160]([H:161])([H:162])[C@@:163]([H:164])([H:165])[C@:166]([H:167])([H:168])[C@@:169]([H:170])([H:171])[C@:172]([H:173])([H:174])[C@@:175]([H:176])([H:177])[C@:178]([H:179])([H:180])[C@@:181]([H:182])([H:183])[C@@:184]([H:185])([H:186])[H:187])[C:44]([H:45])=[C:46]2[H:47])[C@:35]([H:36])([H:37])[C@@:32]([H:33])([H:34])[C@:29]1([H:30])[H:31],[H]C([H])([H])C([H])([H])N(C([H])([H])C([H])([H])[H])C([H])([H])C([H])([H])[H].[H]OC([H])([H])[H],CC1=CC=C([C@@H](CC2=CC=C(C)C=C2)C(O)=O)C=C1,CC1=CC=C([C@H](CC2=CC=C(C)C=C2)C(O)=O)C=C1,CC1=CC=C(/C(C(O)=O)=C\C2=CC=C(C)C=C2)C=C1,60,20,,,,2
IAW00000825,CAT-45,SOL-1,,,REA-14,[P]12([C@@:22]([C@:23]([P:1]3(->[Co+2:42]<-145(<-[O:3]=[C:40]([O-:5]->4)[C@:130]([H:131])([H:132])[C@:133]([H:134])([H:135])[C@@:136]([H:137])([H:138])[C@:139]([H:140])([H:141])[C@@:142]([H:143])([H:144])[C@:145]([H:146])([H:147])[C@@:148]([H:149])([H:150])[C@:151]([H:152])([H:153])[C@@:154]([H:155])([H:156])[C@:157]([H:158])([H:159])[C@:160]([H:161])([H:162])[C@:163]([H:164])([H:165])[C@@:166]([H:167])([H:168])[C@:169]([H:170])([H:171])[C@@:172]([H:173])([H:174])[C@:175]([H:176])([H:177])[C@@:178]([H:179])([H:180])[H:181])<-[O-:7][C:41](=[O:9]->5)[C@:78]([H:79])([H:80])[C@:81]([H:82])([H:83])[C@:84]([H:85])([H:86])[C@@:87]([H:88])([H:89])[C@:90]([H:91])([H:92])[C@:93]([H:94])([H:95])[C@:96]([H:97])([H:98])[C@:99]([H:100])([H:101])[C@:102]([H:103])([H:104])[C@:105]([H:106])([H:107])[C@@:108]([H:109])([H:110])[C@:111]([H:112])([H:113])[C@@:114]([H:115])([H:116])[C@:117]([H:118])([H:119])[C@@:120]([H:121])([H:122])[C@:123]([H:124])([H:125])[C@@:126]([H:127])([H:128])[H:129])[C@@:24]([C:28]1=[C:33]([H:60])[C:32]([H:59])=[C:31]([H:58])[C:30]([H:57])=[C:29]1[H:56])([H:54])[C@:25]([H:74])([H:75])[C@@:26]([H:76])([H:77])[C@:27]3([C:34]1=[C:35]([H:61])[C:36]([H:62])=[C:37]([H:63])[C:38]([H:64])=[C:39]1[H:65])[H:55])([H:72])[H:73])([H:70])[H:71])[C@@:2]([C:10]1=[C:11]([H:45])[C:12]([H:182])=[C:13]([H:46])[C:14]([H:47])=[C:15]1[H:48])([H:43])[C@:4]([H:66])([H:67])[C@:6]([H:68])([H:69])[C@:8]2([C:16]1=[C:17]([H:49])[C:18]([H:50])=[C:19]([H:51])[C:20]([H:52])=[C:21]1[H:53])[H:44],[H]OC([H])([H])[H],CC1=CC=C([C@@H](CC2=CC=C(C)C=C2)C(O)=O)C=C1,CC1=CC=C([C@H](CC2=CC=C(C)C=C2)C(O)=O)C=C1,CC1=CC=C(/C(C(O)=O)=C\C2=CC=C(C)C=C2)C=C1,50,60,,,,2
IAW00000826,CAT-45,SOL-8,,,REA-14,[P]12([C@@:22]([C@:23]([P:1]3(->[Co+2:42]<-145(<-[O:3]=[C:40]([O-:5]->4)[C@:130]([H:131])([H:132])[C@:133]([H:134])([H:135])[C@@:136]([H:137])([H:138])[C@:139]([H:140])([H:141])[C@@:142]([H:143])([H:144])[C@:145]([H:146])([H:147])[C@@:148]([H:149])([H:150])[C@:151]([H:152])([H:153])[C@@:154]([H:155])([H:156])[C@:157]([H:158])([H:159])[C@:160]([H:161])([H:162])[C@:163]([H:164])([H:165])[C@@:166]([H:167])([H:168])[C@:169]([H:170])([H:171])[C@@:172]([H:173])([H:174])[C@:175]([H:176])([H:177])[C@@:178]([H:179])([H:180])[H:181])<-[O-:7][C:41](=[O:9]->5)[C@:78]([H:79])([H:80])[C@:81]([H:82])([H:83])[C@:84]([H:85])([H:86])[C@@:87]([H:88])([H:89])[C@:90]([H:91])([H:92])[C@:93]([H:94])([H:95])[C@:96]([H:97])([H:98])[C@:99]([H:100])([H:101])[C@:102]([H:103])([H:104])[C@:105]([H:106])([H:107])[C@@:108]([H:109])([H:110])[C@:111]([H:112])([H:113])[C@@:114]([H:115])([H:116])[C@:117]([H:118])([H:119])[C@@:120]([H:121])([H:122])[C@:123]([H:124])([H:125])[C@@:126]([H:127])([H:128])[H:129])[C@@:24]([C:28]1=[C:33]([H:60])[C:32]([H:59])=[C:31]([H:58])[C:30]([H:57])=[C:29]1[H:56])([H:54])[C@:25]([H:74])([H:75])[C@@:26]([H:76])([H:77])[C@:27]3([C:34]1=[C:35]([H:61])[C:36]([H:62])=[C:37]([H:63])[C:38]([H:64])=[C:39]1[H:65])[H:55])([H:72])[H:73])([H:70])[H:71])[C@@:2]([C:10]1=[C:11]([H:45])[C:12]([H:182])=[C:13]([H:46])[C:14]([H:47])=[C:15]1[H:48])([H:43])[C@:4]([H:66])([H:67])[C@:6]([H:68])([H:69])[C@:8]2([C:16]1=[C:17]([H:49])[C:18]([H:50])=[C:19]([H:51])[C:20]([H:52])=[C:21]1[H:53])[H:44],[H]OC(C([H])([H])[H])(C([H])([H])[H])C([H])([H])[H],CC1=CC=C([C@@H](CC2=CC=C(C)C=C2)C(O)=O)C=C1,CC1=CC=C([C@H](CC2=CC=C(C)C=C2)C(O)=O)C=C1,CC1=CC=C(/C(C(O)=O)=C\C2=CC=C(C)C=C2)C=C1,40,80,,,,2
IAW00000827,CAT-46,SOL-8,,,REA-14,[P]12([C:12]3=[C:2]([H:54])[C:3]([H:4])=[C:5]([H:6])[C:7]([H:8])=[C:9]3[P:1]3(->[Co+2:76]<-1(<-[O-:71][C:72](=[O:75])[C@@:79]([H:80])([H:81])[C@@:82]([H:83])([H:84])[C@:85]([H:86])([H:87])[C@@:88]([H:89])([H:90])[C@:91]([H:92])([H:93])[C@@:94]([H:95])([H:96])[C@:97]([H:98])([H:99])[C@@:100]([H:101])([H:102])[C@:103]([H:104])([H:105])[C@@:106]([H:107])([H:108])[C@@:109]([H:110])([H:111])[C@@:112]([H:113])([H:114])[C@:115]([H:116])([H:117])[C@:118]([H:119])([H:120])[C@:121]([H:122])([H:123])[C@:124]([H:125])([H:126])[C@@:127]([H:128])([H:129])[H:130])<-[O-:73][C:74](=[O:78])[C@@:131]([H:132])([H:133])[C@@:134]([H:135])([H:136])[C@:137]([H:138])([H:139])[C@@:140]([H:141])([H:142])[C@:143]([H:144])([H:145])[C@@:146]([H:147])([H:148])[C@:149]([H:150])([H:151])[C@@:152]([H:153])([H:154])[C@:155]([H:156])([H:157])[C@@:158]([H:159])([H:160])[C@:161]([H:162])([H:163])[C@@:164]([H:165])([H:166])[C@:167]([H:168])([H:169])[C@@:170]([H:171])([H:172])[C@:173]([H:174])([H:175])[C@@:176]([H:177])([H:178])[C@@:179]([H:180])([H:181])[H:182])[C@@:24]([H:25])([C@:34]([H:35])([C@:36]([H:37])([H:38])[H:77])[C@:39]([H:40])([H:41])[H:42])[C@:26]([H:27])([H:28])[C@@:29]([H:30])([H:31])[C@:32]3([H:33])[C@@:43]([H:44])([C@:45]([H:46])([H:47])[H:48])[C@:49]([H:50])([H:51])[H:52])[C@@:10]([H:11])([C@@:15]([H:16])([C@:17]([H:18])([H:19])[H:56])[C@:20]([H:21])([H:22])[H:23])[C@@:55]([H:60])([H:61])[C@:57]([H:62])([H:63])[C@@:53]2([C@@:58]([H:13])([C@:64]([H:66])([H:67])[H:68])[C@:65]([H:14])([H:69])[H:70])[H:59],[H]OC(C([H])([H])[H])(C([H])([H])[H])C([H])([H])[H],CC1=CC=C([C@@H](CC2=CC=C(C)C=C2)C(O)=O)C=C1,CC1=CC=C([C@H](CC2=CC=C(C)C=C2)C(O)=O)C=C1,CC1=CC=C(/C(C(O)=O)=C\C2=CC=C(C)C=C2)C=C1,40,80,,,,2
IAW00000828,CAT-47,SOL-8,,,REA-14,[Fe+2]123456789<-[C:3]%10([P:1]%11(->[Co+2:41](<-[P:2]%12([C:12]->1%13=[C:17]->2([H:18])[C:15]->3([H:16])=[C:14]->4([H:33])[C-:13]->5%13[H:32])[C@:29]([H:30])([C@@:148]([H:149])([H:150])[H:151])[C@:34]([H:37])([H:38])[C@:36]([H:39])([H:40])[C@@:31]%12([H:35])[C@@:156]([H:157])([H:158])[H:159])(<-[O-:42][C:45]([C@@:160]([C@@:46]([H:47])([H:48])[C@:49]([H:50])([H:51])[C@@:52]([H:53])([H:54])[C@:55]([H:56])([H:57])[C@@:58]([H:59])([H:60])[C@:61]([H:62])([H:63])[C@@:64]([H:65])([H:66])[C@:67]([H:68])([H:69])[C@@:70]([H:71])([H:72])[C@:73]([H:74])([H:75])[C@@:76]([H:77])([H:78])[C@:79]([H:80])([H:81])[C@@:82]([H:83])([H:84])[C@@:85]([H:86])([H:87])[C@@:88]([H:89])([H:90])[C@@:91]([H:92])([H:93])[H:94])([H:166])[H:167])=[O:165])<-[O-:43][C:44]([C@@:161]([C@@:95]([H:96])([H:97])[C@@:98]([H:99])([H:100])[C@:101]([H:102])([H:103])[C@@:104]([H:105])([H:106])[C@:107]([H:108])([H:109])[C@@:110]([H:111])([H:112])[C@:113]([H:114])([H:115])[C@@:116]([H:117])([H:118])[C@@:119]([H:120])([H:121])[C@@:122]([H:123])([H:124])[C@@:125]([H:126])([H:127])[C@:128]([H:129])([H:130])[C@@:131]([H:132])([H:133])[C@:134]([H:135])([H:136])[C@:137]([H:138])([H:139])[C@@:140]([H:141])([H:142])[H:143])([H:162])[H:163])=[O:164])[C@:19]([H:20])([C@@:144]([H:145])([H:146])[H:147])[C@@:21]([H:22])([H:23])[C@:24]([H:25])([H:26])[C@@:27]%11([H:28])[C@@:152]([H:153])([H:154])[H:155])=[C:4]->6([H:5])[C:6]->7([H:7])=[C:8]->8([H:9])[C-:10]->9%10[H:11],[H]OC(C([H])([H])[H])(C([H])([H])[H])C([H])([H])[H],CC1=CC=C([C@@H](CC2=CC=C(C)C=C2)C(O)=O)C=C1,CC1=CC=C([C@H](CC2=CC=C(C)C=C2)C(O)=O)C=C1,CC1=CC=C(/C(C(O)=O)=C\C2=CC=C(C)C=C2)C=C1,40,80,,,,2
IAW00000829,CAT-48,SOL-1,,,REA-14,[Co+2]123<-[O-:1][C:7](=[C:8]([C:9](=[N:5]->1[C@@:10]([C@:11]([N:6]->2=[C:12]([C:13](=[C:14]([O-:2]->3)[C@@:37]([H:71])([H:72])[H:74])[C:35](=[O:4])[C@@:36]([H:68])([H:69])[H:70])[H:41])([C:26]1=[C:31]([C@@:34]([H:65])([H:66])[H:67])[C:30]([H:58])=[C:29]([C@@:33]([H:62])([H:63])[H:64])[C:28]([H:57])=[C:27]1[C@@:32]([H:59])([H:60])[H:61])[H:40])([C:17]1=[C:22]([C@@:25]([H:54])([H:55])[H:56])[C:21]([H:47])=[C:20]([C@@:24]([H:51])([H:52])[H:53])[C:19]([H:46])=[C:18]1[C@@:23]([H:48])([H:49])[H:50])[H:39])[H:38])[C:15](=[O:3])[C@@:16]([H:43])([H:44])[H:45])[C@:73]([H:42])([H:75])[H:76],[H]OC([H])([H])[H],CC1=CC=C([C@@H](CC2=CC=C(C)C=C2)C(O)=O)C=C1,CC1=CC=C([C@H](CC2=CC=C(C)C=C2)C(O)=O)C=C1,CC1=CC=C(/C(C(O)=O)=C\C2=CC=C(C)C=C2)C=C1,50,60,,,,2
IAW00000830,CAT-49,SOL-1,,,REA-14,[N]12=[C:10]([C:9]3=[C:4]([O-:1]->[Co+2:40]<-14<-[N:2]([C@@:16]1([H:53])[C@@:11]2([H:44])[C@@:12]([H:45])([H:46])[C@:13]([H:47])([H:48])[C@@:14]([H:49])([H:50])[C@@:15]1([H:51])[H:52])=[C:17]([C:18]1=[C:23]([O-:3]->4)[C:22]([C@@:36]([C@@:37]([H:84])([H:85])[H:86])([C@@:38]([H:87])([H:88])[H:89])[C@@:39]([H:90])([H:91])[H:92])=[C:21]([H:56])[C:20]([C@@:32]([C@@:33]([H:75])([H:76])[H:77])([C@@:34]([H:78])([H:79])[H:80])[C@@:35]([H:81])([H:82])[H:83])=[C:19]1[H:55])[H:54])[C:5]([C@:24]([C@@:25]([H:57])([H:58])[H:59])([C@@:26]([H:60])([H:61])[H:62])[C@@:27]([H:63])([H:64])[H:65])=[C:6]([H:41])[C:7]([C@@:28]([C@@:29]([H:66])([H:67])[H:68])([C@@:30]([H:69])([H:70])[H:71])[C@@:31]([H:72])([H:73])[H:74])=[C:8]3[H:42])[H:43],[H]OC([H])([H])[H],CC1=CC=C([C@@H](CC2=CC=C(C)C=C2)C(O)=O)C=C1,CC1=CC=C([C@H](CC2=CC=C(C)C=C2)C(O)=O)C=C1,CC1=CC=C(/C(C(O)=O)=C\C2=CC=C(C)C=C2)C=C1,50,60,,,,2
IAW00000831,CAT-50,SOL-1,,,REA-14,[Co+3]123(<-[Cl-:1])<-[O-:2][C:59]4=[C:62]([C@:11]([C@:12]([H:13])([H:14])[H:63])([C@:15]([H:16])([H:17])[H:18])[C@:19]([H:20])([H:21])[H:22])[C:71]([H:78])=[C:79]([C@:81]([C@@:82]([H:85])([H:86])[H:87])([C@@:83]([H:88])([H:89])[H:90])[C@:84]([H:91])([H:92])[H:93])[C:73]([H:80])=[C:66]4[C:65](=[N:58]->1[C@@:61]1([H:5])[C@@:9]([N:4]->2=[C:23]([H:24])[C:25]2=[C:26]([O-:3]->3)[C:27]([C@:33]([C@:34]([H:35])([H:36])[H:64])([C@:37]([H:38])([H:39])[H:40])[C@:41]([H:42])([H:43])[H:44])=[C:28]([H:29])[C:30]([C@@:45]([C@:46]([H:47])([H:48])[H:49])([C@:50]([H:51])([H:52])[H:53])[C@:54]([H:55])([H:56])[H:57])=[C:31]2[H:32])([H:10])[C@:6]([H:7])([H:8])[C@:60]([H:67])([H:69])[C@@:68]([H:74])([H:75])[C@:70]1([H:76])[H:77])[H:72],[H]OC([H])([H])[H],CC1=CC=C([C@@H](CC2=CC=C(C)C=C2)C(O)=O)C=C1,CC1=CC=C([C@H](CC2=CC=C(C)C=C2)C(O)=O)C=C1,CC1=CC=C(/C(C(O)=O)=C\C2=CC=C(C)C=C2)C=C1,50,60,,,,2
IAW00000832,CAT-51,SOL-1,,,REA-14,[Co+3]123(<-[O-:1][C:58]4=[C:61]([C@:10]([C@:11]([H:12])([H:13])[H:62])([C@:14]([H:15])([H:16])[H:17])[C@:18]([H:19])([H:20])[H:21])[C:70]([H:77])=[C:78]([C@:80]([C@@:81]([H:84])([H:85])[H:86])([C@@:82]([H:87])([H:88])[H:89])[C@:83]([H:90])([H:91])[H:92])[C:72]([H:79])=[C:65]4[C:64](=[N:57]->1[C@:60]1([H:4])[C@:8]([N:3]->2=[C:22]([H:23])[C:24]2=[C:25]([O-:2]->3)[C:26]([C@:32]([C@:33]([H:34])([H:35])[H:63])([C@:36]([H:37])([H:38])[H:39])[C@:40]([H:41])([H:42])[H:43])=[C:27]([H:28])[C:29]([C@@:44]([C@:45]([H:46])([H:47])[H:48])([C@:49]([H:50])([H:51])[H:52])[C@:53]([H:54])([H:55])[H:56])=[C:30]2[H:31])([H:9])[C@:5]([H:6])([H:7])[C@:59]([H:66])([H:68])[C@@:67]([H:73])([H:74])[C@:69]1([H:75])[H:76])[H:71])<-[O-:93][S@@:108]([C:94]1=[C:95]([H:100])[C:96]([H:101])=[C:97]([C@@:104]([H:105])([H:106])[H:107])[C:98]([H:102])=[C:99]1[H:103])(=[O:109])=[O:110],[H]OC([H])([H])[H],CC1=CC=C([C@@H](CC2=CC=C(C)C=C2)C(O)=O)C=C1,CC1=CC=C([C@H](CC2=CC=C(C)C=C2)C(O)=O)C=C1,CC1=CC=C(/C(C(O)=O)=C\C2=CC=C(C)C=C2)C=C1,50,60,,,,2
IAW00000833,CAT-52,SOL-9,,,REA-14,[Fe+2]123456789<-[C:3]%10([P:1]%11(->[Ni+2:71](<-[P:2]%12([C:12]->1%13=[C:17]->2([H:18])[C:15]->3([H:16])=[C:14]->4([H:33])[C-:13]->5%13[H:32])[C@:29]([H:30])([C@@:49]([H:50])([H:51])[H:52])[C@:34]([H:37])([H:38])[C@:36]([H:39])([H:40])[C@@:31]%12([H:35])[C@@:57]([H:58])([H:59])[H:60])(<-[O-:41][C:44]([C@@:61]([H:67])([H:68])[H:69])=[O:66])<-[O-:42][C:43]([C@@:62]([H:63])([H:64])[H:70])=[O:65])[C@:19]([H:20])([C@@:45]([H:46])([H:47])[H:48])[C@@:21]([H:22])([H:23])[C@:24]([H:25])([H:26])[C@@:27]%11([H:28])[C@@:53]([H:54])([H:55])[H:56])=[C:4]->6([H:5])[C:6]->7([H:7])=[C:8]->8([H:9])[C-:10]->9%10[H:11],[H]OC([H])([H])C(F)(F)F,CC1=CC=C([C@@H](CC2=CC=C(C)C=C2)C(O)=O)C=C1,CC1=CC=C([C@H](CC2=CC=C(C)C=C2)C(O)=O)C=C1,CC1=CC=C(/C(C(O)=O)=C\C2=CC=C(C)C=C2)C=C1,50,30,,,,2
IAW00000834,CAT-53,SOL-9,,,REA-14,C12[P:44]3(->[Ni+2:46](<-[O-:41][C:34]([C@:35]([H:36])([H:37])[H:38])=[O:40])(<-[O-:42][C:39](=[O:43])[C@@:48]([H:53])([H:54])[H:55])<-[P:45]4([C:1]1=[C:2]([H:3])[C:4]([H:5])=[C:6]([H:7])[C:8]=2[H:9])[C@:28]([H:29])([C@:30]([H:31])([H:32])[H:33])[C@@:47]([H:50])([H:51])[C@:52]([H:58])([H:59])[C@@:49]4([H:56])[C@@:57]([H:60])([H:61])[H:62])[C@@:14]([C@:10]([H:11])([H:12])[H:13])([H:15])[C@@:16]([H:17])([H:18])[C@@:19]([H:20])([H:21])[C@@:22]3([H:23])[C@:24]([H:25])([H:26])[H:27],[H]OC([H])([H])C(F)(F)F,CC1=CC=C([C@@H](CC2=CC=C(C)C=C2)C(O)=O)C=C1,CC1=CC=C([C@H](CC2=CC=C(C)C=C2)C(O)=O)C=C1,CC1=CC=C(/C(C(O)=O)=C\C2=CC=C(C)C=C2)C=C1,50,30,,,,2
IAW00000835,CAT-54,SOL-9,,,REA-14,[P]12([C@@:22]([C@:23]([P:1]3(->[Ni+2:86]<-1(<-[O-:5][C:40](=[O:3])[C@:80]([H:81])([H:82])[H:84])<-[O-:7][C:41](=[O:9])[C@:77]([H:78])([H:79])[H:85])[C@@:24]([C:28]1=[C:33]([H:59])[C:32]([H:58])=[C:31]([H:57])[C:30]([H:56])=[C:29]1[H:55])([H:53])[C@:25]([H:73])([H:74])[C@@:26]([H:75])([H:76])[C@:27]3([C:34]1=[C:35]([H:60])[C:36]([H:61])=[C:37]([H:62])[C:38]([H:63])=[C:39]1[H:64])[H:54])([H:71])[H:72])([H:69])[H:70])[C@@:2]([C:10]1=[C:11]([H:44])[C:12]([H:83])=[C:13]([H:45])[C:14]([H:46])=[C:15]1[H:47])([H:42])[C@:4]([H:65])([H:66])[C@:6]([H:67])([H:68])[C@:8]2([C:16]1=[C:17]([H:48])[C:18]([H:49])=[C:19]([H:50])[C:20]([H:51])=[C:21]1[H:52])[H:43],[H]OC([H])([H])C(F)(F)F,CC1=CC=C([C@@H](CC2=CC=C(C)C=C2)C(O)=O)C=C1,CC1=CC=C([C@H](CC2=CC=C(C)C=C2)C(O)=O)C=C1,CC1=CC=C(/C(C(O)=O)=C\C2=CC=C(C)C=C2)C=C1,50,30,,,,2
IAW00000836,CAT-55,SOL-9,,,REA-14,[P]12([C:12]3=[C:2]([H:54])[C:3]([H:4])=[C:5]([H:6])[C:7]([H:8])=[C:9]3[P:1]3(->[Ni+2:86]<-1(<-[O-:71][C:72](=[O:75])[C@@:78]([H:79])([H:80])[H:84])<-[O-:73][C:74](=[O:77])[C@@:81]([H:82])([H:83])[H:85])[C@@:24]([H:25])([C@:34]([H:35])([C@:36]([H:37])([H:38])[H:76])[C@:39]([H:40])([H:41])[H:42])[C@:26]([H:27])([H:28])[C@@:29]([H:30])([H:31])[C@:32]3([H:33])[C@@:43]([H:44])([C@:45]([H:46])([H:47])[H:48])[C@:49]([H:50])([H:51])[H:52])[C@@:10]([H:11])([C@@:15]([H:16])([C@:17]([H:18])([H:19])[H:56])[C@:20]([H:21])([H:22])[H:23])[C@@:55]([H:60])([H:61])[C@:57]([H:62])([H:63])[C@@:53]2([C@@:58]([H:13])([C@:64]([H:66])([H:67])[H:68])[C@:65]([H:14])([H:69])[H:70])[H:59],[H]OC([H])([H])C(F)(F)F,CC1=CC=C([C@@H](CC2=CC=C(C)C=C2)C(O)=O)C=C1,CC1=CC=C([C@H](CC2=CC=C(C)C=C2)C(O)=O)C=C1,CC1=CC=C(/C(C(O)=O)=C\C2=CC=C(C)C=C2)C=C1,50,30,,,,2
IAW00000837,CAT-56,SOL-9,,,REA-14,[Ni+2]1(<-[P:1]([C:2]2=[C:9]([H:10])[C:23]([H:24])=[C:34]([H:39])[C:38]([H:48])=[C:33]2[P:31]->1([C@@:35]([C@:40]([H:49])([H:50])[H:51])([C@:41]([H:52])([H:53])[H:54])[C@:42]([H:55])([H:56])[H:57])[C@:36]([H:43])([H:44])[H:45])([C@:8]([C@:4]([H:5])([H:6])[H:7])([C@:11]([H:12])([H:13])[H:14])[C@:15]([H:16])([H:17])[H:18])[C@:19]([H:20])([H:21])[H:22])(<-[O-:3][C:26](=[O:25])[C@:27]([H:28])([H:29])[H:30])<-[O-:32][C:37](=[O:46])[C@:47]([H:58])([H:59])[H:60],[H]OC([H])([H])C(F)(F)F,CC1=CC=C([C@@H](CC2=CC=C(C)C=C2)C(O)=O)C=C1,CC1=CC=C([C@H](CC2=CC=C(C)C=C2)C(O)=O)C=C1,CC1=CC=C(/C(C(O)=O)=C\C2=CC=C(C)C=C2)C=C1,50,30,,,,2
IAW00000838,CAT-57,SOL-1,,,REA-14,[Br-]->[Ni+2:1]12(<-[N:2]([H:3])([C@:28]3([H:29])[C@@:9]([H:10])([H:11])[C@@:35]([H:36])([H:37])[C@:38]([H:39])([H:40])[C@:12]([H:13])([H:14])[C@:17]3([N:7]->1([H:8])[C@:59]([H:60])([H:61])[C:70]1=[C:81]([H:92])[C:91]([H:96])=[C:95]([H:97])[C:90]([H:94])=[C:80]1[H:89])[H:18])[C@:30]([C:16]1=[C:26]([H:27])[C:20]([H:21])=[C:41]([H:42])[C:33]([H:34])=[C:22]1[H:23])([H:31])[H:32])(<-[N:4]([C@@:24]1([H:25])[C@@:19]([N:5]->2([H:6])[C@:54]([C:47]2=[C:50]([H:51])[C:52]([H:53])=[C:57]([H:58])[C:62]([H:63])=[C:48]2[H:49])([H:55])[H:56])([H:65])[C@@:66]([H:15])([H:72])[C@:71]([H:82])([H:83])[C@:75]([H:84])([H:85])[C@:67]1([H:73])[H:74])([C@:43]([H:44])([H:45])[C:46]1=[C:69]([H:79])[C:78]([H:88])=[C:86]([H:93])[C:76]([H:87])=[C:68]1[H:77])[H:98])<-[Br-:64],[H]OC([H])([H])[H],CC1=CC=C([C@@H](CC2=CC=C(C)C=C2)C(O)=O)C=C1,CC1=CC=C([C@H](CC2=CC=C(C)C=C2)C(O)=O)C=C1,CC1=CC=C(/C(C(O)=O)=C\C2=CC=C(C)C=C2)C=C1,50,60,,,,2
IAW00000839,CAT-58,SOL-1,,,REA-14,[N-]12[C:3](=[O:2])[C@@:4]3([H:5])[N:1]([C@:25]([C:28]4=[C:33]([H:14])[C:38]([H:48])=[C:49]([H:56])[C:39]([H:50])=[C:34]4[H:40])([H:29])[H:30])(->[Ni+2:58]<-14<-[N:32](=[C:27]([C:15]1=[C:16]2[C:17]([H:18])=[C:19]([H:20])[C:21]([H:22])=[C:23]1[H:24])[C:31]1=[C:36]([H:43])[C:44]([H:53])=[C:51]([H:57])[C:42]([H:52])=[C:35]1[H:41])[C@@:37]([H:45])([H:46])[C:47]([O-:54]->4)=[O:55])[C@@:12]([H:13])([H:26])[C@:9]([H:10])([H:11])[C@:6]3([H:7])[H:8],[H]OC([H])([H])[H],CC1=CC=C([C@@H](CC2=CC=C(C)C=C2)C(O)=O)C=C1,CC1=CC=C([C@H](CC2=CC=C(C)C=C2)C(O)=O)C=C1,CC1=CC=C(/C(C(O)=O)=C\C2=CC=C(C)C=C2)C=C1,60,20,,,,2
IAW00000840,CAT-59,SOL-1,,,REA-14,[Pd+2]1(<-[P:63]([C:3]2=[C:1]([C:2]3=[C:4]([P:64]->1([C:24]1=[C:26]([H:28])[C:30]([H:32])=[C:34]([H:74])[C:36]([H:76])=[C:38]1[H:40])[C:42]1=[C:60]([H:62])[C:56]([H:58])=[C:52]([H:54])[C:48]([H:50])=[C:44]1[H:46])[C:6]([H:8])=[C:10]([H:12])[C:14]1=[C:22]3[C:18]([H:20])=[C:72]([H:80])[C:69]([H:78])=[C:16]1[H:70])[C:21]1=[C:13]([C:9]([H:11])=[C:5]2[H:7])[C:15]([H:68])=[C:67]([H:77])[C:71]([H:79])=[C:17]1[H:19])([C:23]1=[C:25]([H:27])[C:29]([H:31])=[C:33]([H:73])[C:35]([H:75])=[C:37]1[H:39])[C:41]1=[C:43]([H:45])[C:47]([H:49])=[C:51]([H:53])[C:55]([H:57])=[C:59]1[H:61])(<-[Cl-:65])<-[Cl-:66],[H]OC([H])([H])[H],CC1=CC=C([C@@H](CC2=CC=C(C)C=C2)C(O)=O)C=C1,CC1=CC=C([C@H](CC2=CC=C(C)C=C2)C(O)=O)C=C1,CC1=CC=C(/C(C(O)=O)=C\C2=CC=C(C)C=C2)C=C1,60,20,,,,2
IAW00000841,CAT-60,SOL-1,,,REA-14,[Pd+2]123(<-[N:2]4=[C:12]([C:13]([N-:5]->1[C@:14]([C@:15]([H:34])([H:35])[H:36])([C:16]1=[N:8]->2[C:20]([H:33])=[C:19]([H:32])[C:18]([H:31])=[C:17]1[H:30])[H:29])=[O:9])[C:11]([H:28])=[C:10]([H:27])[C:7]([H:26])=[C:4]4[C@:1]([F:23])([F:24])[F:25])<-[O-:3][C:21](=[O:6]->3)[C@:22]([H:37])([H:38])[H:39],[H]OC([H])([H])[H],CC1=CC=C([C@@H](CC2=CC=C(C)C=C2)C(O)=O)C=C1,CC1=CC=C([C@H](CC2=CC=C(C)C=C2)C(O)=O)C=C1,CC1=CC=C(/C(C(O)=O)=C\C2=CC=C(C)C=C2)C=C1,60,20,,,,2
IAW00000842,CAT-61,SOL-1,,,REA-14,[Cr+3]123(<-[Cl-:1])<-[N:2]([C@:6]4([H:7])[C@:8]([H:9])([H:10])[C@@:11]([H:12])([H:13])[C@@:14]([H:78])([H:79])[C@@:15]([H:16])([H:17])[C@:18]4([N:3]->1=[C:42]([H:43])[C:44]1=[C:45]([O-:5]->2)[C:46]([C@:52]([C@:54]([H:55])([H:56])[H:57])([C@:58]([H:59])([H:60])[H:61])[C@:62]([H:63])([H:64])[H:65])=[C:47]([H:48])[C:49]([C@:53]([C@:66]([H:67])([H:68])[H:69])([C@:70]([H:71])([H:72])[H:73])[C@:74]([H:75])([H:76])[H:77])=[C:50]1[H:51])[H:19])=[C:20]([H:21])[C:22]1=[C:23]([O-:4]->3)[C:24]([C@@:80]([C@:31]([H:32])([H:33])[H:83])([C@@:84]([H:89])([H:90])[H:91])[C@@:85]([H:30])([H:92])[H:93])=[C:25]([H:81])[C:26]([C@@:29]([C@:34]([H:35])([H:36])[H:37])([C@:38]([H:39])([H:40])[H:41])[C@:82]([H:86])([H:87])[H:88])=[C:27]1[H:28],[H]OC([H])([H])[H],CC1=CC=C([C@@H](CC2=CC=C(C)C=C2)C(O)=O)C=C1,CC1=CC=C([C@H](CC2=CC=C(C)C=C2)C(O)=O)C=C1,CC1=CC=C(/C(C(O)=O)=C\C2=CC=C(C)C=C2)C=C1,50,60,,,,2
IAW00000843,CAT-62,SOL-1,,,REA-14,[Mn+3]123(<-[Cl-:1])<-[O-:2][C:6]4=[C:7]([C@:42]([C@:44]([H:45])([H:46])[H:47])([C@:48]([H:49])([H:50])[H:51])[C@@:79]([H:43])([H:86])[H:87])[C:8]([H:9])=[C:10]([C@@:52]([C@:53]([H:54])([H:55])[H:56])([C@:57]([H:58])([H:59])[H:80])[C@:60]([H:61])([H:62])[H:81])[C:11]([H:12])=[C:13]4[C:14](=[N:4]->1[C@:16]1([H:17])[C@:18]([H:19])([H:20])[C@@:21]([H:22])([H:23])[C@:24]([H:25])([H:26])[C@@:27]([H:28])([H:29])[C@:30]1([N:5]->2=[C:32]([H:33])[C:34]1=[C:35]([H:36])[C:37]([C@@:63]([C@:64]([H:65])([H:66])[H:67])([C@:68]([H:69])([H:70])[H:82])[C@:71]([H:72])([H:73])[H:74])=[C:38]([H:39])[C:40]([C@:78]([C@@:75]([H:76])([H:77])[H:83])([C@:84]([H:88])([H:89])[H:90])[C@:85]([H:91])([H:92])[H:93])=[C:41]1[O-:3]->3)[H:31])[H:15],[H]OC([H])([H])[H],CC1=CC=C([C@@H](CC2=CC=C(C)C=C2)C(O)=O)C=C1,CC1=CC=C([C@H](CC2=CC=C(C)C=C2)C(O)=O)C=C1,CC1=CC=C(/C(C(O)=O)=C\C2=CC=C(C)C=C2)C=C1,50,60,,,,2
IAW00000844,CAT-1,SOL-1,,,REA-15,[Ru+2]123(<-[P:1]([C:7]4=[C:8]([H:40])[C:60]([H:66])=[C:67]5[C:61](=[C:9]4[C:15]4=[C:14]6[C:13](=[C:12]([H:42])[C:11]([H:41])=[C:10]4[P:2]->1([C:28]1=[C:29]([H:54])[C:30]([H:55])=[C:31]([H:56])[C:32]([H:57])=[C:33]1[H:58])[C:34]1=[C:35]([H:59])[C:65]([H:74])=[C:75]([H:82])[C:73]([H:81])=[C:64]1[H:72])[C:62]([H:43])=[C:69]([H:79])[C:71]([H:80])=[C:63]6[H:70])[C:68]([H:77])=[C:78]([H:85])[C:83]([H:86])=[C:76]5[H:84])([C:16]1=[C:21]([H:48])[C:20]([H:47])=[C:19]([H:46])[C:18]([H:45])=[C:17]1[H:44])[C:22]1=[C:27]([H:53])[C:26]([H:52])=[C:25]([H:51])[C:24]([H:50])=[C:23]1[H:49])(<-[O-:3][C:36](=[O:4]->2)[C@@:37]([H:87])([H:88])[H:92])<-[O:5]=[C:38]([O-:6]->3)[C@@:39]([H:89])([H:90])[H:91],[H]OC([H])([H])[H],OC([C@H](CC1=CC=C(Cl)C=C1)C2=CC=C(C(C)(C)C)C=C2)=O,OC([C@@H](CC1=CC=C(Cl)C=C1)C2=CC=C(C(C)(C)C)C=C2)=O,OC(/C(C1=CC=C(C(C)(C)C)C=C1)=C/C2=CC=C(Cl)C=C2)=O,60,5,,,,2
IAW00000845,CAT-1,SOL-1,,,REA-15,[Ru+2]123(<-[P:1]([C:7]4=[C:8]([H:40])[C:60]([H:66])=[C:67]5[C:61](=[C:9]4[C:15]4=[C:14]6[C:13](=[C:12]([H:42])[C:11]([H:41])=[C:10]4[P:2]->1([C:28]1=[C:29]([H:54])[C:30]([H:55])=[C:31]([H:56])[C:32]([H:57])=[C:33]1[H:58])[C:34]1=[C:35]([H:59])[C:65]([H:74])=[C:75]([H:82])[C:73]([H:81])=[C:64]1[H:72])[C:62]([H:43])=[C:69]([H:79])[C:71]([H:80])=[C:63]6[H:70])[C:68]([H:77])=[C:78]([H:85])[C:83]([H:86])=[C:76]5[H:84])([C:16]1=[C:21]([H:48])[C:20]([H:47])=[C:19]([H:46])[C:18]([H:45])=[C:17]1[H:44])[C:22]1=[C:27]([H:53])[C:26]([H:52])=[C:25]([H:51])[C:24]([H:50])=[C:23]1[H:49])(<-[O-:3][C:36](=[O:4]->2)[C@@:37]([H:87])([H:88])[H:92])<-[O:5]=[C:38]([O-:6]->3)[C@@:39]([H:89])([H:90])[H:91],[H]OC([H])([H])[H],OC([C@H](CC1=CC=C(Cl)C=C1)C2=CC=C(C(C)(C)C)C=C2)=O,OC([C@@H](CC1=CC=C(Cl)C=C1)C2=CC=C(C(C)(C)C)C=C2)=O,OC(/C(C1=CC=C(C(C)(C)C)C=C1)=C/C2=CC=C(Cl)C=C2)=O,60,10,,,,2
IAW00000846,CAT-1,SOL-1,,,REA-15,[Ru+2]123(<-[P:1]([C:7]4=[C:8]([H:40])[C:60]([H:66])=[C:67]5[C:61](=[C:9]4[C:15]4=[C:14]6[C:13](=[C:12]([H:42])[C:11]([H:41])=[C:10]4[P:2]->1([C:28]1=[C:29]([H:54])[C:30]([H:55])=[C:31]([H:56])[C:32]([H:57])=[C:33]1[H:58])[C:34]1=[C:35]([H:59])[C:65]([H:74])=[C:75]([H:82])[C:73]([H:81])=[C:64]1[H:72])[C:62]([H:43])=[C:69]([H:79])[C:71]([H:80])=[C:63]6[H:70])[C:68]([H:77])=[C:78]([H:85])[C:83]([H:86])=[C:76]5[H:84])([C:16]1=[C:21]([H:48])[C:20]([H:47])=[C:19]([H:46])[C:18]([H:45])=[C:17]1[H:44])[C:22]1=[C:27]([H:53])[C:26]([H:52])=[C:25]([H:51])[C:24]([H:50])=[C:23]1[H:49])(<-[O-:3][C:36](=[O:4]->2)[C@@:37]([H:87])([H:88])[H:92])<-[O:5]=[C:38]([O-:6]->3)[C@@:39]([H:89])([H:90])[H:91],[H]OC([H])([H])[H],OC([C@H](CC1=CC=C(Cl)C=C1)C2=CC=C(C(C)(C)C)C=C2)=O,OC([C@@H](CC1=CC=C(Cl)C=C1)C2=CC=C(C(C)(C)C)C=C2)=O,OC(/C(C1=CC=C(C(C)(C)C)C=C1)=C/C2=CC=C(Cl)C=C2)=O,60,30,,,,2
IAW00000847,CAT-1,SOL-1,,,REA-15,[Ru+2]123(<-[P:1]([C:7]4=[C:8]([H:40])[C:60]([H:66])=[C:67]5[C:61](=[C:9]4[C:15]4=[C:14]6[C:13](=[C:12]([H:42])[C:11]([H:41])=[C:10]4[P:2]->1([C:28]1=[C:29]([H:54])[C:30]([H:55])=[C:31]([H:56])[C:32]([H:57])=[C:33]1[H:58])[C:34]1=[C:35]([H:59])[C:65]([H:74])=[C:75]([H:82])[C:73]([H:81])=[C:64]1[H:72])[C:62]([H:43])=[C:69]([H:79])[C:71]([H:80])=[C:63]6[H:70])[C:68]([H:77])=[C:78]([H:85])[C:83]([H:86])=[C:76]5[H:84])([C:16]1=[C:21]([H:48])[C:20]([H:47])=[C:19]([H:46])[C:18]([H:45])=[C:17]1[H:44])[C:22]1=[C:27]([H:53])[C:26]([H:52])=[C:25]([H:51])[C:24]([H:50])=[C:23]1[H:49])(<-[O-:3][C:36](=[O:4]->2)[C@@:37]([H:87])([H:88])[H:92])<-[O:5]=[C:38]([O-:6]->3)[C@@:39]([H:89])([H:90])[H:91],[H]OC([H])([H])[H],OC([C@H](CC1=CC=C(Cl)C=C1)C2=CC=C(C(C)(C)C)C=C2)=O,OC([C@@H](CC1=CC=C(Cl)C=C1)C2=CC=C(C(C)(C)C)C=C2)=O,OC(/C(C1=CC=C(C(C)(C)C)C=C1)=C/C2=CC=C(Cl)C=C2)=O,60,50,,,,2
IAW00000848,CAT-1,SOL-1,,,REA-15,[Ru+2]123(<-[P:1]([C:7]4=[C:8]([H:40])[C:60]([H:66])=[C:67]5[C:61](=[C:9]4[C:15]4=[C:14]6[C:13](=[C:12]([H:42])[C:11]([H:41])=[C:10]4[P:2]->1([C:28]1=[C:29]([H:54])[C:30]([H:55])=[C:31]([H:56])[C:32]([H:57])=[C:33]1[H:58])[C:34]1=[C:35]([H:59])[C:65]([H:74])=[C:75]([H:82])[C:73]([H:81])=[C:64]1[H:72])[C:62]([H:43])=[C:69]([H:79])[C:71]([H:80])=[C:63]6[H:70])[C:68]([H:77])=[C:78]([H:85])[C:83]([H:86])=[C:76]5[H:84])([C:16]1=[C:21]([H:48])[C:20]([H:47])=[C:19]([H:46])[C:18]([H:45])=[C:17]1[H:44])[C:22]1=[C:27]([H:53])[C:26]([H:52])=[C:25]([H:51])[C:24]([H:50])=[C:23]1[H:49])(<-[O-:3][C:36](=[O:4]->2)[C@@:37]([H:87])([H:88])[H:92])<-[O:5]=[C:38]([O-:6]->3)[C@@:39]([H:89])([H:90])[H:91],[H]OC([H])([H])[H],OC([C@H](CC1=CC=C(Cl)C=C1)C2=CC=C(C(C)(C)C)C=C2)=O,OC([C@@H](CC1=CC=C(Cl)C=C1)C2=CC=C(C(C)(C)C)C=C2)=O,OC(/C(C1=CC=C(C(C)(C)C)C=C1)=C/C2=CC=C(Cl)C=C2)=O,60,70,,,,2
IAW00000849,CAT-1,SOL-1,,,REA-15,[Ru+2]123(<-[P:1]([C:7]4=[C:8]([H:40])[C:60]([H:66])=[C:67]5[C:61](=[C:9]4[C:15]4=[C:14]6[C:13](=[C:12]([H:42])[C:11]([H:41])=[C:10]4[P:2]->1([C:28]1=[C:29]([H:54])[C:30]([H:55])=[C:31]([H:56])[C:32]([H:57])=[C:33]1[H:58])[C:34]1=[C:35]([H:59])[C:65]([H:74])=[C:75]([H:82])[C:73]([H:81])=[C:64]1[H:72])[C:62]([H:43])=[C:69]([H:79])[C:71]([H:80])=[C:63]6[H:70])[C:68]([H:77])=[C:78]([H:85])[C:83]([H:86])=[C:76]5[H:84])([C:16]1=[C:21]([H:48])[C:20]([H:47])=[C:19]([H:46])[C:18]([H:45])=[C:17]1[H:44])[C:22]1=[C:27]([H:53])[C:26]([H:52])=[C:25]([H:51])[C:24]([H:50])=[C:23]1[H:49])(<-[O-:3][C:36](=[O:4]->2)[C@@:37]([H:87])([H:88])[H:92])<-[O:5]=[C:38]([O-:6]->3)[C@@:39]([H:89])([H:90])[H:91],[H]OC([H])([H])[H],OC([C@H](CC1=CC=C(Cl)C=C1)C2=CC=C(C(C)(C)C)C=C2)=O,OC([C@@H](CC1=CC=C(Cl)C=C1)C2=CC=C(C(C)(C)C)C=C2)=O,OC(/C(C1=CC=C(C(C)(C)C)C=C1)=C/C2=CC=C(Cl)C=C2)=O,60,90,,,,2
IAW00000850,CAT-1,SOL-1,,,REA-15,[Ru+2]123(<-[P:1]([C:7]4=[C:8]([H:40])[C:60]([H:66])=[C:67]5[C:61](=[C:9]4[C:15]4=[C:14]6[C:13](=[C:12]([H:42])[C:11]([H:41])=[C:10]4[P:2]->1([C:28]1=[C:29]([H:54])[C:30]([H:55])=[C:31]([H:56])[C:32]([H:57])=[C:33]1[H:58])[C:34]1=[C:35]([H:59])[C:65]([H:74])=[C:75]([H:82])[C:73]([H:81])=[C:64]1[H:72])[C:62]([H:43])=[C:69]([H:79])[C:71]([H:80])=[C:63]6[H:70])[C:68]([H:77])=[C:78]([H:85])[C:83]([H:86])=[C:76]5[H:84])([C:16]1=[C:21]([H:48])[C:20]([H:47])=[C:19]([H:46])[C:18]([H:45])=[C:17]1[H:44])[C:22]1=[C:27]([H:53])[C:26]([H:52])=[C:25]([H:51])[C:24]([H:50])=[C:23]1[H:49])(<-[O-:3][C:36](=[O:4]->2)[C@@:37]([H:87])([H:88])[H:92])<-[O:5]=[C:38]([O-:6]->3)[C@@:39]([H:89])([H:90])[H:91],[H]OC([H])([H])[H],OC([C@H](CC1=CC=C(Cl)C=C1)C2=CC=C(C(C)(C)C)C=C2)=O,OC([C@@H](CC1=CC=C(Cl)C=C1)C2=CC=C(C(C)(C)C)C=C2)=O,OC(/C(C1=CC=C(C(C)(C)C)C=C1)=C/C2=CC=C(Cl)C=C2)=O,60,100,,,,2
IAW00000851,CAT-1,SOL-1,,,REA-15,[Ru+2]123(<-[P:1]([C:7]4=[C:8]([H:40])[C:60]([H:66])=[C:67]5[C:61](=[C:9]4[C:15]4=[C:14]6[C:13](=[C:12]([H:42])[C:11]([H:41])=[C:10]4[P:2]->1([C:28]1=[C:29]([H:54])[C:30]([H:55])=[C:31]([H:56])[C:32]([H:57])=[C:33]1[H:58])[C:34]1=[C:35]([H:59])[C:65]([H:74])=[C:75]([H:82])[C:73]([H:81])=[C:64]1[H:72])[C:62]([H:43])=[C:69]([H:79])[C:71]([H:80])=[C:63]6[H:70])[C:68]([H:77])=[C:78]([H:85])[C:83]([H:86])=[C:76]5[H:84])([C:16]1=[C:21]([H:48])[C:20]([H:47])=[C:19]([H:46])[C:18]([H:45])=[C:17]1[H:44])[C:22]1=[C:27]([H:53])[C:26]([H:52])=[C:25]([H:51])[C:24]([H:50])=[C:23]1[H:49])(<-[O-:3][C:36](=[O:4]->2)[C@@:37]([H:87])([H:88])[H:92])<-[O:5]=[C:38]([O-:6]->3)[C@@:39]([H:89])([H:90])[H:91],[H]OC([H])([H])[H],OC([C@H](CC1=CC=C(Cl)C=C1)C2=CC=C(C(C)(C)C)C=C2)=O,OC([C@@H](CC1=CC=C(Cl)C=C1)C2=CC=C(C(C)(C)C)C=C2)=O,OC(/C(C1=CC=C(C(C)(C)C)C=C1)=C/C2=CC=C(Cl)C=C2)=O,50,100,,,,2
IAW00000852,CAT-1,SOL-1,,,REA-15,[Ru+2]123(<-[P:1]([C:7]4=[C:8]([H:40])[C:60]([H:66])=[C:67]5[C:61](=[C:9]4[C:15]4=[C:14]6[C:13](=[C:12]([H:42])[C:11]([H:41])=[C:10]4[P:2]->1([C:28]1=[C:29]([H:54])[C:30]([H:55])=[C:31]([H:56])[C:32]([H:57])=[C:33]1[H:58])[C:34]1=[C:35]([H:59])[C:65]([H:74])=[C:75]([H:82])[C:73]([H:81])=[C:64]1[H:72])[C:62]([H:43])=[C:69]([H:79])[C:71]([H:80])=[C:63]6[H:70])[C:68]([H:77])=[C:78]([H:85])[C:83]([H:86])=[C:76]5[H:84])([C:16]1=[C:21]([H:48])[C:20]([H:47])=[C:19]([H:46])[C:18]([H:45])=[C:17]1[H:44])[C:22]1=[C:27]([H:53])[C:26]([H:52])=[C:25]([H:51])[C:24]([H:50])=[C:23]1[H:49])(<-[O-:3][C:36](=[O:4]->2)[C@@:37]([H:87])([H:88])[H:92])<-[O:5]=[C:38]([O-:6]->3)[C@@:39]([H:89])([H:90])[H:91],[H]OC([H])([H])[H],OC([C@H](CC1=CC=C(Cl)C=C1)C2=CC=C(C(C)(C)C)C=C2)=O,OC([C@@H](CC1=CC=C(Cl)C=C1)C2=CC=C(C(C)(C)C)C=C2)=O,OC(/C(C1=CC=C(C(C)(C)C)C=C1)=C/C2=CC=C(Cl)C=C2)=O,40,100,,,,2
IAW00000853,CAT-2,SOL-1,,,REA-15,[Ru+2]123(<-[P:1]([C:9]4=[C:17]([H:19])[C:11]([H:67])=[C:27]([H:68])[C:41]([H:69])=[C:13]4[H:15])([C:25]4=[C:31]([H:33])[C:23]([H:70])=[C:43]([H:71])[C:53]([H:72])=[C:49]4[H:51])[C:39]4=[C:21]([C:22]5=[C:8]6[O:4][C@:56]([H:58])([H:60])[O:6][C:30]6=[C:36]([H:38])[C:46]([H:48])=[C:40]5[P:2]->1([C:10]1=[C:14]([H:16])[C:42]([H:64])=[C:28]([H:65])[C:12]([H:66])=[C:18]1[H:20])[C:26]1=[C:32]([H:34])[C:24]([H:63])=[C:44]([H:62])[C:54]([H:61])=[C:50]1[H:52])[C:7]1=[C:29]([O:5][C@@:55]([H:57])([H:59])[O:3]1)[C:35]([H:37])=[C:45]4[H:47])(<-[O-:75][C:73](=[O:77]->2)[C@@:79]([H:80])([H:81])[H:85])<-[O-:76][C:74](=[O:78]->3)[C@:82]([H:83])([H:84])[H:86],[H]OC([H])([H])[H],OC([C@H](CC1=CC=C(Cl)C=C1)C2=CC=C(C(C)(C)C)C=C2)=O,OC([C@@H](CC1=CC=C(Cl)C=C1)C2=CC=C(C(C)(C)C)C=C2)=O,OC(/C(C1=CC=C(C(C)(C)C)C=C1)=C/C2=CC=C(Cl)C=C2)=O,60,10,,,,2
IAW00000854,CAT-2,SOL-1,,,REA-15,[Ru+2]123(<-[P:1]([C:9]4=[C:17]([H:19])[C:11]([H:67])=[C:27]([H:68])[C:41]([H:69])=[C:13]4[H:15])([C:25]4=[C:31]([H:33])[C:23]([H:70])=[C:43]([H:71])[C:53]([H:72])=[C:49]4[H:51])[C:39]4=[C:21]([C:22]5=[C:8]6[O:4][C@:56]([H:58])([H:60])[O:6][C:30]6=[C:36]([H:38])[C:46]([H:48])=[C:40]5[P:2]->1([C:10]1=[C:14]([H:16])[C:42]([H:64])=[C:28]([H:65])[C:12]([H:66])=[C:18]1[H:20])[C:26]1=[C:32]([H:34])[C:24]([H:63])=[C:44]([H:62])[C:54]([H:61])=[C:50]1[H:52])[C:7]1=[C:29]([O:5][C@@:55]([H:57])([H:59])[O:3]1)[C:35]([H:37])=[C:45]4[H:47])(<-[O-:75][C:73](=[O:77]->2)[C@@:79]([H:80])([H:81])[H:85])<-[O-:76][C:74](=[O:78]->3)[C@:82]([H:83])([H:84])[H:86],[H]OC([H])([H])[H],OC([C@H](CC1=CC=C(Cl)C=C1)C2=CC=C(C(C)(C)C)C=C2)=O,OC([C@@H](CC1=CC=C(Cl)C=C1)C2=CC=C(C(C)(C)C)C=C2)=O,OC(/C(C1=CC=C(C(C)(C)C)C=C1)=C/C2=CC=C(Cl)C=C2)=O,60,30,,,,2
IAW00000855,CAT-2,SOL-1,,,REA-15,[Ru+2]123(<-[P:1]([C:9]4=[C:17]([H:19])[C:11]([H:67])=[C:27]([H:68])[C:41]([H:69])=[C:13]4[H:15])([C:25]4=[C:31]([H:33])[C:23]([H:70])=[C:43]([H:71])[C:53]([H:72])=[C:49]4[H:51])[C:39]4=[C:21]([C:22]5=[C:8]6[O:4][C@:56]([H:58])([H:60])[O:6][C:30]6=[C:36]([H:38])[C:46]([H:48])=[C:40]5[P:2]->1([C:10]1=[C:14]([H:16])[C:42]([H:64])=[C:28]([H:65])[C:12]([H:66])=[C:18]1[H:20])[C:26]1=[C:32]([H:34])[C:24]([H:63])=[C:44]([H:62])[C:54]([H:61])=[C:50]1[H:52])[C:7]1=[C:29]([O:5][C@@:55]([H:57])([H:59])[O:3]1)[C:35]([H:37])=[C:45]4[H:47])(<-[O-:75][C:73](=[O:77]->2)[C@@:79]([H:80])([H:81])[H:85])<-[O-:76][C:74](=[O:78]->3)[C@:82]([H:83])([H:84])[H:86],[H]OC([H])([H])[H],OC([C@H](CC1=CC=C(Cl)C=C1)C2=CC=C(C(C)(C)C)C=C2)=O,OC([C@@H](CC1=CC=C(Cl)C=C1)C2=CC=C(C(C)(C)C)C=C2)=O,OC(/C(C1=CC=C(C(C)(C)C)C=C1)=C/C2=CC=C(Cl)C=C2)=O,60,50,,,,2
IAW00000856,CAT-2,SOL-1,,,REA-15,[Ru+2]123(<-[P:1]([C:9]4=[C:17]([H:19])[C:11]([H:67])=[C:27]([H:68])[C:41]([H:69])=[C:13]4[H:15])([C:25]4=[C:31]([H:33])[C:23]([H:70])=[C:43]([H:71])[C:53]([H:72])=[C:49]4[H:51])[C:39]4=[C:21]([C:22]5=[C:8]6[O:4][C@:56]([H:58])([H:60])[O:6][C:30]6=[C:36]([H:38])[C:46]([H:48])=[C:40]5[P:2]->1([C:10]1=[C:14]([H:16])[C:42]([H:64])=[C:28]([H:65])[C:12]([H:66])=[C:18]1[H:20])[C:26]1=[C:32]([H:34])[C:24]([H:63])=[C:44]([H:62])[C:54]([H:61])=[C:50]1[H:52])[C:7]1=[C:29]([O:5][C@@:55]([H:57])([H:59])[O:3]1)[C:35]([H:37])=[C:45]4[H:47])(<-[O-:75][C:73](=[O:77]->2)[C@@:79]([H:80])([H:81])[H:85])<-[O-:76][C:74](=[O:78]->3)[C@:82]([H:83])([H:84])[H:86],[H]OC([H])([H])[H],OC([C@H](CC1=CC=C(Cl)C=C1)C2=CC=C(C(C)(C)C)C=C2)=O,OC([C@@H](CC1=CC=C(Cl)C=C1)C2=CC=C(C(C)(C)C)C=C2)=O,OC(/C(C1=CC=C(C(C)(C)C)C=C1)=C/C2=CC=C(Cl)C=C2)=O,60,70,,,,2
IAW00000857,CAT-2,SOL-1,,,REA-15,[Ru+2]123(<-[P:1]([C:9]4=[C:17]([H:19])[C:11]([H:67])=[C:27]([H:68])[C:41]([H:69])=[C:13]4[H:15])([C:25]4=[C:31]([H:33])[C:23]([H:70])=[C:43]([H:71])[C:53]([H:72])=[C:49]4[H:51])[C:39]4=[C:21]([C:22]5=[C:8]6[O:4][C@:56]([H:58])([H:60])[O:6][C:30]6=[C:36]([H:38])[C:46]([H:48])=[C:40]5[P:2]->1([C:10]1=[C:14]([H:16])[C:42]([H:64])=[C:28]([H:65])[C:12]([H:66])=[C:18]1[H:20])[C:26]1=[C:32]([H:34])[C:24]([H:63])=[C:44]([H:62])[C:54]([H:61])=[C:50]1[H:52])[C:7]1=[C:29]([O:5][C@@:55]([H:57])([H:59])[O:3]1)[C:35]([H:37])=[C:45]4[H:47])(<-[O-:75][C:73](=[O:77]->2)[C@@:79]([H:80])([H:81])[H:85])<-[O-:76][C:74](=[O:78]->3)[C@:82]([H:83])([H:84])[H:86],[H]OC([H])([H])[H],OC([C@H](CC1=CC=C(Cl)C=C1)C2=CC=C(C(C)(C)C)C=C2)=O,OC([C@@H](CC1=CC=C(Cl)C=C1)C2=CC=C(C(C)(C)C)C=C2)=O,OC(/C(C1=CC=C(C(C)(C)C)C=C1)=C/C2=CC=C(Cl)C=C2)=O,60,90,,,,2
IAW00000858,CAT-2,SOL-1,,,REA-15,[Ru+2]123(<-[P:1]([C:9]4=[C:17]([H:19])[C:11]([H:67])=[C:27]([H:68])[C:41]([H:69])=[C:13]4[H:15])([C:25]4=[C:31]([H:33])[C:23]([H:70])=[C:43]([H:71])[C:53]([H:72])=[C:49]4[H:51])[C:39]4=[C:21]([C:22]5=[C:8]6[O:4][C@:56]([H:58])([H:60])[O:6][C:30]6=[C:36]([H:38])[C:46]([H:48])=[C:40]5[P:2]->1([C:10]1=[C:14]([H:16])[C:42]([H:64])=[C:28]([H:65])[C:12]([H:66])=[C:18]1[H:20])[C:26]1=[C:32]([H:34])[C:24]([H:63])=[C:44]([H:62])[C:54]([H:61])=[C:50]1[H:52])[C:7]1=[C:29]([O:5][C@@:55]([H:57])([H:59])[O:3]1)[C:35]([H:37])=[C:45]4[H:47])(<-[O-:75][C:73](=[O:77]->2)[C@@:79]([H:80])([H:81])[H:85])<-[O-:76][C:74](=[O:78]->3)[C@:82]([H:83])([H:84])[H:86],[H]OC([H])([H])[H],OC([C@H](CC1=CC=C(Cl)C=C1)C2=CC=C(C(C)(C)C)C=C2)=O,OC([C@@H](CC1=CC=C(Cl)C=C1)C2=CC=C(C(C)(C)C)C=C2)=O,OC(/C(C1=CC=C(C(C)(C)C)C=C1)=C/C2=CC=C(Cl)C=C2)=O,60,100,,,,2
IAW00000859,CAT-3,SOL-1,,,REA-15,[Ru+2]123(<-[P:1]([C:13]4=[C:17]([H:19])[C:45]([C@:67]([C@:145]([H:147])([H:149])[H:151])([C@:153]([H:155])([H:157])[H:159])[C@:161]([H:163])([H:165])[H:167])=[C:31]([O:9][C@:121]([H:123])([H:125])[H:127])[C:15]([C@:69]([C@:87]([H:89])([H:91])[H:93])([C@:105]([H:107])([H:109])[H:111])[C@:129]([H:131])([H:133])[H:135])=[C:21]4[H:23])([C:29]4=[C:55]([H:57])[C:71]([C@:103]([C@:95]([H:97])([H:99])[H:101])([C@:137]([H:139])([H:141])[H:143])[C@:171]([H:179])([H:180])[H:181])=[C:47]([O:7][C@@:169]([H:173])([H:174])[H:175])[C:27]([C@@:49]([C@:59]([H:61])([H:63])[H:65])([C@:73]([H:75])([H:77])[H:79])[C@:113]([H:115])([H:117])[H:119])=[C:35]4[H:37])[C:43]4=[C:25]([C:26]5=[C:12]6[O:4][C@:82]([H:84])([H:86])[O:6][C:34]6=[C:40]([H:42])[C:52]([H:54])=[C:44]5[P:2]->1([C:14]1=[C:18]([H:20])[C:46]([C@:68]([C@:146]([H:148])([H:150])[H:152])([C@:154]([H:156])([H:158])[H:160])[C@:162]([H:164])([H:166])[H:168])=[C:32]([O:10][C@:122]([H:124])([H:126])[H:128])[C:16]([C@:70]([C@:88]([H:90])([H:92])[H:94])([C@:106]([H:108])([H:110])[H:112])[C@:130]([H:132])([H:134])[H:136])=[C:22]1[H:24])[C:30]1=[C:36]([H:38])[C:28]([C@@:50]([C@:60]([H:62])([H:64])[H:66])([C@:74]([H:76])([H:78])[H:80])[C@:114]([H:116])([H:118])[H:120])=[C:48]([O:8][C@@:170]([H:176])([H:177])[H:178])[C:72]([C@:104]([C@:96]([H:98])([H:100])[H:102])([C@:138]([H:140])([H:142])[H:144])[C@:172]([H:182])([H:183])[H:184])=[C:56]1[H:58])[C:11]1=[C:33]([O:5][C@@:81]([H:83])([H:85])[O:3]1)[C:39]([H:41])=[C:51]4[H:53])(<-[O:187]=[C:185]([O-:189]->2)[C@@:191]([H:192])([H:193])[H:194])<-[O:188]=[C:186]([O-:190]->3)[C@@:195]([H:196])([H:197])[H:198],[H]OC([H])([H])[H],OC([C@H](CC1=CC=C(Cl)C=C1)C2=CC=C(C(C)(C)C)C=C2)=O,OC([C@@H](CC1=CC=C(Cl)C=C1)C2=CC=C(C(C)(C)C)C=C2)=O,OC(/C(C1=CC=C(C(C)(C)C)C=C1)=C/C2=CC=C(Cl)C=C2)=O,60,5,,,,2
IAW00000860,CAT-3,SOL-1,,,REA-15,[Ru+2]123(<-[P:1]([C:13]4=[C:17]([H:19])[C:45]([C@:67]([C@:145]([H:147])([H:149])[H:151])([C@:153]([H:155])([H:157])[H:159])[C@:161]([H:163])([H:165])[H:167])=[C:31]([O:9][C@:121]([H:123])([H:125])[H:127])[C:15]([C@:69]([C@:87]([H:89])([H:91])[H:93])([C@:105]([H:107])([H:109])[H:111])[C@:129]([H:131])([H:133])[H:135])=[C:21]4[H:23])([C:29]4=[C:55]([H:57])[C:71]([C@:103]([C@:95]([H:97])([H:99])[H:101])([C@:137]([H:139])([H:141])[H:143])[C@:171]([H:179])([H:180])[H:181])=[C:47]([O:7][C@@:169]([H:173])([H:174])[H:175])[C:27]([C@@:49]([C@:59]([H:61])([H:63])[H:65])([C@:73]([H:75])([H:77])[H:79])[C@:113]([H:115])([H:117])[H:119])=[C:35]4[H:37])[C:43]4=[C:25]([C:26]5=[C:12]6[O:4][C@:82]([H:84])([H:86])[O:6][C:34]6=[C:40]([H:42])[C:52]([H:54])=[C:44]5[P:2]->1([C:14]1=[C:18]([H:20])[C:46]([C@:68]([C@:146]([H:148])([H:150])[H:152])([C@:154]([H:156])([H:158])[H:160])[C@:162]([H:164])([H:166])[H:168])=[C:32]([O:10][C@:122]([H:124])([H:126])[H:128])[C:16]([C@:70]([C@:88]([H:90])([H:92])[H:94])([C@:106]([H:108])([H:110])[H:112])[C@:130]([H:132])([H:134])[H:136])=[C:22]1[H:24])[C:30]1=[C:36]([H:38])[C:28]([C@@:50]([C@:60]([H:62])([H:64])[H:66])([C@:74]([H:76])([H:78])[H:80])[C@:114]([H:116])([H:118])[H:120])=[C:48]([O:8][C@@:170]([H:176])([H:177])[H:178])[C:72]([C@:104]([C@:96]([H:98])([H:100])[H:102])([C@:138]([H:140])([H:142])[H:144])[C@:172]([H:182])([H:183])[H:184])=[C:56]1[H:58])[C:11]1=[C:33]([O:5][C@@:81]([H:83])([H:85])[O:3]1)[C:39]([H:41])=[C:51]4[H:53])(<-[O:187]=[C:185]([O-:189]->2)[C@@:191]([H:192])([H:193])[H:194])<-[O:188]=[C:186]([O-:190]->3)[C@@:195]([H:196])([H:197])[H:198],[H]OC([H])([H])[H],OC([C@H](CC1=CC=C(Cl)C=C1)C2=CC=C(C(C)(C)C)C=C2)=O,OC([C@@H](CC1=CC=C(Cl)C=C1)C2=CC=C(C(C)(C)C)C=C2)=O,OC(/C(C1=CC=C(C(C)(C)C)C=C1)=C/C2=CC=C(Cl)C=C2)=O,60,10,,,,2
IAW00000861,CAT-3,SOL-1,,,REA-15,[Ru+2]123(<-[P:1]([C:13]4=[C:17]([H:19])[C:45]([C@:67]([C@:145]([H:147])([H:149])[H:151])([C@:153]([H:155])([H:157])[H:159])[C@:161]([H:163])([H:165])[H:167])=[C:31]([O:9][C@:121]([H:123])([H:125])[H:127])[C:15]([C@:69]([C@:87]([H:89])([H:91])[H:93])([C@:105]([H:107])([H:109])[H:111])[C@:129]([H:131])([H:133])[H:135])=[C:21]4[H:23])([C:29]4=[C:55]([H:57])[C:71]([C@:103]([C@:95]([H:97])([H:99])[H:101])([C@:137]([H:139])([H:141])[H:143])[C@:171]([H:179])([H:180])[H:181])=[C:47]([O:7][C@@:169]([H:173])([H:174])[H:175])[C:27]([C@@:49]([C@:59]([H:61])([H:63])[H:65])([C@:73]([H:75])([H:77])[H:79])[C@:113]([H:115])([H:117])[H:119])=[C:35]4[H:37])[C:43]4=[C:25]([C:26]5=[C:12]6[O:4][C@:82]([H:84])([H:86])[O:6][C:34]6=[C:40]([H:42])[C:52]([H:54])=[C:44]5[P:2]->1([C:14]1=[C:18]([H:20])[C:46]([C@:68]([C@:146]([H:148])([H:150])[H:152])([C@:154]([H:156])([H:158])[H:160])[C@:162]([H:164])([H:166])[H:168])=[C:32]([O:10][C@:122]([H:124])([H:126])[H:128])[C:16]([C@:70]([C@:88]([H:90])([H:92])[H:94])([C@:106]([H:108])([H:110])[H:112])[C@:130]([H:132])([H:134])[H:136])=[C:22]1[H:24])[C:30]1=[C:36]([H:38])[C:28]([C@@:50]([C@:60]([H:62])([H:64])[H:66])([C@:74]([H:76])([H:78])[H:80])[C@:114]([H:116])([H:118])[H:120])=[C:48]([O:8][C@@:170]([H:176])([H:177])[H:178])[C:72]([C@:104]([C@:96]([H:98])([H:100])[H:102])([C@:138]([H:140])([H:142])[H:144])[C@:172]([H:182])([H:183])[H:184])=[C:56]1[H:58])[C:11]1=[C:33]([O:5][C@@:81]([H:83])([H:85])[O:3]1)[C:39]([H:41])=[C:51]4[H:53])(<-[O:187]=[C:185]([O-:189]->2)[C@@:191]([H:192])([H:193])[H:194])<-[O:188]=[C:186]([O-:190]->3)[C@@:195]([H:196])([H:197])[H:198],[H]OC([H])([H])[H],OC([C@H](CC1=CC=C(Cl)C=C1)C2=CC=C(C(C)(C)C)C=C2)=O,OC([C@@H](CC1=CC=C(Cl)C=C1)C2=CC=C(C(C)(C)C)C=C2)=O,OC(/C(C1=CC=C(C(C)(C)C)C=C1)=C/C2=CC=C(Cl)C=C2)=O,60,30,,,,2
IAW00000862,CAT-3,SOL-1,,,REA-15,[Ru+2]123(<-[P:1]([C:13]4=[C:17]([H:19])[C:45]([C@:67]([C@:145]([H:147])([H:149])[H:151])([C@:153]([H:155])([H:157])[H:159])[C@:161]([H:163])([H:165])[H:167])=[C:31]([O:9][C@:121]([H:123])([H:125])[H:127])[C:15]([C@:69]([C@:87]([H:89])([H:91])[H:93])([C@:105]([H:107])([H:109])[H:111])[C@:129]([H:131])([H:133])[H:135])=[C:21]4[H:23])([C:29]4=[C:55]([H:57])[C:71]([C@:103]([C@:95]([H:97])([H:99])[H:101])([C@:137]([H:139])([H:141])[H:143])[C@:171]([H:179])([H:180])[H:181])=[C:47]([O:7][C@@:169]([H:173])([H:174])[H:175])[C:27]([C@@:49]([C@:59]([H:61])([H:63])[H:65])([C@:73]([H:75])([H:77])[H:79])[C@:113]([H:115])([H:117])[H:119])=[C:35]4[H:37])[C:43]4=[C:25]([C:26]5=[C:12]6[O:4][C@:82]([H:84])([H:86])[O:6][C:34]6=[C:40]([H:42])[C:52]([H:54])=[C:44]5[P:2]->1([C:14]1=[C:18]([H:20])[C:46]([C@:68]([C@:146]([H:148])([H:150])[H:152])([C@:154]([H:156])([H:158])[H:160])[C@:162]([H:164])([H:166])[H:168])=[C:32]([O:10][C@:122]([H:124])([H:126])[H:128])[C:16]([C@:70]([C@:88]([H:90])([H:92])[H:94])([C@:106]([H:108])([H:110])[H:112])[C@:130]([H:132])([H:134])[H:136])=[C:22]1[H:24])[C:30]1=[C:36]([H:38])[C:28]([C@@:50]([C@:60]([H:62])([H:64])[H:66])([C@:74]([H:76])([H:78])[H:80])[C@:114]([H:116])([H:118])[H:120])=[C:48]([O:8][C@@:170]([H:176])([H:177])[H:178])[C:72]([C@:104]([C@:96]([H:98])([H:100])[H:102])([C@:138]([H:140])([H:142])[H:144])[C@:172]([H:182])([H:183])[H:184])=[C:56]1[H:58])[C:11]1=[C:33]([O:5][C@@:81]([H:83])([H:85])[O:3]1)[C:39]([H:41])=[C:51]4[H:53])(<-[O:187]=[C:185]([O-:189]->2)[C@@:191]([H:192])([H:193])[H:194])<-[O:188]=[C:186]([O-:190]->3)[C@@:195]([H:196])([H:197])[H:198],[H]OC([H])([H])[H],OC([C@H](CC1=CC=C(Cl)C=C1)C2=CC=C(C(C)(C)C)C=C2)=O,OC([C@@H](CC1=CC=C(Cl)C=C1)C2=CC=C(C(C)(C)C)C=C2)=O,OC(/C(C1=CC=C(C(C)(C)C)C=C1)=C/C2=CC=C(Cl)C=C2)=O,60,50,,,,2
IAW00000863,CAT-63,SOL-1,,,REA-15,[Ru+2]123(<-[P:1]([C:13]4=[C:17]([H:19])[C:45]([C@:67]([C@:145]([H:147])([H:149])[H:151])([C@:153]([H:155])([H:157])[H:159])[C@:161]([H:163])([H:165])[H:167])=[C:31]([O:9][C@:121]([H:123])([H:125])[H:127])[C:15]([C@:69]([C@:87]([H:89])([H:91])[H:93])([C@:105]([H:107])([H:109])[H:111])[C@:129]([H:131])([H:133])[H:135])=[C:21]4[H:23])([C:29]4=[C:55]([H:57])[C:71]([C@:103]([C@:95]([H:97])([H:99])[H:101])([C@:137]([H:139])([H:141])[H:143])[C@:171]([H:179])([H:180])[H:181])=[C:47]([O:7][C@@:169]([H:173])([H:174])[H:175])[C:27]([C@@:49]([C@:59]([H:61])([H:63])[H:65])([C@:73]([H:75])([H:77])[H:79])[C@:113]([H:115])([H:117])[H:119])=[C:35]4[H:37])[C:43]4=[C:25]([C:26]5=[C:12]6[O:4][C@:82]([H:84])([H:86])[O:6][C:34]6=[C:40]([H:42])[C:52]([H:54])=[C:44]5[P:2]->1([C:14]1=[C:18]([H:20])[C:46]([C@:68]([C@:146]([H:148])([H:150])[H:152])([C@:154]([H:156])([H:158])[H:160])[C@:162]([H:164])([H:166])[H:168])=[C:32]([O:10][C@:122]([H:124])([H:126])[H:128])[C:16]([C@:70]([C@:88]([H:90])([H:92])[H:94])([C@:106]([H:108])([H:110])[H:112])[C@:130]([H:132])([H:134])[H:136])=[C:22]1[H:24])[C:30]1=[C:36]([H:38])[C:28]([C@@:50]([C@:60]([H:62])([H:64])[H:66])([C@:74]([H:76])([H:78])[H:80])[C@:114]([H:116])([H:118])[H:120])=[C:48]([O:8][C@@:170]([H:176])([H:177])[H:178])[C:72]([C@:104]([C@:96]([H:98])([H:100])[H:102])([C@:138]([H:140])([H:142])[H:144])[C@:172]([H:182])([H:183])[H:184])=[C:56]1[H:58])[C:11]1=[C:33]([O:5][C@@:81]([H:83])([H:85])[O:3]1)[C:39]([H:41])=[C:51]4[H:53])(<-[O:187]=[C:185]([O-:189]->2)[C@@:191]([H:192])([H:193])[H:194])<-[O:188]=[C:186]([O-:190]->3)[C@@:195]([H:196])([H:197])[H:198],[H]OC([H])([H])[H],OC([C@H](CC1=CC=C(Cl)C=C1)C2=CC=C(C(C)(C)C)C=C2)=O,OC([C@@H](CC1=CC=C(Cl)C=C1)C2=CC=C(C(C)(C)C)C=C2)=O,OC(/C(C1=CC=C(C(C)(C)C)C=C1)=C/C2=CC=C(Cl)C=C2)=O,60,50,,,,2
IAW00000864,CAT-3,SOL-1,,,REA-15,[H]c1c([H])c2[P](c3c([H])c(C(C([H])([H])[H])(C([H])([H])[H])C([H])([H])[H])c(OC([H])([H])[H])c(C(C([H])([H])[H])(C([H])([H])[H])C([H])([H])[H])c3[H])(c3c([H])c(C(C([H])([H])[H])(C([H])([H])[H])C([H])([H])[H])c(OC([H])([H])[H])c(C(C([H])([H])[H])(C([H])([H])[H])C([H])([H])[H])c3[H])->[Ru+2](<-[O-]C(=O)C([H])([H])[H])(<-[O-]C(=O)C([H])([H])[H])<-[P](c3c([H])c(C(C([H])([H])[H])(C([H])([H])[H])C([H])([H])[H])c(OC([H])([H])[H])c(C(C([H])([H])[H])(C([H])([H])[H])C([H])([H])[H])c3[H])(c3c([H])c(C(C([H])([H])[H])(C([H])([H])[H])C([H])([H])[H])c(OC([H])([H])[H])c(C(C([H])([H])[H])(C([H])([H])[H])C([H])([H])[H])c3[H])c3c([H])c([H])c4c(c3-c2c2c1OC([H])([H])O2)OC([H])([H])O4,[H]OC([H])([H])[H],OC([C@H](CC1=CC=C(Cl)C=C1)C2=CC=C(C(C)(C)C)C=C2)=O,OC([C@@H](CC1=CC=C(Cl)C=C1)C2=CC=C(C(C)(C)C)C=C2)=O,OC(/C(C1=CC=C(C(C)(C)C)C=C1)=C/C2=CC=C(Cl)C=C2)=O,60,70,,,,2
IAW00000865,CAT-3,SOL-1,,,REA-15,[Ru+2]123(<-[P:1]([C:13]4=[C:17]([H:19])[C:45]([C@:67]([C@:145]([H:147])([H:149])[H:151])([C@:153]([H:155])([H:157])[H:159])[C@:161]([H:163])([H:165])[H:167])=[C:31]([O:9][C@:121]([H:123])([H:125])[H:127])[C:15]([C@:69]([C@:87]([H:89])([H:91])[H:93])([C@:105]([H:107])([H:109])[H:111])[C@:129]([H:131])([H:133])[H:135])=[C:21]4[H:23])([C:29]4=[C:55]([H:57])[C:71]([C@:103]([C@:95]([H:97])([H:99])[H:101])([C@:137]([H:139])([H:141])[H:143])[C@:171]([H:179])([H:180])[H:181])=[C:47]([O:7][C@@:169]([H:173])([H:174])[H:175])[C:27]([C@@:49]([C@:59]([H:61])([H:63])[H:65])([C@:73]([H:75])([H:77])[H:79])[C@:113]([H:115])([H:117])[H:119])=[C:35]4[H:37])[C:43]4=[C:25]([C:26]5=[C:12]6[O:4][C@:82]([H:84])([H:86])[O:6][C:34]6=[C:40]([H:42])[C:52]([H:54])=[C:44]5[P:2]->1([C:14]1=[C:18]([H:20])[C:46]([C@:68]([C@:146]([H:148])([H:150])[H:152])([C@:154]([H:156])([H:158])[H:160])[C@:162]([H:164])([H:166])[H:168])=[C:32]([O:10][C@:122]([H:124])([H:126])[H:128])[C:16]([C@:70]([C@:88]([H:90])([H:92])[H:94])([C@:106]([H:108])([H:110])[H:112])[C@:130]([H:132])([H:134])[H:136])=[C:22]1[H:24])[C:30]1=[C:36]([H:38])[C:28]([C@@:50]([C@:60]([H:62])([H:64])[H:66])([C@:74]([H:76])([H:78])[H:80])[C@:114]([H:116])([H:118])[H:120])=[C:48]([O:8][C@@:170]([H:176])([H:177])[H:178])[C:72]([C@:104]([C@:96]([H:98])([H:100])[H:102])([C@:138]([H:140])([H:142])[H:144])[C@:172]([H:182])([H:183])[H:184])=[C:56]1[H:58])[C:11]1=[C:33]([O:5][C@@:81]([H:83])([H:85])[O:3]1)[C:39]([H:41])=[C:51]4[H:53])(<-[O:187]=[C:185]([O-:189]->2)[C@@:191]([H:192])([H:193])[H:194])<-[O:188]=[C:186]([O-:190]->3)[C@@:195]([H:196])([H:197])[H:198],[H]OC([H])([H])[H],OC([C@H](CC1=CC=C(Cl)C=C1)C2=CC=C(C(C)(C)C)C=C2)=O,OC([C@@H](CC1=CC=C(Cl)C=C1)C2=CC=C(C(C)(C)C)C=C2)=O,OC(/C(C1=CC=C(C(C)(C)C)C=C1)=C/C2=CC=C(Cl)C=C2)=O,60,90,,,,2
IAW00000866,CAT-3,SOL-1,,,REA-15,[Ru+2]123(<-[P:1]([C:13]4=[C:17]([H:19])[C:45]([C@:67]([C@:145]([H:147])([H:149])[H:151])([C@:153]([H:155])([H:157])[H:159])[C@:161]([H:163])([H:165])[H:167])=[C:31]([O:9][C@:121]([H:123])([H:125])[H:127])[C:15]([C@:69]([C@:87]([H:89])([H:91])[H:93])([C@:105]([H:107])([H:109])[H:111])[C@:129]([H:131])([H:133])[H:135])=[C:21]4[H:23])([C:29]4=[C:55]([H:57])[C:71]([C@:103]([C@:95]([H:97])([H:99])[H:101])([C@:137]([H:139])([H:141])[H:143])[C@:171]([H:179])([H:180])[H:181])=[C:47]([O:7][C@@:169]([H:173])([H:174])[H:175])[C:27]([C@@:49]([C@:59]([H:61])([H:63])[H:65])([C@:73]([H:75])([H:77])[H:79])[C@:113]([H:115])([H:117])[H:119])=[C:35]4[H:37])[C:43]4=[C:25]([C:26]5=[C:12]6[O:4][C@:82]([H:84])([H:86])[O:6][C:34]6=[C:40]([H:42])[C:52]([H:54])=[C:44]5[P:2]->1([C:14]1=[C:18]([H:20])[C:46]([C@:68]([C@:146]([H:148])([H:150])[H:152])([C@:154]([H:156])([H:158])[H:160])[C@:162]([H:164])([H:166])[H:168])=[C:32]([O:10][C@:122]([H:124])([H:126])[H:128])[C:16]([C@:70]([C@:88]([H:90])([H:92])[H:94])([C@:106]([H:108])([H:110])[H:112])[C@:130]([H:132])([H:134])[H:136])=[C:22]1[H:24])[C:30]1=[C:36]([H:38])[C:28]([C@@:50]([C@:60]([H:62])([H:64])[H:66])([C@:74]([H:76])([H:78])[H:80])[C@:114]([H:116])([H:118])[H:120])=[C:48]([O:8][C@@:170]([H:176])([H:177])[H:178])[C:72]([C@:104]([C@:96]([H:98])([H:100])[H:102])([C@:138]([H:140])([H:142])[H:144])[C@:172]([H:182])([H:183])[H:184])=[C:56]1[H:58])[C:11]1=[C:33]([O:5][C@@:81]([H:83])([H:85])[O:3]1)[C:39]([H:41])=[C:51]4[H:53])(<-[O:187]=[C:185]([O-:189]->2)[C@@:191]([H:192])([H:193])[H:194])<-[O:188]=[C:186]([O-:190]->3)[C@@:195]([H:196])([H:197])[H:198],[H]OC([H])([H])[H],OC([C@H](CC1=CC=C(Cl)C=C1)C2=CC=C(C(C)(C)C)C=C2)=O,OC([C@@H](CC1=CC=C(Cl)C=C1)C2=CC=C(C(C)(C)C)C=C2)=O,OC(/C(C1=CC=C(C(C)(C)C)C=C1)=C/C2=CC=C(Cl)C=C2)=O,60,100,,,,2
IAW00000867,CAT-4,SOL-1,,,REA-15,[Ru+2]1(<-[Cl-:1])(<-[Cl-:2])<-[P:3]([C:5]2=[C:11]([H:24])[C:23]([H:45])=[C:46]([H:63])[C:25]([H:47])=[C:12]2[H:26])([C:6]2=[C:14]([C:19]3=[C:9]([P:4]->1([C:8]1=[C:17]([H:34])[C:35]([H:54])=[C:55]([H:68])[C:37]([H:56])=[C:18]1[H:36])[C:10]1=[C:22]([H:44])[C:43]([H:62])=[C:61]([H:72])[C:42]([H:60])=[C:21]1[H:41])[C:20]([H:39])=[C:40]([H:59])[C:58]1=[C:38]3[C:57]([H:69])=[C:70]([H:76])[C:77]([H:80])=[C:71]1[H:78])[C:29]1=[C:49]([C:28]([H:48])=[C:13]2[H:27])[C:64]([H:73])=[C:74]([H:79])[C:66]([H:75])=[C:50]1[H:65])[C:7]1=[C:16]([H:32])[C:33]([H:53])=[C:52]([H:67])[C:31]([H:51])=[C:15]1[H:30],[H]OC([H])([H])[H],OC([C@H](CC1=CC=C(Cl)C=C1)C2=CC=C(C(C)(C)C)C=C2)=O,OC([C@@H](CC1=CC=C(Cl)C=C1)C2=CC=C(C(C)(C)C)C=C2)=O,OC(/C(C1=CC=C(C(C)(C)C)C=C1)=C/C2=CC=C(Cl)C=C2)=O,60,100,,,,2
IAW00000868,CAT-5,SOL-1,,,REA-15,[Ru+2]123456(<-[P:1]([C:4]7=[C:3]([C:19]8=[C:20]([P:2]->1([C:57]1=[C:66]([H:67])[C:64]([H:65])=[C:62]([H:63])[C:60]([H:61])=[C:58]1[H:59])[C:68]1=[C:69]([H:70])[C:71]([H:72])=[C:73]([H:74])[C:75]([H:76])=[C:77]1[H:78])[C:21]([H:22])=[C:23]([H:24])[C:25]1=[C:26]8[C:27]([H:28])=[C:29]([H:30])[C:31]([H:32])=[C:33]1[H:34])[C:10]1=[C:9]([C:7]([H:8])=[C:5]7[H:6])[C:17]([H:18])=[C:15]([H:16])[C:13]([H:14])=[C:11]1[H:12])([C:35]1=[C:44]([H:45])[C:42]([H:43])=[C:40]([H:41])[C:38]([H:39])=[C:36]1[H:37])[C:46]1=[C:47]([H:48])[C:49]([H:50])=[C:51]([H:52])[C:53]([H:54])=[C:55]1[H:56])(<-[C:79]1([C@:89]([H:90])([H:91])[H:92])=[C:87]->2([H:88])[C:85]->3([H:86])=[C:84]->4([C@:93]([H:94])([C@@:95]([H:101])([H:102])[H:103])[C@@:96]([H:98])([H:99])[H:100])[C:82]->5([H:83])=[C:80]->61[H:81])<-[Cl-:97],[H]OC([H])([H])[H],OC([C@H](CC1=CC=C(Cl)C=C1)C2=CC=C(C(C)(C)C)C=C2)=O,OC([C@@H](CC1=CC=C(Cl)C=C1)C2=CC=C(C(C)(C)C)C=C2)=O,OC(/C(C1=CC=C(C(C)(C)C)C=C1)=C/C2=CC=C(Cl)C=C2)=O,60,100,,,,2
IAW00000869,CAT-6,SOL-1,,,REA-15,[Ru+2]123456(<-[Cl-:1])(<-[P:2]([C:5]7=[C:4]([C:20]8=[C:21]([P:3]->1([C:47]1=[C:55]([H:56])[C:53]([H:54])=[C:52]([C@@:100]([H:101])([H:102])[H:103])[C:50]([H:51])=[C:48]1[H:49])[C:57]1=[C:86]([H:58])[C:96]([H:99])=[C:98]([C@@:104]([H:105])([H:106])[H:107])[C:95]([H:97])=[C:85]1[H:94])[C:80]([H:90])=[C:82]([H:92])[C:22]1=[C:23]8[C:24]([H:25])=[C:26]([H:27])[C:28]([H:29])=[C:81]1[H:91])[C:11]1=[C:10]([C:8]([H:9])=[C:6]7[H:7])[C:18]([H:19])=[C:16]([H:17])[C:14]([H:15])=[C:12]1[H:13])([C:30]1=[C:31]([H:32])[C:33]([H:34])=[C:35]([C@@:108]([H:109])([H:110])[H:111])[C:36]([H:37])=[C:38]1[H:39])[C:40]1=[C:41]([H:42])[C:83]([H:93])=[C:84]([C@@:112]([H:113])([H:114])[H:115])[C:43]([H:44])=[C:45]1[H:46])<-[C:59]1([C@:68]([H:69])([H:70])[H:88])=[C:66]->2([H:67])[C:64]->3([H:65])=[C:63]->4([C@:71]([H:72])([C@@:73]([H:74])([H:75])[H:89])[C@:76]([H:77])([H:78])[H:79])[C:61]->5([H:62])=[C:60]->61[H:87],[H]OC([H])([H])[H],OC([C@H](CC1=CC=C(Cl)C=C1)C2=CC=C(C(C)(C)C)C=C2)=O,OC([C@@H](CC1=CC=C(Cl)C=C1)C2=CC=C(C(C)(C)C)C=C2)=O,OC(/C(C1=CC=C(C(C)(C)C)C=C1)=C/C2=CC=C(Cl)C=C2)=O,60,100,,,,2
IAW00000870,CAT-7,SOL-1,,,REA-15,[Ru+2]12(<-[Cl-:1])(<-[Cl-:2])(<-[P:3]([C:29]3=[C:38]([C:28]4=[C:21]([P:4]->1([C:52]1=[C:53]([H:99])[C:54]([H:100])=[C:55]([C@:58]([H:102])([H:103])[H:113])[C:56]([H:112])=[C:57]1[H:101])[C:59]1=[C:60]([H:104])[C:114]([H:120])=[C:115]([C@:121]([H:122])([H:123])[H:124])[C:61]([H:105])=[C:62]1[H:106])[C:22]([H:79])=[C:23]([H:80])[C:24]1=[C:27]4[C:26]([H:82])=[C:108]([H:117])[C:107]([H:116])=[C:25]1[H:81])[C:37]1=[C:32]([C:31]([H:84])=[C:30]3[H:83])[C:33]([H:85])=[C:34]([H:109])[C:35]([H:110])=[C:36]1[H:86])([C:39]1=[C:40]([H:87])[C:41]([H:88])=[C:42]([C@:45]([H:91])([H:92])[H:93])[C:43]([H:89])=[C:44]1[H:90])[C:46]1=[C:47]([H:94])[C:48]([H:95])=[C:49]([C@:111]([H:98])([H:118])[H:119])[C:50]([H:96])=[C:51]1[H:97])<-[N:5]([C@@:7]([C@:8]([N:6]->2([H:65])[H:66])([C:15]1=[C:16]([H:74])[C:17]([H:75])=[C:18]([H:76])[C:19]([H:77])=[C:20]1[H:78])[H:68])([C:9]1=[C:10]([H:69])[C:11]([H:70])=[C:12]([H:71])[C:13]([H:72])=[C:14]1[H:73])[H:67])([H:63])[H:64],[H]OC([H])([H])[H],OC([C@H](CC1=CC=C(Cl)C=C1)C2=CC=C(C(C)(C)C)C=C2)=O,OC([C@@H](CC1=CC=C(Cl)C=C1)C2=CC=C(C(C)(C)C)C=C2)=O,OC(/C(C1=CC=C(C(C)(C)C)C=C1)=C/C2=CC=C(Cl)C=C2)=O,60,100,,,,2
IAW00000871,CAT-8,SOL-1,,,REA-15,[Ru+2]123456(<-[N-:3]([S@@:1](=[O:2])([C:10]7=[C:11]([H:27])[C:12]([H:28])=[C:13]([C@@:16]([H:31])([H:32])[H:33])[C:14]([H:29])=[C:15]7[H:30])=[O:42])[C@:4]([C:5]7=[C:6]([H:45])[C:7]([H:47])=[C:46]([H:51])[C:8]([H:25])=[C:9]7[H:26])([H:43])[C@@:44]([H:23])([N:41]->1([H:71])[H:72])[C:50]1=[C:54]([H:24])[C:60]([H:69])=[C:68]([H:70])[C:58]([H:67])=[C:53]1[H:59])(<-[C:17]1([H:49])=[C:18]->2([H:34])[C:19]->3([C@@:22]([H:37])([H:38])[H:39])=[C:20]->4([H:35])[C:21]->5([H:36])=[C:48]->61[C@:52]([H:55])([C@:56]([H:61])([H:62])[H:63])[C@:57]([H:64])([H:65])[H:66])<-[Cl-:40],[H]OC([H])([H])[H],OC([C@H](CC1=CC=C(Cl)C=C1)C2=CC=C(C(C)(C)C)C=C2)=O,OC([C@@H](CC1=CC=C(Cl)C=C1)C2=CC=C(C(C)(C)C)C=C2)=O,OC(/C(C1=CC=C(C(C)(C)C)C=C1)=C/C2=CC=C(Cl)C=C2)=O,60,100,,,,2
IAW00000872,CAT-9,SOL-1,,,REA-15,[Ru+2]123(<-[Cl-:2]->[Ru+2:122]4(<-[Cl-:1])(<-[Cl-:3]->1)(<-[P:5]([C:11]1=[C:9]([C:22]5=[C:24]([P:7]->4([C:59]4=[C:69]([H:113])[C:67]([H:111])=[C:65]([H:140])[C:63]([H:109])=[C:61]4[H:107])[C:71]4=[C:81]([H:121])[C:79]([H:119])=[C:77]([H:139])[C:75]([H:117])=[C:73]4[H:115])[C:26]([H:87])=[C:28]([H:89])[C:30]4=[C:33]5[O:144][C@@:31]([H:147])([H:148])[O:143]4)[C:20]4=[C:17]([C:15]([H:85])=[C:13]1[H:83])[O:146][C@:18]([H:149])([H:150])[O:145]4)([C:35]1=[C:37]([H:91])[C:39]([H:93])=[C:41]([H:142])[C:43]([H:95])=[C:45]1[H:97])[C:47]1=[C:49]([H:99])[C:51]([H:101])=[C:53]([H:141])[C:55]([H:103])=[C:57]1[H:105])<-[Cl-:123]->2)(<-[P:4]([C:10]1=[C:8]([C:21]2=[C:23]([P:6]->3([C:58]3=[C:68]([H:112])[C:66]([H:110])=[C:64]([H:126])[C:62]([H:108])=[C:60]3[H:106])[C:70]3=[C:80]([H:120])[C:78]([H:118])=[C:76]([H:125])[C:74]([H:116])=[C:72]3[H:114])[C:25]([H:86])=[C:27]([H:88])[C:29]3=[C:32]2[O:130][C@@:133]([H:134])([H:135])[O:129]3)[C:19]2=[C:16]([C:14]([H:84])=[C:12]1[H:82])[O:132][C@:136]([H:137])([H:138])[O:131]2)([C:34]1=[C:44]([H:96])[C:42]([H:94])=[C:40]([H:127])[C:38]([H:92])=[C:36]1[H:90])[C:46]1=[C:48]([H:98])[C:50]([H:100])=[C:52]([H:128])[C:54]([H:102])=[C:56]1[H:104])<-[Cl-:124],[H]OC([H])([H])[H],OC([C@H](CC1=CC=C(Cl)C=C1)C2=CC=C(C(C)(C)C)C=C2)=O,OC([C@@H](CC1=CC=C(Cl)C=C1)C2=CC=C(C(C)(C)C)C=C2)=O,OC(/C(C1=CC=C(C(C)(C)C)C=C1)=C/C2=CC=C(Cl)C=C2)=O,60,100,,,,2
IAW00000873,CAT-10,SOL-1,,,REA-15,[Ru+2]123456(<-[Cl-:1])(<-[P:2]([C:5]7=[C:6]([H:7])[C:8]([H:9])=[C:10]8[C:11](=[C:4]7[C:13]7=[C:16]9[C:15](=[C:71]([H:80])[C:70]([H:79])=[C:14]7[P:3]->1([C:36]1=[C:37]([H:38])[C:39]([H:40])=[C:41]([H:42])[C:43]([H:44])=[C:45]1[H:46])[C:47]1=[C:74]([H:83])[C:84]([H:86])=[C:87]([H:89])[C:85]([H:88])=[C:75]1[H:48])[O:90][C@@:17]([H:94])([H:95])[O:91]9)[O:92][C@@:12]([H:96])([H:97])[O:93]8)([C:18]1=[C:27]([H:28])[C:25]([H:26])=[C:23]([H:24])[C:21]([H:22])=[C:19]1[H:20])[C:29]1=[C:30]([H:31])[C:72]([H:81])=[C:73]([H:82])[C:32]([H:33])=[C:34]1[H:35])<-[C:49]1([C@:58]([H:59])([H:60])[H:77])=[C:50]->2([H:76])[C:51]->3([H:52])=[C:53]->4([C@:61]([H:62])([C@@:63]([H:64])([H:65])[H:78])[C@:66]([H:67])([H:68])[H:69])[C:54]->5([H:55])=[C:56]->61[H:57],[H]OC([H])([H])[H],OC([C@H](CC1=CC=C(Cl)C=C1)C2=CC=C(C(C)(C)C)C=C2)=O,OC([C@@H](CC1=CC=C(Cl)C=C1)C2=CC=C(C(C)(C)C)C=C2)=O,OC(/C(C1=CC=C(C(C)(C)C)C=C1)=C/C2=CC=C(Cl)C=C2)=O,60,100,,,,2
IAW00000874,CAT-11,SOL-1,,,REA-15,[Ru+2]123(<-[P:1]([C:7]4=[C:9]([C:15]5=[C:10]([P:2]->1([C:28]1=[C:29]([H:52])[C:30]([H:53])=[C:31]([C@@:87]([H:88])([H:89])[H:90])[C:32]([H:54])=[C:33]1[H:55])[C:34]1=[C:35]([H:56])[C:62]([H:71])=[C:72]([C@@:83]([H:84])([H:85])[H:86])[C:70]([H:78])=[C:61]1[H:69])[C:11]([H:41])=[C:12]([H:42])[C:13]1=[C:14]5[C:60]([H:67])=[C:68]([H:77])[C:66]([H:76])=[C:59]1[H:43])[C:58]1=[C:64]([C:57]([H:63])=[C:8]4[H:40])[C:73]([H:80])=[C:79]([H:82])[C:75]([H:81])=[C:65]1[H:74])([C:16]1=[C:21]([H:47])[C:20]([H:46])=[C:19]([C@@:91]([H:92])([H:93])[H:94])[C:18]([H:45])=[C:17]1[H:44])[C:22]1=[C:23]([H:48])[C:24]([H:49])=[C:25]([C@@:95]([H:96])([H:97])[H:98])[C:26]([H:50])=[C:27]1[H:51])(<-[O-:3][C:36](=[O:4]->2)[C@@:37]([H:99])([H:100])[H:101])<-[O:5]=[C:38]([O-:6]->3)[C@@:39]([H:102])([H:103])[H:104],[H]OC([H])([H])[H],OC([C@H](CC1=CC=C(Cl)C=C1)C2=CC=C(C(C)(C)C)C=C2)=O,OC([C@@H](CC1=CC=C(Cl)C=C1)C2=CC=C(C(C)(C)C)C=C2)=O,OC(/C(C1=CC=C(C(C)(C)C)C=C1)=C/C2=CC=C(Cl)C=C2)=O,60,50,,,,2
IAW00000875,CAT-11,SOL-1,,,REA-15,[Ru+2]123(<-[P:1]([C:7]4=[C:9]([C:15]5=[C:10]([P:2]->1([C:28]1=[C:29]([H:52])[C:30]([H:53])=[C:31]([C@@:87]([H:88])([H:89])[H:90])[C:32]([H:54])=[C:33]1[H:55])[C:34]1=[C:35]([H:56])[C:62]([H:71])=[C:72]([C@@:83]([H:84])([H:85])[H:86])[C:70]([H:78])=[C:61]1[H:69])[C:11]([H:41])=[C:12]([H:42])[C:13]1=[C:14]5[C:60]([H:67])=[C:68]([H:77])[C:66]([H:76])=[C:59]1[H:43])[C:58]1=[C:64]([C:57]([H:63])=[C:8]4[H:40])[C:73]([H:80])=[C:79]([H:82])[C:75]([H:81])=[C:65]1[H:74])([C:16]1=[C:21]([H:47])[C:20]([H:46])=[C:19]([C@@:91]([H:92])([H:93])[H:94])[C:18]([H:45])=[C:17]1[H:44])[C:22]1=[C:23]([H:48])[C:24]([H:49])=[C:25]([C@@:95]([H:96])([H:97])[H:98])[C:26]([H:50])=[C:27]1[H:51])(<-[O-:3][C:36](=[O:4]->2)[C@@:37]([H:99])([H:100])[H:101])<-[O:5]=[C:38]([O-:6]->3)[C@@:39]([H:102])([H:103])[H:104],[H]OC([H])([H])[H],OC([C@H](CC1=CC=C(Cl)C=C1)C2=CC=C(C(C)(C)C)C=C2)=O,OC([C@@H](CC1=CC=C(Cl)C=C1)C2=CC=C(C(C)(C)C)C=C2)=O,OC(/C(C1=CC=C(C(C)(C)C)C=C1)=C/C2=CC=C(Cl)C=C2)=O,60,100,,,,2
IAW00000876,CAT-12,SOL-1,,,REA-15,[Ru+2]12(<-[Cl-:1])(<-[Cl-:2])(<-[P:3]([C:29]3=[C:38]([C:28]4=[C:21]([P:4]->1([C:52]1=[C:57]([H:99])[C:56]([H:110])=[C:55]([C@:58]([H:100])([H:101])[H:111])[C:54]([H:98])=[C:53]1[H:97])[C:59]1=[C:62]([H:104])[C:61]([H:103])=[C:113]([C@:119]([H:120])([H:121])[H:122])[C:112]([H:118])=[C:60]1[H:102])[C:22]([H:77])=[C:23]([H:78])[C:24]1=[C:27]4[C:26]([H:80])=[C:106]([H:115])[C:105]([H:114])=[C:25]1[H:79])[C:37]1=[C:32]([C:31]([H:82])=[C:30]3[H:81])[C:33]([H:83])=[C:34]([H:107])[C:35]([H:108])=[C:36]1[H:84])([C:39]1=[C:44]([H:88])[C:43]([H:87])=[C:42]([C@:45]([H:89])([H:90])[H:91])[C:41]([H:86])=[C:40]1[H:85])[C:46]1=[C:47]([H:92])[C:48]([H:93])=[C:49]([C@:109]([H:96])([H:116])[H:117])[C:50]([H:94])=[C:51]1[H:95])<-[N:5]([C@@:7]([C@:8]([N:6]->2([H:65])[H:66])([C:15]1=[C:20]([H:76])[C:19]([H:75])=[C:18]([C@@:127]([H:128])([H:129])[H:130])[C:17]([H:74])=[C:16]1[H:73])[H:68])([C:9]1=[C:10]([H:69])[C:11]([H:70])=[C:12]([C@@:123]([H:124])([H:125])[H:126])[C:13]([H:71])=[C:14]1[H:72])[H:67])([H:63])[H:64],[H]OC([H])([H])[H],OC([C@H](CC1=CC=C(Cl)C=C1)C2=CC=C(C(C)(C)C)C=C2)=O,OC([C@@H](CC1=CC=C(Cl)C=C1)C2=CC=C(C(C)(C)C)C=C2)=O,OC(/C(C1=CC=C(C(C)(C)C)C=C1)=C/C2=CC=C(Cl)C=C2)=O,60,100,,,,2
IAW00000877,CAT-13,SOL-1,,,REA-15,[Ru+2]123(<-[P:1]([C:7]4=[C:9]([C:15]5=[C:10]([P:2]->1([C:28]1=[C:29]([H:50])[C:30]([C@@:103]([H:104])([H:105])[H:106])=[C:31]([H:51])[C:32]([C@@:107]([H:108])([H:109])[H:110])=[C:33]1[H:52])[C:34]1=[C:58]([H:66])[C:67]([C@@:99]([H:100])([H:101])[H:102])=[C:68]([H:74])[C:59]([C@@:95]([H:96])([H:97])[H:98])=[C:35]1[H:53])[C:11]([H:41])=[C:12]([H:42])[C:13]1=[C:14]5[C:57]([H:64])=[C:65]([H:73])[C:63]([H:72])=[C:56]1[H:43])[C:55]1=[C:61]([C:54]([H:60])=[C:8]4[H:40])[C:69]([H:76])=[C:75]([H:78])[C:71]([H:77])=[C:62]1[H:70])([C:16]1=[C:17]([H:44])[C:18]([C@@:79]([H:80])([H:81])[H:82])=[C:19]([H:45])[C:20]([C@@:83]([H:84])([H:85])[H:86])=[C:21]1[H:46])[C:22]1=[C:23]([H:47])[C:24]([C@@:87]([H:88])([H:89])[H:90])=[C:25]([H:48])[C:26]([C@@:91]([H:92])([H:93])[H:94])=[C:27]1[H:49])(<-[O-:3][C:36](=[O:4]->2)[C@@:37]([H:114])([H:115])[H:116])<-[O:5]=[C:38]([O-:6]->3)[C@@:39]([H:111])([H:112])[H:113],[H]OC([H])([H])[H],OC([C@H](CC1=CC=C(Cl)C=C1)C2=CC=C(C(C)(C)C)C=C2)=O,OC([C@@H](CC1=CC=C(Cl)C=C1)C2=CC=C(C(C)(C)C)C=C2)=O,OC(/C(C1=CC=C(C(C)(C)C)C=C1)=C/C2=CC=C(Cl)C=C2)=O,60,50,,,,2
IAW00000878,CAT-13,SOL-1,,,REA-15,[Ru+2]123(<-[P:1]([C:7]4=[C:9]([C:15]5=[C:10]([P:2]->1([C:28]1=[C:29]([H:50])[C:30]([C@@:103]([H:104])([H:105])[H:106])=[C:31]([H:51])[C:32]([C@@:107]([H:108])([H:109])[H:110])=[C:33]1[H:52])[C:34]1=[C:58]([H:66])[C:67]([C@@:99]([H:100])([H:101])[H:102])=[C:68]([H:74])[C:59]([C@@:95]([H:96])([H:97])[H:98])=[C:35]1[H:53])[C:11]([H:41])=[C:12]([H:42])[C:13]1=[C:14]5[C:57]([H:64])=[C:65]([H:73])[C:63]([H:72])=[C:56]1[H:43])[C:55]1=[C:61]([C:54]([H:60])=[C:8]4[H:40])[C:69]([H:76])=[C:75]([H:78])[C:71]([H:77])=[C:62]1[H:70])([C:16]1=[C:17]([H:44])[C:18]([C@@:79]([H:80])([H:81])[H:82])=[C:19]([H:45])[C:20]([C@@:83]([H:84])([H:85])[H:86])=[C:21]1[H:46])[C:22]1=[C:23]([H:47])[C:24]([C@@:87]([H:88])([H:89])[H:90])=[C:25]([H:48])[C:26]([C@@:91]([H:92])([H:93])[H:94])=[C:27]1[H:49])(<-[O-:3][C:36](=[O:4]->2)[C@@:37]([H:114])([H:115])[H:116])<-[O:5]=[C:38]([O-:6]->3)[C@@:39]([H:111])([H:112])[H:113],[H]OC([H])([H])[H],OC([C@H](CC1=CC=C(Cl)C=C1)C2=CC=C(C(C)(C)C)C=C2)=O,OC([C@@H](CC1=CC=C(Cl)C=C1)C2=CC=C(C(C)(C)C)C=C2)=O,OC(/C(C1=CC=C(C(C)(C)C)C=C1)=C/C2=CC=C(Cl)C=C2)=O,60,100,,,,2
IAW00000879,CAT-14,SOL-1,,,REA-15,[Ru+2]123(<-[P:1]([C:7]4=[C:9]([C:15]5=[C:10]([P:2]->1([C:28]1=[C:29]([H:53])[C:30]([H:54])=[C:31]([H:55])[C:32]([H:56])=[C:33]1[H:57])[C:34]1=[C:35]([H:58])[C:62]([H:67])=[C:68]([H:70])[C:66]([H:69])=[C:61]1[H:65])[C:11]([H:41])=[C:12]([H:42])[C:13]1=[C:14]5[C@@:71]([H:72])([H:73])[C@@:77]([H:79])([H:80])[C@:78]([H:81])([H:82])[C@:74]1([H:75])[H:76])[C:60]1=[C:64]([C:59]([H:63])=[C:8]4[H:40])[C@@:86]([H:87])([H:88])[C@@:90]([H:93])([H:94])[C@:89]([H:91])([H:92])[C@:83]1([H:84])[H:85])([C:16]1=[C:21]([H:47])[C:20]([H:46])=[C:19]([H:45])[C:18]([H:44])=[C:17]1[H:43])[C:22]1=[C:23]([H:48])[C:24]([H:49])=[C:25]([H:50])[C:26]([H:51])=[C:27]1[H:52])(<-[O:3]=[C:36]([O-:4]->2)[C@@:37]([H:95])([H:96])[H:97])<-[O-:5][C:38](=[O:6]->3)[C@@:39]([H:98])([H:99])[H:100],[H]OC([H])([H])[H],OC([C@H](CC1=CC=C(Cl)C=C1)C2=CC=C(C(C)(C)C)C=C2)=O,OC([C@@H](CC1=CC=C(Cl)C=C1)C2=CC=C(C(C)(C)C)C=C2)=O,OC(/C(C1=CC=C(C(C)(C)C)C=C1)=C/C2=CC=C(Cl)C=C2)=O,60,10,,,,2
IAW00000880,CAT-14,SOL-1,,,REA-15,[Ru+2]123(<-[P:1]([C:7]4=[C:9]([C:15]5=[C:10]([P:2]->1([C:28]1=[C:29]([H:53])[C:30]([H:54])=[C:31]([H:55])[C:32]([H:56])=[C:33]1[H:57])[C:34]1=[C:35]([H:58])[C:62]([H:67])=[C:68]([H:70])[C:66]([H:69])=[C:61]1[H:65])[C:11]([H:41])=[C:12]([H:42])[C:13]1=[C:14]5[C@@:71]([H:72])([H:73])[C@@:77]([H:79])([H:80])[C@:78]([H:81])([H:82])[C@:74]1([H:75])[H:76])[C:60]1=[C:64]([C:59]([H:63])=[C:8]4[H:40])[C@@:86]([H:87])([H:88])[C@@:90]([H:93])([H:94])[C@:89]([H:91])([H:92])[C@:83]1([H:84])[H:85])([C:16]1=[C:21]([H:47])[C:20]([H:46])=[C:19]([H:45])[C:18]([H:44])=[C:17]1[H:43])[C:22]1=[C:23]([H:48])[C:24]([H:49])=[C:25]([H:50])[C:26]([H:51])=[C:27]1[H:52])(<-[O:3]=[C:36]([O-:4]->2)[C@@:37]([H:95])([H:96])[H:97])<-[O-:5][C:38](=[O:6]->3)[C@@:39]([H:98])([H:99])[H:100],[H]OC([H])([H])[H],OC([C@H](CC1=CC=C(Cl)C=C1)C2=CC=C(C(C)(C)C)C=C2)=O,OC([C@@H](CC1=CC=C(Cl)C=C1)C2=CC=C(C(C)(C)C)C=C2)=O,OC(/C(C1=CC=C(C(C)(C)C)C=C1)=C/C2=CC=C(Cl)C=C2)=O,60,50,,,,2
IAW00000881,CAT-14,SOL-1,,,REA-15,[Ru+2]123(<-[P:1]([C:7]4=[C:9]([C:15]5=[C:10]([P:2]->1([C:28]1=[C:29]([H:53])[C:30]([H:54])=[C:31]([H:55])[C:32]([H:56])=[C:33]1[H:57])[C:34]1=[C:35]([H:58])[C:62]([H:67])=[C:68]([H:70])[C:66]([H:69])=[C:61]1[H:65])[C:11]([H:41])=[C:12]([H:42])[C:13]1=[C:14]5[C@@:71]([H:72])([H:73])[C@@:77]([H:79])([H:80])[C@:78]([H:81])([H:82])[C@:74]1([H:75])[H:76])[C:60]1=[C:64]([C:59]([H:63])=[C:8]4[H:40])[C@@:86]([H:87])([H:88])[C@@:90]([H:93])([H:94])[C@:89]([H:91])([H:92])[C@:83]1([H:84])[H:85])([C:16]1=[C:21]([H:47])[C:20]([H:46])=[C:19]([H:45])[C:18]([H:44])=[C:17]1[H:43])[C:22]1=[C:23]([H:48])[C:24]([H:49])=[C:25]([H:50])[C:26]([H:51])=[C:27]1[H:52])(<-[O:3]=[C:36]([O-:4]->2)[C@@:37]([H:95])([H:96])[H:97])<-[O-:5][C:38](=[O:6]->3)[C@@:39]([H:98])([H:99])[H:100],[H]OC([H])([H])[H],OC([C@H](CC1=CC=C(Cl)C=C1)C2=CC=C(C(C)(C)C)C=C2)=O,OC([C@@H](CC1=CC=C(Cl)C=C1)C2=CC=C(C(C)(C)C)C=C2)=O,OC(/C(C1=CC=C(C(C)(C)C)C=C1)=C/C2=CC=C(Cl)C=C2)=O,60,100,,,,2
IAW00000882,CAT-15,SOL-1,,,REA-15,[Ru+2]123(<-[Cl-:2]->[Ru+2:137]4(<-[Cl-:1])(<-[Cl-:3]->1)(<-[P:5]([C:11]1=[C:9]([C:29]5=[C:31]([P:7]->4([C:73]4=[C:83]([H:132])[C:81]([C@@:175]([H:176])([H:177])[H:178])=[C:79]([H:179])[C:77]([C@@:171]([H:172])([H:173])[H:174])=[C:75]4[H:129])[C:85]4=[C:95]([H:136])[C:93]([C@@:163]([H:164])([H:165])[H:166])=[C:91]([H:140])[C:89]([C@@:167]([H:168])([H:169])[H:170])=[C:87]4[H:134])[C:33]([H:109])=[C:35]([H:111])[C:37]4=[C:47]5[C:45]([H:119])=[C:43]([H:117])[C:41]([H:115])=[C:39]4[H:113])[C:27]4=[C:17]([C:15]([H:99])=[C:13]1[H:97])[C:19]([H:101])=[C:21]([H:103])[C:23]([H:105])=[C:25]4[H:107])([C:49]1=[C:59]([H:123])[C:57]([C@@:192]([H:193])([H:194])[H:195])=[C:55]([H:144])[C:53]([C@@:188]([H:189])([H:190])[H:191])=[C:51]1[H:121])[C:61]1=[C:71]([H:127])[C:69]([C@@:184]([H:185])([H:186])[H:187])=[C:67]([H:145])[C:65]([C@@:180]([H:181])([H:182])[H:183])=[C:63]1[H:125])<-[Cl-:138]->2)(<-[P:4]([C:10]1=[C:8]([C:28]2=[C:30]([P:6]->3([C:72]3=[C:82]([H:131])[C:80]([C@@:204]([H:205])([H:206])[H:207])=[C:78]([H:142])[C:76]([H:130])=[C:74]3[H:128])[C:84]3=[C:86]([H:133])[C:88]([C@@:200]([H:201])([H:202])[H:203])=[C:90]([H:143])[C:92]([C@@:196]([H:197])([H:198])[H:199])=[C:94]3[H:135])[C:32]([H:108])=[C:34]([H:110])[C:36]3=[C:46]2[C:44]([H:118])=[C:42]([H:116])[C:40]([H:114])=[C:38]3[H:112])[C:26]2=[C:16]([C:14]([H:98])=[C:12]1[H:96])[C:18]([H:100])=[C:20]([H:102])[C:22]([H:104])=[C:24]2[H:106])([C:48]1=[C:58]([H:122])[C:56]([C@@:159]([H:160])([H:161])[H:162])=[C:54]([H:146])[C:52]([C@@:155]([H:156])([H:157])[H:158])=[C:50]1[H:120])[C:60]1=[C:70]([H:126])[C:68]([C@@:151]([H:152])([H:153])[H:154])=[C:66]([H:141])[C:64]([C@@:147]([H:148])([H:149])[H:150])=[C:62]1[H:124])<-[Cl-:139],[H]OC([H])([H])[H],OC([C@H](CC1=CC=C(Cl)C=C1)C2=CC=C(C(C)(C)C)C=C2)=O,OC([C@@H](CC1=CC=C(Cl)C=C1)C2=CC=C(C(C)(C)C)C=C2)=O,OC(/C(C1=CC=C(C(C)(C)C)C=C1)=C/C2=CC=C(Cl)C=C2)=O,60,100,,,,2
IAW00000883,CAT-16,SOL-1,,,REA-15,[P]1([C:2]2=[C:4]([H:55])[C:6]([C@:7]([H:74])([H:76])[H:77])=[C:8]([H:56])[C:10]([C@:12]([H:81])([H:82])[H:83])=[C:13]2[H:57])([C:14]2=[C:19]([C:20]3=[C:25]([P:1]([C:26]4=[C:27]([H:64])[C:28]([C@:29]([H:84])([H:85])[H:86])=[C:30]([H:65])[C:31]([C@@:32]([H:87])([H:88])[H:89])=[C:33]4[H:68])(->[Ru+2:54]<-14(<-[N:3]([C@@:34]([C:35]1=[C:36]([H:69])[C:37]([H:70])=[C:38]([O:9][C@@:39]([H:90])([H:91])[H:92])[C:40]([H:71])=[C:41]1[H:72])([C:42]1=[C:48]([H:102])[C:47]([H:78])=[C:45]([O:11][C@@:46]([H:93])([H:94])[H:95])[C:44]([H:75])=[C:43]1[H:73])[C@@:49]([N:5]->4([H:66])[H:67])([C@@:50]([C@@:51]([H:96])([H:97])[H:98])([C@@:52]([H:99])([H:100])[H:101])[H:80])[H:79])([H:60])[H:61])(<-[Cl-:53])<-[Cl-:103])[C:129]1=[C:130]([H:133])[C:132]([C@@:150]([H:151])([H:152])[H:153])=[C:136]([H:137])[C:134]([C@@:146]([H:147])([H:148])[H:149])=[C:131]1[H:135])[C:24]([H:63])=[C:23]([H:62])[C:22]1=[C:21]3[C:115]([H:119])=[C:114]([H:118])[C:113]([H:117])=[C:112]1[H:116])[C:18]1=[C:17]([C:16]([H:59])=[C:15]2[H:58])[C:107]([H:111])=[C:106]([H:110])[C:105]([H:109])=[C:104]1[H:108])[C:120]1=[C:122]([H:126])[C:125]([C@@:138]([H:139])([H:140])[H:141])=[C:127]([H:128])[C:123]([C@@:142]([H:143])([H:144])[H:145])=[C:121]1[H:124],[H]OC([H])([H])[H],OC([C@H](CC1=CC=C(Cl)C=C1)C2=CC=C(C(C)(C)C)C=C2)=O,OC([C@@H](CC1=CC=C(Cl)C=C1)C2=CC=C(C(C)(C)C)C=C2)=O,OC(/C(C1=CC=C(C(C)(C)C)C=C1)=C/C2=CC=C(Cl)C=C2)=O,60,100,,,,2
IAW00000884,CAT-17,SOL-1,,,REA-15,[P]1([C:2]2=[C:17]([H:79])[C:14]([C@:16]([H:109])([H:110])[H:111])=[C:12]([H:78])[C:8]([C@:10]([H:102])([H:104])[H:105])=[C:5]2[H:77])([C:18]2=[C:19]([H:80])[C:20]([C@:21]([H:112])([H:113])[H:114])=[C:22]([H:81])[C:23]([C@:24]([H:115])([H:116])[H:117])=[C:25]2[H:82])[C:26]2=[C:32]([C:33]3=[C:39]([P:1]([C:40]4=[C:41]([H:89])[C:42]([C@:43]([H:122])([H:123])[H:124])=[C:44]([H:90])[C:45]([C@:46]([H:125])([H:126])[H:127])=[C:47]4[H:93])([C:48]4=[C:55]([H:96])[C:53]([C@:54]([H:131])([H:132])[H:133])=[C:52]([H:95])[C:50]([C@:51]([H:128])([H:129])[H:130])=[C:49]4[H:94])->[Ru+2:76]<-14(<-[N:3]([C@:56]([C:57]1=[C:63]([H:100])[C:62]([H:99])=[C:60]([O:13][C@:61]([H:134])([H:135])[H:136])[C:59]([H:98])=[C:58]1[H:97])([C:64]1=[C:70]([H:146])[C:69]([H:106])=[C:67]([O:15][C@:68]([H:137])([H:138])[H:139])[C:66]([H:103])=[C:65]1[H:101])[C@@:71]([N:6]->4([H:91])[H:92])([C@@:72]([C@:73]([H:140])([H:141])[H:142])([C@:74]([H:143])([H:144])[H:145])[H:108])[H:107])([H:85])[H:86])(<-[Cl-:75])<-[Cl-:147])[C:38]([H:88])=[C:37]([H:87])[C:36]1=[C:34]3[O:9][C@:35]([H:120])([H:121])[O:11]1)[C:31]1=[C:29]([O:4][C@@:30]([H:118])([H:119])[O:7]1)[C:28]([H:84])=[C:27]2[H:83],[H]OC([H])([H])[H],OC([C@H](CC1=CC=C(Cl)C=C1)C2=CC=C(C(C)(C)C)C=C2)=O,OC([C@@H](CC1=CC=C(Cl)C=C1)C2=CC=C(C(C)(C)C)C=C2)=O,OC(/C(C1=CC=C(C(C)(C)C)C=C1)=C/C2=CC=C(Cl)C=C2)=O,60,100,,,,2
IAW00000885,CAT-18,SOL-1,,,REA-15,[Ru+2]12(<-[Cl-:1])(<-[Cl-:2])(<-[P:3]([C:16]3=[C:25]([C:15]4=[C:8]([P:4]->1([C:39]1=[C:40]([H:73])[C:41]([H:74])=[C:42]([C@:45]([H:76])([H:77])[H:87])[C:43]([H:86])=[C:44]1[H:75])[C:46]1=[C:49]([H:80])[C:48]([H:79])=[C:89]([C@:95]([H:96])([H:97])[H:98])[C:88]([H:94])=[C:47]1[H:78])[C:9]([H:53])=[C:10]([H:54])[C:11]1=[C:14]4[C:13]([H:56])=[C:82]([H:91])[C:81]([H:90])=[C:12]1[H:55])[C:24]1=[C:19]([C:18]([H:58])=[C:17]3[H:57])[C:20]([H:59])=[C:21]([H:83])[C:22]([H:84])=[C:23]1[H:60])([C:26]1=[C:27]([H:61])[C:28]([H:62])=[C:29]([C@:32]([H:65])([H:66])[H:67])[C:30]([H:63])=[C:31]1[H:64])[C:33]1=[C:34]([H:68])[C:35]([H:69])=[C:36]([C@:85]([H:72])([H:92])[H:93])[C:37]([H:70])=[C:38]1[H:71])<-[N:5]([C@@:7]([H:52])([C:99]1=[N:6]->2[C:105]([H:106])=[C:103]([H:104])[C:102]([H:107])=[C:100]1[H:101])[H:108])([H:50])[H:51],[H]OC([H])([H])[H],OC([C@H](CC1=CC=C(Cl)C=C1)C2=CC=C(C(C)(C)C)C=C2)=O,OC([C@@H](CC1=CC=C(Cl)C=C1)C2=CC=C(C(C)(C)C)C=C2)=O,OC(/C(C1=CC=C(C(C)(C)C)C=C1)=C/C2=CC=C(Cl)C=C2)=O,60,100,,,,2
IAW00000886,CAT-19,SOL-1,,,REA-15,[P]1([C:16]2=[C:11]([C@@:10]([N:3]3([C@:2]4([H:51])[C@:4]([H:52])([H:53])[C@:6]([H:54])([H:55])[C@@:7]([H:56])([H:57])[C@@:8]([H:58])([H:59])[C@:9]4([N:5]4([C@@:29]([C:30]5=[C:31]([H:81])[C:32]([H:82])=[C:33]([H:83])[C:34]([H:84])=[C:35]5[P:1]([C:36]5=[C:37]([H:85])[C:38]([H:86])=[C:39]([H:87])[C:40]([H:88])=[C:41]5[H:89])([C:42]5=[C:47]([H:94])[C:46]([H:93])=[C:45]([H:92])[C:44]([H:91])=[C:43]5[H:90])->[Ru+2:50]<-1<-3<-4(<-[Cl-:48])<-[Cl-:49])([H:79])[H:80])[H:78])[H:60])[H:61])([H:62])[H:63])[C:12]([H:64])=[C:13]([H:65])[C:14]([H:66])=[C:15]2[H:67])([C:17]1=[C:18]([H:68])[C:19]([H:69])=[C:20]([H:70])[C:21]([H:71])=[C:22]1[H:72])[C:23]1=[C:28]([H:77])[C:27]([H:76])=[C:26]([H:75])[C:25]([H:74])=[C:24]1[H:73],[H]OC([H])([H])[H],OC([C@H](CC1=CC=C(Cl)C=C1)C2=CC=C(C(C)(C)C)C=C2)=O,OC([C@@H](CC1=CC=C(Cl)C=C1)C2=CC=C(C(C)(C)C)C=C2)=O,OC(/C(C1=CC=C(C(C)(C)C)C=C1)=C/C2=CC=C(Cl)C=C2)=O,60,100,,,,2
IAW00000887,CAT-20,SOL-1,,,REA-15,[Ru+2]12(<-[Cl-:1])(<-[Cl-:2])(<-[P:3]([C:29]3=[C:38]([C:28]4=[C:21]([P:4]->1([C:52]1=[C:57]([H:98])[C:56]([H:109])=[C:55]([C@:58]([H:99])([H:100])[H:110])[C:54]([H:97])=[C:53]1[H:96])[C:59]1=[C:62]([H:103])[C:61]([H:102])=[C:112]([C@:118]([H:119])([H:120])[H:121])[C:111]([H:117])=[C:60]1[H:101])[C:22]([H:76])=[C:23]([H:77])[C:24]1=[C:27]4[C:26]([H:79])=[C:105]([H:114])[C:104]([H:113])=[C:25]1[H:78])[C:37]1=[C:32]([C:31]([H:81])=[C:30]3[H:80])[C:33]([H:82])=[C:34]([H:106])[C:35]([H:107])=[C:36]1[H:83])([C:39]1=[C:40]([H:84])[C:41]([H:85])=[C:42]([C@:45]([H:88])([H:89])[H:90])[C:43]([H:86])=[C:44]1[H:87])[C:46]1=[C:47]([H:91])[C:48]([H:92])=[C:49]([C@:108]([H:95])([H:115])[H:116])[C:50]([H:93])=[C:51]1[H:94])<-[N:5]([C@:7]([C@@:8]([N:6]->2([H:63])[H:123])([C:15]1=[C:20]([H:75])[C:19]([H:74])=[C:18]([H:73])[C:17]([H:72])=[C:16]1[H:71])[H:65])([C:9]1=[C:10]([H:66])[C:11]([H:67])=[C:12]([H:68])[C:13]([H:69])=[C:14]1[H:70])[H:64])([H:122])[H:124],[H]OC([H])([H])[H],OC([C@H](CC1=CC=C(Cl)C=C1)C2=CC=C(C(C)(C)C)C=C2)=O,OC([C@@H](CC1=CC=C(Cl)C=C1)C2=CC=C(C(C)(C)C)C=C2)=O,OC(/C(C1=CC=C(C(C)(C)C)C=C1)=C/C2=CC=C(Cl)C=C2)=O,60,100,,,,2
IAW00000888,CAT-21,SOL-1,,,REA-15,[Ru+2]12(<-[Cl-:1])(<-[Cl-:2])(<-[P:3]([C:27]3=[C:33]([C:26]4=[C:25]5[C:24](=[C:23]([H:75])[C:22]([H:74])=[C:21]4[P:4]->1([C:47]1=[C:48]([H:90])[C:49]([H:91])=[C:50]([C@:53]([H:93])([H:94])[H:101])[C:51]([H:100])=[C:52]1[H:92])[C:54]1=[C:57]([H:97])[C:56]([H:96])=[C:103]([C@:107]([H:108])([H:109])[H:110])[C:102]([H:106])=[C:55]1[H:95])[O:114][C@:98]([H:117])([H:118])[O:113]5)[C:32]1=[C:30]([C:29]([H:77])=[C:28]3[H:76])[O:111][C@:31]([H:115])([H:116])[O:112]1)([C:34]1=[C:35]([H:78])[C:36]([H:79])=[C:37]([C@:40]([H:82])([H:83])[H:84])[C:38]([H:80])=[C:39]1[H:81])[C:41]1=[C:42]([H:85])[C:43]([H:86])=[C:44]([C@:99]([H:89])([H:104])[H:105])[C:45]([H:87])=[C:46]1[H:88])<-[N:5]([C@@:7]([C@:8]([N:6]->2([H:60])[H:61])([C:15]1=[C:20]([H:73])[C:19]([H:72])=[C:18]([H:71])[C:17]([H:70])=[C:16]1[H:69])[H:63])([C:9]1=[C:14]([H:68])[C:13]([H:67])=[C:12]([H:66])[C:11]([H:65])=[C:10]1[H:64])[H:62])([H:58])[H:59],[H]OC([H])([H])[H],OC([C@H](CC1=CC=C(Cl)C=C1)C2=CC=C(C(C)(C)C)C=C2)=O,OC([C@@H](CC1=CC=C(Cl)C=C1)C2=CC=C(C(C)(C)C)C=C2)=O,OC(/C(C1=CC=C(C(C)(C)C)C=C1)=C/C2=CC=C(Cl)C=C2)=O,60,100,,,,2
IAW00000889,CAT-23,SOL-2,,,REA-15,[C]12([H:1])->[Ir+:130]345(<-[C:7]=1([H:11])[C@@:10]([H:15])([H:16])[C@@:17]([H:22])([H:23])[C:12]->3([H:18])=[C:8]->4([H:13])[C@:5]([H:6])([H:9])[C@:2]2([H:3])[H:4])<-[N:21]1=[C:27]([C:28]2=[C:29]([H:32])[C:31]([H:36])=[C:35]([H:41])[C:33]3=[C:30]2[C@@:34]2([C@@:38]([H:44])([H:45])[C@@:46]([H:51])([H:52])[C:48]4=[C:39]2[C:47]([P:53]->5([C:56]2=[C:62]([H:68])[C:69]([C@@:76]([C@@:84]([H:103])([H:104])[H:105])([C@@:85]([H:106])([H:107])[H:108])[C@:86]([H:109])([H:110])[H:111])=[C:75]([H:83])[C:67]([C@@:74]([C@@:80]([H:94])([H:95])[H:96])([C@:81]([H:97])([H:98])[H:99])[C@:82]([H:100])([H:101])[H:102])=[C:61]2[H:66])[C:57]2=[C:63]([H:70])[C:71]([C@:77]([C@@:87]([H:112])([H:113])[H:114])([C@@:88]([H:115])([H:116])[H:117])[C@:89]([H:118])([H:119])[H:120])=[C:78]([H:90])[C:72]([C@:79]([C@:91]([H:121])([H:122])[H:123])([C@@:92]([H:124])([H:125])[H:126])[C@@:93]([H:127])([H:128])[H:129])=[C:64]2[H:73])=[C:54]([H:59])[C:58]([H:65])=[C:55]4[H:60])[C@:40]([H:49])([H:50])[C@@:37]3([H:42])[H:43])[O:25][C@@:19]([H:24])([H:26])[C@:14]1([H:20])[H:131],[H]C([H])([H])C([H])([H])N(C([H])([H])C([H])([H])[H])C([H])([H])C([H])([H])[H].[H]OC([H])([H])[H],OC([C@H](CC1=CC=C(Cl)C=C1)C2=CC=C(C(C)(C)C)C=C2)=O,OC([C@@H](CC1=CC=C(Cl)C=C1)C2=CC=C(C(C)(C)C)C=C2)=O,OC(/C(C1=CC=C(C(C)(C)C)C=C1)=C/C2=CC=C(Cl)C=C2)=O,60,6,,,,2
IAW00000890,CAT-24,SOL-2,,,REA-15,C1([H:1])=[C:11]([H:17])[C:16]([C@@:24]2([H:31])[C@:30]([H:35])([H:37])[O:36][C:38]3[C:39]4=[C:41]5[C:44](=[C:46]([H:52])[C:42]([H:47])=[C:40]4[H:43])[C@:48]([H:53])([H:54])[C@@:51]([H:60])([H:61])[C@:45]54[C@@:49]([H:55])([H:56])[C@@:57]([H:62])([H:63])[C:59]5=[C:50]4[C:58]([P:64]([C:67]4=[C:73]([H:79])[C:80]([C@@:87]([C@@:95]([H:114])([H:115])[H:116])([C@@:96]([H:117])([H:118])[H:119])[C@:97]([H:120])([H:121])[H:122])=[C:86]([H:94])[C:78]([C@@:85]([C@@:91]([H:105])([H:106])[H:107])([C@:92]([H:108])([H:109])[H:110])[C@:93]([H:111])([H:112])[H:113])=[C:72]4[H:77])([C:68]4=[C:75]([H:84])[C:83]([C@:90]([C@:102]([H:132])([H:133])[H:134])([C@@:103]([H:135])([H:136])[H:137])[C@@:104]([H:138])([H:139])[H:140])=[C:89]([H:101])[C:82]([C@:88]([C@@:98]([H:123])([H:124])[H:125])([C@@:99]([H:126])([H:127])[H:128])[C@:100]([H:129])([H:130])[H:131])=[C:74]4[H:81])->[Ir+:141]467(<-[C:4]8([H:5])=[C:13]->4([H:21])[C@@:20]([H:26])([H:27])[C@@:28]([H:33])([H:34])[C:22]->6([H:29])=[C:14]->7([H:23])[C@:9]([H:10])([H:15])[C@:6]8([H:7])[H:8])<-[N:32]=32)=[C:65]([H:70])[C:69]([H:76])=[C:66]5[H:71])=[C:19]([H:25])[C:12]([H:18])=[C:2]1[H:3],[H]C([H])([H])C([H])([H])N(C([H])([H])C([H])([H])[H])C([H])([H])C([H])([H])[H].[H]OC([H])([H])[H],OC([C@H](CC1=CC=C(Cl)C=C1)C2=CC=C(C(C)(C)C)C=C2)=O,OC([C@@H](CC1=CC=C(Cl)C=C1)C2=CC=C(C(C)(C)C)C=C2)=O,OC(/C(C1=CC=C(C(C)(C)C)C=C1)=C/C2=CC=C(Cl)C=C2)=O,60,6,,,,2
IAW00000891,CAT-25,SOL-2,,,REA-15,C12[P:96]([C:33]3=[C:40]([H:41])[C:39]([C@:55]([C@:56]([H:57])([H:58])[H:59])([C@:60]([H:61])([H:62])[H:105])[C@@:104]([H:120])([H:121])[H:122])=[C:37]([H:38])[C:36]([C@:42]([C@:43]([H:44])([H:45])[H:46])([C@:47]([H:48])([H:49])[H:50])[C@:51]([H:52])([H:53])[H:54])=[C:34]3[H:35])([C:63]3=[C:69]([H:109])[C:68]([C@:108]([C@:125]([H:136])([H:137])[H:138])([C@@:126]([H:139])([H:140])[H:141])[C@:127]([H:142])([H:143])[H:144])=[C:67]([H:107])[C:66]([C@:106]([C@:70]([H:71])([H:110])[H:111])([C@@:123]([H:131])([H:132])[H:133])[C@:124]([H:72])([H:134])[H:135])=[C:64]3[H:65])->[Ir+:93]345(<-[C:73]6([H:74])=[C:75]->3([H:76])[C@:77]([H:78])([H:79])[C@@:80]([H:81])([H:82])[C:83]->4([H:84])=[C:85]->5([H:86])[C@:87]([H:88])([H:89])[C@@:90]6([H:91])[H:92])<-[N:94]3=[C:13]([C:11]4=[C:9]([H:10])[C:102]([H:118])=[C:119]([H:130])[C:103]5=[C:12]4[C@:5]4([C:4]1=[C:3]([C@:6]([H:7])([H:101])[C@:99]4([H:114])[H:115])[C:98]([H:113])=[C:97]([H:112])[C:1]=2[H:2])[C@@:100]([H:8])([H:117])[C@@:116]5([H:128])[H:129])[O:95][C@:14]([H:15])([H:16])[C@:17]3([H:18])[C@@:19]([H:20])([H:21])[C:22]1=[C:23]([H:24])[C:25]([H:26])=[C:27]([H:28])[C:29]([H:30])=[C:31]1[H:32],[H]C([H])([H])C([H])([H])N(C([H])([H])C([H])([H])[H])C([H])([H])C([H])([H])[H].[H]OC([H])([H])[H],OC([C@H](CC1=CC=C(Cl)C=C1)C2=CC=C(C(C)(C)C)C=C2)=O,OC([C@@H](CC1=CC=C(Cl)C=C1)C2=CC=C(C(C)(C)C)C=C2)=O,OC(/C(C1=CC=C(C(C)(C)C)C=C1)=C/C2=CC=C(Cl)C=C2)=O,60,6,,,,2
IAW00000892,CAT-26,SOL-2,,,REA-15,[P]1([C:13]2=[C:14]([H:57])[C:15]([H:58])=[C:16]([H:59])[C:11]3=[C:12]2[C@@:7]2([C@@:9]([H:67])([H:68])[C@@:10]3([H:72])[H:73])[C@@:17]([H:74])([H:75])[C@@:18]([H:76])([H:77])[C:19]3=[C:24]([H:62])[C:23]([H:61])=[C:22]([H:60])[C:21]([N:8]([C@:6]([C:5]4=[C:120]([C@@:121]([H:122])([H:123])[H:124])[C:1]([H:82])=[C:2]([H:81])[C:3]([H:80])=[C:4]4[H:119])([H:78])[H:79])(->[Ir+4:54]<-1(<-[Cl-:53])(<-[H-:55])(<-[H-:56])<-[H-:125])[H:64])=[C:20]23)([C:25]1=[C:30]([H:66])[C:29]([C@:35]([C@:36]([H:92])([H:93])[H:94])([C@:37]([H:95])([H:96])[H:97])[C@:38]([H:98])([H:99])[H:100])=[C:28]([H:65])[C:27]([C@:31]([C@:32]([H:83])([H:84])[H:85])([C@:33]([H:86])([H:87])[H:88])[C@:34]([H:89])([H:90])[H:91])=[C:26]1[H:63])[C:39]1=[C:40]([H:69])[C:41]([C@@:45]([C@:46]([H:101])([H:102])[H:103])([C@:47]([H:104])([H:105])[H:106])[C@:48]([H:107])([H:108])[H:109])=[C:42]([H:70])[C:43]([C@:49]([C@:50]([H:110])([H:111])[H:112])([C@:51]([H:113])([H:114])[H:115])[C@:52]([H:116])([H:117])[H:118])=[C:44]1[H:71],[H]C([H])([H])C([H])([H])N(C([H])([H])C([H])([H])[H])C([H])([H])C([H])([H])[H].[H]OC([H])([H])[H],OC([C@H](CC1=CC=C(Cl)C=C1)C2=CC=C(C(C)(C)C)C=C2)=O,OC([C@@H](CC1=CC=C(Cl)C=C1)C2=CC=C(C(C)(C)C)C=C2)=O,OC(/C(C1=CC=C(C(C)(C)C)C=C1)=C/C2=CC=C(Cl)C=C2)=O,60,6,,,,2
IAW00000893,CAT-27,SOL-2,,,REA-15,[C@@]1([C@@:1]2([H:41])[C@:3]([C@@:7]([H:43])([H:44])[H:45])([H:42])[O:87][C:4]([C:6]3=[C:8]([H:46])[C:9]([H:47])=[C:10]([H:48])[C:11]([H:49])=[C:12]3[H:50])=[N:5]2->[Ir+5:26]234(<-[P:13]([O:2]1)([C@:14]1([H:51])[C@@:16]([H:53])([H:54])[C@@:17]([H:55])([H:56])[C@@:18]([H:57])([H:58])[C@@:19]([H:59])([H:60])[C@@:20]1([H:61])[H:62])[C@:15]1([H:52])[C@@:21]([H:63])([H:64])[C@@:22]([H:65])([H:66])[C@@:23]([H:67])([H:68])[C@@:24]([H:69])([H:70])[C@@:25]1([H:71])[H:72])<-[C-:88]1([H:89])[C-:90]->2([H:91])[C@@:92]([H:93])([H:94])[C@@:95]([H:96])([H:97])[C-:104]->3([H:106])[C-:105]->4([H:107])[C@:101]([H:102])([H:103])[C@@:98]1([H:99])[H:100])([C@:32]([C:35]1=[C:31]([H:77])[C:30]([H:76])=[C:29]([H:75])[C:28]([H:74])=[C:27]1[H:73])([H:78])[H:79])[C@:39]([C:40]1=[C:38]([H:84])[C:37]([H:83])=[C:36]([H:82])[C:34]([H:81])=[C:33]1[H:80])([H:85])[H:86],[H]C([H])([H])C([H])([H])N(C([H])([H])C([H])([H])[H])C([H])([H])C([H])([H])[H].[H]OC([H])([H])[H],OC([C@H](CC1=CC=C(Cl)C=C1)C2=CC=C(C(C)(C)C)C=C2)=O,OC([C@@H](CC1=CC=C(Cl)C=C1)C2=CC=C(C(C)(C)C)C=C2)=O,OC(/C(C1=CC=C(C(C)(C)C)C=C1)=C/C2=CC=C(Cl)C=C2)=O,60,6,,,,2
IAW00000894,CAT-28,SOL-1,,,REA-15,[P]12([C@@:10]([C@:11]([P:1]3(->[Rh+:24]<-1456<-[C:2]1([H:25])=[C:3]->4([H:26])[C@:4]([H:27])([H:28])[C@@:5]([H:29])([H:30])[C:6]->5([H:31])=[C:7]->6([H:32])[C@:8]([H:33])([H:34])[C@@:9]1([H:35])[H:36])[C@@:18]([C@:22]([H:59])([H:60])[H:61])([H:53])[C@@:19]([H:54])([H:55])[C@@:20]([H:56])([H:57])[C@:21]3([C@:23]([H:62])([H:63])[H:64])[H:58])([H:39])[H:40])([H:37])[H:38])[C@@:12]([C@:16]([H:47])([H:48])[H:49])([H:41])[C@@:13]([H:42])([H:43])[C@:14]([H:44])([H:45])[C@:15]2([C@:17]([H:50])([H:51])[H:52])[H:46],[H]OC([H])([H])[H],OC([C@H](CC1=CC=C(Cl)C=C1)C2=CC=C(C(C)(C)C)C=C2)=O,OC([C@@H](CC1=CC=C(Cl)C=C1)C2=CC=C(C(C)(C)C)C=C2)=O,OC(/C(C1=CC=C(C(C)(C)C)C=C1)=C/C2=CC=C(Cl)C=C2)=O,60,20,,,,2
IAW00000895,CAT-28,SOL-2,,,REA-15,[P]12([C@@:10]([C@:11]([P:1]3(->[Rh+:24]<-1456<-[C:2]1([H:25])=[C:3]->4([H:26])[C@:4]([H:27])([H:28])[C@@:5]([H:29])([H:30])[C:6]->5([H:31])=[C:7]->6([H:32])[C@:8]([H:33])([H:34])[C@@:9]1([H:35])[H:36])[C@@:18]([C@:22]([H:59])([H:60])[H:61])([H:53])[C@@:19]([H:54])([H:55])[C@@:20]([H:56])([H:57])[C@:21]3([C@:23]([H:62])([H:63])[H:64])[H:58])([H:39])[H:40])([H:37])[H:38])[C@@:12]([C@:16]([H:47])([H:48])[H:49])([H:41])[C@@:13]([H:42])([H:43])[C@:14]([H:44])([H:45])[C@:15]2([C@:17]([H:50])([H:51])[H:52])[H:46],[H]C([H])([H])C([H])([H])N(C([H])([H])C([H])([H])[H])C([H])([H])C([H])([H])[H].[H]OC([H])([H])[H],OC([C@H](CC1=CC=C(Cl)C=C1)C2=CC=C(C(C)(C)C)C=C2)=O,OC([C@@H](CC1=CC=C(Cl)C=C1)C2=CC=C(C(C)(C)C)C=C2)=O,OC(/C(C1=CC=C(C(C)(C)C)C=C1)=C/C2=CC=C(Cl)C=C2)=O,60,20,,,,2
IAW00000896,CAT-29,SOL-2,,,REA-15,[P]12([C@@:22]([H:23])([H:24])[C@:25]([P:1]3(->[Rh+:76]<-1456<-[C:2]1([H:3])=[C:4]->4([H:5])[C@:6]([H:7])([H:8])[C@@:9]([H:10])([H:11])[C:12]->5([H:13])=[C:14]->6([H:15])[C@:16]([H:17])([H:18])[C@@:19]1([H:20])[H:21])[C@@:48]([H:49])([C@@:65]([H:66])([H:67])[C@:68]([H:69])([H:70])[H:72])[C@@:50]([H:51])([H:52])[C@:53]([H:54])([H:55])[C@:56]3([H:57])[C@:58]([H:59])([H:60])[C@:61]([H:62])([H:63])[H:64])([H:26])[H:27])[C@@:28]([H:29])([C@:38]([H:39])([H:40])[C@:41]([H:42])([H:43])[H:44])[C@@:30]([H:31])([H:32])[C@:33]([H:34])([H:35])[C@:36]2([H:37])[C@@:45]([H:46])([H:47])[C@:71]([H:73])([H:74])[H:75],[H]C([H])([H])C([H])([H])N(C([H])([H])C([H])([H])[H])C([H])([H])C([H])([H])[H].[H]OC([H])([H])[H],OC([C@H](CC1=CC=C(Cl)C=C1)C2=CC=C(C(C)(C)C)C=C2)=O,OC([C@@H](CC1=CC=C(Cl)C=C1)C2=CC=C(C(C)(C)C)C=C2)=O,OC(/C(C1=CC=C(C(C)(C)C)C=C1)=C/C2=CC=C(Cl)C=C2)=O,60,20,,,,2
IAW00000897,CAT-30,SOL-1,,,REA-15,[P]12([C@@:22]([H:23])([H:24])[C@:25]([P:1]3(->[Rh+:72]<-1456<-[C:2]1([H:3])=[C:4]->4([H:5])[C@:6]([H:7])([H:8])[C@@:9]([H:10])([H:11])[C:12]->5([H:13])=[C:14]->6([H:15])[C@:16]([H:17])([H:18])[C@@:19]1([H:20])[H:21])[C@:46]([H:47])([C@@:62]([H:63])([C@:64]([H:65])([H:66])[H:68])[C@@:85]([H:86])([H:87])[H:88])[C@@:48]([H:49])([H:50])[C@:51]([H:52])([H:53])[C@@:54]3([H:55])[C@@:56]([H:57])([C@:58]([H:59])([H:60])[H:61])[C@@:81]([H:82])([H:83])[H:84])([H:26])[H:27])[C@:28]([H:29])([C@@:38]([H:39])([C@:40]([H:41])([H:42])[H:43])[C@@:73]([H:74])([H:75])[H:76])[C@@:30]([H:31])([H:32])[C@:33]([H:34])([H:35])[C@@:36]2([H:37])[C@:44]([H:45])([C@:67]([H:69])([H:70])[H:71])[C@@:77]([H:78])([H:79])[H:80],[H]OC([H])([H])[H],OC([C@H](CC1=CC=C(Cl)C=C1)C2=CC=C(C(C)(C)C)C=C2)=O,OC([C@@H](CC1=CC=C(Cl)C=C1)C2=CC=C(C(C)(C)C)C=C2)=O,OC(/C(C1=CC=C(C(C)(C)C)C=C1)=C/C2=CC=C(Cl)C=C2)=O,60,20,,,,2
IAW00000898,CAT-30,SOL-2,,,REA-15,[P]12([C@@:22]([H:23])([H:24])[C@:25]([P:1]3(->[Rh+:72]<-1456<-[C:2]1([H:3])=[C:4]->4([H:5])[C@:6]([H:7])([H:8])[C@@:9]([H:10])([H:11])[C:12]->5([H:13])=[C:14]->6([H:15])[C@:16]([H:17])([H:18])[C@@:19]1([H:20])[H:21])[C@:46]([H:47])([C@@:62]([H:63])([C@:64]([H:65])([H:66])[H:68])[C@@:85]([H:86])([H:87])[H:88])[C@@:48]([H:49])([H:50])[C@:51]([H:52])([H:53])[C@@:54]3([H:55])[C@@:56]([H:57])([C@:58]([H:59])([H:60])[H:61])[C@@:81]([H:82])([H:83])[H:84])([H:26])[H:27])[C@:28]([H:29])([C@@:38]([H:39])([C@:40]([H:41])([H:42])[H:43])[C@@:73]([H:74])([H:75])[H:76])[C@@:30]([H:31])([H:32])[C@:33]([H:34])([H:35])[C@@:36]2([H:37])[C@:44]([H:45])([C@:67]([H:69])([H:70])[H:71])[C@@:77]([H:78])([H:79])[H:80],[H]C([H])([H])C([H])([H])N(C([H])([H])C([H])([H])[H])C([H])([H])C([H])([H])[H].[H]OC([H])([H])[H],OC([C@H](CC1=CC=C(Cl)C=C1)C2=CC=C(C(C)(C)C)C=C2)=O,OC([C@@H](CC1=CC=C(Cl)C=C1)C2=CC=C(C(C)(C)C)C=C2)=O,OC(/C(C1=CC=C(C(C)(C)C)C=C1)=C/C2=CC=C(Cl)C=C2)=O,60,20,,,,2
IAW00000899,CAT-31,SOL-1,,,REA-15,[P]12([C@@:10]([C@:11]([P:1]3(->[Rh+:20]<-1456<-[C:2]1([H:21])=[C:3]->4([H:22])[C@:4]([H:23])([H:24])[C@@:5]([H:25])([H:26])[C:6]->5([H:27])=[C:7]->6([H:28])[C@:8]([H:29])([H:30])[C@@:9]1([H:31])[H:32])[C@@:16]([H:43])([C:82]1=[C:83]([H:86])[C:85]([H:90])=[C:89]([H:92])[C:87]([H:91])=[C:84]1[H:88])[C@@:17]([H:44])([H:45])[C@@:18]([H:46])([H:47])[C@:19]3([H:48])[C:71]1=[C:72]([H:75])[C:74]([H:79])=[C:78]([H:81])[C:76]([H:80])=[C:73]1[H:77])([H:35])[H:36])([H:33])[H:34])[C@@:12]([H:37])([C:49]1=[C:50]([H:53])[C:52]([H:57])=[C:56]([H:59])[C:54]([H:58])=[C:51]1[H:55])[C@@:13]([H:38])([H:39])[C@:14]([H:40])([H:41])[C@:15]2([H:42])[C:60]1=[C:61]([H:64])[C:63]([H:68])=[C:67]([H:70])[C:65]([H:69])=[C:62]1[H:66],[H]OC([H])([H])[H],OC([C@H](CC1=CC=C(Cl)C=C1)C2=CC=C(C(C)(C)C)C=C2)=O,OC([C@@H](CC1=CC=C(Cl)C=C1)C2=CC=C(C(C)(C)C)C=C2)=O,OC(/C(C1=CC=C(C(C)(C)C)C=C1)=C/C2=CC=C(Cl)C=C2)=O,60,20,,,,2
IAW00000900,CAT-31,SOL-2,,,REA-15,[P]12([C@@:10]([C@:11]([P:1]3(->[Rh+:20]<-1456<-[C:2]1([H:21])=[C:3]->4([H:22])[C@:4]([H:23])([H:24])[C@@:5]([H:25])([H:26])[C:6]->5([H:27])=[C:7]->6([H:28])[C@:8]([H:29])([H:30])[C@@:9]1([H:31])[H:32])[C@@:16]([H:43])([C:82]1=[C:83]([H:86])[C:85]([H:90])=[C:89]([H:92])[C:87]([H:91])=[C:84]1[H:88])[C@@:17]([H:44])([H:45])[C@@:18]([H:46])([H:47])[C@:19]3([H:48])[C:71]1=[C:72]([H:75])[C:74]([H:79])=[C:78]([H:81])[C:76]([H:80])=[C:73]1[H:77])([H:35])[H:36])([H:33])[H:34])[C@@:12]([H:37])([C:49]1=[C:50]([H:53])[C:52]([H:57])=[C:56]([H:59])[C:54]([H:58])=[C:51]1[H:55])[C@@:13]([H:38])([H:39])[C@:14]([H:40])([H:41])[C@:15]2([H:42])[C:60]1=[C:61]([H:64])[C:63]([H:68])=[C:67]([H:70])[C:65]([H:69])=[C:62]1[H:66],[H]C([H])([H])C([H])([H])N(C([H])([H])C([H])([H])[H])C([H])([H])C([H])([H])[H].[H]OC([H])([H])[H],OC([C@H](CC1=CC=C(Cl)C=C1)C2=CC=C(C(C)(C)C)C=C2)=O,OC([C@@H](CC1=CC=C(Cl)C=C1)C2=CC=C(C(C)(C)C)C=C2)=O,OC(/C(C1=CC=C(C(C)(C)C)C=C1)=C/C2=CC=C(Cl)C=C2)=O,60,20,,,,2
IAW00000901,CAT-32,SOL-2,,,REA-15,[Rh+]1234(<-[P:1]5([C:35]6=[C:41]([H:52])[C:51]([H:59])=[C:58]([H:60])[C:47]([H:57])=[C:39]6[P:34]->16[C@@:63]([C@:46]([H:54])([H:55])[H:56])([H:64])[C@:42]([H:23])([H:53])[C@:36]([H:22])([H:43])[C@:67]6([C@@:24]([H:25])([H:26])[H:37])[H:68])[C@@:61]([C@:30]([H:31])([H:32])[H:33])([H:62])[C@@:27]([H:28])([H:29])[C@:38]([H:44])([H:45])[C@:65]5([C@@:40]([H:48])([H:49])[H:50])[H:66])<-[C:2]1([H:3])=[C:4]->2([H:5])[C@@:6]([H:7])([H:8])[C@:9]([H:10])([H:11])[C:12]->3([H:13])=[C:14]->4([H:15])[C@@:16]([H:17])([H:18])[C@:19]1([H:20])[H:21],[H]C([H])([H])C([H])([H])N(C([H])([H])C([H])([H])[H])C([H])([H])C([H])([H])[H].[H]OC([H])([H])[H],OC([C@H](CC1=CC=C(Cl)C=C1)C2=CC=C(C(C)(C)C)C=C2)=O,OC([C@@H](CC1=CC=C(Cl)C=C1)C2=CC=C(C(C)(C)C)C=C2)=O,OC(/C(C1=CC=C(C(C)(C)C)C=C1)=C/C2=CC=C(Cl)C=C2)=O,60,20,,,,2
IAW00000902,CAT-33,SOL-3,,,REA-15,[Rh+]1234(<-[P:1]5([C:23]6=[C:31]([H:32])[C:29]([H:30])=[C:27]([H:28])[C:25]([H:26])=[C:24]6[P:2]->16[C@:73]([C@:66]([H:67])([H:68])[C@@:69]([H:70])([H:71])[H:72])([H:74])[C@@:56]([H:57])([H:58])[C@@:53]([H:54])([H:55])[C@@:75]6([C@:59]([H:60])([H:61])[C@@:62]([H:63])([H:64])[H:65])[H:76])[C@:77]([C@:46]([H:47])([H:48])[C@@:49]([H:50])([H:51])[H:52])([H:78])[C@@:36]([H:37])([H:38])[C@@:33]([H:34])([H:35])[C@@:79]5([C@:39]([H:40])([H:41])[C@@:42]([H:43])([H:44])[H:45])[H:80])<-[C:3]1([H:4])=[C:5]->2([H:6])[C@:7]([H:8])([H:9])[C@:10]([H:11])([H:12])[C:13]->3([H:14])=[C:15]->4([H:16])[C@:17]([H:18])([H:19])[C@@:20]1([H:21])[H:22],F[B-](F)(F)F.[H]C([H])([H])C([H])([H])N(C([H])([H])C([H])([H])[H])C([H])([H])C([H])([H])[H].[H]OC([H])([H])[H],OC([C@H](CC1=CC=C(Cl)C=C1)C2=CC=C(C(C)(C)C)C=C2)=O,OC([C@@H](CC1=CC=C(Cl)C=C1)C2=CC=C(C(C)(C)C)C=C2)=O,OC(/C(C1=CC=C(C(C)(C)C)C=C1)=C/C2=CC=C(Cl)C=C2)=O,60,20,,,,2
IAW00000903,CAT-34,SOL-2,,,REA-15,[Rh+]1234(<-[P:1]5([C:33]6=[C:30]([P:2]->17[C@@:45]([H:46])([C@:55]([H:56])([C@:57]([H:58])([H:59])[H:60])[C@:61]([H:62])([H:63])[H:64])[C@:47]([H:48])([H:49])[C@@:50]([H:51])([H:52])[C@:53]7([H:54])[C@@:65]([H:66])([C@:67]([H:68])([H:69])[H:70])[C@:71]([H:72])([H:73])[H:74])[C:28]([H:29])=[C:26]([H:27])[C:24]([H:25])=[C:23]6[H:76])[C@@:31]([H:32])([C@@:36]([H:37])([C@:38]([H:39])([H:40])[H:78])[C@:41]([H:42])([H:43])[H:44])[C@@:77]([H:82])([H:83])[C@:79]([H:84])([H:85])[C@@:75]5([C@@:80]([H:34])([C@:86]([H:88])([H:89])[H:90])[C@:87]([H:35])([H:91])[H:92])[H:81])<-[C:3]1([H:4])=[C:5]->2([H:6])[C@:7]([H:8])([H:9])[C@@:10]([H:11])([H:12])[C:13]->3([H:14])=[C:15]->4([H:16])[C@:17]([H:18])([H:19])[C@@:20]1([H:21])[H:22],[H]C([H])([H])C([H])([H])N(C([H])([H])C([H])([H])[H])C([H])([H])C([H])([H])[H].[H]OC([H])([H])[H],OC([C@H](CC1=CC=C(Cl)C=C1)C2=CC=C(C(C)(C)C)C=C2)=O,OC([C@@H](CC1=CC=C(Cl)C=C1)C2=CC=C(C(C)(C)C)C=C2)=O,OC(/C(C1=CC=C(C(C)(C)C)C=C1)=C/C2=CC=C(Cl)C=C2)=O,60,20,,,,2
IAW00000904,CAT-35,SOL-2,,,REA-15,[Fe+2]123456789<-[C:3]%10([P:1]%11(->[Rh+:61]%12%13%14(<-[P:2]%15([C:12]->1%16=[C:17]->2([H:18])[C:15]->3([H:16])=[C:14]->4([H:53])[C-:13]->5%16[H:52])[C@:29]([H:30])([C@@:62]([H:63])([H:64])[H:65])[C@:54]([H:57])([H:58])[C@:56]([H:59])([H:60])[C@@:51]%15([H:55])[C@@:66]([H:67])([H:68])[H:69])<-[C:31]1([H:32])=[C:33]->%12([H:34])[C@:35]([H:36])([H:37])[C@@:38]([H:39])([H:40])[C:41]->%13([H:42])=[C:43]->%14([H:44])[C@:45]([H:46])([H:47])[C@@:48]1([H:49])[H:50])[C@:19]([H:20])([C@@:70]([H:71])([H:72])[H:73])[C@@:21]([H:22])([H:23])[C@:24]([H:25])([H:26])[C@@:27]%11([H:28])[C@@:74]([H:75])([H:76])[H:77])=[C:4]->6([H:5])[C:6]->7([H:7])=[C:8]->8([H:9])[C-:10]->9%10[H:11],[H]C([H])([H])C([H])([H])N(C([H])([H])C([H])([H])[H])C([H])([H])C([H])([H])[H].[H]OC([H])([H])[H],OC([C@H](CC1=CC=C(Cl)C=C1)C2=CC=C(C(C)(C)C)C=C2)=O,OC([C@@H](CC1=CC=C(Cl)C=C1)C2=CC=C(C(C)(C)C)C=C2)=O,OC(/C(C1=CC=C(C(C)(C)C)C=C1)=C/C2=CC=C(Cl)C=C2)=O,60,20,,,,2
IAW00000905,CAT-35,SOL-4,,,REA-15,[Fe+2]123456789<-[C:3]%10([P:1]%11(->[Rh+:61]%12%13%14(<-[P:2]%15([C:12]->1%16=[C:17]->2([H:18])[C:15]->3([H:16])=[C:14]->4([H:53])[C-:13]->5%16[H:52])[C@:29]([H:30])([C@@:62]([H:63])([H:64])[H:65])[C@:54]([H:57])([H:58])[C@:56]([H:59])([H:60])[C@@:51]%15([H:55])[C@@:66]([H:67])([H:68])[H:69])<-[C:31]1([H:32])=[C:33]->%12([H:34])[C@:35]([H:36])([H:37])[C@@:38]([H:39])([H:40])[C:41]->%13([H:42])=[C:43]->%14([H:44])[C@:45]([H:46])([H:47])[C@@:48]1([H:49])[H:50])[C@:19]([H:20])([C@@:70]([H:71])([H:72])[H:73])[C@@:21]([H:22])([H:23])[C@:24]([H:25])([H:26])[C@@:27]%11([H:28])[C@@:74]([H:75])([H:76])[H:77])=[C:4]->6([H:5])[C:6]->7([H:7])=[C:8]->8([H:9])[C-:10]->9%10[H:11],[H]C([H])([H])C([H])([H])N(C([H])([H])C([H])([H])[H])C([H])([H])C([H])([H])[H].[H]OC([H])([H])[H].[H]O[H],OC([C@H](CC1=CC=C(Cl)C=C1)C2=CC=C(C(C)(C)C)C=C2)=O,OC([C@@H](CC1=CC=C(Cl)C=C1)C2=CC=C(C(C)(C)C)C=C2)=O,OC(/C(C1=CC=C(C(C)(C)C)C=C1)=C/C2=CC=C(Cl)C=C2)=O,60,20,,,,2
IAW00000906,CAT-35,SOL-5,,,REA-15,[Fe+2]123456789<-[C:3]%10([P:1]%11(->[Rh+:61]%12%13%14(<-[P:2]%15([C:12]->1%16=[C:17]->2([H:18])[C:15]->3([H:16])=[C:14]->4([H:53])[C-:13]->5%16[H:52])[C@:29]([H:30])([C@@:62]([H:63])([H:64])[H:65])[C@:54]([H:57])([H:58])[C@:56]([H:59])([H:60])[C@@:51]%15([H:55])[C@@:66]([H:67])([H:68])[H:69])<-[C:31]1([H:32])=[C:33]->%12([H:34])[C@:35]([H:36])([H:37])[C@@:38]([H:39])([H:40])[C:41]->%13([H:42])=[C:43]->%14([H:44])[C@:45]([H:46])([H:47])[C@@:48]1([H:49])[H:50])[C@:19]([H:20])([C@@:70]([H:71])([H:72])[H:73])[C@@:21]([H:22])([H:23])[C@:24]([H:25])([H:26])[C@@:27]%11([H:28])[C@@:74]([H:75])([H:76])[H:77])=[C:4]->6([H:5])[C:6]->7([H:7])=[C:8]->8([H:9])[C-:10]->9%10[H:11],[H]C([H])([H])C([H])([H])N(C([H])([H])C([H])([H])[H])C([H])([H])C([H])([H])[H].[H]C1([H])OC([H])([H])C([H])([H])C1([H])[H],OC([C@H](CC1=CC=C(Cl)C=C1)C2=CC=C(C(C)(C)C)C=C2)=O,OC([C@@H](CC1=CC=C(Cl)C=C1)C2=CC=C(C(C)(C)C)C=C2)=O,OC(/C(C1=CC=C(C(C)(C)C)C=C1)=C/C2=CC=C(Cl)C=C2)=O,60,5,,,,2
IAW00000907,CAT-35,SOL-5,,,REA-15,[Fe+2]123456789<-[C:3]%10([P:1]%11(->[Rh+:61]%12%13%14(<-[P:2]%15([C:12]->1%16=[C:17]->2([H:18])[C:15]->3([H:16])=[C:14]->4([H:53])[C-:13]->5%16[H:52])[C@:29]([H:30])([C@@:62]([H:63])([H:64])[H:65])[C@:54]([H:57])([H:58])[C@:56]([H:59])([H:60])[C@@:51]%15([H:55])[C@@:66]([H:67])([H:68])[H:69])<-[C:31]1([H:32])=[C:33]->%12([H:34])[C@:35]([H:36])([H:37])[C@@:38]([H:39])([H:40])[C:41]->%13([H:42])=[C:43]->%14([H:44])[C@:45]([H:46])([H:47])[C@@:48]1([H:49])[H:50])[C@:19]([H:20])([C@@:70]([H:71])([H:72])[H:73])[C@@:21]([H:22])([H:23])[C@:24]([H:25])([H:26])[C@@:27]%11([H:28])[C@@:74]([H:75])([H:76])[H:77])=[C:4]->6([H:5])[C:6]->7([H:7])=[C:8]->8([H:9])[C-:10]->9%10[H:11],[H]C([H])([H])C([H])([H])N(C([H])([H])C([H])([H])[H])C([H])([H])C([H])([H])[H].[H]C1([H])OC([H])([H])C([H])([H])C1([H])[H],OC([C@H](CC1=CC=C(Cl)C=C1)C2=CC=C(C(C)(C)C)C=C2)=O,OC([C@@H](CC1=CC=C(Cl)C=C1)C2=CC=C(C(C)(C)C)C=C2)=O,OC(/C(C1=CC=C(C(C)(C)C)C=C1)=C/C2=CC=C(Cl)C=C2)=O,60,50,,,,2
IAW00000908,CAT-35,SOL-5,,,REA-15,[Fe+2]123456789<-[C:3]%10([P:1]%11(->[Rh+:61]%12%13%14(<-[P:2]%15([C:12]->1%16=[C:17]->2([H:18])[C:15]->3([H:16])=[C:14]->4([H:53])[C-:13]->5%16[H:52])[C@:29]([H:30])([C@@:62]([H:63])([H:64])[H:65])[C@:54]([H:57])([H:58])[C@:56]([H:59])([H:60])[C@@:51]%15([H:55])[C@@:66]([H:67])([H:68])[H:69])<-[C:31]1([H:32])=[C:33]->%12([H:34])[C@:35]([H:36])([H:37])[C@@:38]([H:39])([H:40])[C:41]->%13([H:42])=[C:43]->%14([H:44])[C@:45]([H:46])([H:47])[C@@:48]1([H:49])[H:50])[C@:19]([H:20])([C@@:70]([H:71])([H:72])[H:73])[C@@:21]([H:22])([H:23])[C@:24]([H:25])([H:26])[C@@:27]%11([H:28])[C@@:74]([H:75])([H:76])[H:77])=[C:4]->6([H:5])[C:6]->7([H:7])=[C:8]->8([H:9])[C-:10]->9%10[H:11],[H]C([H])([H])C([H])([H])N(C([H])([H])C([H])([H])[H])C([H])([H])C([H])([H])[H].[H]C1([H])OC([H])([H])C([H])([H])C1([H])[H],OC([C@H](CC1=CC=C(Cl)C=C1)C2=CC=C(C(C)(C)C)C=C2)=O,OC([C@@H](CC1=CC=C(Cl)C=C1)C2=CC=C(C(C)(C)C)C=C2)=O,OC(/C(C1=CC=C(C(C)(C)C)C=C1)=C/C2=CC=C(Cl)C=C2)=O,60,20,,,,2
IAW00000909,CAT-35,SOL-6,,,REA-15,[Fe+2]123456789<-[C:3]%10([P:1]%11(->[Rh+:61]%12%13%14(<-[P:2]%15([C:12]->1%16=[C:17]->2([H:18])[C:15]->3([H:16])=[C:14]->4([H:53])[C-:13]->5%16[H:52])[C@:29]([H:30])([C@@:62]([H:63])([H:64])[H:65])[C@:54]([H:57])([H:58])[C@:56]([H:59])([H:60])[C@@:51]%15([H:55])[C@@:66]([H:67])([H:68])[H:69])<-[C:31]1([H:32])=[C:33]->%12([H:34])[C@:35]([H:36])([H:37])[C@@:38]([H:39])([H:40])[C:41]->%13([H:42])=[C:43]->%14([H:44])[C@:45]([H:46])([H:47])[C@@:48]1([H:49])[H:50])[C@:19]([H:20])([C@@:70]([H:71])([H:72])[H:73])[C@@:21]([H:22])([H:23])[C@:24]([H:25])([H:26])[C@@:27]%11([H:28])[C@@:74]([H:75])([H:76])[H:77])=[C:4]->6([H:5])[C:6]->7([H:7])=[C:8]->8([H:9])[C-:10]->9%10[H:11],[H]C([H])([H])C([H])([H])N(C([H])([H])C([H])([H])[H])C([H])([H])C([H])([H])[H].[H]OC([H])(C([H])([H])[H])C([H])([H])[H],OC([C@H](CC1=CC=C(Cl)C=C1)C2=CC=C(C(C)(C)C)C=C2)=O,OC([C@@H](CC1=CC=C(Cl)C=C1)C2=CC=C(C(C)(C)C)C=C2)=O,OC(/C(C1=CC=C(C(C)(C)C)C=C1)=C/C2=CC=C(Cl)C=C2)=O,60,20,,,,2
IAW00000910,CAT-36,SOL-2,,,REA-15,[Fe+2]123456789<-[C:3]%10([P:1]%11(->[Rh+:61]%12%13%14(<-[P:2]%15([C-:12]->1%16[C:13]->2([H:52])=[C:14]->3([H:53])[C:15]->4([H:16])=[C:17]->5%16[H:18])[C@@:29]([H:30])([C@:66]([H:67])([H:68])[C@@:69]([H:70])([H:71])[H:72])[C@:54]([H:57])([H:58])[C@:56]([H:59])([H:60])[C@:51]%15([H:55])[C@:73]([C@@:62]([H:63])([H:64])[H:65])([H:74])[H:75])<-[C:31]1([H:32])=[C:33]->%12([H:34])[C@:35]([H:36])([H:37])[C@@:38]([H:39])([H:40])[C:41]->%13([H:42])=[C:43]->%14([H:44])[C@:45]([H:46])([H:47])[C@@:48]1([H:49])[H:50])[C@@:19]([H:20])([C@:83]([H:84])([H:85])[C@@:86]([H:87])([H:88])[H:89])[C@@:21]([H:22])([H:23])[C@:24]([H:25])([H:26])[C@:27]%11([H:28])[C@:76]([H:77])([H:78])[C@@:79]([H:80])([H:81])[H:82])=[C:10]->6([H:11])[C-:8]->7([H:9])[C:6]->8([H:7])=[C:4]->9%10[H:5],[H]C([H])([H])C([H])([H])N(C([H])([H])C([H])([H])[H])C([H])([H])C([H])([H])[H].[H]OC([H])([H])[H],OC([C@H](CC1=CC=C(Cl)C=C1)C2=CC=C(C(C)(C)C)C=C2)=O,OC([C@@H](CC1=CC=C(Cl)C=C1)C2=CC=C(C(C)(C)C)C=C2)=O,OC(/C(C1=CC=C(C(C)(C)C)C=C1)=C/C2=CC=C(Cl)C=C2)=O,60,20,,,,2
IAW00000911,CAT-36,SOL-4,,,REA-15,[Fe+2]123456789<-[C:3]%10([P:1]%11(->[Rh+:61]%12%13%14(<-[P:2]%15([C-:12]->1%16[C:13]->2([H:52])=[C:14]->3([H:53])[C:15]->4([H:16])=[C:17]->5%16[H:18])[C@@:29]([H:30])([C@:66]([H:67])([H:68])[C@@:69]([H:70])([H:71])[H:72])[C@:54]([H:57])([H:58])[C@:56]([H:59])([H:60])[C@:51]%15([H:55])[C@:73]([C@@:62]([H:63])([H:64])[H:65])([H:74])[H:75])<-[C:31]1([H:32])=[C:33]->%12([H:34])[C@:35]([H:36])([H:37])[C@@:38]([H:39])([H:40])[C:41]->%13([H:42])=[C:43]->%14([H:44])[C@:45]([H:46])([H:47])[C@@:48]1([H:49])[H:50])[C@@:19]([H:20])([C@:83]([H:84])([H:85])[C@@:86]([H:87])([H:88])[H:89])[C@@:21]([H:22])([H:23])[C@:24]([H:25])([H:26])[C@:27]%11([H:28])[C@:76]([H:77])([H:78])[C@@:79]([H:80])([H:81])[H:82])=[C:10]->6([H:11])[C-:8]->7([H:9])[C:6]->8([H:7])=[C:4]->9%10[H:5],[H]C([H])([H])C([H])([H])N(C([H])([H])C([H])([H])[H])C([H])([H])C([H])([H])[H].[H]OC([H])([H])[H].[H]O[H],OC([C@H](CC1=CC=C(Cl)C=C1)C2=CC=C(C(C)(C)C)C=C2)=O,OC([C@@H](CC1=CC=C(Cl)C=C1)C2=CC=C(C(C)(C)C)C=C2)=O,OC(/C(C1=CC=C(C(C)(C)C)C=C1)=C/C2=CC=C(Cl)C=C2)=O,60,20,,,,2
IAW00000912,CAT-36,SOL-5,,,REA-15,[Fe+2]123456789<-[C:3]%10([P:1]%11(->[Rh+:61]%12%13%14(<-[P:2]%15([C-:12]->1%16[C:13]->2([H:52])=[C:14]->3([H:53])[C:15]->4([H:16])=[C:17]->5%16[H:18])[C@@:29]([H:30])([C@:66]([H:67])([H:68])[C@@:69]([H:70])([H:71])[H:72])[C@:54]([H:57])([H:58])[C@:56]([H:59])([H:60])[C@:51]%15([H:55])[C@:73]([C@@:62]([H:63])([H:64])[H:65])([H:74])[H:75])<-[C:31]1([H:32])=[C:33]->%12([H:34])[C@:35]([H:36])([H:37])[C@@:38]([H:39])([H:40])[C:41]->%13([H:42])=[C:43]->%14([H:44])[C@:45]([H:46])([H:47])[C@@:48]1([H:49])[H:50])[C@@:19]([H:20])([C@:83]([H:84])([H:85])[C@@:86]([H:87])([H:88])[H:89])[C@@:21]([H:22])([H:23])[C@:24]([H:25])([H:26])[C@:27]%11([H:28])[C@:76]([H:77])([H:78])[C@@:79]([H:80])([H:81])[H:82])=[C:10]->6([H:11])[C-:8]->7([H:9])[C:6]->8([H:7])=[C:4]->9%10[H:5],[H]C([H])([H])C([H])([H])N(C([H])([H])C([H])([H])[H])C([H])([H])C([H])([H])[H].[H]C1([H])OC([H])([H])C([H])([H])C1([H])[H],OC([C@H](CC1=CC=C(Cl)C=C1)C2=CC=C(C(C)(C)C)C=C2)=O,OC([C@@H](CC1=CC=C(Cl)C=C1)C2=CC=C(C(C)(C)C)C=C2)=O,OC(/C(C1=CC=C(C(C)(C)C)C=C1)=C/C2=CC=C(Cl)C=C2)=O,60,5,,,,2
IAW00000913,CAT-36,SOL-5,,,REA-15,[Fe+2]123456789<-[C:3]%10([P:1]%11(->[Rh+:61]%12%13%14(<-[P:2]%15([C-:12]->1%16[C:13]->2([H:52])=[C:14]->3([H:53])[C:15]->4([H:16])=[C:17]->5%16[H:18])[C@@:29]([H:30])([C@:66]([H:67])([H:68])[C@@:69]([H:70])([H:71])[H:72])[C@:54]([H:57])([H:58])[C@:56]([H:59])([H:60])[C@:51]%15([H:55])[C@:73]([C@@:62]([H:63])([H:64])[H:65])([H:74])[H:75])<-[C:31]1([H:32])=[C:33]->%12([H:34])[C@:35]([H:36])([H:37])[C@@:38]([H:39])([H:40])[C:41]->%13([H:42])=[C:43]->%14([H:44])[C@:45]([H:46])([H:47])[C@@:48]1([H:49])[H:50])[C@@:19]([H:20])([C@:83]([H:84])([H:85])[C@@:86]([H:87])([H:88])[H:89])[C@@:21]([H:22])([H:23])[C@:24]([H:25])([H:26])[C@:27]%11([H:28])[C@:76]([H:77])([H:78])[C@@:79]([H:80])([H:81])[H:82])=[C:10]->6([H:11])[C-:8]->7([H:9])[C:6]->8([H:7])=[C:4]->9%10[H:5],[H]C([H])([H])C([H])([H])N(C([H])([H])C([H])([H])[H])C([H])([H])C([H])([H])[H].[H]C1([H])OC([H])([H])C([H])([H])C1([H])[H],OC([C@H](CC1=CC=C(Cl)C=C1)C2=CC=C(C(C)(C)C)C=C2)=O,OC([C@@H](CC1=CC=C(Cl)C=C1)C2=CC=C(C(C)(C)C)C=C2)=O,OC(/C(C1=CC=C(C(C)(C)C)C=C1)=C/C2=CC=C(Cl)C=C2)=O,60,50,,,,2
IAW00000914,CAT-36,SOL-5,,,REA-15,[Fe+2]123456789<-[C:3]%10([P:1]%11(->[Rh+:61]%12%13%14(<-[P:2]%15([C-:12]->1%16[C:13]->2([H:52])=[C:14]->3([H:53])[C:15]->4([H:16])=[C:17]->5%16[H:18])[C@@:29]([H:30])([C@:66]([H:67])([H:68])[C@@:69]([H:70])([H:71])[H:72])[C@:54]([H:57])([H:58])[C@:56]([H:59])([H:60])[C@:51]%15([H:55])[C@:73]([C@@:62]([H:63])([H:64])[H:65])([H:74])[H:75])<-[C:31]1([H:32])=[C:33]->%12([H:34])[C@:35]([H:36])([H:37])[C@@:38]([H:39])([H:40])[C:41]->%13([H:42])=[C:43]->%14([H:44])[C@:45]([H:46])([H:47])[C@@:48]1([H:49])[H:50])[C@@:19]([H:20])([C@:83]([H:84])([H:85])[C@@:86]([H:87])([H:88])[H:89])[C@@:21]([H:22])([H:23])[C@:24]([H:25])([H:26])[C@:27]%11([H:28])[C@:76]([H:77])([H:78])[C@@:79]([H:80])([H:81])[H:82])=[C:10]->6([H:11])[C-:8]->7([H:9])[C:6]->8([H:7])=[C:4]->9%10[H:5],[H]C([H])([H])C([H])([H])N(C([H])([H])C([H])([H])[H])C([H])([H])C([H])([H])[H].[H]C1([H])OC([H])([H])C([H])([H])C1([H])[H],OC([C@H](CC1=CC=C(Cl)C=C1)C2=CC=C(C(C)(C)C)C=C2)=O,OC([C@@H](CC1=CC=C(Cl)C=C1)C2=CC=C(C(C)(C)C)C=C2)=O,OC(/C(C1=CC=C(C(C)(C)C)C=C1)=C/C2=CC=C(Cl)C=C2)=O,60,20,,,,2
IAW00000915,CAT-36,SOL-6,,,REA-15,[Fe+2]123456789<-[C:3]%10([P:1]%11(->[Rh+:61]%12%13%14(<-[P:2]%15([C-:12]->1%16[C:13]->2([H:52])=[C:14]->3([H:53])[C:15]->4([H:16])=[C:17]->5%16[H:18])[C@@:29]([H:30])([C@:66]([H:67])([H:68])[C@@:69]([H:70])([H:71])[H:72])[C@:54]([H:57])([H:58])[C@:56]([H:59])([H:60])[C@:51]%15([H:55])[C@:73]([C@@:62]([H:63])([H:64])[H:65])([H:74])[H:75])<-[C:31]1([H:32])=[C:33]->%12([H:34])[C@:35]([H:36])([H:37])[C@@:38]([H:39])([H:40])[C:41]->%13([H:42])=[C:43]->%14([H:44])[C@:45]([H:46])([H:47])[C@@:48]1([H:49])[H:50])[C@@:19]([H:20])([C@:83]([H:84])([H:85])[C@@:86]([H:87])([H:88])[H:89])[C@@:21]([H:22])([H:23])[C@:24]([H:25])([H:26])[C@:27]%11([H:28])[C@:76]([H:77])([H:78])[C@@:79]([H:80])([H:81])[H:82])=[C:10]->6([H:11])[C-:8]->7([H:9])[C:6]->8([H:7])=[C:4]->9%10[H:5],[H]C([H])([H])C([H])([H])N(C([H])([H])C([H])([H])[H])C([H])([H])C([H])([H])[H].[H]OC([H])(C([H])([H])[H])C([H])([H])[H],OC([C@H](CC1=CC=C(Cl)C=C1)C2=CC=C(C(C)(C)C)C=C2)=O,OC([C@@H](CC1=CC=C(Cl)C=C1)C2=CC=C(C(C)(C)C)C=C2)=O,OC(/C(C1=CC=C(C(C)(C)C)C=C1)=C/C2=CC=C(Cl)C=C2)=O,60,20,,,,2
IAW00000916,CAT-37,SOL-2,,,REA-15,[Fe+2]123456789<-[C:3]%10([P:1]%11(->[Rh+:61]%12%13%14(<-[P:2]%15([C:12]->1%16=[C:17]->2([H:18])[C:15]->3([H:16])=[C:14]->4([H:53])[C-:13]->5%16[H:52])[C@@:29]([H:30])([C@@:72]([H:73])([C@@:74]([H:75])([H:76])[H:77])[C@@:78]([H:79])([H:80])[H:81])[C@:54]([H:57])([H:58])[C@:56]([H:59])([H:60])[C@:51]%15([H:55])[C@@:62]([H:63])([C@@:64]([H:65])([H:66])[H:67])[C@@:68]([H:69])([H:70])[H:71])<-[C:31]1([H:32])=[C:33]->%12([H:34])[C@:35]([H:36])([H:37])[C@@:38]([H:39])([H:40])[C:41]->%13([H:42])=[C:43]->%14([H:44])[C@:45]([H:46])([H:47])[C@@:48]1([H:49])[H:50])[C@@:19]([H:20])([C@:91]([H:92])([C@@:93]([H:94])([H:95])[H:96])[C@@:97]([H:98])([H:99])[H:100])[C@@:21]([H:22])([H:23])[C@:24]([H:25])([H:26])[C@:27]%11([H:28])[C@:82]([C@@:83]([H:84])([H:85])[H:86])([C@@:87]([H:88])([H:89])[H:90])[H:101])=[C:4]->6([H:5])[C:6]->7([H:7])=[C:8]->8([H:9])[C-:10]->9%10[H:11],[H]C([H])([H])C([H])([H])N(C([H])([H])C([H])([H])[H])C([H])([H])C([H])([H])[H].[H]OC([H])([H])[H],OC([C@H](CC1=CC=C(Cl)C=C1)C2=CC=C(C(C)(C)C)C=C2)=O,OC([C@@H](CC1=CC=C(Cl)C=C1)C2=CC=C(C(C)(C)C)C=C2)=O,OC(/C(C1=CC=C(C(C)(C)C)C=C1)=C/C2=CC=C(Cl)C=C2)=O,60,20,,,,2
IAW00000917,CAT-37,SOL-4,,,REA-15,[Fe+2]123456789<-[C:3]%10([P:1]%11(->[Rh+:61]%12%13%14(<-[P:2]%15([C:12]->1%16=[C:17]->2([H:18])[C:15]->3([H:16])=[C:14]->4([H:53])[C-:13]->5%16[H:52])[C@@:29]([H:30])([C@@:72]([H:73])([C@@:74]([H:75])([H:76])[H:77])[C@@:78]([H:79])([H:80])[H:81])[C@:54]([H:57])([H:58])[C@:56]([H:59])([H:60])[C@:51]%15([H:55])[C@@:62]([H:63])([C@@:64]([H:65])([H:66])[H:67])[C@@:68]([H:69])([H:70])[H:71])<-[C:31]1([H:32])=[C:33]->%12([H:34])[C@:35]([H:36])([H:37])[C@@:38]([H:39])([H:40])[C:41]->%13([H:42])=[C:43]->%14([H:44])[C@:45]([H:46])([H:47])[C@@:48]1([H:49])[H:50])[C@@:19]([H:20])([C@:91]([H:92])([C@@:93]([H:94])([H:95])[H:96])[C@@:97]([H:98])([H:99])[H:100])[C@@:21]([H:22])([H:23])[C@:24]([H:25])([H:26])[C@:27]%11([H:28])[C@:82]([C@@:83]([H:84])([H:85])[H:86])([C@@:87]([H:88])([H:89])[H:90])[H:101])=[C:4]->6([H:5])[C:6]->7([H:7])=[C:8]->8([H:9])[C-:10]->9%10[H:11],[H]C([H])([H])C([H])([H])N(C([H])([H])C([H])([H])[H])C([H])([H])C([H])([H])[H].[H]OC([H])([H])[H].[H]O[H],OC([C@H](CC1=CC=C(Cl)C=C1)C2=CC=C(C(C)(C)C)C=C2)=O,OC([C@@H](CC1=CC=C(Cl)C=C1)C2=CC=C(C(C)(C)C)C=C2)=O,OC(/C(C1=CC=C(C(C)(C)C)C=C1)=C/C2=CC=C(Cl)C=C2)=O,60,20,,,,2
IAW00000918,CAT-37,SOL-5,,,REA-15,[Fe+2]123456789<-[C:3]%10([P:1]%11(->[Rh+:61]%12%13%14(<-[P:2]%15([C:12]->1%16=[C:17]->2([H:18])[C:15]->3([H:16])=[C:14]->4([H:53])[C-:13]->5%16[H:52])[C@@:29]([H:30])([C@@:72]([H:73])([C@@:74]([H:75])([H:76])[H:77])[C@@:78]([H:79])([H:80])[H:81])[C@:54]([H:57])([H:58])[C@:56]([H:59])([H:60])[C@:51]%15([H:55])[C@@:62]([H:63])([C@@:64]([H:65])([H:66])[H:67])[C@@:68]([H:69])([H:70])[H:71])<-[C:31]1([H:32])=[C:33]->%12([H:34])[C@:35]([H:36])([H:37])[C@@:38]([H:39])([H:40])[C:41]->%13([H:42])=[C:43]->%14([H:44])[C@:45]([H:46])([H:47])[C@@:48]1([H:49])[H:50])[C@@:19]([H:20])([C@:91]([H:92])([C@@:93]([H:94])([H:95])[H:96])[C@@:97]([H:98])([H:99])[H:100])[C@@:21]([H:22])([H:23])[C@:24]([H:25])([H:26])[C@:27]%11([H:28])[C@:82]([C@@:83]([H:84])([H:85])[H:86])([C@@:87]([H:88])([H:89])[H:90])[H:101])=[C:4]->6([H:5])[C:6]->7([H:7])=[C:8]->8([H:9])[C-:10]->9%10[H:11],[H]C([H])([H])C([H])([H])N(C([H])([H])C([H])([H])[H])C([H])([H])C([H])([H])[H].[H]C1([H])OC([H])([H])C([H])([H])C1([H])[H],OC([C@H](CC1=CC=C(Cl)C=C1)C2=CC=C(C(C)(C)C)C=C2)=O,OC([C@@H](CC1=CC=C(Cl)C=C1)C2=CC=C(C(C)(C)C)C=C2)=O,OC(/C(C1=CC=C(C(C)(C)C)C=C1)=C/C2=CC=C(Cl)C=C2)=O,60,5,,,,2
IAW00000919,CAT-37,SOL-5,,,REA-15,[Fe+2]123456789<-[C:3]%10([P:1]%11(->[Rh+:61]%12%13%14(<-[P:2]%15([C:12]->1%16=[C:17]->2([H:18])[C:15]->3([H:16])=[C:14]->4([H:53])[C-:13]->5%16[H:52])[C@@:29]([H:30])([C@@:72]([H:73])([C@@:74]([H:75])([H:76])[H:77])[C@@:78]([H:79])([H:80])[H:81])[C@:54]([H:57])([H:58])[C@:56]([H:59])([H:60])[C@:51]%15([H:55])[C@@:62]([H:63])([C@@:64]([H:65])([H:66])[H:67])[C@@:68]([H:69])([H:70])[H:71])<-[C:31]1([H:32])=[C:33]->%12([H:34])[C@:35]([H:36])([H:37])[C@@:38]([H:39])([H:40])[C:41]->%13([H:42])=[C:43]->%14([H:44])[C@:45]([H:46])([H:47])[C@@:48]1([H:49])[H:50])[C@@:19]([H:20])([C@:91]([H:92])([C@@:93]([H:94])([H:95])[H:96])[C@@:97]([H:98])([H:99])[H:100])[C@@:21]([H:22])([H:23])[C@:24]([H:25])([H:26])[C@:27]%11([H:28])[C@:82]([C@@:83]([H:84])([H:85])[H:86])([C@@:87]([H:88])([H:89])[H:90])[H:101])=[C:4]->6([H:5])[C:6]->7([H:7])=[C:8]->8([H:9])[C-:10]->9%10[H:11],[H]C([H])([H])C([H])([H])N(C([H])([H])C([H])([H])[H])C([H])([H])C([H])([H])[H].[H]C1([H])OC([H])([H])C([H])([H])C1([H])[H],OC([C@H](CC1=CC=C(Cl)C=C1)C2=CC=C(C(C)(C)C)C=C2)=O,OC([C@@H](CC1=CC=C(Cl)C=C1)C2=CC=C(C(C)(C)C)C=C2)=O,OC(/C(C1=CC=C(C(C)(C)C)C=C1)=C/C2=CC=C(Cl)C=C2)=O,60,50,,,,2
IAW00000920,CAT-37,SOL-5,,,REA-15,[Fe+2]123456789<-[C:3]%10([P:1]%11(->[Rh+:61]%12%13%14(<-[P:2]%15([C:12]->1%16=[C:17]->2([H:18])[C:15]->3([H:16])=[C:14]->4([H:53])[C-:13]->5%16[H:52])[C@@:29]([H:30])([C@@:72]([H:73])([C@@:74]([H:75])([H:76])[H:77])[C@@:78]([H:79])([H:80])[H:81])[C@:54]([H:57])([H:58])[C@:56]([H:59])([H:60])[C@:51]%15([H:55])[C@@:62]([H:63])([C@@:64]([H:65])([H:66])[H:67])[C@@:68]([H:69])([H:70])[H:71])<-[C:31]1([H:32])=[C:33]->%12([H:34])[C@:35]([H:36])([H:37])[C@@:38]([H:39])([H:40])[C:41]->%13([H:42])=[C:43]->%14([H:44])[C@:45]([H:46])([H:47])[C@@:48]1([H:49])[H:50])[C@@:19]([H:20])([C@:91]([H:92])([C@@:93]([H:94])([H:95])[H:96])[C@@:97]([H:98])([H:99])[H:100])[C@@:21]([H:22])([H:23])[C@:24]([H:25])([H:26])[C@:27]%11([H:28])[C@:82]([C@@:83]([H:84])([H:85])[H:86])([C@@:87]([H:88])([H:89])[H:90])[H:101])=[C:4]->6([H:5])[C:6]->7([H:7])=[C:8]->8([H:9])[C-:10]->9%10[H:11],[H]C([H])([H])C([H])([H])N(C([H])([H])C([H])([H])[H])C([H])([H])C([H])([H])[H].[H]C1([H])OC([H])([H])C([H])([H])C1([H])[H],OC([C@H](CC1=CC=C(Cl)C=C1)C2=CC=C(C(C)(C)C)C=C2)=O,OC([C@@H](CC1=CC=C(Cl)C=C1)C2=CC=C(C(C)(C)C)C=C2)=O,OC(/C(C1=CC=C(C(C)(C)C)C=C1)=C/C2=CC=C(Cl)C=C2)=O,60,20,,,,2
IAW00000921,CAT-37,SOL-6,,,REA-15,[Fe+2]123456789<-[C:3]%10([P:1]%11(->[Rh+:61]%12%13%14(<-[P:2]%15([C:12]->1%16=[C:17]->2([H:18])[C:15]->3([H:16])=[C:14]->4([H:53])[C-:13]->5%16[H:52])[C@@:29]([H:30])([C@@:72]([H:73])([C@@:74]([H:75])([H:76])[H:77])[C@@:78]([H:79])([H:80])[H:81])[C@:54]([H:57])([H:58])[C@:56]([H:59])([H:60])[C@:51]%15([H:55])[C@@:62]([H:63])([C@@:64]([H:65])([H:66])[H:67])[C@@:68]([H:69])([H:70])[H:71])<-[C:31]1([H:32])=[C:33]->%12([H:34])[C@:35]([H:36])([H:37])[C@@:38]([H:39])([H:40])[C:41]->%13([H:42])=[C:43]->%14([H:44])[C@:45]([H:46])([H:47])[C@@:48]1([H:49])[H:50])[C@@:19]([H:20])([C@:91]([H:92])([C@@:93]([H:94])([H:95])[H:96])[C@@:97]([H:98])([H:99])[H:100])[C@@:21]([H:22])([H:23])[C@:24]([H:25])([H:26])[C@:27]%11([H:28])[C@:82]([C@@:83]([H:84])([H:85])[H:86])([C@@:87]([H:88])([H:89])[H:90])[H:101])=[C:4]->6([H:5])[C:6]->7([H:7])=[C:8]->8([H:9])[C-:10]->9%10[H:11],[H]C([H])([H])C([H])([H])N(C([H])([H])C([H])([H])[H])C([H])([H])C([H])([H])[H].[H]OC([H])(C([H])([H])[H])C([H])([H])[H],OC([C@H](CC1=CC=C(Cl)C=C1)C2=CC=C(C(C)(C)C)C=C2)=O,OC([C@@H](CC1=CC=C(Cl)C=C1)C2=CC=C(C(C)(C)C)C=C2)=O,OC(/C(C1=CC=C(C(C)(C)C)C=C1)=C/C2=CC=C(Cl)C=C2)=O,60,20,,,,2
IAW00000922,CAT-40,SOL-2,,,REA-15,[Rh+]1234(<-[P:1]([C@@:25]([H:26])([H:27])[C@:28]([P:2]->1([C:56]1=[C:64]([H:65])[C:62]([H:63])=[C:60]([H:61])[C:58]([H:59])=[C:57]1[O:4][C@:66]([H:67])([H:68])[H:69])[C:70]1=[C:79]([H:80])[C:77]([H:78])=[C:75]([H:76])[C:73]([H:74])=[C:71]1[H:72])([H:29])[H:30])([C:31]1=[C:39]([H:40])[C:37]([H:38])=[C:35]([H:36])[C:33]([H:34])=[C:32]1[O:3][C@:41]([H:42])([H:43])[H:44])[C:45]1=[C:54]([H:55])[C:52]([H:53])=[C:50]([H:51])[C:48]([H:49])=[C:46]1[H:47])<-[C:5]1([H:6])=[C:7]->2([H:8])[C@@:9]([H:10])([H:11])[C@:12]([H:13])([H:14])[C:15]->3([H:16])=[C:17]->4([H:18])[C@@:19]([H:20])([H:21])[C@:22]1([H:23])[H:24],[H]C([H])([H])C([H])([H])N(C([H])([H])C([H])([H])[H])C([H])([H])C([H])([H])[H].[H]OC([H])([H])[H],OC([C@H](CC1=CC=C(Cl)C=C1)C2=CC=C(C(C)(C)C)C=C2)=O,OC([C@@H](CC1=CC=C(Cl)C=C1)C2=CC=C(C(C)(C)C)C=C2)=O,OC(/C(C1=CC=C(C(C)(C)C)C=C1)=C/C2=CC=C(Cl)C=C2)=O,60,20,,,,2
IAW00000923,CAT-41,SOL-2,,,REA-15,[Rh+]1234(<-[P:1]([C:21]5=[C:24]([C:25]6=[C:40]([P:2]->1([C:57]1=[C:78]([H:88])[C:89]([H:96])=[C:90]([H:97])[C:79]([H:91])=[C:58]1[H:59])[C:60]1=[C:61]([H:62])[C:63]([H:64])=[C:65]([H:66])[C:67]([H:68])=[C:69]1[H:70])[C:38]([H:39])=[C:36]([H:37])[C:35]1=[C:26]6[C:27]([H:28])=[C:29]([H:30])[C:31]([H:32])=[C:33]1[H:34])[C:74]1=[C:82]([C:81]([H:92])=[C:73]5[H:80])[C:93]([H:98])=[C:84]([H:94])[C:75]([H:83])=[C:22]1[H:23])([C:41]1=[C:42]([H:43])[C:44]([H:45])=[C:46]([H:47])[C:48]([H:49])=[C:50]1[H:51])[C:52]1=[C:53]([H:54])[C:55]([H:56])=[C:77]([H:87])[C:86]([H:95])=[C:76]1[H:85])<-[C:3]1([H:4])=[C:5]->2([H:6])[C@@:7]([H:8])([H:71])[C@@:9]([H:10])([H:72])[C:11]->3([H:12])=[C:13]->4([H:14])[C@:15]([H:16])([H:17])[C@@:18]1([H:19])[H:20],[H]C([H])([H])C([H])([H])N(C([H])([H])C([H])([H])[H])C([H])([H])C([H])([H])[H].[H]OC([H])([H])[H],OC([C@H](CC1=CC=C(Cl)C=C1)C2=CC=C(C(C)(C)C)C=C2)=O,OC([C@@H](CC1=CC=C(Cl)C=C1)C2=CC=C(C(C)(C)C)C=C2)=O,OC(/C(C1=CC=C(C(C)(C)C)C=C1)=C/C2=CC=C(Cl)C=C2)=O,60,20,,,,2
IAW00000924,CAT-42,SOL-2,,,REA-15,[Rh+2]123<-[O:44]=[C:52]([O-:45]->[Rh+2:1](<-[O:47]=[C:68]([O-:46]->1)[C@:69]([N:13]1[C:16](=[O:14])[C:17]4=[C:26]([C:24]([H:25])=[C:22]([H:23])[C:20]([H:21])=[C:18]4[H:19])[C:27]1=[O:15])([H:70])[C@@:71]([C@:72]([H:73])([H:74])[H:75])([C@:76]([H:77])([H:78])[H:79])[C@:80]([H:81])([H:82])[H:83])(<-[O-:49][C:84](=[O:48]->2)[C@:85]([N:28]1[C:31](=[O:29])[C:32]2=[C:40]([C:39]([H:118])=[C:37]([H:38])[C:35]([H:36])=[C:33]2[H:34])[C:41]1=[O:30])([H:86])[C@:87]([C@:88]([H:89])([H:90])[H:91])([C@:92]([H:93])([H:94])[H:95])[C@:96]([H:97])([H:98])[H:99])<-[O-:51][C:100](=[O:50]->3)[C@:101]([N:42]1[C:119](=[O:123])[C:124]2=[C:125]([C:120]1=[O:43])[C:127]([H:130])=[C:131]([H:133])[C:128]([H:132])=[C:126]2[H:129])([H:102])[C@@:103]([C@:104]([H:105])([H:106])[H:107])([C@:108]([H:109])([H:110])[H:111])[C@:112]([H:113])([H:114])[H:115])[C@:53]([N:2]1[C:5](=[O:3])[C:6]2=[C:11]([C:9]([H:10])=[C:117]([H:122])[C:116]([H:121])=[C:7]2[H:8])[C:12]1=[O:4])([H:54])[C@:55]([C@:56]([H:57])([H:58])[H:59])([C@:60]([H:61])([H:62])[H:63])[C@:64]([H:65])([H:66])[H:67],[H]C([H])([H])C([H])([H])N(C([H])([H])C([H])([H])[H])C([H])([H])C([H])([H])[H].[H]OC([H])([H])[H],OC([C@H](CC1=CC=C(Cl)C=C1)C2=CC=C(C(C)(C)C)C=C2)=O,OC([C@@H](CC1=CC=C(Cl)C=C1)C2=CC=C(C(C)(C)C)C=C2)=O,OC(/C(C1=CC=C(C(C)(C)C)C=C1)=C/C2=CC=C(Cl)C=C2)=O,60,20,,,,2
IAW00000925,CAT-43,SOL-2,,,REA-15,[Rh+2]123<-[O:10]=[C:20]([O-:12]->[Rh+2:1](<-[O:13]=[C:21]([O-:11]->1)[C@:23]([N:19]1[C:49](=[O:15])[C:51]4=[C:61]([C:59]([Cl:9])=[C:57]([Cl:7])[C:55]([Cl:5])=[C:53]4[Cl:3])[C:63]1=[O:17])([H:25])[C@:27]([C@:29]([H:31])([H:33])[H:69])([C@:35]([H:37])([H:39])[H:41])[C@:43]([H:45])([H:47])[H:71])(<-[O:66]=[C:72]([O-:64]->2)[C@:74]([C@@:76]([C@:82]([H:92])([H:93])[H:94])([C@:83]([H:95])([H:96])[H:97])[C@:84]([H:98])([H:99])[H:100])([N:77]1[C:85](=[O:102])[C:101]2=[C:103]([C:86]1=[O:104])[C:119]([Cl:125])=[C:124]([Cl:131])[C:122]([Cl:130])=[C:118]2[Cl:123])[H:78])<-[O-:67][C:73](=[O:65]->3)[C@@:75]([N:79]1[C:87](=[O:105])[C:106]2=[C:107]([C:88]1=[O:108])[C:121]([Cl:129])=[C:128]([Cl:133])[C:127]([Cl:132])=[C:120]2[Cl:126])([C@:80]([C@:89]([H:109])([H:110])[H:111])([C@@:90]([H:112])([H:113])[H:114])[C@:91]([H:115])([H:116])[H:117])[H:81])[C@:22]([N:18]1[C:48](=[O:14])[C:50]2=[C:60]([C:58]([Cl:8])=[C:56]([Cl:6])[C:54]([Cl:4])=[C:52]2[Cl:2])[C:62]1=[O:16])([H:24])[C@:26]([C@:28]([H:30])([H:32])[H:68])([C@:34]([H:36])([H:38])[H:40])[C@:42]([H:44])([H:46])[H:70],[H]C([H])([H])C([H])([H])N(C([H])([H])C([H])([H])[H])C([H])([H])C([H])([H])[H].[H]OC([H])([H])[H],OC([C@H](CC1=CC=C(Cl)C=C1)C2=CC=C(C(C)(C)C)C=C2)=O,OC([C@@H](CC1=CC=C(Cl)C=C1)C2=CC=C(C(C)(C)C)C=C2)=O,OC(/C(C1=CC=C(C(C)(C)C)C=C1)=C/C2=CC=C(Cl)C=C2)=O,60,20,,,,2
IAW00000926,CAT-44,SOL-2,,,REA-15,[Rh+2]123<-[O-:6][C:26](=[O:7]->[Rh+2:1](<-[O-:11][C:48](=[O:10]->1)[C@@:49]1([H:50])[N:23]([S@@:3](=[O:12])(=[O:13])[C:60]4=[C:68]([H:69])[C:66]([H:67])=[C:65]([C@@:114]([H:115])([H:116])[C@:117]([H:118])([H:119])[C@@:120]([H:121])([H:122])[C@:123]([H:124])([H:125])[C@@:126]([H:127])([H:128])[C@:129]([H:130])([H:131])[C@:132]([H:133])([H:134])[C@:135]([H:136])([H:137])[C@:138]([H:139])([H:140])[C@:141]([H:142])([H:143])[C@:144]([H:145])([H:146])[C@@:147]([H:148])([H:149])[H:150])[C:63]([H:64])=[C:61]4[H:62])[C@:57]([H:58])([H:59])[C@:54]([H:55])([H:56])[C@@:51]1([H:52])[H:53])(<-[O:15]=[C:70]([O-:14]->2)[C@@:71]1([H:72])[N:24]([S@:4](=[O:16])(=[O:17])[C:82]2=[C:90]([H:91])[C:88]([H:89])=[C:87]([C@:225]([H:226])([H:227])[C@@:228]([H:229])([H:230])[C@:231]([H:232])([H:233])[C@@:234]([H:235])([H:236])[C@:237]([H:238])([H:239])[C@@:240]([H:241])([H:242])[C@@:243]([H:244])([H:245])[C@@:246]([H:247])([H:248])[C@:249]([H:250])([H:251])[C@@:252]([H:253])([H:254])[C@:255]([H:256])([H:257])[C@@:258]([H:259])([H:260])[H:261])[C:85]([H:86])=[C:83]2[H:84])[C@:79]([H:80])([H:81])[C@:76]([H:77])([H:78])[C@:73]1([H:74])[H:75])<-[O-:19][C:92](=[O:18]->3)[C@@:93]1([H:94])[N:25]([S@:5](=[O:20])(=[O:21])[C:104]2=[C:105]([H:106])[C:107]([H:108])=[C:109]([C@@:188]([H:189])([H:190])[C@@:191]([H:192])([H:193])[C@@:194]([H:195])([H:196])[C@@:197]([H:198])([H:199])[C@@:200]([H:201])([H:202])[C@:203]([H:204])([H:205])[C@@:206]([H:207])([H:208])[C@:209]([H:210])([H:211])[C@@:212]([H:213])([H:214])[C@@:215]([H:216])([H:217])[C@@:218]([H:219])([H:220])[C@@:221]([H:222])([H:223])[H:224])[C:110]([H:111])=[C:112]2[H:113])[C@:101]([H:102])([H:103])[C@:98]([H:99])([H:100])[C@:95]1([H:96])[H:97])[C@@:27]1([H:28])[N:22]([S@@:2](=[O:8])(=[O:9])[C:38]2=[C:39]([H:40])[C:41]([H:42])=[C:43]([C@@:151]([H:152])([H:153])[C@:154]([H:155])([H:156])[C@@:157]([H:158])([H:159])[C@:160]([H:161])([H:162])[C@@:163]([H:164])([H:165])[C@:166]([H:167])([H:168])[C@@:169]([H:170])([H:171])[C@:172]([H:173])([H:174])[C@@:175]([H:176])([H:177])[C@:178]([H:179])([H:180])[C@@:181]([H:182])([H:183])[C@@:184]([H:185])([H:186])[H:187])[C:44]([H:45])=[C:46]2[H:47])[C@:35]([H:36])([H:37])[C@@:32]([H:33])([H:34])[C@:29]1([H:30])[H:31],[H]C([H])([H])C([H])([H])N(C([H])([H])C([H])([H])[H])C([H])([H])C([H])([H])[H].[H]OC([H])([H])[H],OC([C@H](CC1=CC=C(Cl)C=C1)C2=CC=C(C(C)(C)C)C=C2)=O,OC([C@@H](CC1=CC=C(Cl)C=C1)C2=CC=C(C(C)(C)C)C=C2)=O,OC(/C(C1=CC=C(C(C)(C)C)C=C1)=C/C2=CC=C(Cl)C=C2)=O,60,20,,,,2
IAW00000927,CAT-45,SOL-1,,,REA-15,[P]12([C@@:22]([C@:23]([P:1]3(->[Co+2:42]<-145(<-[O:3]=[C:40]([O-:5]->4)[C@:130]([H:131])([H:132])[C@:133]([H:134])([H:135])[C@@:136]([H:137])([H:138])[C@:139]([H:140])([H:141])[C@@:142]([H:143])([H:144])[C@:145]([H:146])([H:147])[C@@:148]([H:149])([H:150])[C@:151]([H:152])([H:153])[C@@:154]([H:155])([H:156])[C@:157]([H:158])([H:159])[C@:160]([H:161])([H:162])[C@:163]([H:164])([H:165])[C@@:166]([H:167])([H:168])[C@:169]([H:170])([H:171])[C@@:172]([H:173])([H:174])[C@:175]([H:176])([H:177])[C@@:178]([H:179])([H:180])[H:181])<-[O-:7][C:41](=[O:9]->5)[C@:78]([H:79])([H:80])[C@:81]([H:82])([H:83])[C@:84]([H:85])([H:86])[C@@:87]([H:88])([H:89])[C@:90]([H:91])([H:92])[C@:93]([H:94])([H:95])[C@:96]([H:97])([H:98])[C@:99]([H:100])([H:101])[C@:102]([H:103])([H:104])[C@:105]([H:106])([H:107])[C@@:108]([H:109])([H:110])[C@:111]([H:112])([H:113])[C@@:114]([H:115])([H:116])[C@:117]([H:118])([H:119])[C@@:120]([H:121])([H:122])[C@:123]([H:124])([H:125])[C@@:126]([H:127])([H:128])[H:129])[C@@:24]([C:28]1=[C:33]([H:60])[C:32]([H:59])=[C:31]([H:58])[C:30]([H:57])=[C:29]1[H:56])([H:54])[C@:25]([H:74])([H:75])[C@@:26]([H:76])([H:77])[C@:27]3([C:34]1=[C:35]([H:61])[C:36]([H:62])=[C:37]([H:63])[C:38]([H:64])=[C:39]1[H:65])[H:55])([H:72])[H:73])([H:70])[H:71])[C@@:2]([C:10]1=[C:11]([H:45])[C:12]([H:182])=[C:13]([H:46])[C:14]([H:47])=[C:15]1[H:48])([H:43])[C@:4]([H:66])([H:67])[C@:6]([H:68])([H:69])[C@:8]2([C:16]1=[C:17]([H:49])[C:18]([H:50])=[C:19]([H:51])[C:20]([H:52])=[C:21]1[H:53])[H:44],[H]OC([H])([H])[H],OC([C@H](CC1=CC=C(Cl)C=C1)C2=CC=C(C(C)(C)C)C=C2)=O,OC([C@@H](CC1=CC=C(Cl)C=C1)C2=CC=C(C(C)(C)C)C=C2)=O,OC(/C(C1=CC=C(C(C)(C)C)C=C1)=C/C2=CC=C(Cl)C=C2)=O,50,60,,,,2
IAW00000928,CAT-45,SOL-8,,,REA-15,[P]12([C@@:22]([C@:23]([P:1]3(->[Co+2:42]<-145(<-[O:3]=[C:40]([O-:5]->4)[C@:130]([H:131])([H:132])[C@:133]([H:134])([H:135])[C@@:136]([H:137])([H:138])[C@:139]([H:140])([H:141])[C@@:142]([H:143])([H:144])[C@:145]([H:146])([H:147])[C@@:148]([H:149])([H:150])[C@:151]([H:152])([H:153])[C@@:154]([H:155])([H:156])[C@:157]([H:158])([H:159])[C@:160]([H:161])([H:162])[C@:163]([H:164])([H:165])[C@@:166]([H:167])([H:168])[C@:169]([H:170])([H:171])[C@@:172]([H:173])([H:174])[C@:175]([H:176])([H:177])[C@@:178]([H:179])([H:180])[H:181])<-[O-:7][C:41](=[O:9]->5)[C@:78]([H:79])([H:80])[C@:81]([H:82])([H:83])[C@:84]([H:85])([H:86])[C@@:87]([H:88])([H:89])[C@:90]([H:91])([H:92])[C@:93]([H:94])([H:95])[C@:96]([H:97])([H:98])[C@:99]([H:100])([H:101])[C@:102]([H:103])([H:104])[C@:105]([H:106])([H:107])[C@@:108]([H:109])([H:110])[C@:111]([H:112])([H:113])[C@@:114]([H:115])([H:116])[C@:117]([H:118])([H:119])[C@@:120]([H:121])([H:122])[C@:123]([H:124])([H:125])[C@@:126]([H:127])([H:128])[H:129])[C@@:24]([C:28]1=[C:33]([H:60])[C:32]([H:59])=[C:31]([H:58])[C:30]([H:57])=[C:29]1[H:56])([H:54])[C@:25]([H:74])([H:75])[C@@:26]([H:76])([H:77])[C@:27]3([C:34]1=[C:35]([H:61])[C:36]([H:62])=[C:37]([H:63])[C:38]([H:64])=[C:39]1[H:65])[H:55])([H:72])[H:73])([H:70])[H:71])[C@@:2]([C:10]1=[C:11]([H:45])[C:12]([H:182])=[C:13]([H:46])[C:14]([H:47])=[C:15]1[H:48])([H:43])[C@:4]([H:66])([H:67])[C@:6]([H:68])([H:69])[C@:8]2([C:16]1=[C:17]([H:49])[C:18]([H:50])=[C:19]([H:51])[C:20]([H:52])=[C:21]1[H:53])[H:44],[H]OC(C([H])([H])[H])(C([H])([H])[H])C([H])([H])[H],OC([C@H](CC1=CC=C(Cl)C=C1)C2=CC=C(C(C)(C)C)C=C2)=O,OC([C@@H](CC1=CC=C(Cl)C=C1)C2=CC=C(C(C)(C)C)C=C2)=O,OC(/C(C1=CC=C(C(C)(C)C)C=C1)=C/C2=CC=C(Cl)C=C2)=O,40,80,,,,2
IAW00000929,CAT-46,SOL-8,,,REA-15,[P]12([C:12]3=[C:2]([H:54])[C:3]([H:4])=[C:5]([H:6])[C:7]([H:8])=[C:9]3[P:1]3(->[Co+2:76]<-1(<-[O-:71][C:72](=[O:75])[C@@:79]([H:80])([H:81])[C@@:82]([H:83])([H:84])[C@:85]([H:86])([H:87])[C@@:88]([H:89])([H:90])[C@:91]([H:92])([H:93])[C@@:94]([H:95])([H:96])[C@:97]([H:98])([H:99])[C@@:100]([H:101])([H:102])[C@:103]([H:104])([H:105])[C@@:106]([H:107])([H:108])[C@@:109]([H:110])([H:111])[C@@:112]([H:113])([H:114])[C@:115]([H:116])([H:117])[C@:118]([H:119])([H:120])[C@:121]([H:122])([H:123])[C@:124]([H:125])([H:126])[C@@:127]([H:128])([H:129])[H:130])<-[O-:73][C:74](=[O:78])[C@@:131]([H:132])([H:133])[C@@:134]([H:135])([H:136])[C@:137]([H:138])([H:139])[C@@:140]([H:141])([H:142])[C@:143]([H:144])([H:145])[C@@:146]([H:147])([H:148])[C@:149]([H:150])([H:151])[C@@:152]([H:153])([H:154])[C@:155]([H:156])([H:157])[C@@:158]([H:159])([H:160])[C@:161]([H:162])([H:163])[C@@:164]([H:165])([H:166])[C@:167]([H:168])([H:169])[C@@:170]([H:171])([H:172])[C@:173]([H:174])([H:175])[C@@:176]([H:177])([H:178])[C@@:179]([H:180])([H:181])[H:182])[C@@:24]([H:25])([C@:34]([H:35])([C@:36]([H:37])([H:38])[H:77])[C@:39]([H:40])([H:41])[H:42])[C@:26]([H:27])([H:28])[C@@:29]([H:30])([H:31])[C@:32]3([H:33])[C@@:43]([H:44])([C@:45]([H:46])([H:47])[H:48])[C@:49]([H:50])([H:51])[H:52])[C@@:10]([H:11])([C@@:15]([H:16])([C@:17]([H:18])([H:19])[H:56])[C@:20]([H:21])([H:22])[H:23])[C@@:55]([H:60])([H:61])[C@:57]([H:62])([H:63])[C@@:53]2([C@@:58]([H:13])([C@:64]([H:66])([H:67])[H:68])[C@:65]([H:14])([H:69])[H:70])[H:59],[H]OC(C([H])([H])[H])(C([H])([H])[H])C([H])([H])[H],OC([C@H](CC1=CC=C(Cl)C=C1)C2=CC=C(C(C)(C)C)C=C2)=O,OC([C@@H](CC1=CC=C(Cl)C=C1)C2=CC=C(C(C)(C)C)C=C2)=O,OC(/C(C1=CC=C(C(C)(C)C)C=C1)=C/C2=CC=C(Cl)C=C2)=O,40,80,,,,2
IAW00000930,CAT-47,SOL-8,,,REA-15,[Fe+2]123456789<-[C:3]%10([P:1]%11(->[Co+2:41](<-[P:2]%12([C:12]->1%13=[C:17]->2([H:18])[C:15]->3([H:16])=[C:14]->4([H:33])[C-:13]->5%13[H:32])[C@:29]([H:30])([C@@:148]([H:149])([H:150])[H:151])[C@:34]([H:37])([H:38])[C@:36]([H:39])([H:40])[C@@:31]%12([H:35])[C@@:156]([H:157])([H:158])[H:159])(<-[O-:42][C:45]([C@@:160]([C@@:46]([H:47])([H:48])[C@:49]([H:50])([H:51])[C@@:52]([H:53])([H:54])[C@:55]([H:56])([H:57])[C@@:58]([H:59])([H:60])[C@:61]([H:62])([H:63])[C@@:64]([H:65])([H:66])[C@:67]([H:68])([H:69])[C@@:70]([H:71])([H:72])[C@:73]([H:74])([H:75])[C@@:76]([H:77])([H:78])[C@:79]([H:80])([H:81])[C@@:82]([H:83])([H:84])[C@@:85]([H:86])([H:87])[C@@:88]([H:89])([H:90])[C@@:91]([H:92])([H:93])[H:94])([H:166])[H:167])=[O:165])<-[O-:43][C:44]([C@@:161]([C@@:95]([H:96])([H:97])[C@@:98]([H:99])([H:100])[C@:101]([H:102])([H:103])[C@@:104]([H:105])([H:106])[C@:107]([H:108])([H:109])[C@@:110]([H:111])([H:112])[C@:113]([H:114])([H:115])[C@@:116]([H:117])([H:118])[C@@:119]([H:120])([H:121])[C@@:122]([H:123])([H:124])[C@@:125]([H:126])([H:127])[C@:128]([H:129])([H:130])[C@@:131]([H:132])([H:133])[C@:134]([H:135])([H:136])[C@:137]([H:138])([H:139])[C@@:140]([H:141])([H:142])[H:143])([H:162])[H:163])=[O:164])[C@:19]([H:20])([C@@:144]([H:145])([H:146])[H:147])[C@@:21]([H:22])([H:23])[C@:24]([H:25])([H:26])[C@@:27]%11([H:28])[C@@:152]([H:153])([H:154])[H:155])=[C:4]->6([H:5])[C:6]->7([H:7])=[C:8]->8([H:9])[C-:10]->9%10[H:11],[H]OC(C([H])([H])[H])(C([H])([H])[H])C([H])([H])[H],OC([C@H](CC1=CC=C(Cl)C=C1)C2=CC=C(C(C)(C)C)C=C2)=O,OC([C@@H](CC1=CC=C(Cl)C=C1)C2=CC=C(C(C)(C)C)C=C2)=O,OC(/C(C1=CC=C(C(C)(C)C)C=C1)=C/C2=CC=C(Cl)C=C2)=O,40,80,,,,2
IAW00000931,CAT-48,SOL-1,,,REA-15,[Co+2]123<-[O-:1][C:7](=[C:8]([C:9](=[N:5]->1[C@@:10]([C@:11]([N:6]->2=[C:12]([C:13](=[C:14]([O-:2]->3)[C@@:37]([H:71])([H:72])[H:74])[C:35](=[O:4])[C@@:36]([H:68])([H:69])[H:70])[H:41])([C:26]1=[C:31]([C@@:34]([H:65])([H:66])[H:67])[C:30]([H:58])=[C:29]([C@@:33]([H:62])([H:63])[H:64])[C:28]([H:57])=[C:27]1[C@@:32]([H:59])([H:60])[H:61])[H:40])([C:17]1=[C:22]([C@@:25]([H:54])([H:55])[H:56])[C:21]([H:47])=[C:20]([C@@:24]([H:51])([H:52])[H:53])[C:19]([H:46])=[C:18]1[C@@:23]([H:48])([H:49])[H:50])[H:39])[H:38])[C:15](=[O:3])[C@@:16]([H:43])([H:44])[H:45])[C@:73]([H:42])([H:75])[H:76],[H]OC([H])([H])[H],OC([C@H](CC1=CC=C(Cl)C=C1)C2=CC=C(C(C)(C)C)C=C2)=O,OC([C@@H](CC1=CC=C(Cl)C=C1)C2=CC=C(C(C)(C)C)C=C2)=O,OC(/C(C1=CC=C(C(C)(C)C)C=C1)=C/C2=CC=C(Cl)C=C2)=O,50,60,,,,2
IAW00000932,CAT-49,SOL-1,,,REA-15,[N]12=[C:10]([C:9]3=[C:4]([O-:1]->[Co+2:40]<-14<-[N:2]([C@@:16]1([H:53])[C@@:11]2([H:44])[C@@:12]([H:45])([H:46])[C@:13]([H:47])([H:48])[C@@:14]([H:49])([H:50])[C@@:15]1([H:51])[H:52])=[C:17]([C:18]1=[C:23]([O-:3]->4)[C:22]([C@@:36]([C@@:37]([H:84])([H:85])[H:86])([C@@:38]([H:87])([H:88])[H:89])[C@@:39]([H:90])([H:91])[H:92])=[C:21]([H:56])[C:20]([C@@:32]([C@@:33]([H:75])([H:76])[H:77])([C@@:34]([H:78])([H:79])[H:80])[C@@:35]([H:81])([H:82])[H:83])=[C:19]1[H:55])[H:54])[C:5]([C@:24]([C@@:25]([H:57])([H:58])[H:59])([C@@:26]([H:60])([H:61])[H:62])[C@@:27]([H:63])([H:64])[H:65])=[C:6]([H:41])[C:7]([C@@:28]([C@@:29]([H:66])([H:67])[H:68])([C@@:30]([H:69])([H:70])[H:71])[C@@:31]([H:72])([H:73])[H:74])=[C:8]3[H:42])[H:43],[H]OC([H])([H])[H],OC([C@H](CC1=CC=C(Cl)C=C1)C2=CC=C(C(C)(C)C)C=C2)=O,OC([C@@H](CC1=CC=C(Cl)C=C1)C2=CC=C(C(C)(C)C)C=C2)=O,OC(/C(C1=CC=C(C(C)(C)C)C=C1)=C/C2=CC=C(Cl)C=C2)=O,50,60,,,,2
IAW00000933,CAT-50,SOL-1,,,REA-15,[Co+3]123(<-[Cl-:1])<-[O-:2][C:59]4=[C:62]([C@:11]([C@:12]([H:13])([H:14])[H:63])([C@:15]([H:16])([H:17])[H:18])[C@:19]([H:20])([H:21])[H:22])[C:71]([H:78])=[C:79]([C@:81]([C@@:82]([H:85])([H:86])[H:87])([C@@:83]([H:88])([H:89])[H:90])[C@:84]([H:91])([H:92])[H:93])[C:73]([H:80])=[C:66]4[C:65](=[N:58]->1[C@@:61]1([H:5])[C@@:9]([N:4]->2=[C:23]([H:24])[C:25]2=[C:26]([O-:3]->3)[C:27]([C@:33]([C@:34]([H:35])([H:36])[H:64])([C@:37]([H:38])([H:39])[H:40])[C@:41]([H:42])([H:43])[H:44])=[C:28]([H:29])[C:30]([C@@:45]([C@:46]([H:47])([H:48])[H:49])([C@:50]([H:51])([H:52])[H:53])[C@:54]([H:55])([H:56])[H:57])=[C:31]2[H:32])([H:10])[C@:6]([H:7])([H:8])[C@:60]([H:67])([H:69])[C@@:68]([H:74])([H:75])[C@:70]1([H:76])[H:77])[H:72],[H]OC([H])([H])[H],OC([C@H](CC1=CC=C(Cl)C=C1)C2=CC=C(C(C)(C)C)C=C2)=O,OC([C@@H](CC1=CC=C(Cl)C=C1)C2=CC=C(C(C)(C)C)C=C2)=O,OC(/C(C1=CC=C(C(C)(C)C)C=C1)=C/C2=CC=C(Cl)C=C2)=O,50,60,,,,2
IAW00000934,CAT-51,SOL-1,,,REA-15,[Co+3]123(<-[O-:1][C:58]4=[C:61]([C@:10]([C@:11]([H:12])([H:13])[H:62])([C@:14]([H:15])([H:16])[H:17])[C@:18]([H:19])([H:20])[H:21])[C:70]([H:77])=[C:78]([C@:80]([C@@:81]([H:84])([H:85])[H:86])([C@@:82]([H:87])([H:88])[H:89])[C@:83]([H:90])([H:91])[H:92])[C:72]([H:79])=[C:65]4[C:64](=[N:57]->1[C@:60]1([H:4])[C@:8]([N:3]->2=[C:22]([H:23])[C:24]2=[C:25]([O-:2]->3)[C:26]([C@:32]([C@:33]([H:34])([H:35])[H:63])([C@:36]([H:37])([H:38])[H:39])[C@:40]([H:41])([H:42])[H:43])=[C:27]([H:28])[C:29]([C@@:44]([C@:45]([H:46])([H:47])[H:48])([C@:49]([H:50])([H:51])[H:52])[C@:53]([H:54])([H:55])[H:56])=[C:30]2[H:31])([H:9])[C@:5]([H:6])([H:7])[C@:59]([H:66])([H:68])[C@@:67]([H:73])([H:74])[C@:69]1([H:75])[H:76])[H:71])<-[O-:93][S@@:108]([C:94]1=[C:95]([H:100])[C:96]([H:101])=[C:97]([C@@:104]([H:105])([H:106])[H:107])[C:98]([H:102])=[C:99]1[H:103])(=[O:109])=[O:110],[H]OC([H])([H])[H],OC([C@H](CC1=CC=C(Cl)C=C1)C2=CC=C(C(C)(C)C)C=C2)=O,OC([C@@H](CC1=CC=C(Cl)C=C1)C2=CC=C(C(C)(C)C)C=C2)=O,OC(/C(C1=CC=C(C(C)(C)C)C=C1)=C/C2=CC=C(Cl)C=C2)=O,50,60,,,,2
IAW00000935,CAT-52,SOL-9,,,REA-15,[Fe+2]123456789<-[C:3]%10([P:1]%11(->[Ni+2:71](<-[P:2]%12([C:12]->1%13=[C:17]->2([H:18])[C:15]->3([H:16])=[C:14]->4([H:33])[C-:13]->5%13[H:32])[C@:29]([H:30])([C@@:49]([H:50])([H:51])[H:52])[C@:34]([H:37])([H:38])[C@:36]([H:39])([H:40])[C@@:31]%12([H:35])[C@@:57]([H:58])([H:59])[H:60])(<-[O-:41][C:44]([C@@:61]([H:67])([H:68])[H:69])=[O:66])<-[O-:42][C:43]([C@@:62]([H:63])([H:64])[H:70])=[O:65])[C@:19]([H:20])([C@@:45]([H:46])([H:47])[H:48])[C@@:21]([H:22])([H:23])[C@:24]([H:25])([H:26])[C@@:27]%11([H:28])[C@@:53]([H:54])([H:55])[H:56])=[C:4]->6([H:5])[C:6]->7([H:7])=[C:8]->8([H:9])[C-:10]->9%10[H:11],[H]OC([H])([H])C(F)(F)F,OC([C@H](CC1=CC=C(Cl)C=C1)C2=CC=C(C(C)(C)C)C=C2)=O,OC([C@@H](CC1=CC=C(Cl)C=C1)C2=CC=C(C(C)(C)C)C=C2)=O,OC(/C(C1=CC=C(C(C)(C)C)C=C1)=C/C2=CC=C(Cl)C=C2)=O,50,30,,,,2
IAW00000936,CAT-53,SOL-9,,,REA-15,C12[P:44]3(->[Ni+2:46](<-[O-:41][C:34]([C@:35]([H:36])([H:37])[H:38])=[O:40])(<-[O-:42][C:39](=[O:43])[C@@:48]([H:53])([H:54])[H:55])<-[P:45]4([C:1]1=[C:2]([H:3])[C:4]([H:5])=[C:6]([H:7])[C:8]=2[H:9])[C@:28]([H:29])([C@:30]([H:31])([H:32])[H:33])[C@@:47]([H:50])([H:51])[C@:52]([H:58])([H:59])[C@@:49]4([H:56])[C@@:57]([H:60])([H:61])[H:62])[C@@:14]([C@:10]([H:11])([H:12])[H:13])([H:15])[C@@:16]([H:17])([H:18])[C@@:19]([H:20])([H:21])[C@@:22]3([H:23])[C@:24]([H:25])([H:26])[H:27],[H]OC([H])([H])C(F)(F)F,OC([C@H](CC1=CC=C(Cl)C=C1)C2=CC=C(C(C)(C)C)C=C2)=O,OC([C@@H](CC1=CC=C(Cl)C=C1)C2=CC=C(C(C)(C)C)C=C2)=O,OC(/C(C1=CC=C(C(C)(C)C)C=C1)=C/C2=CC=C(Cl)C=C2)=O,50,30,,,,2
IAW00000937,CAT-54,SOL-9,,,REA-15,[P]12([C@@:22]([C@:23]([P:1]3(->[Ni+2:86]<-1(<-[O-:5][C:40](=[O:3])[C@:80]([H:81])([H:82])[H:84])<-[O-:7][C:41](=[O:9])[C@:77]([H:78])([H:79])[H:85])[C@@:24]([C:28]1=[C:33]([H:59])[C:32]([H:58])=[C:31]([H:57])[C:30]([H:56])=[C:29]1[H:55])([H:53])[C@:25]([H:73])([H:74])[C@@:26]([H:75])([H:76])[C@:27]3([C:34]1=[C:35]([H:60])[C:36]([H:61])=[C:37]([H:62])[C:38]([H:63])=[C:39]1[H:64])[H:54])([H:71])[H:72])([H:69])[H:70])[C@@:2]([C:10]1=[C:11]([H:44])[C:12]([H:83])=[C:13]([H:45])[C:14]([H:46])=[C:15]1[H:47])([H:42])[C@:4]([H:65])([H:66])[C@:6]([H:67])([H:68])[C@:8]2([C:16]1=[C:17]([H:48])[C:18]([H:49])=[C:19]([H:50])[C:20]([H:51])=[C:21]1[H:52])[H:43],[H]OC([H])([H])C(F)(F)F,OC([C@H](CC1=CC=C(Cl)C=C1)C2=CC=C(C(C)(C)C)C=C2)=O,OC([C@@H](CC1=CC=C(Cl)C=C1)C2=CC=C(C(C)(C)C)C=C2)=O,OC(/C(C1=CC=C(C(C)(C)C)C=C1)=C/C2=CC=C(Cl)C=C2)=O,50,30,,,,2
IAW00000938,CAT-55,SOL-9,,,REA-15,[P]12([C:12]3=[C:2]([H:54])[C:3]([H:4])=[C:5]([H:6])[C:7]([H:8])=[C:9]3[P:1]3(->[Ni+2:86]<-1(<-[O-:71][C:72](=[O:75])[C@@:78]([H:79])([H:80])[H:84])<-[O-:73][C:74](=[O:77])[C@@:81]([H:82])([H:83])[H:85])[C@@:24]([H:25])([C@:34]([H:35])([C@:36]([H:37])([H:38])[H:76])[C@:39]([H:40])([H:41])[H:42])[C@:26]([H:27])([H:28])[C@@:29]([H:30])([H:31])[C@:32]3([H:33])[C@@:43]([H:44])([C@:45]([H:46])([H:47])[H:48])[C@:49]([H:50])([H:51])[H:52])[C@@:10]([H:11])([C@@:15]([H:16])([C@:17]([H:18])([H:19])[H:56])[C@:20]([H:21])([H:22])[H:23])[C@@:55]([H:60])([H:61])[C@:57]([H:62])([H:63])[C@@:53]2([C@@:58]([H:13])([C@:64]([H:66])([H:67])[H:68])[C@:65]([H:14])([H:69])[H:70])[H:59],[H]OC([H])([H])C(F)(F)F,OC([C@H](CC1=CC=C(Cl)C=C1)C2=CC=C(C(C)(C)C)C=C2)=O,OC([C@@H](CC1=CC=C(Cl)C=C1)C2=CC=C(C(C)(C)C)C=C2)=O,OC(/C(C1=CC=C(C(C)(C)C)C=C1)=C/C2=CC=C(Cl)C=C2)=O,50,30,,,,2
IAW00000939,CAT-56,SOL-9,,,REA-15,[Ni+2]1(<-[P:1]([C:2]2=[C:9]([H:10])[C:23]([H:24])=[C:34]([H:39])[C:38]([H:48])=[C:33]2[P:31]->1([C@@:35]([C@:40]([H:49])([H:50])[H:51])([C@:41]([H:52])([H:53])[H:54])[C@:42]([H:55])([H:56])[H:57])[C@:36]([H:43])([H:44])[H:45])([C@:8]([C@:4]([H:5])([H:6])[H:7])([C@:11]([H:12])([H:13])[H:14])[C@:15]([H:16])([H:17])[H:18])[C@:19]([H:20])([H:21])[H:22])(<-[O-:3][C:26](=[O:25])[C@:27]([H:28])([H:29])[H:30])<-[O-:32][C:37](=[O:46])[C@:47]([H:58])([H:59])[H:60],[H]OC([H])([H])C(F)(F)F,OC([C@H](CC1=CC=C(Cl)C=C1)C2=CC=C(C(C)(C)C)C=C2)=O,OC([C@@H](CC1=CC=C(Cl)C=C1)C2=CC=C(C(C)(C)C)C=C2)=O,OC(/C(C1=CC=C(C(C)(C)C)C=C1)=C/C2=CC=C(Cl)C=C2)=O,50,30,,,,2
IAW00000940,CAT-57,SOL-1,,,REA-15,[Br-]->[Ni+2:1]12(<-[N:2]([H:3])([C@:28]3([H:29])[C@@:9]([H:10])([H:11])[C@@:35]([H:36])([H:37])[C@:38]([H:39])([H:40])[C@:12]([H:13])([H:14])[C@:17]3([N:7]->1([H:8])[C@:59]([H:60])([H:61])[C:70]1=[C:81]([H:92])[C:91]([H:96])=[C:95]([H:97])[C:90]([H:94])=[C:80]1[H:89])[H:18])[C@:30]([C:16]1=[C:26]([H:27])[C:20]([H:21])=[C:41]([H:42])[C:33]([H:34])=[C:22]1[H:23])([H:31])[H:32])(<-[N:4]([C@@:24]1([H:25])[C@@:19]([N:5]->2([H:6])[C@:54]([C:47]2=[C:50]([H:51])[C:52]([H:53])=[C:57]([H:58])[C:62]([H:63])=[C:48]2[H:49])([H:55])[H:56])([H:65])[C@@:66]([H:15])([H:72])[C@:71]([H:82])([H:83])[C@:75]([H:84])([H:85])[C@:67]1([H:73])[H:74])([C@:43]([H:44])([H:45])[C:46]1=[C:69]([H:79])[C:78]([H:88])=[C:86]([H:93])[C:76]([H:87])=[C:68]1[H:77])[H:98])<-[Br-:64],[H]OC([H])([H])[H],OC([C@H](CC1=CC=C(Cl)C=C1)C2=CC=C(C(C)(C)C)C=C2)=O,OC([C@@H](CC1=CC=C(Cl)C=C1)C2=CC=C(C(C)(C)C)C=C2)=O,OC(/C(C1=CC=C(C(C)(C)C)C=C1)=C/C2=CC=C(Cl)C=C2)=O,50,60,,,,2
IAW00000941,CAT-58,SOL-1,,,REA-15,[N-]12[C:3](=[O:2])[C@@:4]3([H:5])[N:1]([C@:25]([C:28]4=[C:33]([H:14])[C:38]([H:48])=[C:49]([H:56])[C:39]([H:50])=[C:34]4[H:40])([H:29])[H:30])(->[Ni+2:58]<-14<-[N:32](=[C:27]([C:15]1=[C:16]2[C:17]([H:18])=[C:19]([H:20])[C:21]([H:22])=[C:23]1[H:24])[C:31]1=[C:36]([H:43])[C:44]([H:53])=[C:51]([H:57])[C:42]([H:52])=[C:35]1[H:41])[C@@:37]([H:45])([H:46])[C:47]([O-:54]->4)=[O:55])[C@@:12]([H:13])([H:26])[C@:9]([H:10])([H:11])[C@:6]3([H:7])[H:8],[H]OC([H])([H])[H],OC([C@H](CC1=CC=C(Cl)C=C1)C2=CC=C(C(C)(C)C)C=C2)=O,OC([C@@H](CC1=CC=C(Cl)C=C1)C2=CC=C(C(C)(C)C)C=C2)=O,OC(/C(C1=CC=C(C(C)(C)C)C=C1)=C/C2=CC=C(Cl)C=C2)=O,60,20,,,,2
IAW00000942,CAT-59,SOL-1,,,REA-15,[Pd+2]1(<-[P:63]([C:3]2=[C:1]([C:2]3=[C:4]([P:64]->1([C:24]1=[C:26]([H:28])[C:30]([H:32])=[C:34]([H:74])[C:36]([H:76])=[C:38]1[H:40])[C:42]1=[C:60]([H:62])[C:56]([H:58])=[C:52]([H:54])[C:48]([H:50])=[C:44]1[H:46])[C:6]([H:8])=[C:10]([H:12])[C:14]1=[C:22]3[C:18]([H:20])=[C:72]([H:80])[C:69]([H:78])=[C:16]1[H:70])[C:21]1=[C:13]([C:9]([H:11])=[C:5]2[H:7])[C:15]([H:68])=[C:67]([H:77])[C:71]([H:79])=[C:17]1[H:19])([C:23]1=[C:25]([H:27])[C:29]([H:31])=[C:33]([H:73])[C:35]([H:75])=[C:37]1[H:39])[C:41]1=[C:43]([H:45])[C:47]([H:49])=[C:51]([H:53])[C:55]([H:57])=[C:59]1[H:61])(<-[Cl-:65])<-[Cl-:66],[H]OC([H])([H])[H],OC([C@H](CC1=CC=C(Cl)C=C1)C2=CC=C(C(C)(C)C)C=C2)=O,OC([C@@H](CC1=CC=C(Cl)C=C1)C2=CC=C(C(C)(C)C)C=C2)=O,OC(/C(C1=CC=C(C(C)(C)C)C=C1)=C/C2=CC=C(Cl)C=C2)=O,60,20,,,,2
IAW00000943,CAT-60,SOL-1,,,REA-15,[Pd+2]123(<-[N:2]4=[C:12]([C:13]([N-:5]->1[C@:14]([C@:15]([H:34])([H:35])[H:36])([C:16]1=[N:8]->2[C:20]([H:33])=[C:19]([H:32])[C:18]([H:31])=[C:17]1[H:30])[H:29])=[O:9])[C:11]([H:28])=[C:10]([H:27])[C:7]([H:26])=[C:4]4[C@:1]([F:23])([F:24])[F:25])<-[O-:3][C:21](=[O:6]->3)[C@:22]([H:37])([H:38])[H:39],[H]OC([H])([H])[H],OC([C@H](CC1=CC=C(Cl)C=C1)C2=CC=C(C(C)(C)C)C=C2)=O,OC([C@@H](CC1=CC=C(Cl)C=C1)C2=CC=C(C(C)(C)C)C=C2)=O,OC(/C(C1=CC=C(C(C)(C)C)C=C1)=C/C2=CC=C(Cl)C=C2)=O,60,20,,,,2
IAW00000944,CAT-61,SOL-1,,,REA-15,[Cr+3]123(<-[Cl-:1])<-[N:2]([C@:6]4([H:7])[C@:8]([H:9])([H:10])[C@@:11]([H:12])([H:13])[C@@:14]([H:78])([H:79])[C@@:15]([H:16])([H:17])[C@:18]4([N:3]->1=[C:42]([H:43])[C:44]1=[C:45]([O-:5]->2)[C:46]([C@:52]([C@:54]([H:55])([H:56])[H:57])([C@:58]([H:59])([H:60])[H:61])[C@:62]([H:63])([H:64])[H:65])=[C:47]([H:48])[C:49]([C@:53]([C@:66]([H:67])([H:68])[H:69])([C@:70]([H:71])([H:72])[H:73])[C@:74]([H:75])([H:76])[H:77])=[C:50]1[H:51])[H:19])=[C:20]([H:21])[C:22]1=[C:23]([O-:4]->3)[C:24]([C@@:80]([C@:31]([H:32])([H:33])[H:83])([C@@:84]([H:89])([H:90])[H:91])[C@@:85]([H:30])([H:92])[H:93])=[C:25]([H:81])[C:26]([C@@:29]([C@:34]([H:35])([H:36])[H:37])([C@:38]([H:39])([H:40])[H:41])[C@:82]([H:86])([H:87])[H:88])=[C:27]1[H:28],[H]OC([H])([H])[H],OC([C@H](CC1=CC=C(Cl)C=C1)C2=CC=C(C(C)(C)C)C=C2)=O,OC([C@@H](CC1=CC=C(Cl)C=C1)C2=CC=C(C(C)(C)C)C=C2)=O,OC(/C(C1=CC=C(C(C)(C)C)C=C1)=C/C2=CC=C(Cl)C=C2)=O,50,60,,,,2
IAW00000945,CAT-62,SOL-1,,,REA-15,[Mn+3]123(<-[Cl-:1])<-[O-:2][C:6]4=[C:7]([C@:42]([C@:44]([H:45])([H:46])[H:47])([C@:48]([H:49])([H:50])[H:51])[C@@:79]([H:43])([H:86])[H:87])[C:8]([H:9])=[C:10]([C@@:52]([C@:53]([H:54])([H:55])[H:56])([C@:57]([H:58])([H:59])[H:80])[C@:60]([H:61])([H:62])[H:81])[C:11]([H:12])=[C:13]4[C:14](=[N:4]->1[C@:16]1([H:17])[C@:18]([H:19])([H:20])[C@@:21]([H:22])([H:23])[C@:24]([H:25])([H:26])[C@@:27]([H:28])([H:29])[C@:30]1([N:5]->2=[C:32]([H:33])[C:34]1=[C:35]([H:36])[C:37]([C@@:63]([C@:64]([H:65])([H:66])[H:67])([C@:68]([H:69])([H:70])[H:82])[C@:71]([H:72])([H:73])[H:74])=[C:38]([H:39])[C:40]([C@:78]([C@@:75]([H:76])([H:77])[H:83])([C@:84]([H:88])([H:89])[H:90])[C@:85]([H:91])([H:92])[H:93])=[C:41]1[O-:3]->3)[H:31])[H:15],[H]OC([H])([H])[H],OC([C@H](CC1=CC=C(Cl)C=C1)C2=CC=C(C(C)(C)C)C=C2)=O,OC([C@@H](CC1=CC=C(Cl)C=C1)C2=CC=C(C(C)(C)C)C=C2)=O,OC(/C(C1=CC=C(C(C)(C)C)C=C1)=C/C2=CC=C(Cl)C=C2)=O,50,60,,,,2
IAW00000946,CAT-1,SOL-1,,,REA-16,[Ru+2]123(<-[P:1]([C:7]4=[C:8]([H:40])[C:60]([H:66])=[C:67]5[C:61](=[C:9]4[C:15]4=[C:14]6[C:13](=[C:12]([H:42])[C:11]([H:41])=[C:10]4[P:2]->1([C:28]1=[C:29]([H:54])[C:30]([H:55])=[C:31]([H:56])[C:32]([H:57])=[C:33]1[H:58])[C:34]1=[C:35]([H:59])[C:65]([H:74])=[C:75]([H:82])[C:73]([H:81])=[C:64]1[H:72])[C:62]([H:43])=[C:69]([H:79])[C:71]([H:80])=[C:63]6[H:70])[C:68]([H:77])=[C:78]([H:85])[C:83]([H:86])=[C:76]5[H:84])([C:16]1=[C:21]([H:48])[C:20]([H:47])=[C:19]([H:46])[C:18]([H:45])=[C:17]1[H:44])[C:22]1=[C:27]([H:53])[C:26]([H:52])=[C:25]([H:51])[C:24]([H:50])=[C:23]1[H:49])(<-[O-:3][C:36](=[O:4]->2)[C@@:37]([H:87])([H:88])[H:92])<-[O:5]=[C:38]([O-:6]->3)[C@@:39]([H:89])([H:90])[H:91],[H]OC([H])([H])[H],OC([C@H](CC1=CC=C(C)C=C1)C2=CC=C(C(C)(C)C)C=C2)=O,OC([C@@H](CC1=CC=C(C)C=C1)C2=CC=C(C(C)(C)C)C=C2)=O,OC(/C(C1=CC=C(C(C)(C)C)C=C1)=C/C2=CC=C(C)C=C2)=O,60,5,,,,2
IAW00000947,CAT-1,SOL-1,,,REA-16,[Ru+2]123(<-[P:1]([C:7]4=[C:8]([H:40])[C:60]([H:66])=[C:67]5[C:61](=[C:9]4[C:15]4=[C:14]6[C:13](=[C:12]([H:42])[C:11]([H:41])=[C:10]4[P:2]->1([C:28]1=[C:29]([H:54])[C:30]([H:55])=[C:31]([H:56])[C:32]([H:57])=[C:33]1[H:58])[C:34]1=[C:35]([H:59])[C:65]([H:74])=[C:75]([H:82])[C:73]([H:81])=[C:64]1[H:72])[C:62]([H:43])=[C:69]([H:79])[C:71]([H:80])=[C:63]6[H:70])[C:68]([H:77])=[C:78]([H:85])[C:83]([H:86])=[C:76]5[H:84])([C:16]1=[C:21]([H:48])[C:20]([H:47])=[C:19]([H:46])[C:18]([H:45])=[C:17]1[H:44])[C:22]1=[C:27]([H:53])[C:26]([H:52])=[C:25]([H:51])[C:24]([H:50])=[C:23]1[H:49])(<-[O-:3][C:36](=[O:4]->2)[C@@:37]([H:87])([H:88])[H:92])<-[O:5]=[C:38]([O-:6]->3)[C@@:39]([H:89])([H:90])[H:91],[H]OC([H])([H])[H],OC([C@H](CC1=CC=C(C)C=C1)C2=CC=C(C(C)(C)C)C=C2)=O,OC([C@@H](CC1=CC=C(C)C=C1)C2=CC=C(C(C)(C)C)C=C2)=O,OC(/C(C1=CC=C(C(C)(C)C)C=C1)=C/C2=CC=C(C)C=C2)=O,60,10,,,,2
IAW00000948,CAT-1,SOL-1,,,REA-16,[Ru+2]123(<-[P:1]([C:7]4=[C:8]([H:40])[C:60]([H:66])=[C:67]5[C:61](=[C:9]4[C:15]4=[C:14]6[C:13](=[C:12]([H:42])[C:11]([H:41])=[C:10]4[P:2]->1([C:28]1=[C:29]([H:54])[C:30]([H:55])=[C:31]([H:56])[C:32]([H:57])=[C:33]1[H:58])[C:34]1=[C:35]([H:59])[C:65]([H:74])=[C:75]([H:82])[C:73]([H:81])=[C:64]1[H:72])[C:62]([H:43])=[C:69]([H:79])[C:71]([H:80])=[C:63]6[H:70])[C:68]([H:77])=[C:78]([H:85])[C:83]([H:86])=[C:76]5[H:84])([C:16]1=[C:21]([H:48])[C:20]([H:47])=[C:19]([H:46])[C:18]([H:45])=[C:17]1[H:44])[C:22]1=[C:27]([H:53])[C:26]([H:52])=[C:25]([H:51])[C:24]([H:50])=[C:23]1[H:49])(<-[O-:3][C:36](=[O:4]->2)[C@@:37]([H:87])([H:88])[H:92])<-[O:5]=[C:38]([O-:6]->3)[C@@:39]([H:89])([H:90])[H:91],[H]OC([H])([H])[H],OC([C@H](CC1=CC=C(C)C=C1)C2=CC=C(C(C)(C)C)C=C2)=O,OC([C@@H](CC1=CC=C(C)C=C1)C2=CC=C(C(C)(C)C)C=C2)=O,OC(/C(C1=CC=C(C(C)(C)C)C=C1)=C/C2=CC=C(C)C=C2)=O,60,30,,,,2
IAW00000949,CAT-1,SOL-1,,,REA-16,[Ru+2]123(<-[P:1]([C:7]4=[C:8]([H:40])[C:60]([H:66])=[C:67]5[C:61](=[C:9]4[C:15]4=[C:14]6[C:13](=[C:12]([H:42])[C:11]([H:41])=[C:10]4[P:2]->1([C:28]1=[C:29]([H:54])[C:30]([H:55])=[C:31]([H:56])[C:32]([H:57])=[C:33]1[H:58])[C:34]1=[C:35]([H:59])[C:65]([H:74])=[C:75]([H:82])[C:73]([H:81])=[C:64]1[H:72])[C:62]([H:43])=[C:69]([H:79])[C:71]([H:80])=[C:63]6[H:70])[C:68]([H:77])=[C:78]([H:85])[C:83]([H:86])=[C:76]5[H:84])([C:16]1=[C:21]([H:48])[C:20]([H:47])=[C:19]([H:46])[C:18]([H:45])=[C:17]1[H:44])[C:22]1=[C:27]([H:53])[C:26]([H:52])=[C:25]([H:51])[C:24]([H:50])=[C:23]1[H:49])(<-[O-:3][C:36](=[O:4]->2)[C@@:37]([H:87])([H:88])[H:92])<-[O:5]=[C:38]([O-:6]->3)[C@@:39]([H:89])([H:90])[H:91],[H]OC([H])([H])[H],OC([C@H](CC1=CC=C(C)C=C1)C2=CC=C(C(C)(C)C)C=C2)=O,OC([C@@H](CC1=CC=C(C)C=C1)C2=CC=C(C(C)(C)C)C=C2)=O,OC(/C(C1=CC=C(C(C)(C)C)C=C1)=C/C2=CC=C(C)C=C2)=O,60,50,,,,2
IAW00000950,CAT-1,SOL-1,,,REA-16,[Ru+2]123(<-[P:1]([C:7]4=[C:8]([H:40])[C:60]([H:66])=[C:67]5[C:61](=[C:9]4[C:15]4=[C:14]6[C:13](=[C:12]([H:42])[C:11]([H:41])=[C:10]4[P:2]->1([C:28]1=[C:29]([H:54])[C:30]([H:55])=[C:31]([H:56])[C:32]([H:57])=[C:33]1[H:58])[C:34]1=[C:35]([H:59])[C:65]([H:74])=[C:75]([H:82])[C:73]([H:81])=[C:64]1[H:72])[C:62]([H:43])=[C:69]([H:79])[C:71]([H:80])=[C:63]6[H:70])[C:68]([H:77])=[C:78]([H:85])[C:83]([H:86])=[C:76]5[H:84])([C:16]1=[C:21]([H:48])[C:20]([H:47])=[C:19]([H:46])[C:18]([H:45])=[C:17]1[H:44])[C:22]1=[C:27]([H:53])[C:26]([H:52])=[C:25]([H:51])[C:24]([H:50])=[C:23]1[H:49])(<-[O-:3][C:36](=[O:4]->2)[C@@:37]([H:87])([H:88])[H:92])<-[O:5]=[C:38]([O-:6]->3)[C@@:39]([H:89])([H:90])[H:91],[H]OC([H])([H])[H],OC([C@H](CC1=CC=C(C)C=C1)C2=CC=C(C(C)(C)C)C=C2)=O,OC([C@@H](CC1=CC=C(C)C=C1)C2=CC=C(C(C)(C)C)C=C2)=O,OC(/C(C1=CC=C(C(C)(C)C)C=C1)=C/C2=CC=C(C)C=C2)=O,60,70,,,,2
IAW00000951,CAT-1,SOL-1,,,REA-16,[Ru+2]123(<-[P:1]([C:7]4=[C:8]([H:40])[C:60]([H:66])=[C:67]5[C:61](=[C:9]4[C:15]4=[C:14]6[C:13](=[C:12]([H:42])[C:11]([H:41])=[C:10]4[P:2]->1([C:28]1=[C:29]([H:54])[C:30]([H:55])=[C:31]([H:56])[C:32]([H:57])=[C:33]1[H:58])[C:34]1=[C:35]([H:59])[C:65]([H:74])=[C:75]([H:82])[C:73]([H:81])=[C:64]1[H:72])[C:62]([H:43])=[C:69]([H:79])[C:71]([H:80])=[C:63]6[H:70])[C:68]([H:77])=[C:78]([H:85])[C:83]([H:86])=[C:76]5[H:84])([C:16]1=[C:21]([H:48])[C:20]([H:47])=[C:19]([H:46])[C:18]([H:45])=[C:17]1[H:44])[C:22]1=[C:27]([H:53])[C:26]([H:52])=[C:25]([H:51])[C:24]([H:50])=[C:23]1[H:49])(<-[O-:3][C:36](=[O:4]->2)[C@@:37]([H:87])([H:88])[H:92])<-[O:5]=[C:38]([O-:6]->3)[C@@:39]([H:89])([H:90])[H:91],[H]OC([H])([H])[H],OC([C@H](CC1=CC=C(C)C=C1)C2=CC=C(C(C)(C)C)C=C2)=O,OC([C@@H](CC1=CC=C(C)C=C1)C2=CC=C(C(C)(C)C)C=C2)=O,OC(/C(C1=CC=C(C(C)(C)C)C=C1)=C/C2=CC=C(C)C=C2)=O,60,90,,,,2
IAW00000952,CAT-1,SOL-1,,,REA-16,[Ru+2]123(<-[P:1]([C:7]4=[C:8]([H:40])[C:60]([H:66])=[C:67]5[C:61](=[C:9]4[C:15]4=[C:14]6[C:13](=[C:12]([H:42])[C:11]([H:41])=[C:10]4[P:2]->1([C:28]1=[C:29]([H:54])[C:30]([H:55])=[C:31]([H:56])[C:32]([H:57])=[C:33]1[H:58])[C:34]1=[C:35]([H:59])[C:65]([H:74])=[C:75]([H:82])[C:73]([H:81])=[C:64]1[H:72])[C:62]([H:43])=[C:69]([H:79])[C:71]([H:80])=[C:63]6[H:70])[C:68]([H:77])=[C:78]([H:85])[C:83]([H:86])=[C:76]5[H:84])([C:16]1=[C:21]([H:48])[C:20]([H:47])=[C:19]([H:46])[C:18]([H:45])=[C:17]1[H:44])[C:22]1=[C:27]([H:53])[C:26]([H:52])=[C:25]([H:51])[C:24]([H:50])=[C:23]1[H:49])(<-[O-:3][C:36](=[O:4]->2)[C@@:37]([H:87])([H:88])[H:92])<-[O:5]=[C:38]([O-:6]->3)[C@@:39]([H:89])([H:90])[H:91],[H]OC([H])([H])[H],OC([C@H](CC1=CC=C(C)C=C1)C2=CC=C(C(C)(C)C)C=C2)=O,OC([C@@H](CC1=CC=C(C)C=C1)C2=CC=C(C(C)(C)C)C=C2)=O,OC(/C(C1=CC=C(C(C)(C)C)C=C1)=C/C2=CC=C(C)C=C2)=O,60,100,,,,2
IAW00000953,CAT-1,SOL-1,,,REA-16,[Ru+2]123(<-[P:1]([C:7]4=[C:8]([H:40])[C:60]([H:66])=[C:67]5[C:61](=[C:9]4[C:15]4=[C:14]6[C:13](=[C:12]([H:42])[C:11]([H:41])=[C:10]4[P:2]->1([C:28]1=[C:29]([H:54])[C:30]([H:55])=[C:31]([H:56])[C:32]([H:57])=[C:33]1[H:58])[C:34]1=[C:35]([H:59])[C:65]([H:74])=[C:75]([H:82])[C:73]([H:81])=[C:64]1[H:72])[C:62]([H:43])=[C:69]([H:79])[C:71]([H:80])=[C:63]6[H:70])[C:68]([H:77])=[C:78]([H:85])[C:83]([H:86])=[C:76]5[H:84])([C:16]1=[C:21]([H:48])[C:20]([H:47])=[C:19]([H:46])[C:18]([H:45])=[C:17]1[H:44])[C:22]1=[C:27]([H:53])[C:26]([H:52])=[C:25]([H:51])[C:24]([H:50])=[C:23]1[H:49])(<-[O-:3][C:36](=[O:4]->2)[C@@:37]([H:87])([H:88])[H:92])<-[O:5]=[C:38]([O-:6]->3)[C@@:39]([H:89])([H:90])[H:91],[H]OC([H])([H])[H],OC([C@H](CC1=CC=C(C)C=C1)C2=CC=C(C(C)(C)C)C=C2)=O,OC([C@@H](CC1=CC=C(C)C=C1)C2=CC=C(C(C)(C)C)C=C2)=O,OC(/C(C1=CC=C(C(C)(C)C)C=C1)=C/C2=CC=C(C)C=C2)=O,50,100,,,,2
IAW00000954,CAT-1,SOL-1,,,REA-16,[Ru+2]123(<-[P:1]([C:7]4=[C:8]([H:40])[C:60]([H:66])=[C:67]5[C:61](=[C:9]4[C:15]4=[C:14]6[C:13](=[C:12]([H:42])[C:11]([H:41])=[C:10]4[P:2]->1([C:28]1=[C:29]([H:54])[C:30]([H:55])=[C:31]([H:56])[C:32]([H:57])=[C:33]1[H:58])[C:34]1=[C:35]([H:59])[C:65]([H:74])=[C:75]([H:82])[C:73]([H:81])=[C:64]1[H:72])[C:62]([H:43])=[C:69]([H:79])[C:71]([H:80])=[C:63]6[H:70])[C:68]([H:77])=[C:78]([H:85])[C:83]([H:86])=[C:76]5[H:84])([C:16]1=[C:21]([H:48])[C:20]([H:47])=[C:19]([H:46])[C:18]([H:45])=[C:17]1[H:44])[C:22]1=[C:27]([H:53])[C:26]([H:52])=[C:25]([H:51])[C:24]([H:50])=[C:23]1[H:49])(<-[O-:3][C:36](=[O:4]->2)[C@@:37]([H:87])([H:88])[H:92])<-[O:5]=[C:38]([O-:6]->3)[C@@:39]([H:89])([H:90])[H:91],[H]OC([H])([H])[H],OC([C@H](CC1=CC=C(C)C=C1)C2=CC=C(C(C)(C)C)C=C2)=O,OC([C@@H](CC1=CC=C(C)C=C1)C2=CC=C(C(C)(C)C)C=C2)=O,OC(/C(C1=CC=C(C(C)(C)C)C=C1)=C/C2=CC=C(C)C=C2)=O,40,100,,,,2
IAW00000955,CAT-2,SOL-1,,,REA-16,[Ru+2]123(<-[P:1]([C:9]4=[C:17]([H:19])[C:11]([H:67])=[C:27]([H:68])[C:41]([H:69])=[C:13]4[H:15])([C:25]4=[C:31]([H:33])[C:23]([H:70])=[C:43]([H:71])[C:53]([H:72])=[C:49]4[H:51])[C:39]4=[C:21]([C:22]5=[C:8]6[O:4][C@:56]([H:58])([H:60])[O:6][C:30]6=[C:36]([H:38])[C:46]([H:48])=[C:40]5[P:2]->1([C:10]1=[C:14]([H:16])[C:42]([H:64])=[C:28]([H:65])[C:12]([H:66])=[C:18]1[H:20])[C:26]1=[C:32]([H:34])[C:24]([H:63])=[C:44]([H:62])[C:54]([H:61])=[C:50]1[H:52])[C:7]1=[C:29]([O:5][C@@:55]([H:57])([H:59])[O:3]1)[C:35]([H:37])=[C:45]4[H:47])(<-[O-:75][C:73](=[O:77]->2)[C@@:79]([H:80])([H:81])[H:85])<-[O-:76][C:74](=[O:78]->3)[C@:82]([H:83])([H:84])[H:86],[H]OC([H])([H])[H],OC([C@H](CC1=CC=C(C)C=C1)C2=CC=C(C(C)(C)C)C=C2)=O,OC([C@@H](CC1=CC=C(C)C=C1)C2=CC=C(C(C)(C)C)C=C2)=O,OC(/C(C1=CC=C(C(C)(C)C)C=C1)=C/C2=CC=C(C)C=C2)=O,60,10,,,,2
IAW00000956,CAT-2,SOL-1,,,REA-16,[Ru+2]123(<-[P:1]([C:9]4=[C:17]([H:19])[C:11]([H:67])=[C:27]([H:68])[C:41]([H:69])=[C:13]4[H:15])([C:25]4=[C:31]([H:33])[C:23]([H:70])=[C:43]([H:71])[C:53]([H:72])=[C:49]4[H:51])[C:39]4=[C:21]([C:22]5=[C:8]6[O:4][C@:56]([H:58])([H:60])[O:6][C:30]6=[C:36]([H:38])[C:46]([H:48])=[C:40]5[P:2]->1([C:10]1=[C:14]([H:16])[C:42]([H:64])=[C:28]([H:65])[C:12]([H:66])=[C:18]1[H:20])[C:26]1=[C:32]([H:34])[C:24]([H:63])=[C:44]([H:62])[C:54]([H:61])=[C:50]1[H:52])[C:7]1=[C:29]([O:5][C@@:55]([H:57])([H:59])[O:3]1)[C:35]([H:37])=[C:45]4[H:47])(<-[O-:75][C:73](=[O:77]->2)[C@@:79]([H:80])([H:81])[H:85])<-[O-:76][C:74](=[O:78]->3)[C@:82]([H:83])([H:84])[H:86],[H]OC([H])([H])[H],OC([C@H](CC1=CC=C(C)C=C1)C2=CC=C(C(C)(C)C)C=C2)=O,OC([C@@H](CC1=CC=C(C)C=C1)C2=CC=C(C(C)(C)C)C=C2)=O,OC(/C(C1=CC=C(C(C)(C)C)C=C1)=C/C2=CC=C(C)C=C2)=O,60,30,,,,2
IAW00000957,CAT-2,SOL-1,,,REA-16,[Ru+2]123(<-[P:1]([C:9]4=[C:17]([H:19])[C:11]([H:67])=[C:27]([H:68])[C:41]([H:69])=[C:13]4[H:15])([C:25]4=[C:31]([H:33])[C:23]([H:70])=[C:43]([H:71])[C:53]([H:72])=[C:49]4[H:51])[C:39]4=[C:21]([C:22]5=[C:8]6[O:4][C@:56]([H:58])([H:60])[O:6][C:30]6=[C:36]([H:38])[C:46]([H:48])=[C:40]5[P:2]->1([C:10]1=[C:14]([H:16])[C:42]([H:64])=[C:28]([H:65])[C:12]([H:66])=[C:18]1[H:20])[C:26]1=[C:32]([H:34])[C:24]([H:63])=[C:44]([H:62])[C:54]([H:61])=[C:50]1[H:52])[C:7]1=[C:29]([O:5][C@@:55]([H:57])([H:59])[O:3]1)[C:35]([H:37])=[C:45]4[H:47])(<-[O-:75][C:73](=[O:77]->2)[C@@:79]([H:80])([H:81])[H:85])<-[O-:76][C:74](=[O:78]->3)[C@:82]([H:83])([H:84])[H:86],[H]OC([H])([H])[H],OC([C@H](CC1=CC=C(C)C=C1)C2=CC=C(C(C)(C)C)C=C2)=O,OC([C@@H](CC1=CC=C(C)C=C1)C2=CC=C(C(C)(C)C)C=C2)=O,OC(/C(C1=CC=C(C(C)(C)C)C=C1)=C/C2=CC=C(C)C=C2)=O,60,50,,,,2
IAW00000958,CAT-2,SOL-1,,,REA-16,[Ru+2]123(<-[P:1]([C:9]4=[C:17]([H:19])[C:11]([H:67])=[C:27]([H:68])[C:41]([H:69])=[C:13]4[H:15])([C:25]4=[C:31]([H:33])[C:23]([H:70])=[C:43]([H:71])[C:53]([H:72])=[C:49]4[H:51])[C:39]4=[C:21]([C:22]5=[C:8]6[O:4][C@:56]([H:58])([H:60])[O:6][C:30]6=[C:36]([H:38])[C:46]([H:48])=[C:40]5[P:2]->1([C:10]1=[C:14]([H:16])[C:42]([H:64])=[C:28]([H:65])[C:12]([H:66])=[C:18]1[H:20])[C:26]1=[C:32]([H:34])[C:24]([H:63])=[C:44]([H:62])[C:54]([H:61])=[C:50]1[H:52])[C:7]1=[C:29]([O:5][C@@:55]([H:57])([H:59])[O:3]1)[C:35]([H:37])=[C:45]4[H:47])(<-[O-:75][C:73](=[O:77]->2)[C@@:79]([H:80])([H:81])[H:85])<-[O-:76][C:74](=[O:78]->3)[C@:82]([H:83])([H:84])[H:86],[H]OC([H])([H])[H],OC([C@H](CC1=CC=C(C)C=C1)C2=CC=C(C(C)(C)C)C=C2)=O,OC([C@@H](CC1=CC=C(C)C=C1)C2=CC=C(C(C)(C)C)C=C2)=O,OC(/C(C1=CC=C(C(C)(C)C)C=C1)=C/C2=CC=C(C)C=C2)=O,60,70,,,,2
IAW00000959,CAT-2,SOL-1,,,REA-16,[Ru+2]123(<-[P:1]([C:9]4=[C:17]([H:19])[C:11]([H:67])=[C:27]([H:68])[C:41]([H:69])=[C:13]4[H:15])([C:25]4=[C:31]([H:33])[C:23]([H:70])=[C:43]([H:71])[C:53]([H:72])=[C:49]4[H:51])[C:39]4=[C:21]([C:22]5=[C:8]6[O:4][C@:56]([H:58])([H:60])[O:6][C:30]6=[C:36]([H:38])[C:46]([H:48])=[C:40]5[P:2]->1([C:10]1=[C:14]([H:16])[C:42]([H:64])=[C:28]([H:65])[C:12]([H:66])=[C:18]1[H:20])[C:26]1=[C:32]([H:34])[C:24]([H:63])=[C:44]([H:62])[C:54]([H:61])=[C:50]1[H:52])[C:7]1=[C:29]([O:5][C@@:55]([H:57])([H:59])[O:3]1)[C:35]([H:37])=[C:45]4[H:47])(<-[O-:75][C:73](=[O:77]->2)[C@@:79]([H:80])([H:81])[H:85])<-[O-:76][C:74](=[O:78]->3)[C@:82]([H:83])([H:84])[H:86],[H]OC([H])([H])[H],OC([C@H](CC1=CC=C(C)C=C1)C2=CC=C(C(C)(C)C)C=C2)=O,OC([C@@H](CC1=CC=C(C)C=C1)C2=CC=C(C(C)(C)C)C=C2)=O,OC(/C(C1=CC=C(C(C)(C)C)C=C1)=C/C2=CC=C(C)C=C2)=O,60,90,,,,2
IAW00000960,CAT-2,SOL-1,,,REA-16,[Ru+2]123(<-[P:1]([C:9]4=[C:17]([H:19])[C:11]([H:67])=[C:27]([H:68])[C:41]([H:69])=[C:13]4[H:15])([C:25]4=[C:31]([H:33])[C:23]([H:70])=[C:43]([H:71])[C:53]([H:72])=[C:49]4[H:51])[C:39]4=[C:21]([C:22]5=[C:8]6[O:4][C@:56]([H:58])([H:60])[O:6][C:30]6=[C:36]([H:38])[C:46]([H:48])=[C:40]5[P:2]->1([C:10]1=[C:14]([H:16])[C:42]([H:64])=[C:28]([H:65])[C:12]([H:66])=[C:18]1[H:20])[C:26]1=[C:32]([H:34])[C:24]([H:63])=[C:44]([H:62])[C:54]([H:61])=[C:50]1[H:52])[C:7]1=[C:29]([O:5][C@@:55]([H:57])([H:59])[O:3]1)[C:35]([H:37])=[C:45]4[H:47])(<-[O-:75][C:73](=[O:77]->2)[C@@:79]([H:80])([H:81])[H:85])<-[O-:76][C:74](=[O:78]->3)[C@:82]([H:83])([H:84])[H:86],[H]OC([H])([H])[H],OC([C@H](CC1=CC=C(C)C=C1)C2=CC=C(C(C)(C)C)C=C2)=O,OC([C@@H](CC1=CC=C(C)C=C1)C2=CC=C(C(C)(C)C)C=C2)=O,OC(/C(C1=CC=C(C(C)(C)C)C=C1)=C/C2=CC=C(C)C=C2)=O,60,100,,,,2
IAW00000961,CAT-3,SOL-1,,,REA-16,[Ru+2]123(<-[P:1]([C:13]4=[C:17]([H:19])[C:45]([C@:67]([C@:145]([H:147])([H:149])[H:151])([C@:153]([H:155])([H:157])[H:159])[C@:161]([H:163])([H:165])[H:167])=[C:31]([O:9][C@:121]([H:123])([H:125])[H:127])[C:15]([C@:69]([C@:87]([H:89])([H:91])[H:93])([C@:105]([H:107])([H:109])[H:111])[C@:129]([H:131])([H:133])[H:135])=[C:21]4[H:23])([C:29]4=[C:55]([H:57])[C:71]([C@:103]([C@:95]([H:97])([H:99])[H:101])([C@:137]([H:139])([H:141])[H:143])[C@:171]([H:179])([H:180])[H:181])=[C:47]([O:7][C@@:169]([H:173])([H:174])[H:175])[C:27]([C@@:49]([C@:59]([H:61])([H:63])[H:65])([C@:73]([H:75])([H:77])[H:79])[C@:113]([H:115])([H:117])[H:119])=[C:35]4[H:37])[C:43]4=[C:25]([C:26]5=[C:12]6[O:4][C@:82]([H:84])([H:86])[O:6][C:34]6=[C:40]([H:42])[C:52]([H:54])=[C:44]5[P:2]->1([C:14]1=[C:18]([H:20])[C:46]([C@:68]([C@:146]([H:148])([H:150])[H:152])([C@:154]([H:156])([H:158])[H:160])[C@:162]([H:164])([H:166])[H:168])=[C:32]([O:10][C@:122]([H:124])([H:126])[H:128])[C:16]([C@:70]([C@:88]([H:90])([H:92])[H:94])([C@:106]([H:108])([H:110])[H:112])[C@:130]([H:132])([H:134])[H:136])=[C:22]1[H:24])[C:30]1=[C:36]([H:38])[C:28]([C@@:50]([C@:60]([H:62])([H:64])[H:66])([C@:74]([H:76])([H:78])[H:80])[C@:114]([H:116])([H:118])[H:120])=[C:48]([O:8][C@@:170]([H:176])([H:177])[H:178])[C:72]([C@:104]([C@:96]([H:98])([H:100])[H:102])([C@:138]([H:140])([H:142])[H:144])[C@:172]([H:182])([H:183])[H:184])=[C:56]1[H:58])[C:11]1=[C:33]([O:5][C@@:81]([H:83])([H:85])[O:3]1)[C:39]([H:41])=[C:51]4[H:53])(<-[O:187]=[C:185]([O-:189]->2)[C@@:191]([H:192])([H:193])[H:194])<-[O:188]=[C:186]([O-:190]->3)[C@@:195]([H:196])([H:197])[H:198],[H]OC([H])([H])[H],OC([C@H](CC1=CC=C(C)C=C1)C2=CC=C(C(C)(C)C)C=C2)=O,OC([C@@H](CC1=CC=C(C)C=C1)C2=CC=C(C(C)(C)C)C=C2)=O,OC(/C(C1=CC=C(C(C)(C)C)C=C1)=C/C2=CC=C(C)C=C2)=O,60,5,,,,2
IAW00000962,CAT-3,SOL-1,,,REA-16,[Ru+2]123(<-[P:1]([C:13]4=[C:17]([H:19])[C:45]([C@:67]([C@:145]([H:147])([H:149])[H:151])([C@:153]([H:155])([H:157])[H:159])[C@:161]([H:163])([H:165])[H:167])=[C:31]([O:9][C@:121]([H:123])([H:125])[H:127])[C:15]([C@:69]([C@:87]([H:89])([H:91])[H:93])([C@:105]([H:107])([H:109])[H:111])[C@:129]([H:131])([H:133])[H:135])=[C:21]4[H:23])([C:29]4=[C:55]([H:57])[C:71]([C@:103]([C@:95]([H:97])([H:99])[H:101])([C@:137]([H:139])([H:141])[H:143])[C@:171]([H:179])([H:180])[H:181])=[C:47]([O:7][C@@:169]([H:173])([H:174])[H:175])[C:27]([C@@:49]([C@:59]([H:61])([H:63])[H:65])([C@:73]([H:75])([H:77])[H:79])[C@:113]([H:115])([H:117])[H:119])=[C:35]4[H:37])[C:43]4=[C:25]([C:26]5=[C:12]6[O:4][C@:82]([H:84])([H:86])[O:6][C:34]6=[C:40]([H:42])[C:52]([H:54])=[C:44]5[P:2]->1([C:14]1=[C:18]([H:20])[C:46]([C@:68]([C@:146]([H:148])([H:150])[H:152])([C@:154]([H:156])([H:158])[H:160])[C@:162]([H:164])([H:166])[H:168])=[C:32]([O:10][C@:122]([H:124])([H:126])[H:128])[C:16]([C@:70]([C@:88]([H:90])([H:92])[H:94])([C@:106]([H:108])([H:110])[H:112])[C@:130]([H:132])([H:134])[H:136])=[C:22]1[H:24])[C:30]1=[C:36]([H:38])[C:28]([C@@:50]([C@:60]([H:62])([H:64])[H:66])([C@:74]([H:76])([H:78])[H:80])[C@:114]([H:116])([H:118])[H:120])=[C:48]([O:8][C@@:170]([H:176])([H:177])[H:178])[C:72]([C@:104]([C@:96]([H:98])([H:100])[H:102])([C@:138]([H:140])([H:142])[H:144])[C@:172]([H:182])([H:183])[H:184])=[C:56]1[H:58])[C:11]1=[C:33]([O:5][C@@:81]([H:83])([H:85])[O:3]1)[C:39]([H:41])=[C:51]4[H:53])(<-[O:187]=[C:185]([O-:189]->2)[C@@:191]([H:192])([H:193])[H:194])<-[O:188]=[C:186]([O-:190]->3)[C@@:195]([H:196])([H:197])[H:198],[H]OC([H])([H])[H],OC([C@H](CC1=CC=C(C)C=C1)C2=CC=C(C(C)(C)C)C=C2)=O,OC([C@@H](CC1=CC=C(C)C=C1)C2=CC=C(C(C)(C)C)C=C2)=O,OC(/C(C1=CC=C(C(C)(C)C)C=C1)=C/C2=CC=C(C)C=C2)=O,60,10,,,,2
IAW00000963,CAT-3,SOL-1,,,REA-16,[Ru+2]123(<-[P:1]([C:13]4=[C:17]([H:19])[C:45]([C@:67]([C@:145]([H:147])([H:149])[H:151])([C@:153]([H:155])([H:157])[H:159])[C@:161]([H:163])([H:165])[H:167])=[C:31]([O:9][C@:121]([H:123])([H:125])[H:127])[C:15]([C@:69]([C@:87]([H:89])([H:91])[H:93])([C@:105]([H:107])([H:109])[H:111])[C@:129]([H:131])([H:133])[H:135])=[C:21]4[H:23])([C:29]4=[C:55]([H:57])[C:71]([C@:103]([C@:95]([H:97])([H:99])[H:101])([C@:137]([H:139])([H:141])[H:143])[C@:171]([H:179])([H:180])[H:181])=[C:47]([O:7][C@@:169]([H:173])([H:174])[H:175])[C:27]([C@@:49]([C@:59]([H:61])([H:63])[H:65])([C@:73]([H:75])([H:77])[H:79])[C@:113]([H:115])([H:117])[H:119])=[C:35]4[H:37])[C:43]4=[C:25]([C:26]5=[C:12]6[O:4][C@:82]([H:84])([H:86])[O:6][C:34]6=[C:40]([H:42])[C:52]([H:54])=[C:44]5[P:2]->1([C:14]1=[C:18]([H:20])[C:46]([C@:68]([C@:146]([H:148])([H:150])[H:152])([C@:154]([H:156])([H:158])[H:160])[C@:162]([H:164])([H:166])[H:168])=[C:32]([O:10][C@:122]([H:124])([H:126])[H:128])[C:16]([C@:70]([C@:88]([H:90])([H:92])[H:94])([C@:106]([H:108])([H:110])[H:112])[C@:130]([H:132])([H:134])[H:136])=[C:22]1[H:24])[C:30]1=[C:36]([H:38])[C:28]([C@@:50]([C@:60]([H:62])([H:64])[H:66])([C@:74]([H:76])([H:78])[H:80])[C@:114]([H:116])([H:118])[H:120])=[C:48]([O:8][C@@:170]([H:176])([H:177])[H:178])[C:72]([C@:104]([C@:96]([H:98])([H:100])[H:102])([C@:138]([H:140])([H:142])[H:144])[C@:172]([H:182])([H:183])[H:184])=[C:56]1[H:58])[C:11]1=[C:33]([O:5][C@@:81]([H:83])([H:85])[O:3]1)[C:39]([H:41])=[C:51]4[H:53])(<-[O:187]=[C:185]([O-:189]->2)[C@@:191]([H:192])([H:193])[H:194])<-[O:188]=[C:186]([O-:190]->3)[C@@:195]([H:196])([H:197])[H:198],[H]OC([H])([H])[H],OC([C@H](CC1=CC=C(C)C=C1)C2=CC=C(C(C)(C)C)C=C2)=O,OC([C@@H](CC1=CC=C(C)C=C1)C2=CC=C(C(C)(C)C)C=C2)=O,OC(/C(C1=CC=C(C(C)(C)C)C=C1)=C/C2=CC=C(C)C=C2)=O,60,30,,,,2
IAW00000964,CAT-3,SOL-1,,,REA-16,[Ru+2]123(<-[P:1]([C:13]4=[C:17]([H:19])[C:45]([C@:67]([C@:145]([H:147])([H:149])[H:151])([C@:153]([H:155])([H:157])[H:159])[C@:161]([H:163])([H:165])[H:167])=[C:31]([O:9][C@:121]([H:123])([H:125])[H:127])[C:15]([C@:69]([C@:87]([H:89])([H:91])[H:93])([C@:105]([H:107])([H:109])[H:111])[C@:129]([H:131])([H:133])[H:135])=[C:21]4[H:23])([C:29]4=[C:55]([H:57])[C:71]([C@:103]([C@:95]([H:97])([H:99])[H:101])([C@:137]([H:139])([H:141])[H:143])[C@:171]([H:179])([H:180])[H:181])=[C:47]([O:7][C@@:169]([H:173])([H:174])[H:175])[C:27]([C@@:49]([C@:59]([H:61])([H:63])[H:65])([C@:73]([H:75])([H:77])[H:79])[C@:113]([H:115])([H:117])[H:119])=[C:35]4[H:37])[C:43]4=[C:25]([C:26]5=[C:12]6[O:4][C@:82]([H:84])([H:86])[O:6][C:34]6=[C:40]([H:42])[C:52]([H:54])=[C:44]5[P:2]->1([C:14]1=[C:18]([H:20])[C:46]([C@:68]([C@:146]([H:148])([H:150])[H:152])([C@:154]([H:156])([H:158])[H:160])[C@:162]([H:164])([H:166])[H:168])=[C:32]([O:10][C@:122]([H:124])([H:126])[H:128])[C:16]([C@:70]([C@:88]([H:90])([H:92])[H:94])([C@:106]([H:108])([H:110])[H:112])[C@:130]([H:132])([H:134])[H:136])=[C:22]1[H:24])[C:30]1=[C:36]([H:38])[C:28]([C@@:50]([C@:60]([H:62])([H:64])[H:66])([C@:74]([H:76])([H:78])[H:80])[C@:114]([H:116])([H:118])[H:120])=[C:48]([O:8][C@@:170]([H:176])([H:177])[H:178])[C:72]([C@:104]([C@:96]([H:98])([H:100])[H:102])([C@:138]([H:140])([H:142])[H:144])[C@:172]([H:182])([H:183])[H:184])=[C:56]1[H:58])[C:11]1=[C:33]([O:5][C@@:81]([H:83])([H:85])[O:3]1)[C:39]([H:41])=[C:51]4[H:53])(<-[O:187]=[C:185]([O-:189]->2)[C@@:191]([H:192])([H:193])[H:194])<-[O:188]=[C:186]([O-:190]->3)[C@@:195]([H:196])([H:197])[H:198],[H]OC([H])([H])[H],OC([C@H](CC1=CC=C(C)C=C1)C2=CC=C(C(C)(C)C)C=C2)=O,OC([C@@H](CC1=CC=C(C)C=C1)C2=CC=C(C(C)(C)C)C=C2)=O,OC(/C(C1=CC=C(C(C)(C)C)C=C1)=C/C2=CC=C(C)C=C2)=O,60,50,,,,2
IAW00000965,CAT-63,SOL-1,,,REA-16,[Ru+2]123(<-[P:1]([C:13]4=[C:17]([H:19])[C:45]([C@:67]([C@:145]([H:147])([H:149])[H:151])([C@:153]([H:155])([H:157])[H:159])[C@:161]([H:163])([H:165])[H:167])=[C:31]([O:9][C@:121]([H:123])([H:125])[H:127])[C:15]([C@:69]([C@:87]([H:89])([H:91])[H:93])([C@:105]([H:107])([H:109])[H:111])[C@:129]([H:131])([H:133])[H:135])=[C:21]4[H:23])([C:29]4=[C:55]([H:57])[C:71]([C@:103]([C@:95]([H:97])([H:99])[H:101])([C@:137]([H:139])([H:141])[H:143])[C@:171]([H:179])([H:180])[H:181])=[C:47]([O:7][C@@:169]([H:173])([H:174])[H:175])[C:27]([C@@:49]([C@:59]([H:61])([H:63])[H:65])([C@:73]([H:75])([H:77])[H:79])[C@:113]([H:115])([H:117])[H:119])=[C:35]4[H:37])[C:43]4=[C:25]([C:26]5=[C:12]6[O:4][C@:82]([H:84])([H:86])[O:6][C:34]6=[C:40]([H:42])[C:52]([H:54])=[C:44]5[P:2]->1([C:14]1=[C:18]([H:20])[C:46]([C@:68]([C@:146]([H:148])([H:150])[H:152])([C@:154]([H:156])([H:158])[H:160])[C@:162]([H:164])([H:166])[H:168])=[C:32]([O:10][C@:122]([H:124])([H:126])[H:128])[C:16]([C@:70]([C@:88]([H:90])([H:92])[H:94])([C@:106]([H:108])([H:110])[H:112])[C@:130]([H:132])([H:134])[H:136])=[C:22]1[H:24])[C:30]1=[C:36]([H:38])[C:28]([C@@:50]([C@:60]([H:62])([H:64])[H:66])([C@:74]([H:76])([H:78])[H:80])[C@:114]([H:116])([H:118])[H:120])=[C:48]([O:8][C@@:170]([H:176])([H:177])[H:178])[C:72]([C@:104]([C@:96]([H:98])([H:100])[H:102])([C@:138]([H:140])([H:142])[H:144])[C@:172]([H:182])([H:183])[H:184])=[C:56]1[H:58])[C:11]1=[C:33]([O:5][C@@:81]([H:83])([H:85])[O:3]1)[C:39]([H:41])=[C:51]4[H:53])(<-[O:187]=[C:185]([O-:189]->2)[C@@:191]([H:192])([H:193])[H:194])<-[O:188]=[C:186]([O-:190]->3)[C@@:195]([H:196])([H:197])[H:198],[H]OC([H])([H])[H],OC([C@H](CC1=CC=C(C)C=C1)C2=CC=C(C(C)(C)C)C=C2)=O,OC([C@@H](CC1=CC=C(C)C=C1)C2=CC=C(C(C)(C)C)C=C2)=O,OC(/C(C1=CC=C(C(C)(C)C)C=C1)=C/C2=CC=C(C)C=C2)=O,60,50,,,,2
IAW00000966,CAT-3,SOL-1,,,REA-16,[H]c1c([H])c2[P](c3c([H])c(C(C([H])([H])[H])(C([H])([H])[H])C([H])([H])[H])c(OC([H])([H])[H])c(C(C([H])([H])[H])(C([H])([H])[H])C([H])([H])[H])c3[H])(c3c([H])c(C(C([H])([H])[H])(C([H])([H])[H])C([H])([H])[H])c(OC([H])([H])[H])c(C(C([H])([H])[H])(C([H])([H])[H])C([H])([H])[H])c3[H])->[Ru+2](<-[O-]C(=O)C([H])([H])[H])(<-[O-]C(=O)C([H])([H])[H])<-[P](c3c([H])c(C(C([H])([H])[H])(C([H])([H])[H])C([H])([H])[H])c(OC([H])([H])[H])c(C(C([H])([H])[H])(C([H])([H])[H])C([H])([H])[H])c3[H])(c3c([H])c(C(C([H])([H])[H])(C([H])([H])[H])C([H])([H])[H])c(OC([H])([H])[H])c(C(C([H])([H])[H])(C([H])([H])[H])C([H])([H])[H])c3[H])c3c([H])c([H])c4c(c3-c2c2c1OC([H])([H])O2)OC([H])([H])O4,[H]OC([H])([H])[H],OC([C@H](CC1=CC=C(C)C=C1)C2=CC=C(C(C)(C)C)C=C2)=O,OC([C@@H](CC1=CC=C(C)C=C1)C2=CC=C(C(C)(C)C)C=C2)=O,OC(/C(C1=CC=C(C(C)(C)C)C=C1)=C/C2=CC=C(C)C=C2)=O,60,70,,,,2
IAW00000967,CAT-3,SOL-1,,,REA-16,[Ru+2]123(<-[P:1]([C:13]4=[C:17]([H:19])[C:45]([C@:67]([C@:145]([H:147])([H:149])[H:151])([C@:153]([H:155])([H:157])[H:159])[C@:161]([H:163])([H:165])[H:167])=[C:31]([O:9][C@:121]([H:123])([H:125])[H:127])[C:15]([C@:69]([C@:87]([H:89])([H:91])[H:93])([C@:105]([H:107])([H:109])[H:111])[C@:129]([H:131])([H:133])[H:135])=[C:21]4[H:23])([C:29]4=[C:55]([H:57])[C:71]([C@:103]([C@:95]([H:97])([H:99])[H:101])([C@:137]([H:139])([H:141])[H:143])[C@:171]([H:179])([H:180])[H:181])=[C:47]([O:7][C@@:169]([H:173])([H:174])[H:175])[C:27]([C@@:49]([C@:59]([H:61])([H:63])[H:65])([C@:73]([H:75])([H:77])[H:79])[C@:113]([H:115])([H:117])[H:119])=[C:35]4[H:37])[C:43]4=[C:25]([C:26]5=[C:12]6[O:4][C@:82]([H:84])([H:86])[O:6][C:34]6=[C:40]([H:42])[C:52]([H:54])=[C:44]5[P:2]->1([C:14]1=[C:18]([H:20])[C:46]([C@:68]([C@:146]([H:148])([H:150])[H:152])([C@:154]([H:156])([H:158])[H:160])[C@:162]([H:164])([H:166])[H:168])=[C:32]([O:10][C@:122]([H:124])([H:126])[H:128])[C:16]([C@:70]([C@:88]([H:90])([H:92])[H:94])([C@:106]([H:108])([H:110])[H:112])[C@:130]([H:132])([H:134])[H:136])=[C:22]1[H:24])[C:30]1=[C:36]([H:38])[C:28]([C@@:50]([C@:60]([H:62])([H:64])[H:66])([C@:74]([H:76])([H:78])[H:80])[C@:114]([H:116])([H:118])[H:120])=[C:48]([O:8][C@@:170]([H:176])([H:177])[H:178])[C:72]([C@:104]([C@:96]([H:98])([H:100])[H:102])([C@:138]([H:140])([H:142])[H:144])[C@:172]([H:182])([H:183])[H:184])=[C:56]1[H:58])[C:11]1=[C:33]([O:5][C@@:81]([H:83])([H:85])[O:3]1)[C:39]([H:41])=[C:51]4[H:53])(<-[O:187]=[C:185]([O-:189]->2)[C@@:191]([H:192])([H:193])[H:194])<-[O:188]=[C:186]([O-:190]->3)[C@@:195]([H:196])([H:197])[H:198],[H]OC([H])([H])[H],OC([C@H](CC1=CC=C(C)C=C1)C2=CC=C(C(C)(C)C)C=C2)=O,OC([C@@H](CC1=CC=C(C)C=C1)C2=CC=C(C(C)(C)C)C=C2)=O,OC(/C(C1=CC=C(C(C)(C)C)C=C1)=C/C2=CC=C(C)C=C2)=O,60,90,,,,2
IAW00000968,CAT-3,SOL-1,,,REA-16,[Ru+2]123(<-[P:1]([C:13]4=[C:17]([H:19])[C:45]([C@:67]([C@:145]([H:147])([H:149])[H:151])([C@:153]([H:155])([H:157])[H:159])[C@:161]([H:163])([H:165])[H:167])=[C:31]([O:9][C@:121]([H:123])([H:125])[H:127])[C:15]([C@:69]([C@:87]([H:89])([H:91])[H:93])([C@:105]([H:107])([H:109])[H:111])[C@:129]([H:131])([H:133])[H:135])=[C:21]4[H:23])([C:29]4=[C:55]([H:57])[C:71]([C@:103]([C@:95]([H:97])([H:99])[H:101])([C@:137]([H:139])([H:141])[H:143])[C@:171]([H:179])([H:180])[H:181])=[C:47]([O:7][C@@:169]([H:173])([H:174])[H:175])[C:27]([C@@:49]([C@:59]([H:61])([H:63])[H:65])([C@:73]([H:75])([H:77])[H:79])[C@:113]([H:115])([H:117])[H:119])=[C:35]4[H:37])[C:43]4=[C:25]([C:26]5=[C:12]6[O:4][C@:82]([H:84])([H:86])[O:6][C:34]6=[C:40]([H:42])[C:52]([H:54])=[C:44]5[P:2]->1([C:14]1=[C:18]([H:20])[C:46]([C@:68]([C@:146]([H:148])([H:150])[H:152])([C@:154]([H:156])([H:158])[H:160])[C@:162]([H:164])([H:166])[H:168])=[C:32]([O:10][C@:122]([H:124])([H:126])[H:128])[C:16]([C@:70]([C@:88]([H:90])([H:92])[H:94])([C@:106]([H:108])([H:110])[H:112])[C@:130]([H:132])([H:134])[H:136])=[C:22]1[H:24])[C:30]1=[C:36]([H:38])[C:28]([C@@:50]([C@:60]([H:62])([H:64])[H:66])([C@:74]([H:76])([H:78])[H:80])[C@:114]([H:116])([H:118])[H:120])=[C:48]([O:8][C@@:170]([H:176])([H:177])[H:178])[C:72]([C@:104]([C@:96]([H:98])([H:100])[H:102])([C@:138]([H:140])([H:142])[H:144])[C@:172]([H:182])([H:183])[H:184])=[C:56]1[H:58])[C:11]1=[C:33]([O:5][C@@:81]([H:83])([H:85])[O:3]1)[C:39]([H:41])=[C:51]4[H:53])(<-[O:187]=[C:185]([O-:189]->2)[C@@:191]([H:192])([H:193])[H:194])<-[O:188]=[C:186]([O-:190]->3)[C@@:195]([H:196])([H:197])[H:198],[H]OC([H])([H])[H],OC([C@H](CC1=CC=C(C)C=C1)C2=CC=C(C(C)(C)C)C=C2)=O,OC([C@@H](CC1=CC=C(C)C=C1)C2=CC=C(C(C)(C)C)C=C2)=O,OC(/C(C1=CC=C(C(C)(C)C)C=C1)=C/C2=CC=C(C)C=C2)=O,60,100,,,,2
IAW00000969,CAT-4,SOL-1,,,REA-16,[Ru+2]1(<-[Cl-:1])(<-[Cl-:2])<-[P:3]([C:5]2=[C:11]([H:24])[C:23]([H:45])=[C:46]([H:63])[C:25]([H:47])=[C:12]2[H:26])([C:6]2=[C:14]([C:19]3=[C:9]([P:4]->1([C:8]1=[C:17]([H:34])[C:35]([H:54])=[C:55]([H:68])[C:37]([H:56])=[C:18]1[H:36])[C:10]1=[C:22]([H:44])[C:43]([H:62])=[C:61]([H:72])[C:42]([H:60])=[C:21]1[H:41])[C:20]([H:39])=[C:40]([H:59])[C:58]1=[C:38]3[C:57]([H:69])=[C:70]([H:76])[C:77]([H:80])=[C:71]1[H:78])[C:29]1=[C:49]([C:28]([H:48])=[C:13]2[H:27])[C:64]([H:73])=[C:74]([H:79])[C:66]([H:75])=[C:50]1[H:65])[C:7]1=[C:16]([H:32])[C:33]([H:53])=[C:52]([H:67])[C:31]([H:51])=[C:15]1[H:30],[H]OC([H])([H])[H],OC([C@H](CC1=CC=C(C)C=C1)C2=CC=C(C(C)(C)C)C=C2)=O,OC([C@@H](CC1=CC=C(C)C=C1)C2=CC=C(C(C)(C)C)C=C2)=O,OC(/C(C1=CC=C(C(C)(C)C)C=C1)=C/C2=CC=C(C)C=C2)=O,60,100,,,,2
IAW00000970,CAT-5,SOL-1,,,REA-16,[Ru+2]123456(<-[P:1]([C:4]7=[C:3]([C:19]8=[C:20]([P:2]->1([C:57]1=[C:66]([H:67])[C:64]([H:65])=[C:62]([H:63])[C:60]([H:61])=[C:58]1[H:59])[C:68]1=[C:69]([H:70])[C:71]([H:72])=[C:73]([H:74])[C:75]([H:76])=[C:77]1[H:78])[C:21]([H:22])=[C:23]([H:24])[C:25]1=[C:26]8[C:27]([H:28])=[C:29]([H:30])[C:31]([H:32])=[C:33]1[H:34])[C:10]1=[C:9]([C:7]([H:8])=[C:5]7[H:6])[C:17]([H:18])=[C:15]([H:16])[C:13]([H:14])=[C:11]1[H:12])([C:35]1=[C:44]([H:45])[C:42]([H:43])=[C:40]([H:41])[C:38]([H:39])=[C:36]1[H:37])[C:46]1=[C:47]([H:48])[C:49]([H:50])=[C:51]([H:52])[C:53]([H:54])=[C:55]1[H:56])(<-[C:79]1([C@:89]([H:90])([H:91])[H:92])=[C:87]->2([H:88])[C:85]->3([H:86])=[C:84]->4([C@:93]([H:94])([C@@:95]([H:101])([H:102])[H:103])[C@@:96]([H:98])([H:99])[H:100])[C:82]->5([H:83])=[C:80]->61[H:81])<-[Cl-:97],[H]OC([H])([H])[H],OC([C@H](CC1=CC=C(C)C=C1)C2=CC=C(C(C)(C)C)C=C2)=O,OC([C@@H](CC1=CC=C(C)C=C1)C2=CC=C(C(C)(C)C)C=C2)=O,OC(/C(C1=CC=C(C(C)(C)C)C=C1)=C/C2=CC=C(C)C=C2)=O,60,100,,,,2
IAW00000971,CAT-6,SOL-1,,,REA-16,[Ru+2]123456(<-[Cl-:1])(<-[P:2]([C:5]7=[C:4]([C:20]8=[C:21]([P:3]->1([C:47]1=[C:55]([H:56])[C:53]([H:54])=[C:52]([C@@:100]([H:101])([H:102])[H:103])[C:50]([H:51])=[C:48]1[H:49])[C:57]1=[C:86]([H:58])[C:96]([H:99])=[C:98]([C@@:104]([H:105])([H:106])[H:107])[C:95]([H:97])=[C:85]1[H:94])[C:80]([H:90])=[C:82]([H:92])[C:22]1=[C:23]8[C:24]([H:25])=[C:26]([H:27])[C:28]([H:29])=[C:81]1[H:91])[C:11]1=[C:10]([C:8]([H:9])=[C:6]7[H:7])[C:18]([H:19])=[C:16]([H:17])[C:14]([H:15])=[C:12]1[H:13])([C:30]1=[C:31]([H:32])[C:33]([H:34])=[C:35]([C@@:108]([H:109])([H:110])[H:111])[C:36]([H:37])=[C:38]1[H:39])[C:40]1=[C:41]([H:42])[C:83]([H:93])=[C:84]([C@@:112]([H:113])([H:114])[H:115])[C:43]([H:44])=[C:45]1[H:46])<-[C:59]1([C@:68]([H:69])([H:70])[H:88])=[C:66]->2([H:67])[C:64]->3([H:65])=[C:63]->4([C@:71]([H:72])([C@@:73]([H:74])([H:75])[H:89])[C@:76]([H:77])([H:78])[H:79])[C:61]->5([H:62])=[C:60]->61[H:87],[H]OC([H])([H])[H],OC([C@H](CC1=CC=C(C)C=C1)C2=CC=C(C(C)(C)C)C=C2)=O,OC([C@@H](CC1=CC=C(C)C=C1)C2=CC=C(C(C)(C)C)C=C2)=O,OC(/C(C1=CC=C(C(C)(C)C)C=C1)=C/C2=CC=C(C)C=C2)=O,60,100,,,,2
IAW00000972,CAT-7,SOL-1,,,REA-16,[Ru+2]12(<-[Cl-:1])(<-[Cl-:2])(<-[P:3]([C:29]3=[C:38]([C:28]4=[C:21]([P:4]->1([C:52]1=[C:53]([H:99])[C:54]([H:100])=[C:55]([C@:58]([H:102])([H:103])[H:113])[C:56]([H:112])=[C:57]1[H:101])[C:59]1=[C:60]([H:104])[C:114]([H:120])=[C:115]([C@:121]([H:122])([H:123])[H:124])[C:61]([H:105])=[C:62]1[H:106])[C:22]([H:79])=[C:23]([H:80])[C:24]1=[C:27]4[C:26]([H:82])=[C:108]([H:117])[C:107]([H:116])=[C:25]1[H:81])[C:37]1=[C:32]([C:31]([H:84])=[C:30]3[H:83])[C:33]([H:85])=[C:34]([H:109])[C:35]([H:110])=[C:36]1[H:86])([C:39]1=[C:40]([H:87])[C:41]([H:88])=[C:42]([C@:45]([H:91])([H:92])[H:93])[C:43]([H:89])=[C:44]1[H:90])[C:46]1=[C:47]([H:94])[C:48]([H:95])=[C:49]([C@:111]([H:98])([H:118])[H:119])[C:50]([H:96])=[C:51]1[H:97])<-[N:5]([C@@:7]([C@:8]([N:6]->2([H:65])[H:66])([C:15]1=[C:16]([H:74])[C:17]([H:75])=[C:18]([H:76])[C:19]([H:77])=[C:20]1[H:78])[H:68])([C:9]1=[C:10]([H:69])[C:11]([H:70])=[C:12]([H:71])[C:13]([H:72])=[C:14]1[H:73])[H:67])([H:63])[H:64],[H]OC([H])([H])[H],OC([C@H](CC1=CC=C(C)C=C1)C2=CC=C(C(C)(C)C)C=C2)=O,OC([C@@H](CC1=CC=C(C)C=C1)C2=CC=C(C(C)(C)C)C=C2)=O,OC(/C(C1=CC=C(C(C)(C)C)C=C1)=C/C2=CC=C(C)C=C2)=O,60,100,,,,2
IAW00000973,CAT-8,SOL-1,,,REA-16,[Ru+2]123456(<-[N-:3]([S@@:1](=[O:2])([C:10]7=[C:11]([H:27])[C:12]([H:28])=[C:13]([C@@:16]([H:31])([H:32])[H:33])[C:14]([H:29])=[C:15]7[H:30])=[O:42])[C@:4]([C:5]7=[C:6]([H:45])[C:7]([H:47])=[C:46]([H:51])[C:8]([H:25])=[C:9]7[H:26])([H:43])[C@@:44]([H:23])([N:41]->1([H:71])[H:72])[C:50]1=[C:54]([H:24])[C:60]([H:69])=[C:68]([H:70])[C:58]([H:67])=[C:53]1[H:59])(<-[C:17]1([H:49])=[C:18]->2([H:34])[C:19]->3([C@@:22]([H:37])([H:38])[H:39])=[C:20]->4([H:35])[C:21]->5([H:36])=[C:48]->61[C@:52]([H:55])([C@:56]([H:61])([H:62])[H:63])[C@:57]([H:64])([H:65])[H:66])<-[Cl-:40],[H]OC([H])([H])[H],OC([C@H](CC1=CC=C(C)C=C1)C2=CC=C(C(C)(C)C)C=C2)=O,OC([C@@H](CC1=CC=C(C)C=C1)C2=CC=C(C(C)(C)C)C=C2)=O,OC(/C(C1=CC=C(C(C)(C)C)C=C1)=C/C2=CC=C(C)C=C2)=O,60,100,,,,2
IAW00000974,CAT-9,SOL-1,,,REA-16,[Ru+2]123(<-[Cl-:2]->[Ru+2:122]4(<-[Cl-:1])(<-[Cl-:3]->1)(<-[P:5]([C:11]1=[C:9]([C:22]5=[C:24]([P:7]->4([C:59]4=[C:69]([H:113])[C:67]([H:111])=[C:65]([H:140])[C:63]([H:109])=[C:61]4[H:107])[C:71]4=[C:81]([H:121])[C:79]([H:119])=[C:77]([H:139])[C:75]([H:117])=[C:73]4[H:115])[C:26]([H:87])=[C:28]([H:89])[C:30]4=[C:33]5[O:144][C@@:31]([H:147])([H:148])[O:143]4)[C:20]4=[C:17]([C:15]([H:85])=[C:13]1[H:83])[O:146][C@:18]([H:149])([H:150])[O:145]4)([C:35]1=[C:37]([H:91])[C:39]([H:93])=[C:41]([H:142])[C:43]([H:95])=[C:45]1[H:97])[C:47]1=[C:49]([H:99])[C:51]([H:101])=[C:53]([H:141])[C:55]([H:103])=[C:57]1[H:105])<-[Cl-:123]->2)(<-[P:4]([C:10]1=[C:8]([C:21]2=[C:23]([P:6]->3([C:58]3=[C:68]([H:112])[C:66]([H:110])=[C:64]([H:126])[C:62]([H:108])=[C:60]3[H:106])[C:70]3=[C:80]([H:120])[C:78]([H:118])=[C:76]([H:125])[C:74]([H:116])=[C:72]3[H:114])[C:25]([H:86])=[C:27]([H:88])[C:29]3=[C:32]2[O:130][C@@:133]([H:134])([H:135])[O:129]3)[C:19]2=[C:16]([C:14]([H:84])=[C:12]1[H:82])[O:132][C@:136]([H:137])([H:138])[O:131]2)([C:34]1=[C:44]([H:96])[C:42]([H:94])=[C:40]([H:127])[C:38]([H:92])=[C:36]1[H:90])[C:46]1=[C:48]([H:98])[C:50]([H:100])=[C:52]([H:128])[C:54]([H:102])=[C:56]1[H:104])<-[Cl-:124],[H]OC([H])([H])[H],OC([C@H](CC1=CC=C(C)C=C1)C2=CC=C(C(C)(C)C)C=C2)=O,OC([C@@H](CC1=CC=C(C)C=C1)C2=CC=C(C(C)(C)C)C=C2)=O,OC(/C(C1=CC=C(C(C)(C)C)C=C1)=C/C2=CC=C(C)C=C2)=O,60,100,,,,2
IAW00000975,CAT-10,SOL-1,,,REA-16,[Ru+2]123456(<-[Cl-:1])(<-[P:2]([C:5]7=[C:6]([H:7])[C:8]([H:9])=[C:10]8[C:11](=[C:4]7[C:13]7=[C:16]9[C:15](=[C:71]([H:80])[C:70]([H:79])=[C:14]7[P:3]->1([C:36]1=[C:37]([H:38])[C:39]([H:40])=[C:41]([H:42])[C:43]([H:44])=[C:45]1[H:46])[C:47]1=[C:74]([H:83])[C:84]([H:86])=[C:87]([H:89])[C:85]([H:88])=[C:75]1[H:48])[O:90][C@@:17]([H:94])([H:95])[O:91]9)[O:92][C@@:12]([H:96])([H:97])[O:93]8)([C:18]1=[C:27]([H:28])[C:25]([H:26])=[C:23]([H:24])[C:21]([H:22])=[C:19]1[H:20])[C:29]1=[C:30]([H:31])[C:72]([H:81])=[C:73]([H:82])[C:32]([H:33])=[C:34]1[H:35])<-[C:49]1([C@:58]([H:59])([H:60])[H:77])=[C:50]->2([H:76])[C:51]->3([H:52])=[C:53]->4([C@:61]([H:62])([C@@:63]([H:64])([H:65])[H:78])[C@:66]([H:67])([H:68])[H:69])[C:54]->5([H:55])=[C:56]->61[H:57],[H]OC([H])([H])[H],OC([C@H](CC1=CC=C(C)C=C1)C2=CC=C(C(C)(C)C)C=C2)=O,OC([C@@H](CC1=CC=C(C)C=C1)C2=CC=C(C(C)(C)C)C=C2)=O,OC(/C(C1=CC=C(C(C)(C)C)C=C1)=C/C2=CC=C(C)C=C2)=O,60,100,,,,2
IAW00000976,CAT-11,SOL-1,,,REA-16,[Ru+2]123(<-[P:1]([C:7]4=[C:9]([C:15]5=[C:10]([P:2]->1([C:28]1=[C:29]([H:52])[C:30]([H:53])=[C:31]([C@@:87]([H:88])([H:89])[H:90])[C:32]([H:54])=[C:33]1[H:55])[C:34]1=[C:35]([H:56])[C:62]([H:71])=[C:72]([C@@:83]([H:84])([H:85])[H:86])[C:70]([H:78])=[C:61]1[H:69])[C:11]([H:41])=[C:12]([H:42])[C:13]1=[C:14]5[C:60]([H:67])=[C:68]([H:77])[C:66]([H:76])=[C:59]1[H:43])[C:58]1=[C:64]([C:57]([H:63])=[C:8]4[H:40])[C:73]([H:80])=[C:79]([H:82])[C:75]([H:81])=[C:65]1[H:74])([C:16]1=[C:21]([H:47])[C:20]([H:46])=[C:19]([C@@:91]([H:92])([H:93])[H:94])[C:18]([H:45])=[C:17]1[H:44])[C:22]1=[C:23]([H:48])[C:24]([H:49])=[C:25]([C@@:95]([H:96])([H:97])[H:98])[C:26]([H:50])=[C:27]1[H:51])(<-[O-:3][C:36](=[O:4]->2)[C@@:37]([H:99])([H:100])[H:101])<-[O:5]=[C:38]([O-:6]->3)[C@@:39]([H:102])([H:103])[H:104],[H]OC([H])([H])[H],OC([C@H](CC1=CC=C(C)C=C1)C2=CC=C(C(C)(C)C)C=C2)=O,OC([C@@H](CC1=CC=C(C)C=C1)C2=CC=C(C(C)(C)C)C=C2)=O,OC(/C(C1=CC=C(C(C)(C)C)C=C1)=C/C2=CC=C(C)C=C2)=O,60,50,,,,2
IAW00000977,CAT-11,SOL-1,,,REA-16,[Ru+2]123(<-[P:1]([C:7]4=[C:9]([C:15]5=[C:10]([P:2]->1([C:28]1=[C:29]([H:52])[C:30]([H:53])=[C:31]([C@@:87]([H:88])([H:89])[H:90])[C:32]([H:54])=[C:33]1[H:55])[C:34]1=[C:35]([H:56])[C:62]([H:71])=[C:72]([C@@:83]([H:84])([H:85])[H:86])[C:70]([H:78])=[C:61]1[H:69])[C:11]([H:41])=[C:12]([H:42])[C:13]1=[C:14]5[C:60]([H:67])=[C:68]([H:77])[C:66]([H:76])=[C:59]1[H:43])[C:58]1=[C:64]([C:57]([H:63])=[C:8]4[H:40])[C:73]([H:80])=[C:79]([H:82])[C:75]([H:81])=[C:65]1[H:74])([C:16]1=[C:21]([H:47])[C:20]([H:46])=[C:19]([C@@:91]([H:92])([H:93])[H:94])[C:18]([H:45])=[C:17]1[H:44])[C:22]1=[C:23]([H:48])[C:24]([H:49])=[C:25]([C@@:95]([H:96])([H:97])[H:98])[C:26]([H:50])=[C:27]1[H:51])(<-[O-:3][C:36](=[O:4]->2)[C@@:37]([H:99])([H:100])[H:101])<-[O:5]=[C:38]([O-:6]->3)[C@@:39]([H:102])([H:103])[H:104],[H]OC([H])([H])[H],OC([C@H](CC1=CC=C(C)C=C1)C2=CC=C(C(C)(C)C)C=C2)=O,OC([C@@H](CC1=CC=C(C)C=C1)C2=CC=C(C(C)(C)C)C=C2)=O,OC(/C(C1=CC=C(C(C)(C)C)C=C1)=C/C2=CC=C(C)C=C2)=O,60,100,,,,2
IAW00000978,CAT-12,SOL-1,,,REA-16,[Ru+2]12(<-[Cl-:1])(<-[Cl-:2])(<-[P:3]([C:29]3=[C:38]([C:28]4=[C:21]([P:4]->1([C:52]1=[C:57]([H:99])[C:56]([H:110])=[C:55]([C@:58]([H:100])([H:101])[H:111])[C:54]([H:98])=[C:53]1[H:97])[C:59]1=[C:62]([H:104])[C:61]([H:103])=[C:113]([C@:119]([H:120])([H:121])[H:122])[C:112]([H:118])=[C:60]1[H:102])[C:22]([H:77])=[C:23]([H:78])[C:24]1=[C:27]4[C:26]([H:80])=[C:106]([H:115])[C:105]([H:114])=[C:25]1[H:79])[C:37]1=[C:32]([C:31]([H:82])=[C:30]3[H:81])[C:33]([H:83])=[C:34]([H:107])[C:35]([H:108])=[C:36]1[H:84])([C:39]1=[C:44]([H:88])[C:43]([H:87])=[C:42]([C@:45]([H:89])([H:90])[H:91])[C:41]([H:86])=[C:40]1[H:85])[C:46]1=[C:47]([H:92])[C:48]([H:93])=[C:49]([C@:109]([H:96])([H:116])[H:117])[C:50]([H:94])=[C:51]1[H:95])<-[N:5]([C@@:7]([C@:8]([N:6]->2([H:65])[H:66])([C:15]1=[C:20]([H:76])[C:19]([H:75])=[C:18]([C@@:127]([H:128])([H:129])[H:130])[C:17]([H:74])=[C:16]1[H:73])[H:68])([C:9]1=[C:10]([H:69])[C:11]([H:70])=[C:12]([C@@:123]([H:124])([H:125])[H:126])[C:13]([H:71])=[C:14]1[H:72])[H:67])([H:63])[H:64],[H]OC([H])([H])[H],OC([C@H](CC1=CC=C(C)C=C1)C2=CC=C(C(C)(C)C)C=C2)=O,OC([C@@H](CC1=CC=C(C)C=C1)C2=CC=C(C(C)(C)C)C=C2)=O,OC(/C(C1=CC=C(C(C)(C)C)C=C1)=C/C2=CC=C(C)C=C2)=O,60,100,,,,2
IAW00000979,CAT-13,SOL-1,,,REA-16,[Ru+2]123(<-[P:1]([C:7]4=[C:9]([C:15]5=[C:10]([P:2]->1([C:28]1=[C:29]([H:50])[C:30]([C@@:103]([H:104])([H:105])[H:106])=[C:31]([H:51])[C:32]([C@@:107]([H:108])([H:109])[H:110])=[C:33]1[H:52])[C:34]1=[C:58]([H:66])[C:67]([C@@:99]([H:100])([H:101])[H:102])=[C:68]([H:74])[C:59]([C@@:95]([H:96])([H:97])[H:98])=[C:35]1[H:53])[C:11]([H:41])=[C:12]([H:42])[C:13]1=[C:14]5[C:57]([H:64])=[C:65]([H:73])[C:63]([H:72])=[C:56]1[H:43])[C:55]1=[C:61]([C:54]([H:60])=[C:8]4[H:40])[C:69]([H:76])=[C:75]([H:78])[C:71]([H:77])=[C:62]1[H:70])([C:16]1=[C:17]([H:44])[C:18]([C@@:79]([H:80])([H:81])[H:82])=[C:19]([H:45])[C:20]([C@@:83]([H:84])([H:85])[H:86])=[C:21]1[H:46])[C:22]1=[C:23]([H:47])[C:24]([C@@:87]([H:88])([H:89])[H:90])=[C:25]([H:48])[C:26]([C@@:91]([H:92])([H:93])[H:94])=[C:27]1[H:49])(<-[O-:3][C:36](=[O:4]->2)[C@@:37]([H:114])([H:115])[H:116])<-[O:5]=[C:38]([O-:6]->3)[C@@:39]([H:111])([H:112])[H:113],[H]OC([H])([H])[H],OC([C@H](CC1=CC=C(C)C=C1)C2=CC=C(C(C)(C)C)C=C2)=O,OC([C@@H](CC1=CC=C(C)C=C1)C2=CC=C(C(C)(C)C)C=C2)=O,OC(/C(C1=CC=C(C(C)(C)C)C=C1)=C/C2=CC=C(C)C=C2)=O,60,50,,,,2
IAW00000980,CAT-13,SOL-1,,,REA-16,[Ru+2]123(<-[P:1]([C:7]4=[C:9]([C:15]5=[C:10]([P:2]->1([C:28]1=[C:29]([H:50])[C:30]([C@@:103]([H:104])([H:105])[H:106])=[C:31]([H:51])[C:32]([C@@:107]([H:108])([H:109])[H:110])=[C:33]1[H:52])[C:34]1=[C:58]([H:66])[C:67]([C@@:99]([H:100])([H:101])[H:102])=[C:68]([H:74])[C:59]([C@@:95]([H:96])([H:97])[H:98])=[C:35]1[H:53])[C:11]([H:41])=[C:12]([H:42])[C:13]1=[C:14]5[C:57]([H:64])=[C:65]([H:73])[C:63]([H:72])=[C:56]1[H:43])[C:55]1=[C:61]([C:54]([H:60])=[C:8]4[H:40])[C:69]([H:76])=[C:75]([H:78])[C:71]([H:77])=[C:62]1[H:70])([C:16]1=[C:17]([H:44])[C:18]([C@@:79]([H:80])([H:81])[H:82])=[C:19]([H:45])[C:20]([C@@:83]([H:84])([H:85])[H:86])=[C:21]1[H:46])[C:22]1=[C:23]([H:47])[C:24]([C@@:87]([H:88])([H:89])[H:90])=[C:25]([H:48])[C:26]([C@@:91]([H:92])([H:93])[H:94])=[C:27]1[H:49])(<-[O-:3][C:36](=[O:4]->2)[C@@:37]([H:114])([H:115])[H:116])<-[O:5]=[C:38]([O-:6]->3)[C@@:39]([H:111])([H:112])[H:113],[H]OC([H])([H])[H],OC([C@H](CC1=CC=C(C)C=C1)C2=CC=C(C(C)(C)C)C=C2)=O,OC([C@@H](CC1=CC=C(C)C=C1)C2=CC=C(C(C)(C)C)C=C2)=O,OC(/C(C1=CC=C(C(C)(C)C)C=C1)=C/C2=CC=C(C)C=C2)=O,60,100,,,,2
IAW00000981,CAT-14,SOL-1,,,REA-16,[Ru+2]123(<-[P:1]([C:7]4=[C:9]([C:15]5=[C:10]([P:2]->1([C:28]1=[C:29]([H:53])[C:30]([H:54])=[C:31]([H:55])[C:32]([H:56])=[C:33]1[H:57])[C:34]1=[C:35]([H:58])[C:62]([H:67])=[C:68]([H:70])[C:66]([H:69])=[C:61]1[H:65])[C:11]([H:41])=[C:12]([H:42])[C:13]1=[C:14]5[C@@:71]([H:72])([H:73])[C@@:77]([H:79])([H:80])[C@:78]([H:81])([H:82])[C@:74]1([H:75])[H:76])[C:60]1=[C:64]([C:59]([H:63])=[C:8]4[H:40])[C@@:86]([H:87])([H:88])[C@@:90]([H:93])([H:94])[C@:89]([H:91])([H:92])[C@:83]1([H:84])[H:85])([C:16]1=[C:21]([H:47])[C:20]([H:46])=[C:19]([H:45])[C:18]([H:44])=[C:17]1[H:43])[C:22]1=[C:23]([H:48])[C:24]([H:49])=[C:25]([H:50])[C:26]([H:51])=[C:27]1[H:52])(<-[O:3]=[C:36]([O-:4]->2)[C@@:37]([H:95])([H:96])[H:97])<-[O-:5][C:38](=[O:6]->3)[C@@:39]([H:98])([H:99])[H:100],[H]OC([H])([H])[H],OC([C@H](CC1=CC=C(C)C=C1)C2=CC=C(C(C)(C)C)C=C2)=O,OC([C@@H](CC1=CC=C(C)C=C1)C2=CC=C(C(C)(C)C)C=C2)=O,OC(/C(C1=CC=C(C(C)(C)C)C=C1)=C/C2=CC=C(C)C=C2)=O,60,10,,,,2
IAW00000982,CAT-14,SOL-1,,,REA-16,[Ru+2]123(<-[P:1]([C:7]4=[C:9]([C:15]5=[C:10]([P:2]->1([C:28]1=[C:29]([H:53])[C:30]([H:54])=[C:31]([H:55])[C:32]([H:56])=[C:33]1[H:57])[C:34]1=[C:35]([H:58])[C:62]([H:67])=[C:68]([H:70])[C:66]([H:69])=[C:61]1[H:65])[C:11]([H:41])=[C:12]([H:42])[C:13]1=[C:14]5[C@@:71]([H:72])([H:73])[C@@:77]([H:79])([H:80])[C@:78]([H:81])([H:82])[C@:74]1([H:75])[H:76])[C:60]1=[C:64]([C:59]([H:63])=[C:8]4[H:40])[C@@:86]([H:87])([H:88])[C@@:90]([H:93])([H:94])[C@:89]([H:91])([H:92])[C@:83]1([H:84])[H:85])([C:16]1=[C:21]([H:47])[C:20]([H:46])=[C:19]([H:45])[C:18]([H:44])=[C:17]1[H:43])[C:22]1=[C:23]([H:48])[C:24]([H:49])=[C:25]([H:50])[C:26]([H:51])=[C:27]1[H:52])(<-[O:3]=[C:36]([O-:4]->2)[C@@:37]([H:95])([H:96])[H:97])<-[O-:5][C:38](=[O:6]->3)[C@@:39]([H:98])([H:99])[H:100],[H]OC([H])([H])[H],OC([C@H](CC1=CC=C(C)C=C1)C2=CC=C(C(C)(C)C)C=C2)=O,OC([C@@H](CC1=CC=C(C)C=C1)C2=CC=C(C(C)(C)C)C=C2)=O,OC(/C(C1=CC=C(C(C)(C)C)C=C1)=C/C2=CC=C(C)C=C2)=O,60,50,,,,2
IAW00000983,CAT-14,SOL-1,,,REA-16,[Ru+2]123(<-[P:1]([C:7]4=[C:9]([C:15]5=[C:10]([P:2]->1([C:28]1=[C:29]([H:53])[C:30]([H:54])=[C:31]([H:55])[C:32]([H:56])=[C:33]1[H:57])[C:34]1=[C:35]([H:58])[C:62]([H:67])=[C:68]([H:70])[C:66]([H:69])=[C:61]1[H:65])[C:11]([H:41])=[C:12]([H:42])[C:13]1=[C:14]5[C@@:71]([H:72])([H:73])[C@@:77]([H:79])([H:80])[C@:78]([H:81])([H:82])[C@:74]1([H:75])[H:76])[C:60]1=[C:64]([C:59]([H:63])=[C:8]4[H:40])[C@@:86]([H:87])([H:88])[C@@:90]([H:93])([H:94])[C@:89]([H:91])([H:92])[C@:83]1([H:84])[H:85])([C:16]1=[C:21]([H:47])[C:20]([H:46])=[C:19]([H:45])[C:18]([H:44])=[C:17]1[H:43])[C:22]1=[C:23]([H:48])[C:24]([H:49])=[C:25]([H:50])[C:26]([H:51])=[C:27]1[H:52])(<-[O:3]=[C:36]([O-:4]->2)[C@@:37]([H:95])([H:96])[H:97])<-[O-:5][C:38](=[O:6]->3)[C@@:39]([H:98])([H:99])[H:100],[H]OC([H])([H])[H],OC([C@H](CC1=CC=C(C)C=C1)C2=CC=C(C(C)(C)C)C=C2)=O,OC([C@@H](CC1=CC=C(C)C=C1)C2=CC=C(C(C)(C)C)C=C2)=O,OC(/C(C1=CC=C(C(C)(C)C)C=C1)=C/C2=CC=C(C)C=C2)=O,60,100,,,,2
IAW00000984,CAT-15,SOL-1,,,REA-16,[Ru+2]123(<-[Cl-:2]->[Ru+2:137]4(<-[Cl-:1])(<-[Cl-:3]->1)(<-[P:5]([C:11]1=[C:9]([C:29]5=[C:31]([P:7]->4([C:73]4=[C:83]([H:132])[C:81]([C@@:175]([H:176])([H:177])[H:178])=[C:79]([H:179])[C:77]([C@@:171]([H:172])([H:173])[H:174])=[C:75]4[H:129])[C:85]4=[C:95]([H:136])[C:93]([C@@:163]([H:164])([H:165])[H:166])=[C:91]([H:140])[C:89]([C@@:167]([H:168])([H:169])[H:170])=[C:87]4[H:134])[C:33]([H:109])=[C:35]([H:111])[C:37]4=[C:47]5[C:45]([H:119])=[C:43]([H:117])[C:41]([H:115])=[C:39]4[H:113])[C:27]4=[C:17]([C:15]([H:99])=[C:13]1[H:97])[C:19]([H:101])=[C:21]([H:103])[C:23]([H:105])=[C:25]4[H:107])([C:49]1=[C:59]([H:123])[C:57]([C@@:192]([H:193])([H:194])[H:195])=[C:55]([H:144])[C:53]([C@@:188]([H:189])([H:190])[H:191])=[C:51]1[H:121])[C:61]1=[C:71]([H:127])[C:69]([C@@:184]([H:185])([H:186])[H:187])=[C:67]([H:145])[C:65]([C@@:180]([H:181])([H:182])[H:183])=[C:63]1[H:125])<-[Cl-:138]->2)(<-[P:4]([C:10]1=[C:8]([C:28]2=[C:30]([P:6]->3([C:72]3=[C:82]([H:131])[C:80]([C@@:204]([H:205])([H:206])[H:207])=[C:78]([H:142])[C:76]([H:130])=[C:74]3[H:128])[C:84]3=[C:86]([H:133])[C:88]([C@@:200]([H:201])([H:202])[H:203])=[C:90]([H:143])[C:92]([C@@:196]([H:197])([H:198])[H:199])=[C:94]3[H:135])[C:32]([H:108])=[C:34]([H:110])[C:36]3=[C:46]2[C:44]([H:118])=[C:42]([H:116])[C:40]([H:114])=[C:38]3[H:112])[C:26]2=[C:16]([C:14]([H:98])=[C:12]1[H:96])[C:18]([H:100])=[C:20]([H:102])[C:22]([H:104])=[C:24]2[H:106])([C:48]1=[C:58]([H:122])[C:56]([C@@:159]([H:160])([H:161])[H:162])=[C:54]([H:146])[C:52]([C@@:155]([H:156])([H:157])[H:158])=[C:50]1[H:120])[C:60]1=[C:70]([H:126])[C:68]([C@@:151]([H:152])([H:153])[H:154])=[C:66]([H:141])[C:64]([C@@:147]([H:148])([H:149])[H:150])=[C:62]1[H:124])<-[Cl-:139],[H]OC([H])([H])[H],OC([C@H](CC1=CC=C(C)C=C1)C2=CC=C(C(C)(C)C)C=C2)=O,OC([C@@H](CC1=CC=C(C)C=C1)C2=CC=C(C(C)(C)C)C=C2)=O,OC(/C(C1=CC=C(C(C)(C)C)C=C1)=C/C2=CC=C(C)C=C2)=O,60,100,,,,2
IAW00000985,CAT-16,SOL-1,,,REA-16,[P]1([C:2]2=[C:4]([H:55])[C:6]([C@:7]([H:74])([H:76])[H:77])=[C:8]([H:56])[C:10]([C@:12]([H:81])([H:82])[H:83])=[C:13]2[H:57])([C:14]2=[C:19]([C:20]3=[C:25]([P:1]([C:26]4=[C:27]([H:64])[C:28]([C@:29]([H:84])([H:85])[H:86])=[C:30]([H:65])[C:31]([C@@:32]([H:87])([H:88])[H:89])=[C:33]4[H:68])(->[Ru+2:54]<-14(<-[N:3]([C@@:34]([C:35]1=[C:36]([H:69])[C:37]([H:70])=[C:38]([O:9][C@@:39]([H:90])([H:91])[H:92])[C:40]([H:71])=[C:41]1[H:72])([C:42]1=[C:48]([H:102])[C:47]([H:78])=[C:45]([O:11][C@@:46]([H:93])([H:94])[H:95])[C:44]([H:75])=[C:43]1[H:73])[C@@:49]([N:5]->4([H:66])[H:67])([C@@:50]([C@@:51]([H:96])([H:97])[H:98])([C@@:52]([H:99])([H:100])[H:101])[H:80])[H:79])([H:60])[H:61])(<-[Cl-:53])<-[Cl-:103])[C:129]1=[C:130]([H:133])[C:132]([C@@:150]([H:151])([H:152])[H:153])=[C:136]([H:137])[C:134]([C@@:146]([H:147])([H:148])[H:149])=[C:131]1[H:135])[C:24]([H:63])=[C:23]([H:62])[C:22]1=[C:21]3[C:115]([H:119])=[C:114]([H:118])[C:113]([H:117])=[C:112]1[H:116])[C:18]1=[C:17]([C:16]([H:59])=[C:15]2[H:58])[C:107]([H:111])=[C:106]([H:110])[C:105]([H:109])=[C:104]1[H:108])[C:120]1=[C:122]([H:126])[C:125]([C@@:138]([H:139])([H:140])[H:141])=[C:127]([H:128])[C:123]([C@@:142]([H:143])([H:144])[H:145])=[C:121]1[H:124],[H]OC([H])([H])[H],OC([C@H](CC1=CC=C(C)C=C1)C2=CC=C(C(C)(C)C)C=C2)=O,OC([C@@H](CC1=CC=C(C)C=C1)C2=CC=C(C(C)(C)C)C=C2)=O,OC(/C(C1=CC=C(C(C)(C)C)C=C1)=C/C2=CC=C(C)C=C2)=O,60,100,,,,2
IAW00000986,CAT-17,SOL-1,,,REA-16,[P]1([C:2]2=[C:17]([H:79])[C:14]([C@:16]([H:109])([H:110])[H:111])=[C:12]([H:78])[C:8]([C@:10]([H:102])([H:104])[H:105])=[C:5]2[H:77])([C:18]2=[C:19]([H:80])[C:20]([C@:21]([H:112])([H:113])[H:114])=[C:22]([H:81])[C:23]([C@:24]([H:115])([H:116])[H:117])=[C:25]2[H:82])[C:26]2=[C:32]([C:33]3=[C:39]([P:1]([C:40]4=[C:41]([H:89])[C:42]([C@:43]([H:122])([H:123])[H:124])=[C:44]([H:90])[C:45]([C@:46]([H:125])([H:126])[H:127])=[C:47]4[H:93])([C:48]4=[C:55]([H:96])[C:53]([C@:54]([H:131])([H:132])[H:133])=[C:52]([H:95])[C:50]([C@:51]([H:128])([H:129])[H:130])=[C:49]4[H:94])->[Ru+2:76]<-14(<-[N:3]([C@:56]([C:57]1=[C:63]([H:100])[C:62]([H:99])=[C:60]([O:13][C@:61]([H:134])([H:135])[H:136])[C:59]([H:98])=[C:58]1[H:97])([C:64]1=[C:70]([H:146])[C:69]([H:106])=[C:67]([O:15][C@:68]([H:137])([H:138])[H:139])[C:66]([H:103])=[C:65]1[H:101])[C@@:71]([N:6]->4([H:91])[H:92])([C@@:72]([C@:73]([H:140])([H:141])[H:142])([C@:74]([H:143])([H:144])[H:145])[H:108])[H:107])([H:85])[H:86])(<-[Cl-:75])<-[Cl-:147])[C:38]([H:88])=[C:37]([H:87])[C:36]1=[C:34]3[O:9][C@:35]([H:120])([H:121])[O:11]1)[C:31]1=[C:29]([O:4][C@@:30]([H:118])([H:119])[O:7]1)[C:28]([H:84])=[C:27]2[H:83],[H]OC([H])([H])[H],OC([C@H](CC1=CC=C(C)C=C1)C2=CC=C(C(C)(C)C)C=C2)=O,OC([C@@H](CC1=CC=C(C)C=C1)C2=CC=C(C(C)(C)C)C=C2)=O,OC(/C(C1=CC=C(C(C)(C)C)C=C1)=C/C2=CC=C(C)C=C2)=O,60,100,,,,2
IAW00000987,CAT-18,SOL-1,,,REA-16,[Ru+2]12(<-[Cl-:1])(<-[Cl-:2])(<-[P:3]([C:16]3=[C:25]([C:15]4=[C:8]([P:4]->1([C:39]1=[C:40]([H:73])[C:41]([H:74])=[C:42]([C@:45]([H:76])([H:77])[H:87])[C:43]([H:86])=[C:44]1[H:75])[C:46]1=[C:49]([H:80])[C:48]([H:79])=[C:89]([C@:95]([H:96])([H:97])[H:98])[C:88]([H:94])=[C:47]1[H:78])[C:9]([H:53])=[C:10]([H:54])[C:11]1=[C:14]4[C:13]([H:56])=[C:82]([H:91])[C:81]([H:90])=[C:12]1[H:55])[C:24]1=[C:19]([C:18]([H:58])=[C:17]3[H:57])[C:20]([H:59])=[C:21]([H:83])[C:22]([H:84])=[C:23]1[H:60])([C:26]1=[C:27]([H:61])[C:28]([H:62])=[C:29]([C@:32]([H:65])([H:66])[H:67])[C:30]([H:63])=[C:31]1[H:64])[C:33]1=[C:34]([H:68])[C:35]([H:69])=[C:36]([C@:85]([H:72])([H:92])[H:93])[C:37]([H:70])=[C:38]1[H:71])<-[N:5]([C@@:7]([H:52])([C:99]1=[N:6]->2[C:105]([H:106])=[C:103]([H:104])[C:102]([H:107])=[C:100]1[H:101])[H:108])([H:50])[H:51],[H]OC([H])([H])[H],OC([C@H](CC1=CC=C(C)C=C1)C2=CC=C(C(C)(C)C)C=C2)=O,OC([C@@H](CC1=CC=C(C)C=C1)C2=CC=C(C(C)(C)C)C=C2)=O,OC(/C(C1=CC=C(C(C)(C)C)C=C1)=C/C2=CC=C(C)C=C2)=O,60,100,,,,2
IAW00000988,CAT-19,SOL-1,,,REA-16,[P]1([C:16]2=[C:11]([C@@:10]([N:3]3([C@:2]4([H:51])[C@:4]([H:52])([H:53])[C@:6]([H:54])([H:55])[C@@:7]([H:56])([H:57])[C@@:8]([H:58])([H:59])[C@:9]4([N:5]4([C@@:29]([C:30]5=[C:31]([H:81])[C:32]([H:82])=[C:33]([H:83])[C:34]([H:84])=[C:35]5[P:1]([C:36]5=[C:37]([H:85])[C:38]([H:86])=[C:39]([H:87])[C:40]([H:88])=[C:41]5[H:89])([C:42]5=[C:47]([H:94])[C:46]([H:93])=[C:45]([H:92])[C:44]([H:91])=[C:43]5[H:90])->[Ru+2:50]<-1<-3<-4(<-[Cl-:48])<-[Cl-:49])([H:79])[H:80])[H:78])[H:60])[H:61])([H:62])[H:63])[C:12]([H:64])=[C:13]([H:65])[C:14]([H:66])=[C:15]2[H:67])([C:17]1=[C:18]([H:68])[C:19]([H:69])=[C:20]([H:70])[C:21]([H:71])=[C:22]1[H:72])[C:23]1=[C:28]([H:77])[C:27]([H:76])=[C:26]([H:75])[C:25]([H:74])=[C:24]1[H:73],[H]OC([H])([H])[H],OC([C@H](CC1=CC=C(C)C=C1)C2=CC=C(C(C)(C)C)C=C2)=O,OC([C@@H](CC1=CC=C(C)C=C1)C2=CC=C(C(C)(C)C)C=C2)=O,OC(/C(C1=CC=C(C(C)(C)C)C=C1)=C/C2=CC=C(C)C=C2)=O,60,100,,,,2
IAW00000989,CAT-20,SOL-1,,,REA-16,[Ru+2]12(<-[Cl-:1])(<-[Cl-:2])(<-[P:3]([C:29]3=[C:38]([C:28]4=[C:21]([P:4]->1([C:52]1=[C:57]([H:98])[C:56]([H:109])=[C:55]([C@:58]([H:99])([H:100])[H:110])[C:54]([H:97])=[C:53]1[H:96])[C:59]1=[C:62]([H:103])[C:61]([H:102])=[C:112]([C@:118]([H:119])([H:120])[H:121])[C:111]([H:117])=[C:60]1[H:101])[C:22]([H:76])=[C:23]([H:77])[C:24]1=[C:27]4[C:26]([H:79])=[C:105]([H:114])[C:104]([H:113])=[C:25]1[H:78])[C:37]1=[C:32]([C:31]([H:81])=[C:30]3[H:80])[C:33]([H:82])=[C:34]([H:106])[C:35]([H:107])=[C:36]1[H:83])([C:39]1=[C:40]([H:84])[C:41]([H:85])=[C:42]([C@:45]([H:88])([H:89])[H:90])[C:43]([H:86])=[C:44]1[H:87])[C:46]1=[C:47]([H:91])[C:48]([H:92])=[C:49]([C@:108]([H:95])([H:115])[H:116])[C:50]([H:93])=[C:51]1[H:94])<-[N:5]([C@:7]([C@@:8]([N:6]->2([H:63])[H:123])([C:15]1=[C:20]([H:75])[C:19]([H:74])=[C:18]([H:73])[C:17]([H:72])=[C:16]1[H:71])[H:65])([C:9]1=[C:10]([H:66])[C:11]([H:67])=[C:12]([H:68])[C:13]([H:69])=[C:14]1[H:70])[H:64])([H:122])[H:124],[H]OC([H])([H])[H],OC([C@H](CC1=CC=C(C)C=C1)C2=CC=C(C(C)(C)C)C=C2)=O,OC([C@@H](CC1=CC=C(C)C=C1)C2=CC=C(C(C)(C)C)C=C2)=O,OC(/C(C1=CC=C(C(C)(C)C)C=C1)=C/C2=CC=C(C)C=C2)=O,60,100,,,,2
IAW00000990,CAT-21,SOL-1,,,REA-16,[Ru+2]12(<-[Cl-:1])(<-[Cl-:2])(<-[P:3]([C:27]3=[C:33]([C:26]4=[C:25]5[C:24](=[C:23]([H:75])[C:22]([H:74])=[C:21]4[P:4]->1([C:47]1=[C:48]([H:90])[C:49]([H:91])=[C:50]([C@:53]([H:93])([H:94])[H:101])[C:51]([H:100])=[C:52]1[H:92])[C:54]1=[C:57]([H:97])[C:56]([H:96])=[C:103]([C@:107]([H:108])([H:109])[H:110])[C:102]([H:106])=[C:55]1[H:95])[O:114][C@:98]([H:117])([H:118])[O:113]5)[C:32]1=[C:30]([C:29]([H:77])=[C:28]3[H:76])[O:111][C@:31]([H:115])([H:116])[O:112]1)([C:34]1=[C:35]([H:78])[C:36]([H:79])=[C:37]([C@:40]([H:82])([H:83])[H:84])[C:38]([H:80])=[C:39]1[H:81])[C:41]1=[C:42]([H:85])[C:43]([H:86])=[C:44]([C@:99]([H:89])([H:104])[H:105])[C:45]([H:87])=[C:46]1[H:88])<-[N:5]([C@@:7]([C@:8]([N:6]->2([H:60])[H:61])([C:15]1=[C:20]([H:73])[C:19]([H:72])=[C:18]([H:71])[C:17]([H:70])=[C:16]1[H:69])[H:63])([C:9]1=[C:14]([H:68])[C:13]([H:67])=[C:12]([H:66])[C:11]([H:65])=[C:10]1[H:64])[H:62])([H:58])[H:59],[H]OC([H])([H])[H],OC([C@H](CC1=CC=C(C)C=C1)C2=CC=C(C(C)(C)C)C=C2)=O,OC([C@@H](CC1=CC=C(C)C=C1)C2=CC=C(C(C)(C)C)C=C2)=O,OC(/C(C1=CC=C(C(C)(C)C)C=C1)=C/C2=CC=C(C)C=C2)=O,60,100,,,,2
IAW00000991,CAT-23,SOL-2,,,REA-16,[C]12([H:1])->[Ir+:130]345(<-[C:7]=1([H:11])[C@@:10]([H:15])([H:16])[C@@:17]([H:22])([H:23])[C:12]->3([H:18])=[C:8]->4([H:13])[C@:5]([H:6])([H:9])[C@:2]2([H:3])[H:4])<-[N:21]1=[C:27]([C:28]2=[C:29]([H:32])[C:31]([H:36])=[C:35]([H:41])[C:33]3=[C:30]2[C@@:34]2([C@@:38]([H:44])([H:45])[C@@:46]([H:51])([H:52])[C:48]4=[C:39]2[C:47]([P:53]->5([C:56]2=[C:62]([H:68])[C:69]([C@@:76]([C@@:84]([H:103])([H:104])[H:105])([C@@:85]([H:106])([H:107])[H:108])[C@:86]([H:109])([H:110])[H:111])=[C:75]([H:83])[C:67]([C@@:74]([C@@:80]([H:94])([H:95])[H:96])([C@:81]([H:97])([H:98])[H:99])[C@:82]([H:100])([H:101])[H:102])=[C:61]2[H:66])[C:57]2=[C:63]([H:70])[C:71]([C@:77]([C@@:87]([H:112])([H:113])[H:114])([C@@:88]([H:115])([H:116])[H:117])[C@:89]([H:118])([H:119])[H:120])=[C:78]([H:90])[C:72]([C@:79]([C@:91]([H:121])([H:122])[H:123])([C@@:92]([H:124])([H:125])[H:126])[C@@:93]([H:127])([H:128])[H:129])=[C:64]2[H:73])=[C:54]([H:59])[C:58]([H:65])=[C:55]4[H:60])[C@:40]([H:49])([H:50])[C@@:37]3([H:42])[H:43])[O:25][C@@:19]([H:24])([H:26])[C@:14]1([H:20])[H:131],[H]C([H])([H])C([H])([H])N(C([H])([H])C([H])([H])[H])C([H])([H])C([H])([H])[H].[H]OC([H])([H])[H],OC([C@H](CC1=CC=C(C)C=C1)C2=CC=C(C(C)(C)C)C=C2)=O,OC([C@@H](CC1=CC=C(C)C=C1)C2=CC=C(C(C)(C)C)C=C2)=O,OC(/C(C1=CC=C(C(C)(C)C)C=C1)=C/C2=CC=C(C)C=C2)=O,60,6,,,,2
IAW00000992,CAT-24,SOL-2,,,REA-16,C1([H:1])=[C:11]([H:17])[C:16]([C@@:24]2([H:31])[C@:30]([H:35])([H:37])[O:36][C:38]3[C:39]4=[C:41]5[C:44](=[C:46]([H:52])[C:42]([H:47])=[C:40]4[H:43])[C@:48]([H:53])([H:54])[C@@:51]([H:60])([H:61])[C@:45]54[C@@:49]([H:55])([H:56])[C@@:57]([H:62])([H:63])[C:59]5=[C:50]4[C:58]([P:64]([C:67]4=[C:73]([H:79])[C:80]([C@@:87]([C@@:95]([H:114])([H:115])[H:116])([C@@:96]([H:117])([H:118])[H:119])[C@:97]([H:120])([H:121])[H:122])=[C:86]([H:94])[C:78]([C@@:85]([C@@:91]([H:105])([H:106])[H:107])([C@:92]([H:108])([H:109])[H:110])[C@:93]([H:111])([H:112])[H:113])=[C:72]4[H:77])([C:68]4=[C:75]([H:84])[C:83]([C@:90]([C@:102]([H:132])([H:133])[H:134])([C@@:103]([H:135])([H:136])[H:137])[C@@:104]([H:138])([H:139])[H:140])=[C:89]([H:101])[C:82]([C@:88]([C@@:98]([H:123])([H:124])[H:125])([C@@:99]([H:126])([H:127])[H:128])[C@:100]([H:129])([H:130])[H:131])=[C:74]4[H:81])->[Ir+:141]467(<-[C:4]8([H:5])=[C:13]->4([H:21])[C@@:20]([H:26])([H:27])[C@@:28]([H:33])([H:34])[C:22]->6([H:29])=[C:14]->7([H:23])[C@:9]([H:10])([H:15])[C@:6]8([H:7])[H:8])<-[N:32]=32)=[C:65]([H:70])[C:69]([H:76])=[C:66]5[H:71])=[C:19]([H:25])[C:12]([H:18])=[C:2]1[H:3],[H]C([H])([H])C([H])([H])N(C([H])([H])C([H])([H])[H])C([H])([H])C([H])([H])[H].[H]OC([H])([H])[H],OC([C@H](CC1=CC=C(C)C=C1)C2=CC=C(C(C)(C)C)C=C2)=O,OC([C@@H](CC1=CC=C(C)C=C1)C2=CC=C(C(C)(C)C)C=C2)=O,OC(/C(C1=CC=C(C(C)(C)C)C=C1)=C/C2=CC=C(C)C=C2)=O,60,6,,,,2
IAW00000993,CAT-25,SOL-2,,,REA-16,C12[P:96]([C:33]3=[C:40]([H:41])[C:39]([C@:55]([C@:56]([H:57])([H:58])[H:59])([C@:60]([H:61])([H:62])[H:105])[C@@:104]([H:120])([H:121])[H:122])=[C:37]([H:38])[C:36]([C@:42]([C@:43]([H:44])([H:45])[H:46])([C@:47]([H:48])([H:49])[H:50])[C@:51]([H:52])([H:53])[H:54])=[C:34]3[H:35])([C:63]3=[C:69]([H:109])[C:68]([C@:108]([C@:125]([H:136])([H:137])[H:138])([C@@:126]([H:139])([H:140])[H:141])[C@:127]([H:142])([H:143])[H:144])=[C:67]([H:107])[C:66]([C@:106]([C@:70]([H:71])([H:110])[H:111])([C@@:123]([H:131])([H:132])[H:133])[C@:124]([H:72])([H:134])[H:135])=[C:64]3[H:65])->[Ir+:93]345(<-[C:73]6([H:74])=[C:75]->3([H:76])[C@:77]([H:78])([H:79])[C@@:80]([H:81])([H:82])[C:83]->4([H:84])=[C:85]->5([H:86])[C@:87]([H:88])([H:89])[C@@:90]6([H:91])[H:92])<-[N:94]3=[C:13]([C:11]4=[C:9]([H:10])[C:102]([H:118])=[C:119]([H:130])[C:103]5=[C:12]4[C@:5]4([C:4]1=[C:3]([C@:6]([H:7])([H:101])[C@:99]4([H:114])[H:115])[C:98]([H:113])=[C:97]([H:112])[C:1]=2[H:2])[C@@:100]([H:8])([H:117])[C@@:116]5([H:128])[H:129])[O:95][C@:14]([H:15])([H:16])[C@:17]3([H:18])[C@@:19]([H:20])([H:21])[C:22]1=[C:23]([H:24])[C:25]([H:26])=[C:27]([H:28])[C:29]([H:30])=[C:31]1[H:32],[H]C([H])([H])C([H])([H])N(C([H])([H])C([H])([H])[H])C([H])([H])C([H])([H])[H].[H]OC([H])([H])[H],OC([C@H](CC1=CC=C(C)C=C1)C2=CC=C(C(C)(C)C)C=C2)=O,OC([C@@H](CC1=CC=C(C)C=C1)C2=CC=C(C(C)(C)C)C=C2)=O,OC(/C(C1=CC=C(C(C)(C)C)C=C1)=C/C2=CC=C(C)C=C2)=O,60,6,,,,2
IAW00000994,CAT-26,SOL-2,,,REA-16,[P]1([C:13]2=[C:14]([H:57])[C:15]([H:58])=[C:16]([H:59])[C:11]3=[C:12]2[C@@:7]2([C@@:9]([H:67])([H:68])[C@@:10]3([H:72])[H:73])[C@@:17]([H:74])([H:75])[C@@:18]([H:76])([H:77])[C:19]3=[C:24]([H:62])[C:23]([H:61])=[C:22]([H:60])[C:21]([N:8]([C@:6]([C:5]4=[C:120]([C@@:121]([H:122])([H:123])[H:124])[C:1]([H:82])=[C:2]([H:81])[C:3]([H:80])=[C:4]4[H:119])([H:78])[H:79])(->[Ir+4:54]<-1(<-[Cl-:53])(<-[H-:55])(<-[H-:56])<-[H-:125])[H:64])=[C:20]23)([C:25]1=[C:30]([H:66])[C:29]([C@:35]([C@:36]([H:92])([H:93])[H:94])([C@:37]([H:95])([H:96])[H:97])[C@:38]([H:98])([H:99])[H:100])=[C:28]([H:65])[C:27]([C@:31]([C@:32]([H:83])([H:84])[H:85])([C@:33]([H:86])([H:87])[H:88])[C@:34]([H:89])([H:90])[H:91])=[C:26]1[H:63])[C:39]1=[C:40]([H:69])[C:41]([C@@:45]([C@:46]([H:101])([H:102])[H:103])([C@:47]([H:104])([H:105])[H:106])[C@:48]([H:107])([H:108])[H:109])=[C:42]([H:70])[C:43]([C@:49]([C@:50]([H:110])([H:111])[H:112])([C@:51]([H:113])([H:114])[H:115])[C@:52]([H:116])([H:117])[H:118])=[C:44]1[H:71],[H]C([H])([H])C([H])([H])N(C([H])([H])C([H])([H])[H])C([H])([H])C([H])([H])[H].[H]OC([H])([H])[H],OC([C@H](CC1=CC=C(C)C=C1)C2=CC=C(C(C)(C)C)C=C2)=O,OC([C@@H](CC1=CC=C(C)C=C1)C2=CC=C(C(C)(C)C)C=C2)=O,OC(/C(C1=CC=C(C(C)(C)C)C=C1)=C/C2=CC=C(C)C=C2)=O,60,6,,,,2
IAW00000995,CAT-27,SOL-2,,,REA-16,[C@@]1([C@@:1]2([H:41])[C@:3]([C@@:7]([H:43])([H:44])[H:45])([H:42])[O:87][C:4]([C:6]3=[C:8]([H:46])[C:9]([H:47])=[C:10]([H:48])[C:11]([H:49])=[C:12]3[H:50])=[N:5]2->[Ir+5:26]234(<-[P:13]([O:2]1)([C@:14]1([H:51])[C@@:16]([H:53])([H:54])[C@@:17]([H:55])([H:56])[C@@:18]([H:57])([H:58])[C@@:19]([H:59])([H:60])[C@@:20]1([H:61])[H:62])[C@:15]1([H:52])[C@@:21]([H:63])([H:64])[C@@:22]([H:65])([H:66])[C@@:23]([H:67])([H:68])[C@@:24]([H:69])([H:70])[C@@:25]1([H:71])[H:72])<-[C-:88]1([H:89])[C-:90]->2([H:91])[C@@:92]([H:93])([H:94])[C@@:95]([H:96])([H:97])[C-:104]->3([H:106])[C-:105]->4([H:107])[C@:101]([H:102])([H:103])[C@@:98]1([H:99])[H:100])([C@:32]([C:35]1=[C:31]([H:77])[C:30]([H:76])=[C:29]([H:75])[C:28]([H:74])=[C:27]1[H:73])([H:78])[H:79])[C@:39]([C:40]1=[C:38]([H:84])[C:37]([H:83])=[C:36]([H:82])[C:34]([H:81])=[C:33]1[H:80])([H:85])[H:86],[H]C([H])([H])C([H])([H])N(C([H])([H])C([H])([H])[H])C([H])([H])C([H])([H])[H].[H]OC([H])([H])[H],OC([C@H](CC1=CC=C(C)C=C1)C2=CC=C(C(C)(C)C)C=C2)=O,OC([C@@H](CC1=CC=C(C)C=C1)C2=CC=C(C(C)(C)C)C=C2)=O,OC(/C(C1=CC=C(C(C)(C)C)C=C1)=C/C2=CC=C(C)C=C2)=O,60,6,,,,2
IAW00000996,CAT-28,SOL-1,,,REA-16,[P]12([C@@:10]([C@:11]([P:1]3(->[Rh+:24]<-1456<-[C:2]1([H:25])=[C:3]->4([H:26])[C@:4]([H:27])([H:28])[C@@:5]([H:29])([H:30])[C:6]->5([H:31])=[C:7]->6([H:32])[C@:8]([H:33])([H:34])[C@@:9]1([H:35])[H:36])[C@@:18]([C@:22]([H:59])([H:60])[H:61])([H:53])[C@@:19]([H:54])([H:55])[C@@:20]([H:56])([H:57])[C@:21]3([C@:23]([H:62])([H:63])[H:64])[H:58])([H:39])[H:40])([H:37])[H:38])[C@@:12]([C@:16]([H:47])([H:48])[H:49])([H:41])[C@@:13]([H:42])([H:43])[C@:14]([H:44])([H:45])[C@:15]2([C@:17]([H:50])([H:51])[H:52])[H:46],[H]OC([H])([H])[H],OC([C@H](CC1=CC=C(C)C=C1)C2=CC=C(C(C)(C)C)C=C2)=O,OC([C@@H](CC1=CC=C(C)C=C1)C2=CC=C(C(C)(C)C)C=C2)=O,OC(/C(C1=CC=C(C(C)(C)C)C=C1)=C/C2=CC=C(C)C=C2)=O,60,20,,,,2
IAW00000997,CAT-28,SOL-2,,,REA-16,[P]12([C@@:10]([C@:11]([P:1]3(->[Rh+:24]<-1456<-[C:2]1([H:25])=[C:3]->4([H:26])[C@:4]([H:27])([H:28])[C@@:5]([H:29])([H:30])[C:6]->5([H:31])=[C:7]->6([H:32])[C@:8]([H:33])([H:34])[C@@:9]1([H:35])[H:36])[C@@:18]([C@:22]([H:59])([H:60])[H:61])([H:53])[C@@:19]([H:54])([H:55])[C@@:20]([H:56])([H:57])[C@:21]3([C@:23]([H:62])([H:63])[H:64])[H:58])([H:39])[H:40])([H:37])[H:38])[C@@:12]([C@:16]([H:47])([H:48])[H:49])([H:41])[C@@:13]([H:42])([H:43])[C@:14]([H:44])([H:45])[C@:15]2([C@:17]([H:50])([H:51])[H:52])[H:46],[H]C([H])([H])C([H])([H])N(C([H])([H])C([H])([H])[H])C([H])([H])C([H])([H])[H].[H]OC([H])([H])[H],OC([C@H](CC1=CC=C(C)C=C1)C2=CC=C(C(C)(C)C)C=C2)=O,OC([C@@H](CC1=CC=C(C)C=C1)C2=CC=C(C(C)(C)C)C=C2)=O,OC(/C(C1=CC=C(C(C)(C)C)C=C1)=C/C2=CC=C(C)C=C2)=O,60,20,,,,2
IAW00000998,CAT-29,SOL-2,,,REA-16,[P]12([C@@:22]([H:23])([H:24])[C@:25]([P:1]3(->[Rh+:76]<-1456<-[C:2]1([H:3])=[C:4]->4([H:5])[C@:6]([H:7])([H:8])[C@@:9]([H:10])([H:11])[C:12]->5([H:13])=[C:14]->6([H:15])[C@:16]([H:17])([H:18])[C@@:19]1([H:20])[H:21])[C@@:48]([H:49])([C@@:65]([H:66])([H:67])[C@:68]([H:69])([H:70])[H:72])[C@@:50]([H:51])([H:52])[C@:53]([H:54])([H:55])[C@:56]3([H:57])[C@:58]([H:59])([H:60])[C@:61]([H:62])([H:63])[H:64])([H:26])[H:27])[C@@:28]([H:29])([C@:38]([H:39])([H:40])[C@:41]([H:42])([H:43])[H:44])[C@@:30]([H:31])([H:32])[C@:33]([H:34])([H:35])[C@:36]2([H:37])[C@@:45]([H:46])([H:47])[C@:71]([H:73])([H:74])[H:75],[H]C([H])([H])C([H])([H])N(C([H])([H])C([H])([H])[H])C([H])([H])C([H])([H])[H].[H]OC([H])([H])[H],OC([C@H](CC1=CC=C(C)C=C1)C2=CC=C(C(C)(C)C)C=C2)=O,OC([C@@H](CC1=CC=C(C)C=C1)C2=CC=C(C(C)(C)C)C=C2)=O,OC(/C(C1=CC=C(C(C)(C)C)C=C1)=C/C2=CC=C(C)C=C2)=O,60,20,,,,2
IAW00000999,CAT-30,SOL-1,,,REA-16,[P]12([C@@:22]([H:23])([H:24])[C@:25]([P:1]3(->[Rh+:72]<-1456<-[C:2]1([H:3])=[C:4]->4([H:5])[C@:6]([H:7])([H:8])[C@@:9]([H:10])([H:11])[C:12]->5([H:13])=[C:14]->6([H:15])[C@:16]([H:17])([H:18])[C@@:19]1([H:20])[H:21])[C@:46]([H:47])([C@@:62]([H:63])([C@:64]([H:65])([H:66])[H:68])[C@@:85]([H:86])([H:87])[H:88])[C@@:48]([H:49])([H:50])[C@:51]([H:52])([H:53])[C@@:54]3([H:55])[C@@:56]([H:57])([C@:58]([H:59])([H:60])[H:61])[C@@:81]([H:82])([H:83])[H:84])([H:26])[H:27])[C@:28]([H:29])([C@@:38]([H:39])([C@:40]([H:41])([H:42])[H:43])[C@@:73]([H:74])([H:75])[H:76])[C@@:30]([H:31])([H:32])[C@:33]([H:34])([H:35])[C@@:36]2([H:37])[C@:44]([H:45])([C@:67]([H:69])([H:70])[H:71])[C@@:77]([H:78])([H:79])[H:80],[H]OC([H])([H])[H],OC([C@H](CC1=CC=C(C)C=C1)C2=CC=C(C(C)(C)C)C=C2)=O,OC([C@@H](CC1=CC=C(C)C=C1)C2=CC=C(C(C)(C)C)C=C2)=O,OC(/C(C1=CC=C(C(C)(C)C)C=C1)=C/C2=CC=C(C)C=C2)=O,60,20,,,,2
IAW00001000,CAT-30,SOL-2,,,REA-16,[P]12([C@@:22]([H:23])([H:24])[C@:25]([P:1]3(->[Rh+:72]<-1456<-[C:2]1([H:3])=[C:4]->4([H:5])[C@:6]([H:7])([H:8])[C@@:9]([H:10])([H:11])[C:12]->5([H:13])=[C:14]->6([H:15])[C@:16]([H:17])([H:18])[C@@:19]1([H:20])[H:21])[C@:46]([H:47])([C@@:62]([H:63])([C@:64]([H:65])([H:66])[H:68])[C@@:85]([H:86])([H:87])[H:88])[C@@:48]([H:49])([H:50])[C@:51]([H:52])([H:53])[C@@:54]3([H:55])[C@@:56]([H:57])([C@:58]([H:59])([H:60])[H:61])[C@@:81]([H:82])([H:83])[H:84])([H:26])[H:27])[C@:28]([H:29])([C@@:38]([H:39])([C@:40]([H:41])([H:42])[H:43])[C@@:73]([H:74])([H:75])[H:76])[C@@:30]([H:31])([H:32])[C@:33]([H:34])([H:35])[C@@:36]2([H:37])[C@:44]([H:45])([C@:67]([H:69])([H:70])[H:71])[C@@:77]([H:78])([H:79])[H:80],[H]C([H])([H])C([H])([H])N(C([H])([H])C([H])([H])[H])C([H])([H])C([H])([H])[H].[H]OC([H])([H])[H],OC([C@H](CC1=CC=C(C)C=C1)C2=CC=C(C(C)(C)C)C=C2)=O,OC([C@@H](CC1=CC=C(C)C=C1)C2=CC=C(C(C)(C)C)C=C2)=O,OC(/C(C1=CC=C(C(C)(C)C)C=C1)=C/C2=CC=C(C)C=C2)=O,60,20,,,,2
IAW00001001,CAT-31,SOL-1,,,REA-16,[P]12([C@@:10]([C@:11]([P:1]3(->[Rh+:20]<-1456<-[C:2]1([H:21])=[C:3]->4([H:22])[C@:4]([H:23])([H:24])[C@@:5]([H:25])([H:26])[C:6]->5([H:27])=[C:7]->6([H:28])[C@:8]([H:29])([H:30])[C@@:9]1([H:31])[H:32])[C@@:16]([H:43])([C:82]1=[C:83]([H:86])[C:85]([H:90])=[C:89]([H:92])[C:87]([H:91])=[C:84]1[H:88])[C@@:17]([H:44])([H:45])[C@@:18]([H:46])([H:47])[C@:19]3([H:48])[C:71]1=[C:72]([H:75])[C:74]([H:79])=[C:78]([H:81])[C:76]([H:80])=[C:73]1[H:77])([H:35])[H:36])([H:33])[H:34])[C@@:12]([H:37])([C:49]1=[C:50]([H:53])[C:52]([H:57])=[C:56]([H:59])[C:54]([H:58])=[C:51]1[H:55])[C@@:13]([H:38])([H:39])[C@:14]([H:40])([H:41])[C@:15]2([H:42])[C:60]1=[C:61]([H:64])[C:63]([H:68])=[C:67]([H:70])[C:65]([H:69])=[C:62]1[H:66],[H]OC([H])([H])[H],OC([C@H](CC1=CC=C(C)C=C1)C2=CC=C(C(C)(C)C)C=C2)=O,OC([C@@H](CC1=CC=C(C)C=C1)C2=CC=C(C(C)(C)C)C=C2)=O,OC(/C(C1=CC=C(C(C)(C)C)C=C1)=C/C2=CC=C(C)C=C2)=O,60,20,,,,2
IAW00001002,CAT-31,SOL-2,,,REA-16,[P]12([C@@:10]([C@:11]([P:1]3(->[Rh+:20]<-1456<-[C:2]1([H:21])=[C:3]->4([H:22])[C@:4]([H:23])([H:24])[C@@:5]([H:25])([H:26])[C:6]->5([H:27])=[C:7]->6([H:28])[C@:8]([H:29])([H:30])[C@@:9]1([H:31])[H:32])[C@@:16]([H:43])([C:82]1=[C:83]([H:86])[C:85]([H:90])=[C:89]([H:92])[C:87]([H:91])=[C:84]1[H:88])[C@@:17]([H:44])([H:45])[C@@:18]([H:46])([H:47])[C@:19]3([H:48])[C:71]1=[C:72]([H:75])[C:74]([H:79])=[C:78]([H:81])[C:76]([H:80])=[C:73]1[H:77])([H:35])[H:36])([H:33])[H:34])[C@@:12]([H:37])([C:49]1=[C:50]([H:53])[C:52]([H:57])=[C:56]([H:59])[C:54]([H:58])=[C:51]1[H:55])[C@@:13]([H:38])([H:39])[C@:14]([H:40])([H:41])[C@:15]2([H:42])[C:60]1=[C:61]([H:64])[C:63]([H:68])=[C:67]([H:70])[C:65]([H:69])=[C:62]1[H:66],[H]C([H])([H])C([H])([H])N(C([H])([H])C([H])([H])[H])C([H])([H])C([H])([H])[H].[H]OC([H])([H])[H],OC([C@H](CC1=CC=C(C)C=C1)C2=CC=C(C(C)(C)C)C=C2)=O,OC([C@@H](CC1=CC=C(C)C=C1)C2=CC=C(C(C)(C)C)C=C2)=O,OC(/C(C1=CC=C(C(C)(C)C)C=C1)=C/C2=CC=C(C)C=C2)=O,60,20,,,,2
IAW00001003,CAT-32,SOL-2,,,REA-16,[Rh+]1234(<-[P:1]5([C:35]6=[C:41]([H:52])[C:51]([H:59])=[C:58]([H:60])[C:47]([H:57])=[C:39]6[P:34]->16[C@@:63]([C@:46]([H:54])([H:55])[H:56])([H:64])[C@:42]([H:23])([H:53])[C@:36]([H:22])([H:43])[C@:67]6([C@@:24]([H:25])([H:26])[H:37])[H:68])[C@@:61]([C@:30]([H:31])([H:32])[H:33])([H:62])[C@@:27]([H:28])([H:29])[C@:38]([H:44])([H:45])[C@:65]5([C@@:40]([H:48])([H:49])[H:50])[H:66])<-[C:2]1([H:3])=[C:4]->2([H:5])[C@@:6]([H:7])([H:8])[C@:9]([H:10])([H:11])[C:12]->3([H:13])=[C:14]->4([H:15])[C@@:16]([H:17])([H:18])[C@:19]1([H:20])[H:21],[H]C([H])([H])C([H])([H])N(C([H])([H])C([H])([H])[H])C([H])([H])C([H])([H])[H].[H]OC([H])([H])[H],OC([C@H](CC1=CC=C(C)C=C1)C2=CC=C(C(C)(C)C)C=C2)=O,OC([C@@H](CC1=CC=C(C)C=C1)C2=CC=C(C(C)(C)C)C=C2)=O,OC(/C(C1=CC=C(C(C)(C)C)C=C1)=C/C2=CC=C(C)C=C2)=O,60,20,,,,2
IAW00001004,CAT-33,SOL-3,,,REA-16,[Rh+]1234(<-[P:1]5([C:23]6=[C:31]([H:32])[C:29]([H:30])=[C:27]([H:28])[C:25]([H:26])=[C:24]6[P:2]->16[C@:73]([C@:66]([H:67])([H:68])[C@@:69]([H:70])([H:71])[H:72])([H:74])[C@@:56]([H:57])([H:58])[C@@:53]([H:54])([H:55])[C@@:75]6([C@:59]([H:60])([H:61])[C@@:62]([H:63])([H:64])[H:65])[H:76])[C@:77]([C@:46]([H:47])([H:48])[C@@:49]([H:50])([H:51])[H:52])([H:78])[C@@:36]([H:37])([H:38])[C@@:33]([H:34])([H:35])[C@@:79]5([C@:39]([H:40])([H:41])[C@@:42]([H:43])([H:44])[H:45])[H:80])<-[C:3]1([H:4])=[C:5]->2([H:6])[C@:7]([H:8])([H:9])[C@:10]([H:11])([H:12])[C:13]->3([H:14])=[C:15]->4([H:16])[C@:17]([H:18])([H:19])[C@@:20]1([H:21])[H:22],F[B-](F)(F)F.[H]C([H])([H])C([H])([H])N(C([H])([H])C([H])([H])[H])C([H])([H])C([H])([H])[H].[H]OC([H])([H])[H],OC([C@H](CC1=CC=C(C)C=C1)C2=CC=C(C(C)(C)C)C=C2)=O,OC([C@@H](CC1=CC=C(C)C=C1)C2=CC=C(C(C)(C)C)C=C2)=O,OC(/C(C1=CC=C(C(C)(C)C)C=C1)=C/C2=CC=C(C)C=C2)=O,60,20,,,,2
IAW00001005,CAT-34,SOL-2,,,REA-16,[Rh+]1234(<-[P:1]5([C:33]6=[C:30]([P:2]->17[C@@:45]([H:46])([C@:55]([H:56])([C@:57]([H:58])([H:59])[H:60])[C@:61]([H:62])([H:63])[H:64])[C@:47]([H:48])([H:49])[C@@:50]([H:51])([H:52])[C@:53]7([H:54])[C@@:65]([H:66])([C@:67]([H:68])([H:69])[H:70])[C@:71]([H:72])([H:73])[H:74])[C:28]([H:29])=[C:26]([H:27])[C:24]([H:25])=[C:23]6[H:76])[C@@:31]([H:32])([C@@:36]([H:37])([C@:38]([H:39])([H:40])[H:78])[C@:41]([H:42])([H:43])[H:44])[C@@:77]([H:82])([H:83])[C@:79]([H:84])([H:85])[C@@:75]5([C@@:80]([H:34])([C@:86]([H:88])([H:89])[H:90])[C@:87]([H:35])([H:91])[H:92])[H:81])<-[C:3]1([H:4])=[C:5]->2([H:6])[C@:7]([H:8])([H:9])[C@@:10]([H:11])([H:12])[C:13]->3([H:14])=[C:15]->4([H:16])[C@:17]([H:18])([H:19])[C@@:20]1([H:21])[H:22],[H]C([H])([H])C([H])([H])N(C([H])([H])C([H])([H])[H])C([H])([H])C([H])([H])[H].[H]OC([H])([H])[H],OC([C@H](CC1=CC=C(C)C=C1)C2=CC=C(C(C)(C)C)C=C2)=O,OC([C@@H](CC1=CC=C(C)C=C1)C2=CC=C(C(C)(C)C)C=C2)=O,OC(/C(C1=CC=C(C(C)(C)C)C=C1)=C/C2=CC=C(C)C=C2)=O,60,20,,,,2
IAW00001006,CAT-35,SOL-2,,,REA-16,[Fe+2]123456789<-[C:3]%10([P:1]%11(->[Rh+:61]%12%13%14(<-[P:2]%15([C:12]->1%16=[C:17]->2([H:18])[C:15]->3([H:16])=[C:14]->4([H:53])[C-:13]->5%16[H:52])[C@:29]([H:30])([C@@:62]([H:63])([H:64])[H:65])[C@:54]([H:57])([H:58])[C@:56]([H:59])([H:60])[C@@:51]%15([H:55])[C@@:66]([H:67])([H:68])[H:69])<-[C:31]1([H:32])=[C:33]->%12([H:34])[C@:35]([H:36])([H:37])[C@@:38]([H:39])([H:40])[C:41]->%13([H:42])=[C:43]->%14([H:44])[C@:45]([H:46])([H:47])[C@@:48]1([H:49])[H:50])[C@:19]([H:20])([C@@:70]([H:71])([H:72])[H:73])[C@@:21]([H:22])([H:23])[C@:24]([H:25])([H:26])[C@@:27]%11([H:28])[C@@:74]([H:75])([H:76])[H:77])=[C:4]->6([H:5])[C:6]->7([H:7])=[C:8]->8([H:9])[C-:10]->9%10[H:11],[H]C([H])([H])C([H])([H])N(C([H])([H])C([H])([H])[H])C([H])([H])C([H])([H])[H].[H]OC([H])([H])[H],OC([C@H](CC1=CC=C(C)C=C1)C2=CC=C(C(C)(C)C)C=C2)=O,OC([C@@H](CC1=CC=C(C)C=C1)C2=CC=C(C(C)(C)C)C=C2)=O,OC(/C(C1=CC=C(C(C)(C)C)C=C1)=C/C2=CC=C(C)C=C2)=O,60,20,,,,2
IAW00001007,CAT-35,SOL-4,,,REA-16,[Fe+2]123456789<-[C:3]%10([P:1]%11(->[Rh+:61]%12%13%14(<-[P:2]%15([C:12]->1%16=[C:17]->2([H:18])[C:15]->3([H:16])=[C:14]->4([H:53])[C-:13]->5%16[H:52])[C@:29]([H:30])([C@@:62]([H:63])([H:64])[H:65])[C@:54]([H:57])([H:58])[C@:56]([H:59])([H:60])[C@@:51]%15([H:55])[C@@:66]([H:67])([H:68])[H:69])<-[C:31]1([H:32])=[C:33]->%12([H:34])[C@:35]([H:36])([H:37])[C@@:38]([H:39])([H:40])[C:41]->%13([H:42])=[C:43]->%14([H:44])[C@:45]([H:46])([H:47])[C@@:48]1([H:49])[H:50])[C@:19]([H:20])([C@@:70]([H:71])([H:72])[H:73])[C@@:21]([H:22])([H:23])[C@:24]([H:25])([H:26])[C@@:27]%11([H:28])[C@@:74]([H:75])([H:76])[H:77])=[C:4]->6([H:5])[C:6]->7([H:7])=[C:8]->8([H:9])[C-:10]->9%10[H:11],[H]C([H])([H])C([H])([H])N(C([H])([H])C([H])([H])[H])C([H])([H])C([H])([H])[H].[H]OC([H])([H])[H].[H]O[H],OC([C@H](CC1=CC=C(C)C=C1)C2=CC=C(C(C)(C)C)C=C2)=O,OC([C@@H](CC1=CC=C(C)C=C1)C2=CC=C(C(C)(C)C)C=C2)=O,OC(/C(C1=CC=C(C(C)(C)C)C=C1)=C/C2=CC=C(C)C=C2)=O,60,20,,,,2
IAW00001008,CAT-35,SOL-5,,,REA-16,[Fe+2]123456789<-[C:3]%10([P:1]%11(->[Rh+:61]%12%13%14(<-[P:2]%15([C:12]->1%16=[C:17]->2([H:18])[C:15]->3([H:16])=[C:14]->4([H:53])[C-:13]->5%16[H:52])[C@:29]([H:30])([C@@:62]([H:63])([H:64])[H:65])[C@:54]([H:57])([H:58])[C@:56]([H:59])([H:60])[C@@:51]%15([H:55])[C@@:66]([H:67])([H:68])[H:69])<-[C:31]1([H:32])=[C:33]->%12([H:34])[C@:35]([H:36])([H:37])[C@@:38]([H:39])([H:40])[C:41]->%13([H:42])=[C:43]->%14([H:44])[C@:45]([H:46])([H:47])[C@@:48]1([H:49])[H:50])[C@:19]([H:20])([C@@:70]([H:71])([H:72])[H:73])[C@@:21]([H:22])([H:23])[C@:24]([H:25])([H:26])[C@@:27]%11([H:28])[C@@:74]([H:75])([H:76])[H:77])=[C:4]->6([H:5])[C:6]->7([H:7])=[C:8]->8([H:9])[C-:10]->9%10[H:11],[H]C([H])([H])C([H])([H])N(C([H])([H])C([H])([H])[H])C([H])([H])C([H])([H])[H].[H]C1([H])OC([H])([H])C([H])([H])C1([H])[H],OC([C@H](CC1=CC=C(C)C=C1)C2=CC=C(C(C)(C)C)C=C2)=O,OC([C@@H](CC1=CC=C(C)C=C1)C2=CC=C(C(C)(C)C)C=C2)=O,OC(/C(C1=CC=C(C(C)(C)C)C=C1)=C/C2=CC=C(C)C=C2)=O,60,5,,,,2
IAW00001009,CAT-35,SOL-5,,,REA-16,[Fe+2]123456789<-[C:3]%10([P:1]%11(->[Rh+:61]%12%13%14(<-[P:2]%15([C:12]->1%16=[C:17]->2([H:18])[C:15]->3([H:16])=[C:14]->4([H:53])[C-:13]->5%16[H:52])[C@:29]([H:30])([C@@:62]([H:63])([H:64])[H:65])[C@:54]([H:57])([H:58])[C@:56]([H:59])([H:60])[C@@:51]%15([H:55])[C@@:66]([H:67])([H:68])[H:69])<-[C:31]1([H:32])=[C:33]->%12([H:34])[C@:35]([H:36])([H:37])[C@@:38]([H:39])([H:40])[C:41]->%13([H:42])=[C:43]->%14([H:44])[C@:45]([H:46])([H:47])[C@@:48]1([H:49])[H:50])[C@:19]([H:20])([C@@:70]([H:71])([H:72])[H:73])[C@@:21]([H:22])([H:23])[C@:24]([H:25])([H:26])[C@@:27]%11([H:28])[C@@:74]([H:75])([H:76])[H:77])=[C:4]->6([H:5])[C:6]->7([H:7])=[C:8]->8([H:9])[C-:10]->9%10[H:11],[H]C([H])([H])C([H])([H])N(C([H])([H])C([H])([H])[H])C([H])([H])C([H])([H])[H].[H]C1([H])OC([H])([H])C([H])([H])C1([H])[H],OC([C@H](CC1=CC=C(C)C=C1)C2=CC=C(C(C)(C)C)C=C2)=O,OC([C@@H](CC1=CC=C(C)C=C1)C2=CC=C(C(C)(C)C)C=C2)=O,OC(/C(C1=CC=C(C(C)(C)C)C=C1)=C/C2=CC=C(C)C=C2)=O,60,50,,,,2
IAW00001010,CAT-35,SOL-5,,,REA-16,[Fe+2]123456789<-[C:3]%10([P:1]%11(->[Rh+:61]%12%13%14(<-[P:2]%15([C:12]->1%16=[C:17]->2([H:18])[C:15]->3([H:16])=[C:14]->4([H:53])[C-:13]->5%16[H:52])[C@:29]([H:30])([C@@:62]([H:63])([H:64])[H:65])[C@:54]([H:57])([H:58])[C@:56]([H:59])([H:60])[C@@:51]%15([H:55])[C@@:66]([H:67])([H:68])[H:69])<-[C:31]1([H:32])=[C:33]->%12([H:34])[C@:35]([H:36])([H:37])[C@@:38]([H:39])([H:40])[C:41]->%13([H:42])=[C:43]->%14([H:44])[C@:45]([H:46])([H:47])[C@@:48]1([H:49])[H:50])[C@:19]([H:20])([C@@:70]([H:71])([H:72])[H:73])[C@@:21]([H:22])([H:23])[C@:24]([H:25])([H:26])[C@@:27]%11([H:28])[C@@:74]([H:75])([H:76])[H:77])=[C:4]->6([H:5])[C:6]->7([H:7])=[C:8]->8([H:9])[C-:10]->9%10[H:11],[H]C([H])([H])C([H])([H])N(C([H])([H])C([H])([H])[H])C([H])([H])C([H])([H])[H].[H]C1([H])OC([H])([H])C([H])([H])C1([H])[H],OC([C@H](CC1=CC=C(C)C=C1)C2=CC=C(C(C)(C)C)C=C2)=O,OC([C@@H](CC1=CC=C(C)C=C1)C2=CC=C(C(C)(C)C)C=C2)=O,OC(/C(C1=CC=C(C(C)(C)C)C=C1)=C/C2=CC=C(C)C=C2)=O,60,20,,,,2
IAW00001011,CAT-35,SOL-6,,,REA-16,[Fe+2]123456789<-[C:3]%10([P:1]%11(->[Rh+:61]%12%13%14(<-[P:2]%15([C:12]->1%16=[C:17]->2([H:18])[C:15]->3([H:16])=[C:14]->4([H:53])[C-:13]->5%16[H:52])[C@:29]([H:30])([C@@:62]([H:63])([H:64])[H:65])[C@:54]([H:57])([H:58])[C@:56]([H:59])([H:60])[C@@:51]%15([H:55])[C@@:66]([H:67])([H:68])[H:69])<-[C:31]1([H:32])=[C:33]->%12([H:34])[C@:35]([H:36])([H:37])[C@@:38]([H:39])([H:40])[C:41]->%13([H:42])=[C:43]->%14([H:44])[C@:45]([H:46])([H:47])[C@@:48]1([H:49])[H:50])[C@:19]([H:20])([C@@:70]([H:71])([H:72])[H:73])[C@@:21]([H:22])([H:23])[C@:24]([H:25])([H:26])[C@@:27]%11([H:28])[C@@:74]([H:75])([H:76])[H:77])=[C:4]->6([H:5])[C:6]->7([H:7])=[C:8]->8([H:9])[C-:10]->9%10[H:11],[H]C([H])([H])C([H])([H])N(C([H])([H])C([H])([H])[H])C([H])([H])C([H])([H])[H].[H]OC([H])(C([H])([H])[H])C([H])([H])[H],OC([C@H](CC1=CC=C(C)C=C1)C2=CC=C(C(C)(C)C)C=C2)=O,OC([C@@H](CC1=CC=C(C)C=C1)C2=CC=C(C(C)(C)C)C=C2)=O,OC(/C(C1=CC=C(C(C)(C)C)C=C1)=C/C2=CC=C(C)C=C2)=O,60,20,,,,2
IAW00001012,CAT-36,SOL-2,,,REA-16,[Fe+2]123456789<-[C:3]%10([P:1]%11(->[Rh+:61]%12%13%14(<-[P:2]%15([C-:12]->1%16[C:13]->2([H:52])=[C:14]->3([H:53])[C:15]->4([H:16])=[C:17]->5%16[H:18])[C@@:29]([H:30])([C@:66]([H:67])([H:68])[C@@:69]([H:70])([H:71])[H:72])[C@:54]([H:57])([H:58])[C@:56]([H:59])([H:60])[C@:51]%15([H:55])[C@:73]([C@@:62]([H:63])([H:64])[H:65])([H:74])[H:75])<-[C:31]1([H:32])=[C:33]->%12([H:34])[C@:35]([H:36])([H:37])[C@@:38]([H:39])([H:40])[C:41]->%13([H:42])=[C:43]->%14([H:44])[C@:45]([H:46])([H:47])[C@@:48]1([H:49])[H:50])[C@@:19]([H:20])([C@:83]([H:84])([H:85])[C@@:86]([H:87])([H:88])[H:89])[C@@:21]([H:22])([H:23])[C@:24]([H:25])([H:26])[C@:27]%11([H:28])[C@:76]([H:77])([H:78])[C@@:79]([H:80])([H:81])[H:82])=[C:10]->6([H:11])[C-:8]->7([H:9])[C:6]->8([H:7])=[C:4]->9%10[H:5],[H]C([H])([H])C([H])([H])N(C([H])([H])C([H])([H])[H])C([H])([H])C([H])([H])[H].[H]OC([H])([H])[H],OC([C@H](CC1=CC=C(C)C=C1)C2=CC=C(C(C)(C)C)C=C2)=O,OC([C@@H](CC1=CC=C(C)C=C1)C2=CC=C(C(C)(C)C)C=C2)=O,OC(/C(C1=CC=C(C(C)(C)C)C=C1)=C/C2=CC=C(C)C=C2)=O,60,20,,,,2
IAW00001013,CAT-36,SOL-4,,,REA-16,[Fe+2]123456789<-[C:3]%10([P:1]%11(->[Rh+:61]%12%13%14(<-[P:2]%15([C-:12]->1%16[C:13]->2([H:52])=[C:14]->3([H:53])[C:15]->4([H:16])=[C:17]->5%16[H:18])[C@@:29]([H:30])([C@:66]([H:67])([H:68])[C@@:69]([H:70])([H:71])[H:72])[C@:54]([H:57])([H:58])[C@:56]([H:59])([H:60])[C@:51]%15([H:55])[C@:73]([C@@:62]([H:63])([H:64])[H:65])([H:74])[H:75])<-[C:31]1([H:32])=[C:33]->%12([H:34])[C@:35]([H:36])([H:37])[C@@:38]([H:39])([H:40])[C:41]->%13([H:42])=[C:43]->%14([H:44])[C@:45]([H:46])([H:47])[C@@:48]1([H:49])[H:50])[C@@:19]([H:20])([C@:83]([H:84])([H:85])[C@@:86]([H:87])([H:88])[H:89])[C@@:21]([H:22])([H:23])[C@:24]([H:25])([H:26])[C@:27]%11([H:28])[C@:76]([H:77])([H:78])[C@@:79]([H:80])([H:81])[H:82])=[C:10]->6([H:11])[C-:8]->7([H:9])[C:6]->8([H:7])=[C:4]->9%10[H:5],[H]C([H])([H])C([H])([H])N(C([H])([H])C([H])([H])[H])C([H])([H])C([H])([H])[H].[H]OC([H])([H])[H].[H]O[H],OC([C@H](CC1=CC=C(C)C=C1)C2=CC=C(C(C)(C)C)C=C2)=O,OC([C@@H](CC1=CC=C(C)C=C1)C2=CC=C(C(C)(C)C)C=C2)=O,OC(/C(C1=CC=C(C(C)(C)C)C=C1)=C/C2=CC=C(C)C=C2)=O,60,20,,,,2
IAW00001014,CAT-36,SOL-5,,,REA-16,[Fe+2]123456789<-[C:3]%10([P:1]%11(->[Rh+:61]%12%13%14(<-[P:2]%15([C-:12]->1%16[C:13]->2([H:52])=[C:14]->3([H:53])[C:15]->4([H:16])=[C:17]->5%16[H:18])[C@@:29]([H:30])([C@:66]([H:67])([H:68])[C@@:69]([H:70])([H:71])[H:72])[C@:54]([H:57])([H:58])[C@:56]([H:59])([H:60])[C@:51]%15([H:55])[C@:73]([C@@:62]([H:63])([H:64])[H:65])([H:74])[H:75])<-[C:31]1([H:32])=[C:33]->%12([H:34])[C@:35]([H:36])([H:37])[C@@:38]([H:39])([H:40])[C:41]->%13([H:42])=[C:43]->%14([H:44])[C@:45]([H:46])([H:47])[C@@:48]1([H:49])[H:50])[C@@:19]([H:20])([C@:83]([H:84])([H:85])[C@@:86]([H:87])([H:88])[H:89])[C@@:21]([H:22])([H:23])[C@:24]([H:25])([H:26])[C@:27]%11([H:28])[C@:76]([H:77])([H:78])[C@@:79]([H:80])([H:81])[H:82])=[C:10]->6([H:11])[C-:8]->7([H:9])[C:6]->8([H:7])=[C:4]->9%10[H:5],[H]C([H])([H])C([H])([H])N(C([H])([H])C([H])([H])[H])C([H])([H])C([H])([H])[H].[H]C1([H])OC([H])([H])C([H])([H])C1([H])[H],OC([C@H](CC1=CC=C(C)C=C1)C2=CC=C(C(C)(C)C)C=C2)=O,OC([C@@H](CC1=CC=C(C)C=C1)C2=CC=C(C(C)(C)C)C=C2)=O,OC(/C(C1=CC=C(C(C)(C)C)C=C1)=C/C2=CC=C(C)C=C2)=O,60,5,,,,2
IAW00001015,CAT-36,SOL-5,,,REA-16,[Fe+2]123456789<-[C:3]%10([P:1]%11(->[Rh+:61]%12%13%14(<-[P:2]%15([C-:12]->1%16[C:13]->2([H:52])=[C:14]->3([H:53])[C:15]->4([H:16])=[C:17]->5%16[H:18])[C@@:29]([H:30])([C@:66]([H:67])([H:68])[C@@:69]([H:70])([H:71])[H:72])[C@:54]([H:57])([H:58])[C@:56]([H:59])([H:60])[C@:51]%15([H:55])[C@:73]([C@@:62]([H:63])([H:64])[H:65])([H:74])[H:75])<-[C:31]1([H:32])=[C:33]->%12([H:34])[C@:35]([H:36])([H:37])[C@@:38]([H:39])([H:40])[C:41]->%13([H:42])=[C:43]->%14([H:44])[C@:45]([H:46])([H:47])[C@@:48]1([H:49])[H:50])[C@@:19]([H:20])([C@:83]([H:84])([H:85])[C@@:86]([H:87])([H:88])[H:89])[C@@:21]([H:22])([H:23])[C@:24]([H:25])([H:26])[C@:27]%11([H:28])[C@:76]([H:77])([H:78])[C@@:79]([H:80])([H:81])[H:82])=[C:10]->6([H:11])[C-:8]->7([H:9])[C:6]->8([H:7])=[C:4]->9%10[H:5],[H]C([H])([H])C([H])([H])N(C([H])([H])C([H])([H])[H])C([H])([H])C([H])([H])[H].[H]C1([H])OC([H])([H])C([H])([H])C1([H])[H],OC([C@H](CC1=CC=C(C)C=C1)C2=CC=C(C(C)(C)C)C=C2)=O,OC([C@@H](CC1=CC=C(C)C=C1)C2=CC=C(C(C)(C)C)C=C2)=O,OC(/C(C1=CC=C(C(C)(C)C)C=C1)=C/C2=CC=C(C)C=C2)=O,60,50,,,,2
IAW00001016,CAT-36,SOL-5,,,REA-16,[Fe+2]123456789<-[C:3]%10([P:1]%11(->[Rh+:61]%12%13%14(<-[P:2]%15([C-:12]->1%16[C:13]->2([H:52])=[C:14]->3([H:53])[C:15]->4([H:16])=[C:17]->5%16[H:18])[C@@:29]([H:30])([C@:66]([H:67])([H:68])[C@@:69]([H:70])([H:71])[H:72])[C@:54]([H:57])([H:58])[C@:56]([H:59])([H:60])[C@:51]%15([H:55])[C@:73]([C@@:62]([H:63])([H:64])[H:65])([H:74])[H:75])<-[C:31]1([H:32])=[C:33]->%12([H:34])[C@:35]([H:36])([H:37])[C@@:38]([H:39])([H:40])[C:41]->%13([H:42])=[C:43]->%14([H:44])[C@:45]([H:46])([H:47])[C@@:48]1([H:49])[H:50])[C@@:19]([H:20])([C@:83]([H:84])([H:85])[C@@:86]([H:87])([H:88])[H:89])[C@@:21]([H:22])([H:23])[C@:24]([H:25])([H:26])[C@:27]%11([H:28])[C@:76]([H:77])([H:78])[C@@:79]([H:80])([H:81])[H:82])=[C:10]->6([H:11])[C-:8]->7([H:9])[C:6]->8([H:7])=[C:4]->9%10[H:5],[H]C([H])([H])C([H])([H])N(C([H])([H])C([H])([H])[H])C([H])([H])C([H])([H])[H].[H]C1([H])OC([H])([H])C([H])([H])C1([H])[H],OC([C@H](CC1=CC=C(C)C=C1)C2=CC=C(C(C)(C)C)C=C2)=O,OC([C@@H](CC1=CC=C(C)C=C1)C2=CC=C(C(C)(C)C)C=C2)=O,OC(/C(C1=CC=C(C(C)(C)C)C=C1)=C/C2=CC=C(C)C=C2)=O,60,20,,,,2
IAW00001017,CAT-36,SOL-6,,,REA-16,[Fe+2]123456789<-[C:3]%10([P:1]%11(->[Rh+:61]%12%13%14(<-[P:2]%15([C-:12]->1%16[C:13]->2([H:52])=[C:14]->3([H:53])[C:15]->4([H:16])=[C:17]->5%16[H:18])[C@@:29]([H:30])([C@:66]([H:67])([H:68])[C@@:69]([H:70])([H:71])[H:72])[C@:54]([H:57])([H:58])[C@:56]([H:59])([H:60])[C@:51]%15([H:55])[C@:73]([C@@:62]([H:63])([H:64])[H:65])([H:74])[H:75])<-[C:31]1([H:32])=[C:33]->%12([H:34])[C@:35]([H:36])([H:37])[C@@:38]([H:39])([H:40])[C:41]->%13([H:42])=[C:43]->%14([H:44])[C@:45]([H:46])([H:47])[C@@:48]1([H:49])[H:50])[C@@:19]([H:20])([C@:83]([H:84])([H:85])[C@@:86]([H:87])([H:88])[H:89])[C@@:21]([H:22])([H:23])[C@:24]([H:25])([H:26])[C@:27]%11([H:28])[C@:76]([H:77])([H:78])[C@@:79]([H:80])([H:81])[H:82])=[C:10]->6([H:11])[C-:8]->7([H:9])[C:6]->8([H:7])=[C:4]->9%10[H:5],[H]C([H])([H])C([H])([H])N(C([H])([H])C([H])([H])[H])C([H])([H])C([H])([H])[H].[H]OC([H])(C([H])([H])[H])C([H])([H])[H],OC([C@H](CC1=CC=C(C)C=C1)C2=CC=C(C(C)(C)C)C=C2)=O,OC([C@@H](CC1=CC=C(C)C=C1)C2=CC=C(C(C)(C)C)C=C2)=O,OC(/C(C1=CC=C(C(C)(C)C)C=C1)=C/C2=CC=C(C)C=C2)=O,60,20,,,,2
IAW00001018,CAT-37,SOL-2,,,REA-16,[Fe+2]123456789<-[C:3]%10([P:1]%11(->[Rh+:61]%12%13%14(<-[P:2]%15([C:12]->1%16=[C:17]->2([H:18])[C:15]->3([H:16])=[C:14]->4([H:53])[C-:13]->5%16[H:52])[C@@:29]([H:30])([C@@:72]([H:73])([C@@:74]([H:75])([H:76])[H:77])[C@@:78]([H:79])([H:80])[H:81])[C@:54]([H:57])([H:58])[C@:56]([H:59])([H:60])[C@:51]%15([H:55])[C@@:62]([H:63])([C@@:64]([H:65])([H:66])[H:67])[C@@:68]([H:69])([H:70])[H:71])<-[C:31]1([H:32])=[C:33]->%12([H:34])[C@:35]([H:36])([H:37])[C@@:38]([H:39])([H:40])[C:41]->%13([H:42])=[C:43]->%14([H:44])[C@:45]([H:46])([H:47])[C@@:48]1([H:49])[H:50])[C@@:19]([H:20])([C@:91]([H:92])([C@@:93]([H:94])([H:95])[H:96])[C@@:97]([H:98])([H:99])[H:100])[C@@:21]([H:22])([H:23])[C@:24]([H:25])([H:26])[C@:27]%11([H:28])[C@:82]([C@@:83]([H:84])([H:85])[H:86])([C@@:87]([H:88])([H:89])[H:90])[H:101])=[C:4]->6([H:5])[C:6]->7([H:7])=[C:8]->8([H:9])[C-:10]->9%10[H:11],[H]C([H])([H])C([H])([H])N(C([H])([H])C([H])([H])[H])C([H])([H])C([H])([H])[H].[H]OC([H])([H])[H],OC([C@H](CC1=CC=C(C)C=C1)C2=CC=C(C(C)(C)C)C=C2)=O,OC([C@@H](CC1=CC=C(C)C=C1)C2=CC=C(C(C)(C)C)C=C2)=O,OC(/C(C1=CC=C(C(C)(C)C)C=C1)=C/C2=CC=C(C)C=C2)=O,60,20,,,,2
IAW00001019,CAT-37,SOL-4,,,REA-16,[Fe+2]123456789<-[C:3]%10([P:1]%11(->[Rh+:61]%12%13%14(<-[P:2]%15([C:12]->1%16=[C:17]->2([H:18])[C:15]->3([H:16])=[C:14]->4([H:53])[C-:13]->5%16[H:52])[C@@:29]([H:30])([C@@:72]([H:73])([C@@:74]([H:75])([H:76])[H:77])[C@@:78]([H:79])([H:80])[H:81])[C@:54]([H:57])([H:58])[C@:56]([H:59])([H:60])[C@:51]%15([H:55])[C@@:62]([H:63])([C@@:64]([H:65])([H:66])[H:67])[C@@:68]([H:69])([H:70])[H:71])<-[C:31]1([H:32])=[C:33]->%12([H:34])[C@:35]([H:36])([H:37])[C@@:38]([H:39])([H:40])[C:41]->%13([H:42])=[C:43]->%14([H:44])[C@:45]([H:46])([H:47])[C@@:48]1([H:49])[H:50])[C@@:19]([H:20])([C@:91]([H:92])([C@@:93]([H:94])([H:95])[H:96])[C@@:97]([H:98])([H:99])[H:100])[C@@:21]([H:22])([H:23])[C@:24]([H:25])([H:26])[C@:27]%11([H:28])[C@:82]([C@@:83]([H:84])([H:85])[H:86])([C@@:87]([H:88])([H:89])[H:90])[H:101])=[C:4]->6([H:5])[C:6]->7([H:7])=[C:8]->8([H:9])[C-:10]->9%10[H:11],[H]C([H])([H])C([H])([H])N(C([H])([H])C([H])([H])[H])C([H])([H])C([H])([H])[H].[H]OC([H])([H])[H].[H]O[H],OC([C@H](CC1=CC=C(C)C=C1)C2=CC=C(C(C)(C)C)C=C2)=O,OC([C@@H](CC1=CC=C(C)C=C1)C2=CC=C(C(C)(C)C)C=C2)=O,OC(/C(C1=CC=C(C(C)(C)C)C=C1)=C/C2=CC=C(C)C=C2)=O,60,20,,,,2
IAW00001020,CAT-37,SOL-5,,,REA-16,[Fe+2]123456789<-[C:3]%10([P:1]%11(->[Rh+:61]%12%13%14(<-[P:2]%15([C:12]->1%16=[C:17]->2([H:18])[C:15]->3([H:16])=[C:14]->4([H:53])[C-:13]->5%16[H:52])[C@@:29]([H:30])([C@@:72]([H:73])([C@@:74]([H:75])([H:76])[H:77])[C@@:78]([H:79])([H:80])[H:81])[C@:54]([H:57])([H:58])[C@:56]([H:59])([H:60])[C@:51]%15([H:55])[C@@:62]([H:63])([C@@:64]([H:65])([H:66])[H:67])[C@@:68]([H:69])([H:70])[H:71])<-[C:31]1([H:32])=[C:33]->%12([H:34])[C@:35]([H:36])([H:37])[C@@:38]([H:39])([H:40])[C:41]->%13([H:42])=[C:43]->%14([H:44])[C@:45]([H:46])([H:47])[C@@:48]1([H:49])[H:50])[C@@:19]([H:20])([C@:91]([H:92])([C@@:93]([H:94])([H:95])[H:96])[C@@:97]([H:98])([H:99])[H:100])[C@@:21]([H:22])([H:23])[C@:24]([H:25])([H:26])[C@:27]%11([H:28])[C@:82]([C@@:83]([H:84])([H:85])[H:86])([C@@:87]([H:88])([H:89])[H:90])[H:101])=[C:4]->6([H:5])[C:6]->7([H:7])=[C:8]->8([H:9])[C-:10]->9%10[H:11],[H]C([H])([H])C([H])([H])N(C([H])([H])C([H])([H])[H])C([H])([H])C([H])([H])[H].[H]C1([H])OC([H])([H])C([H])([H])C1([H])[H],OC([C@H](CC1=CC=C(C)C=C1)C2=CC=C(C(C)(C)C)C=C2)=O,OC([C@@H](CC1=CC=C(C)C=C1)C2=CC=C(C(C)(C)C)C=C2)=O,OC(/C(C1=CC=C(C(C)(C)C)C=C1)=C/C2=CC=C(C)C=C2)=O,60,5,,,,2
IAW00001021,CAT-37,SOL-5,,,REA-16,[Fe+2]123456789<-[C:3]%10([P:1]%11(->[Rh+:61]%12%13%14(<-[P:2]%15([C:12]->1%16=[C:17]->2([H:18])[C:15]->3([H:16])=[C:14]->4([H:53])[C-:13]->5%16[H:52])[C@@:29]([H:30])([C@@:72]([H:73])([C@@:74]([H:75])([H:76])[H:77])[C@@:78]([H:79])([H:80])[H:81])[C@:54]([H:57])([H:58])[C@:56]([H:59])([H:60])[C@:51]%15([H:55])[C@@:62]([H:63])([C@@:64]([H:65])([H:66])[H:67])[C@@:68]([H:69])([H:70])[H:71])<-[C:31]1([H:32])=[C:33]->%12([H:34])[C@:35]([H:36])([H:37])[C@@:38]([H:39])([H:40])[C:41]->%13([H:42])=[C:43]->%14([H:44])[C@:45]([H:46])([H:47])[C@@:48]1([H:49])[H:50])[C@@:19]([H:20])([C@:91]([H:92])([C@@:93]([H:94])([H:95])[H:96])[C@@:97]([H:98])([H:99])[H:100])[C@@:21]([H:22])([H:23])[C@:24]([H:25])([H:26])[C@:27]%11([H:28])[C@:82]([C@@:83]([H:84])([H:85])[H:86])([C@@:87]([H:88])([H:89])[H:90])[H:101])=[C:4]->6([H:5])[C:6]->7([H:7])=[C:8]->8([H:9])[C-:10]->9%10[H:11],[H]C([H])([H])C([H])([H])N(C([H])([H])C([H])([H])[H])C([H])([H])C([H])([H])[H].[H]C1([H])OC([H])([H])C([H])([H])C1([H])[H],OC([C@H](CC1=CC=C(C)C=C1)C2=CC=C(C(C)(C)C)C=C2)=O,OC([C@@H](CC1=CC=C(C)C=C1)C2=CC=C(C(C)(C)C)C=C2)=O,OC(/C(C1=CC=C(C(C)(C)C)C=C1)=C/C2=CC=C(C)C=C2)=O,60,50,,,,2
IAW00001022,CAT-37,SOL-5,,,REA-16,[Fe+2]123456789<-[C:3]%10([P:1]%11(->[Rh+:61]%12%13%14(<-[P:2]%15([C:12]->1%16=[C:17]->2([H:18])[C:15]->3([H:16])=[C:14]->4([H:53])[C-:13]->5%16[H:52])[C@@:29]([H:30])([C@@:72]([H:73])([C@@:74]([H:75])([H:76])[H:77])[C@@:78]([H:79])([H:80])[H:81])[C@:54]([H:57])([H:58])[C@:56]([H:59])([H:60])[C@:51]%15([H:55])[C@@:62]([H:63])([C@@:64]([H:65])([H:66])[H:67])[C@@:68]([H:69])([H:70])[H:71])<-[C:31]1([H:32])=[C:33]->%12([H:34])[C@:35]([H:36])([H:37])[C@@:38]([H:39])([H:40])[C:41]->%13([H:42])=[C:43]->%14([H:44])[C@:45]([H:46])([H:47])[C@@:48]1([H:49])[H:50])[C@@:19]([H:20])([C@:91]([H:92])([C@@:93]([H:94])([H:95])[H:96])[C@@:97]([H:98])([H:99])[H:100])[C@@:21]([H:22])([H:23])[C@:24]([H:25])([H:26])[C@:27]%11([H:28])[C@:82]([C@@:83]([H:84])([H:85])[H:86])([C@@:87]([H:88])([H:89])[H:90])[H:101])=[C:4]->6([H:5])[C:6]->7([H:7])=[C:8]->8([H:9])[C-:10]->9%10[H:11],[H]C([H])([H])C([H])([H])N(C([H])([H])C([H])([H])[H])C([H])([H])C([H])([H])[H].[H]C1([H])OC([H])([H])C([H])([H])C1([H])[H],OC([C@H](CC1=CC=C(C)C=C1)C2=CC=C(C(C)(C)C)C=C2)=O,OC([C@@H](CC1=CC=C(C)C=C1)C2=CC=C(C(C)(C)C)C=C2)=O,OC(/C(C1=CC=C(C(C)(C)C)C=C1)=C/C2=CC=C(C)C=C2)=O,60,20,,,,2
IAW00001023,CAT-37,SOL-6,,,REA-16,[Fe+2]123456789<-[C:3]%10([P:1]%11(->[Rh+:61]%12%13%14(<-[P:2]%15([C:12]->1%16=[C:17]->2([H:18])[C:15]->3([H:16])=[C:14]->4([H:53])[C-:13]->5%16[H:52])[C@@:29]([H:30])([C@@:72]([H:73])([C@@:74]([H:75])([H:76])[H:77])[C@@:78]([H:79])([H:80])[H:81])[C@:54]([H:57])([H:58])[C@:56]([H:59])([H:60])[C@:51]%15([H:55])[C@@:62]([H:63])([C@@:64]([H:65])([H:66])[H:67])[C@@:68]([H:69])([H:70])[H:71])<-[C:31]1([H:32])=[C:33]->%12([H:34])[C@:35]([H:36])([H:37])[C@@:38]([H:39])([H:40])[C:41]->%13([H:42])=[C:43]->%14([H:44])[C@:45]([H:46])([H:47])[C@@:48]1([H:49])[H:50])[C@@:19]([H:20])([C@:91]([H:92])([C@@:93]([H:94])([H:95])[H:96])[C@@:97]([H:98])([H:99])[H:100])[C@@:21]([H:22])([H:23])[C@:24]([H:25])([H:26])[C@:27]%11([H:28])[C@:82]([C@@:83]([H:84])([H:85])[H:86])([C@@:87]([H:88])([H:89])[H:90])[H:101])=[C:4]->6([H:5])[C:6]->7([H:7])=[C:8]->8([H:9])[C-:10]->9%10[H:11],[H]C([H])([H])C([H])([H])N(C([H])([H])C([H])([H])[H])C([H])([H])C([H])([H])[H].[H]OC([H])(C([H])([H])[H])C([H])([H])[H],OC([C@H](CC1=CC=C(C)C=C1)C2=CC=C(C(C)(C)C)C=C2)=O,OC([C@@H](CC1=CC=C(C)C=C1)C2=CC=C(C(C)(C)C)C=C2)=O,OC(/C(C1=CC=C(C(C)(C)C)C=C1)=C/C2=CC=C(C)C=C2)=O,60,20,,,,2
IAW00001024,CAT-40,SOL-2,,,REA-16,[Rh+]1234(<-[P:1]([C@@:25]([H:26])([H:27])[C@:28]([P:2]->1([C:56]1=[C:64]([H:65])[C:62]([H:63])=[C:60]([H:61])[C:58]([H:59])=[C:57]1[O:4][C@:66]([H:67])([H:68])[H:69])[C:70]1=[C:79]([H:80])[C:77]([H:78])=[C:75]([H:76])[C:73]([H:74])=[C:71]1[H:72])([H:29])[H:30])([C:31]1=[C:39]([H:40])[C:37]([H:38])=[C:35]([H:36])[C:33]([H:34])=[C:32]1[O:3][C@:41]([H:42])([H:43])[H:44])[C:45]1=[C:54]([H:55])[C:52]([H:53])=[C:50]([H:51])[C:48]([H:49])=[C:46]1[H:47])<-[C:5]1([H:6])=[C:7]->2([H:8])[C@@:9]([H:10])([H:11])[C@:12]([H:13])([H:14])[C:15]->3([H:16])=[C:17]->4([H:18])[C@@:19]([H:20])([H:21])[C@:22]1([H:23])[H:24],[H]C([H])([H])C([H])([H])N(C([H])([H])C([H])([H])[H])C([H])([H])C([H])([H])[H].[H]OC([H])([H])[H],OC([C@H](CC1=CC=C(C)C=C1)C2=CC=C(C(C)(C)C)C=C2)=O,OC([C@@H](CC1=CC=C(C)C=C1)C2=CC=C(C(C)(C)C)C=C2)=O,OC(/C(C1=CC=C(C(C)(C)C)C=C1)=C/C2=CC=C(C)C=C2)=O,60,20,,,,2
IAW00001025,CAT-41,SOL-2,,,REA-16,[Rh+]1234(<-[P:1]([C:21]5=[C:24]([C:25]6=[C:40]([P:2]->1([C:57]1=[C:78]([H:88])[C:89]([H:96])=[C:90]([H:97])[C:79]([H:91])=[C:58]1[H:59])[C:60]1=[C:61]([H:62])[C:63]([H:64])=[C:65]([H:66])[C:67]([H:68])=[C:69]1[H:70])[C:38]([H:39])=[C:36]([H:37])[C:35]1=[C:26]6[C:27]([H:28])=[C:29]([H:30])[C:31]([H:32])=[C:33]1[H:34])[C:74]1=[C:82]([C:81]([H:92])=[C:73]5[H:80])[C:93]([H:98])=[C:84]([H:94])[C:75]([H:83])=[C:22]1[H:23])([C:41]1=[C:42]([H:43])[C:44]([H:45])=[C:46]([H:47])[C:48]([H:49])=[C:50]1[H:51])[C:52]1=[C:53]([H:54])[C:55]([H:56])=[C:77]([H:87])[C:86]([H:95])=[C:76]1[H:85])<-[C:3]1([H:4])=[C:5]->2([H:6])[C@@:7]([H:8])([H:71])[C@@:9]([H:10])([H:72])[C:11]->3([H:12])=[C:13]->4([H:14])[C@:15]([H:16])([H:17])[C@@:18]1([H:19])[H:20],[H]C([H])([H])C([H])([H])N(C([H])([H])C([H])([H])[H])C([H])([H])C([H])([H])[H].[H]OC([H])([H])[H],OC([C@H](CC1=CC=C(C)C=C1)C2=CC=C(C(C)(C)C)C=C2)=O,OC([C@@H](CC1=CC=C(C)C=C1)C2=CC=C(C(C)(C)C)C=C2)=O,OC(/C(C1=CC=C(C(C)(C)C)C=C1)=C/C2=CC=C(C)C=C2)=O,60,20,,,,2
IAW00001026,CAT-42,SOL-2,,,REA-16,[Rh+2]123<-[O:44]=[C:52]([O-:45]->[Rh+2:1](<-[O:47]=[C:68]([O-:46]->1)[C@:69]([N:13]1[C:16](=[O:14])[C:17]4=[C:26]([C:24]([H:25])=[C:22]([H:23])[C:20]([H:21])=[C:18]4[H:19])[C:27]1=[O:15])([H:70])[C@@:71]([C@:72]([H:73])([H:74])[H:75])([C@:76]([H:77])([H:78])[H:79])[C@:80]([H:81])([H:82])[H:83])(<-[O-:49][C:84](=[O:48]->2)[C@:85]([N:28]1[C:31](=[O:29])[C:32]2=[C:40]([C:39]([H:118])=[C:37]([H:38])[C:35]([H:36])=[C:33]2[H:34])[C:41]1=[O:30])([H:86])[C@:87]([C@:88]([H:89])([H:90])[H:91])([C@:92]([H:93])([H:94])[H:95])[C@:96]([H:97])([H:98])[H:99])<-[O-:51][C:100](=[O:50]->3)[C@:101]([N:42]1[C:119](=[O:123])[C:124]2=[C:125]([C:120]1=[O:43])[C:127]([H:130])=[C:131]([H:133])[C:128]([H:132])=[C:126]2[H:129])([H:102])[C@@:103]([C@:104]([H:105])([H:106])[H:107])([C@:108]([H:109])([H:110])[H:111])[C@:112]([H:113])([H:114])[H:115])[C@:53]([N:2]1[C:5](=[O:3])[C:6]2=[C:11]([C:9]([H:10])=[C:117]([H:122])[C:116]([H:121])=[C:7]2[H:8])[C:12]1=[O:4])([H:54])[C@:55]([C@:56]([H:57])([H:58])[H:59])([C@:60]([H:61])([H:62])[H:63])[C@:64]([H:65])([H:66])[H:67],[H]C([H])([H])C([H])([H])N(C([H])([H])C([H])([H])[H])C([H])([H])C([H])([H])[H].[H]OC([H])([H])[H],OC([C@H](CC1=CC=C(C)C=C1)C2=CC=C(C(C)(C)C)C=C2)=O,OC([C@@H](CC1=CC=C(C)C=C1)C2=CC=C(C(C)(C)C)C=C2)=O,OC(/C(C1=CC=C(C(C)(C)C)C=C1)=C/C2=CC=C(C)C=C2)=O,60,20,,,,2
IAW00001027,CAT-43,SOL-2,,,REA-16,[Rh+2]123<-[O:10]=[C:20]([O-:12]->[Rh+2:1](<-[O:13]=[C:21]([O-:11]->1)[C@:23]([N:19]1[C:49](=[O:15])[C:51]4=[C:61]([C:59]([Cl:9])=[C:57]([Cl:7])[C:55]([Cl:5])=[C:53]4[Cl:3])[C:63]1=[O:17])([H:25])[C@:27]([C@:29]([H:31])([H:33])[H:69])([C@:35]([H:37])([H:39])[H:41])[C@:43]([H:45])([H:47])[H:71])(<-[O:66]=[C:72]([O-:64]->2)[C@:74]([C@@:76]([C@:82]([H:92])([H:93])[H:94])([C@:83]([H:95])([H:96])[H:97])[C@:84]([H:98])([H:99])[H:100])([N:77]1[C:85](=[O:102])[C:101]2=[C:103]([C:86]1=[O:104])[C:119]([Cl:125])=[C:124]([Cl:131])[C:122]([Cl:130])=[C:118]2[Cl:123])[H:78])<-[O-:67][C:73](=[O:65]->3)[C@@:75]([N:79]1[C:87](=[O:105])[C:106]2=[C:107]([C:88]1=[O:108])[C:121]([Cl:129])=[C:128]([Cl:133])[C:127]([Cl:132])=[C:120]2[Cl:126])([C@:80]([C@:89]([H:109])([H:110])[H:111])([C@@:90]([H:112])([H:113])[H:114])[C@:91]([H:115])([H:116])[H:117])[H:81])[C@:22]([N:18]1[C:48](=[O:14])[C:50]2=[C:60]([C:58]([Cl:8])=[C:56]([Cl:6])[C:54]([Cl:4])=[C:52]2[Cl:2])[C:62]1=[O:16])([H:24])[C@:26]([C@:28]([H:30])([H:32])[H:68])([C@:34]([H:36])([H:38])[H:40])[C@:42]([H:44])([H:46])[H:70],[H]C([H])([H])C([H])([H])N(C([H])([H])C([H])([H])[H])C([H])([H])C([H])([H])[H].[H]OC([H])([H])[H],OC([C@H](CC1=CC=C(C)C=C1)C2=CC=C(C(C)(C)C)C=C2)=O,OC([C@@H](CC1=CC=C(C)C=C1)C2=CC=C(C(C)(C)C)C=C2)=O,OC(/C(C1=CC=C(C(C)(C)C)C=C1)=C/C2=CC=C(C)C=C2)=O,60,20,,,,2
IAW00001028,CAT-44,SOL-2,,,REA-16,[Rh+2]123<-[O-:6][C:26](=[O:7]->[Rh+2:1](<-[O-:11][C:48](=[O:10]->1)[C@@:49]1([H:50])[N:23]([S@@:3](=[O:12])(=[O:13])[C:60]4=[C:68]([H:69])[C:66]([H:67])=[C:65]([C@@:114]([H:115])([H:116])[C@:117]([H:118])([H:119])[C@@:120]([H:121])([H:122])[C@:123]([H:124])([H:125])[C@@:126]([H:127])([H:128])[C@:129]([H:130])([H:131])[C@:132]([H:133])([H:134])[C@:135]([H:136])([H:137])[C@:138]([H:139])([H:140])[C@:141]([H:142])([H:143])[C@:144]([H:145])([H:146])[C@@:147]([H:148])([H:149])[H:150])[C:63]([H:64])=[C:61]4[H:62])[C@:57]([H:58])([H:59])[C@:54]([H:55])([H:56])[C@@:51]1([H:52])[H:53])(<-[O:15]=[C:70]([O-:14]->2)[C@@:71]1([H:72])[N:24]([S@:4](=[O:16])(=[O:17])[C:82]2=[C:90]([H:91])[C:88]([H:89])=[C:87]([C@:225]([H:226])([H:227])[C@@:228]([H:229])([H:230])[C@:231]([H:232])([H:233])[C@@:234]([H:235])([H:236])[C@:237]([H:238])([H:239])[C@@:240]([H:241])([H:242])[C@@:243]([H:244])([H:245])[C@@:246]([H:247])([H:248])[C@:249]([H:250])([H:251])[C@@:252]([H:253])([H:254])[C@:255]([H:256])([H:257])[C@@:258]([H:259])([H:260])[H:261])[C:85]([H:86])=[C:83]2[H:84])[C@:79]([H:80])([H:81])[C@:76]([H:77])([H:78])[C@:73]1([H:74])[H:75])<-[O-:19][C:92](=[O:18]->3)[C@@:93]1([H:94])[N:25]([S@:5](=[O:20])(=[O:21])[C:104]2=[C:105]([H:106])[C:107]([H:108])=[C:109]([C@@:188]([H:189])([H:190])[C@@:191]([H:192])([H:193])[C@@:194]([H:195])([H:196])[C@@:197]([H:198])([H:199])[C@@:200]([H:201])([H:202])[C@:203]([H:204])([H:205])[C@@:206]([H:207])([H:208])[C@:209]([H:210])([H:211])[C@@:212]([H:213])([H:214])[C@@:215]([H:216])([H:217])[C@@:218]([H:219])([H:220])[C@@:221]([H:222])([H:223])[H:224])[C:110]([H:111])=[C:112]2[H:113])[C@:101]([H:102])([H:103])[C@:98]([H:99])([H:100])[C@:95]1([H:96])[H:97])[C@@:27]1([H:28])[N:22]([S@@:2](=[O:8])(=[O:9])[C:38]2=[C:39]([H:40])[C:41]([H:42])=[C:43]([C@@:151]([H:152])([H:153])[C@:154]([H:155])([H:156])[C@@:157]([H:158])([H:159])[C@:160]([H:161])([H:162])[C@@:163]([H:164])([H:165])[C@:166]([H:167])([H:168])[C@@:169]([H:170])([H:171])[C@:172]([H:173])([H:174])[C@@:175]([H:176])([H:177])[C@:178]([H:179])([H:180])[C@@:181]([H:182])([H:183])[C@@:184]([H:185])([H:186])[H:187])[C:44]([H:45])=[C:46]2[H:47])[C@:35]([H:36])([H:37])[C@@:32]([H:33])([H:34])[C@:29]1([H:30])[H:31],[H]C([H])([H])C([H])([H])N(C([H])([H])C([H])([H])[H])C([H])([H])C([H])([H])[H].[H]OC([H])([H])[H],OC([C@H](CC1=CC=C(C)C=C1)C2=CC=C(C(C)(C)C)C=C2)=O,OC([C@@H](CC1=CC=C(C)C=C1)C2=CC=C(C(C)(C)C)C=C2)=O,OC(/C(C1=CC=C(C(C)(C)C)C=C1)=C/C2=CC=C(C)C=C2)=O,60,20,,,,2
IAW00001029,CAT-45,SOL-1,,,REA-16,[P]12([C@@:22]([C@:23]([P:1]3(->[Co+2:42]<-145(<-[O:3]=[C:40]([O-:5]->4)[C@:130]([H:131])([H:132])[C@:133]([H:134])([H:135])[C@@:136]([H:137])([H:138])[C@:139]([H:140])([H:141])[C@@:142]([H:143])([H:144])[C@:145]([H:146])([H:147])[C@@:148]([H:149])([H:150])[C@:151]([H:152])([H:153])[C@@:154]([H:155])([H:156])[C@:157]([H:158])([H:159])[C@:160]([H:161])([H:162])[C@:163]([H:164])([H:165])[C@@:166]([H:167])([H:168])[C@:169]([H:170])([H:171])[C@@:172]([H:173])([H:174])[C@:175]([H:176])([H:177])[C@@:178]([H:179])([H:180])[H:181])<-[O-:7][C:41](=[O:9]->5)[C@:78]([H:79])([H:80])[C@:81]([H:82])([H:83])[C@:84]([H:85])([H:86])[C@@:87]([H:88])([H:89])[C@:90]([H:91])([H:92])[C@:93]([H:94])([H:95])[C@:96]([H:97])([H:98])[C@:99]([H:100])([H:101])[C@:102]([H:103])([H:104])[C@:105]([H:106])([H:107])[C@@:108]([H:109])([H:110])[C@:111]([H:112])([H:113])[C@@:114]([H:115])([H:116])[C@:117]([H:118])([H:119])[C@@:120]([H:121])([H:122])[C@:123]([H:124])([H:125])[C@@:126]([H:127])([H:128])[H:129])[C@@:24]([C:28]1=[C:33]([H:60])[C:32]([H:59])=[C:31]([H:58])[C:30]([H:57])=[C:29]1[H:56])([H:54])[C@:25]([H:74])([H:75])[C@@:26]([H:76])([H:77])[C@:27]3([C:34]1=[C:35]([H:61])[C:36]([H:62])=[C:37]([H:63])[C:38]([H:64])=[C:39]1[H:65])[H:55])([H:72])[H:73])([H:70])[H:71])[C@@:2]([C:10]1=[C:11]([H:45])[C:12]([H:182])=[C:13]([H:46])[C:14]([H:47])=[C:15]1[H:48])([H:43])[C@:4]([H:66])([H:67])[C@:6]([H:68])([H:69])[C@:8]2([C:16]1=[C:17]([H:49])[C:18]([H:50])=[C:19]([H:51])[C:20]([H:52])=[C:21]1[H:53])[H:44],[H]OC([H])([H])[H],OC([C@H](CC1=CC=C(C)C=C1)C2=CC=C(C(C)(C)C)C=C2)=O,OC([C@@H](CC1=CC=C(C)C=C1)C2=CC=C(C(C)(C)C)C=C2)=O,OC(/C(C1=CC=C(C(C)(C)C)C=C1)=C/C2=CC=C(C)C=C2)=O,50,60,,,,2
IAW00001030,CAT-45,SOL-8,,,REA-16,[P]12([C@@:22]([C@:23]([P:1]3(->[Co+2:42]<-145(<-[O:3]=[C:40]([O-:5]->4)[C@:130]([H:131])([H:132])[C@:133]([H:134])([H:135])[C@@:136]([H:137])([H:138])[C@:139]([H:140])([H:141])[C@@:142]([H:143])([H:144])[C@:145]([H:146])([H:147])[C@@:148]([H:149])([H:150])[C@:151]([H:152])([H:153])[C@@:154]([H:155])([H:156])[C@:157]([H:158])([H:159])[C@:160]([H:161])([H:162])[C@:163]([H:164])([H:165])[C@@:166]([H:167])([H:168])[C@:169]([H:170])([H:171])[C@@:172]([H:173])([H:174])[C@:175]([H:176])([H:177])[C@@:178]([H:179])([H:180])[H:181])<-[O-:7][C:41](=[O:9]->5)[C@:78]([H:79])([H:80])[C@:81]([H:82])([H:83])[C@:84]([H:85])([H:86])[C@@:87]([H:88])([H:89])[C@:90]([H:91])([H:92])[C@:93]([H:94])([H:95])[C@:96]([H:97])([H:98])[C@:99]([H:100])([H:101])[C@:102]([H:103])([H:104])[C@:105]([H:106])([H:107])[C@@:108]([H:109])([H:110])[C@:111]([H:112])([H:113])[C@@:114]([H:115])([H:116])[C@:117]([H:118])([H:119])[C@@:120]([H:121])([H:122])[C@:123]([H:124])([H:125])[C@@:126]([H:127])([H:128])[H:129])[C@@:24]([C:28]1=[C:33]([H:60])[C:32]([H:59])=[C:31]([H:58])[C:30]([H:57])=[C:29]1[H:56])([H:54])[C@:25]([H:74])([H:75])[C@@:26]([H:76])([H:77])[C@:27]3([C:34]1=[C:35]([H:61])[C:36]([H:62])=[C:37]([H:63])[C:38]([H:64])=[C:39]1[H:65])[H:55])([H:72])[H:73])([H:70])[H:71])[C@@:2]([C:10]1=[C:11]([H:45])[C:12]([H:182])=[C:13]([H:46])[C:14]([H:47])=[C:15]1[H:48])([H:43])[C@:4]([H:66])([H:67])[C@:6]([H:68])([H:69])[C@:8]2([C:16]1=[C:17]([H:49])[C:18]([H:50])=[C:19]([H:51])[C:20]([H:52])=[C:21]1[H:53])[H:44],[H]OC(C([H])([H])[H])(C([H])([H])[H])C([H])([H])[H],OC([C@H](CC1=CC=C(C)C=C1)C2=CC=C(C(C)(C)C)C=C2)=O,OC([C@@H](CC1=CC=C(C)C=C1)C2=CC=C(C(C)(C)C)C=C2)=O,OC(/C(C1=CC=C(C(C)(C)C)C=C1)=C/C2=CC=C(C)C=C2)=O,40,80,,,,2
IAW00001031,CAT-46,SOL-8,,,REA-16,[P]12([C:12]3=[C:2]([H:54])[C:3]([H:4])=[C:5]([H:6])[C:7]([H:8])=[C:9]3[P:1]3(->[Co+2:76]<-1(<-[O-:71][C:72](=[O:75])[C@@:79]([H:80])([H:81])[C@@:82]([H:83])([H:84])[C@:85]([H:86])([H:87])[C@@:88]([H:89])([H:90])[C@:91]([H:92])([H:93])[C@@:94]([H:95])([H:96])[C@:97]([H:98])([H:99])[C@@:100]([H:101])([H:102])[C@:103]([H:104])([H:105])[C@@:106]([H:107])([H:108])[C@@:109]([H:110])([H:111])[C@@:112]([H:113])([H:114])[C@:115]([H:116])([H:117])[C@:118]([H:119])([H:120])[C@:121]([H:122])([H:123])[C@:124]([H:125])([H:126])[C@@:127]([H:128])([H:129])[H:130])<-[O-:73][C:74](=[O:78])[C@@:131]([H:132])([H:133])[C@@:134]([H:135])([H:136])[C@:137]([H:138])([H:139])[C@@:140]([H:141])([H:142])[C@:143]([H:144])([H:145])[C@@:146]([H:147])([H:148])[C@:149]([H:150])([H:151])[C@@:152]([H:153])([H:154])[C@:155]([H:156])([H:157])[C@@:158]([H:159])([H:160])[C@:161]([H:162])([H:163])[C@@:164]([H:165])([H:166])[C@:167]([H:168])([H:169])[C@@:170]([H:171])([H:172])[C@:173]([H:174])([H:175])[C@@:176]([H:177])([H:178])[C@@:179]([H:180])([H:181])[H:182])[C@@:24]([H:25])([C@:34]([H:35])([C@:36]([H:37])([H:38])[H:77])[C@:39]([H:40])([H:41])[H:42])[C@:26]([H:27])([H:28])[C@@:29]([H:30])([H:31])[C@:32]3([H:33])[C@@:43]([H:44])([C@:45]([H:46])([H:47])[H:48])[C@:49]([H:50])([H:51])[H:52])[C@@:10]([H:11])([C@@:15]([H:16])([C@:17]([H:18])([H:19])[H:56])[C@:20]([H:21])([H:22])[H:23])[C@@:55]([H:60])([H:61])[C@:57]([H:62])([H:63])[C@@:53]2([C@@:58]([H:13])([C@:64]([H:66])([H:67])[H:68])[C@:65]([H:14])([H:69])[H:70])[H:59],[H]OC(C([H])([H])[H])(C([H])([H])[H])C([H])([H])[H],OC([C@H](CC1=CC=C(C)C=C1)C2=CC=C(C(C)(C)C)C=C2)=O,OC([C@@H](CC1=CC=C(C)C=C1)C2=CC=C(C(C)(C)C)C=C2)=O,OC(/C(C1=CC=C(C(C)(C)C)C=C1)=C/C2=CC=C(C)C=C2)=O,40,80,,,,2
IAW00001032,CAT-47,SOL-8,,,REA-16,[Fe+2]123456789<-[C:3]%10([P:1]%11(->[Co+2:41](<-[P:2]%12([C:12]->1%13=[C:17]->2([H:18])[C:15]->3([H:16])=[C:14]->4([H:33])[C-:13]->5%13[H:32])[C@:29]([H:30])([C@@:148]([H:149])([H:150])[H:151])[C@:34]([H:37])([H:38])[C@:36]([H:39])([H:40])[C@@:31]%12([H:35])[C@@:156]([H:157])([H:158])[H:159])(<-[O-:42][C:45]([C@@:160]([C@@:46]([H:47])([H:48])[C@:49]([H:50])([H:51])[C@@:52]([H:53])([H:54])[C@:55]([H:56])([H:57])[C@@:58]([H:59])([H:60])[C@:61]([H:62])([H:63])[C@@:64]([H:65])([H:66])[C@:67]([H:68])([H:69])[C@@:70]([H:71])([H:72])[C@:73]([H:74])([H:75])[C@@:76]([H:77])([H:78])[C@:79]([H:80])([H:81])[C@@:82]([H:83])([H:84])[C@@:85]([H:86])([H:87])[C@@:88]([H:89])([H:90])[C@@:91]([H:92])([H:93])[H:94])([H:166])[H:167])=[O:165])<-[O-:43][C:44]([C@@:161]([C@@:95]([H:96])([H:97])[C@@:98]([H:99])([H:100])[C@:101]([H:102])([H:103])[C@@:104]([H:105])([H:106])[C@:107]([H:108])([H:109])[C@@:110]([H:111])([H:112])[C@:113]([H:114])([H:115])[C@@:116]([H:117])([H:118])[C@@:119]([H:120])([H:121])[C@@:122]([H:123])([H:124])[C@@:125]([H:126])([H:127])[C@:128]([H:129])([H:130])[C@@:131]([H:132])([H:133])[C@:134]([H:135])([H:136])[C@:137]([H:138])([H:139])[C@@:140]([H:141])([H:142])[H:143])([H:162])[H:163])=[O:164])[C@:19]([H:20])([C@@:144]([H:145])([H:146])[H:147])[C@@:21]([H:22])([H:23])[C@:24]([H:25])([H:26])[C@@:27]%11([H:28])[C@@:152]([H:153])([H:154])[H:155])=[C:4]->6([H:5])[C:6]->7([H:7])=[C:8]->8([H:9])[C-:10]->9%10[H:11],[H]OC(C([H])([H])[H])(C([H])([H])[H])C([H])([H])[H],OC([C@H](CC1=CC=C(C)C=C1)C2=CC=C(C(C)(C)C)C=C2)=O,OC([C@@H](CC1=CC=C(C)C=C1)C2=CC=C(C(C)(C)C)C=C2)=O,OC(/C(C1=CC=C(C(C)(C)C)C=C1)=C/C2=CC=C(C)C=C2)=O,40,80,,,,2
IAW00001033,CAT-48,SOL-1,,,REA-16,[Co+2]123<-[O-:1][C:7](=[C:8]([C:9](=[N:5]->1[C@@:10]([C@:11]([N:6]->2=[C:12]([C:13](=[C:14]([O-:2]->3)[C@@:37]([H:71])([H:72])[H:74])[C:35](=[O:4])[C@@:36]([H:68])([H:69])[H:70])[H:41])([C:26]1=[C:31]([C@@:34]([H:65])([H:66])[H:67])[C:30]([H:58])=[C:29]([C@@:33]([H:62])([H:63])[H:64])[C:28]([H:57])=[C:27]1[C@@:32]([H:59])([H:60])[H:61])[H:40])([C:17]1=[C:22]([C@@:25]([H:54])([H:55])[H:56])[C:21]([H:47])=[C:20]([C@@:24]([H:51])([H:52])[H:53])[C:19]([H:46])=[C:18]1[C@@:23]([H:48])([H:49])[H:50])[H:39])[H:38])[C:15](=[O:3])[C@@:16]([H:43])([H:44])[H:45])[C@:73]([H:42])([H:75])[H:76],[H]OC([H])([H])[H],OC([C@H](CC1=CC=C(C)C=C1)C2=CC=C(C(C)(C)C)C=C2)=O,OC([C@@H](CC1=CC=C(C)C=C1)C2=CC=C(C(C)(C)C)C=C2)=O,OC(/C(C1=CC=C(C(C)(C)C)C=C1)=C/C2=CC=C(C)C=C2)=O,50,60,,,,2
IAW00001034,CAT-49,SOL-1,,,REA-16,[N]12=[C:10]([C:9]3=[C:4]([O-:1]->[Co+2:40]<-14<-[N:2]([C@@:16]1([H:53])[C@@:11]2([H:44])[C@@:12]([H:45])([H:46])[C@:13]([H:47])([H:48])[C@@:14]([H:49])([H:50])[C@@:15]1([H:51])[H:52])=[C:17]([C:18]1=[C:23]([O-:3]->4)[C:22]([C@@:36]([C@@:37]([H:84])([H:85])[H:86])([C@@:38]([H:87])([H:88])[H:89])[C@@:39]([H:90])([H:91])[H:92])=[C:21]([H:56])[C:20]([C@@:32]([C@@:33]([H:75])([H:76])[H:77])([C@@:34]([H:78])([H:79])[H:80])[C@@:35]([H:81])([H:82])[H:83])=[C:19]1[H:55])[H:54])[C:5]([C@:24]([C@@:25]([H:57])([H:58])[H:59])([C@@:26]([H:60])([H:61])[H:62])[C@@:27]([H:63])([H:64])[H:65])=[C:6]([H:41])[C:7]([C@@:28]([C@@:29]([H:66])([H:67])[H:68])([C@@:30]([H:69])([H:70])[H:71])[C@@:31]([H:72])([H:73])[H:74])=[C:8]3[H:42])[H:43],[H]OC([H])([H])[H],OC([C@H](CC1=CC=C(C)C=C1)C2=CC=C(C(C)(C)C)C=C2)=O,OC([C@@H](CC1=CC=C(C)C=C1)C2=CC=C(C(C)(C)C)C=C2)=O,OC(/C(C1=CC=C(C(C)(C)C)C=C1)=C/C2=CC=C(C)C=C2)=O,50,60,,,,2
IAW00001035,CAT-50,SOL-1,,,REA-16,[Co+3]123(<-[Cl-:1])<-[O-:2][C:59]4=[C:62]([C@:11]([C@:12]([H:13])([H:14])[H:63])([C@:15]([H:16])([H:17])[H:18])[C@:19]([H:20])([H:21])[H:22])[C:71]([H:78])=[C:79]([C@:81]([C@@:82]([H:85])([H:86])[H:87])([C@@:83]([H:88])([H:89])[H:90])[C@:84]([H:91])([H:92])[H:93])[C:73]([H:80])=[C:66]4[C:65](=[N:58]->1[C@@:61]1([H:5])[C@@:9]([N:4]->2=[C:23]([H:24])[C:25]2=[C:26]([O-:3]->3)[C:27]([C@:33]([C@:34]([H:35])([H:36])[H:64])([C@:37]([H:38])([H:39])[H:40])[C@:41]([H:42])([H:43])[H:44])=[C:28]([H:29])[C:30]([C@@:45]([C@:46]([H:47])([H:48])[H:49])([C@:50]([H:51])([H:52])[H:53])[C@:54]([H:55])([H:56])[H:57])=[C:31]2[H:32])([H:10])[C@:6]([H:7])([H:8])[C@:60]([H:67])([H:69])[C@@:68]([H:74])([H:75])[C@:70]1([H:76])[H:77])[H:72],[H]OC([H])([H])[H],OC([C@H](CC1=CC=C(C)C=C1)C2=CC=C(C(C)(C)C)C=C2)=O,OC([C@@H](CC1=CC=C(C)C=C1)C2=CC=C(C(C)(C)C)C=C2)=O,OC(/C(C1=CC=C(C(C)(C)C)C=C1)=C/C2=CC=C(C)C=C2)=O,50,60,,,,2
IAW00001036,CAT-51,SOL-1,,,REA-16,[Co+3]123(<-[O-:1][C:58]4=[C:61]([C@:10]([C@:11]([H:12])([H:13])[H:62])([C@:14]([H:15])([H:16])[H:17])[C@:18]([H:19])([H:20])[H:21])[C:70]([H:77])=[C:78]([C@:80]([C@@:81]([H:84])([H:85])[H:86])([C@@:82]([H:87])([H:88])[H:89])[C@:83]([H:90])([H:91])[H:92])[C:72]([H:79])=[C:65]4[C:64](=[N:57]->1[C@:60]1([H:4])[C@:8]([N:3]->2=[C:22]([H:23])[C:24]2=[C:25]([O-:2]->3)[C:26]([C@:32]([C@:33]([H:34])([H:35])[H:63])([C@:36]([H:37])([H:38])[H:39])[C@:40]([H:41])([H:42])[H:43])=[C:27]([H:28])[C:29]([C@@:44]([C@:45]([H:46])([H:47])[H:48])([C@:49]([H:50])([H:51])[H:52])[C@:53]([H:54])([H:55])[H:56])=[C:30]2[H:31])([H:9])[C@:5]([H:6])([H:7])[C@:59]([H:66])([H:68])[C@@:67]([H:73])([H:74])[C@:69]1([H:75])[H:76])[H:71])<-[O-:93][S@@:108]([C:94]1=[C:95]([H:100])[C:96]([H:101])=[C:97]([C@@:104]([H:105])([H:106])[H:107])[C:98]([H:102])=[C:99]1[H:103])(=[O:109])=[O:110],[H]OC([H])([H])[H],OC([C@H](CC1=CC=C(C)C=C1)C2=CC=C(C(C)(C)C)C=C2)=O,OC([C@@H](CC1=CC=C(C)C=C1)C2=CC=C(C(C)(C)C)C=C2)=O,OC(/C(C1=CC=C(C(C)(C)C)C=C1)=C/C2=CC=C(C)C=C2)=O,50,60,,,,2
IAW00001037,CAT-52,SOL-9,,,REA-16,[Fe+2]123456789<-[C:3]%10([P:1]%11(->[Ni+2:71](<-[P:2]%12([C:12]->1%13=[C:17]->2([H:18])[C:15]->3([H:16])=[C:14]->4([H:33])[C-:13]->5%13[H:32])[C@:29]([H:30])([C@@:49]([H:50])([H:51])[H:52])[C@:34]([H:37])([H:38])[C@:36]([H:39])([H:40])[C@@:31]%12([H:35])[C@@:57]([H:58])([H:59])[H:60])(<-[O-:41][C:44]([C@@:61]([H:67])([H:68])[H:69])=[O:66])<-[O-:42][C:43]([C@@:62]([H:63])([H:64])[H:70])=[O:65])[C@:19]([H:20])([C@@:45]([H:46])([H:47])[H:48])[C@@:21]([H:22])([H:23])[C@:24]([H:25])([H:26])[C@@:27]%11([H:28])[C@@:53]([H:54])([H:55])[H:56])=[C:4]->6([H:5])[C:6]->7([H:7])=[C:8]->8([H:9])[C-:10]->9%10[H:11],[H]OC([H])([H])C(F)(F)F,OC([C@H](CC1=CC=C(C)C=C1)C2=CC=C(C(C)(C)C)C=C2)=O,OC([C@@H](CC1=CC=C(C)C=C1)C2=CC=C(C(C)(C)C)C=C2)=O,OC(/C(C1=CC=C(C(C)(C)C)C=C1)=C/C2=CC=C(C)C=C2)=O,50,30,,,,2
IAW00001038,CAT-53,SOL-9,,,REA-16,C12[P:44]3(->[Ni+2:46](<-[O-:41][C:34]([C@:35]([H:36])([H:37])[H:38])=[O:40])(<-[O-:42][C:39](=[O:43])[C@@:48]([H:53])([H:54])[H:55])<-[P:45]4([C:1]1=[C:2]([H:3])[C:4]([H:5])=[C:6]([H:7])[C:8]=2[H:9])[C@:28]([H:29])([C@:30]([H:31])([H:32])[H:33])[C@@:47]([H:50])([H:51])[C@:52]([H:58])([H:59])[C@@:49]4([H:56])[C@@:57]([H:60])([H:61])[H:62])[C@@:14]([C@:10]([H:11])([H:12])[H:13])([H:15])[C@@:16]([H:17])([H:18])[C@@:19]([H:20])([H:21])[C@@:22]3([H:23])[C@:24]([H:25])([H:26])[H:27],[H]OC([H])([H])C(F)(F)F,OC([C@H](CC1=CC=C(C)C=C1)C2=CC=C(C(C)(C)C)C=C2)=O,OC([C@@H](CC1=CC=C(C)C=C1)C2=CC=C(C(C)(C)C)C=C2)=O,OC(/C(C1=CC=C(C(C)(C)C)C=C1)=C/C2=CC=C(C)C=C2)=O,50,30,,,,2
IAW00001039,CAT-54,SOL-9,,,REA-16,[P]12([C@@:22]([C@:23]([P:1]3(->[Ni+2:86]<-1(<-[O-:5][C:40](=[O:3])[C@:80]([H:81])([H:82])[H:84])<-[O-:7][C:41](=[O:9])[C@:77]([H:78])([H:79])[H:85])[C@@:24]([C:28]1=[C:33]([H:59])[C:32]([H:58])=[C:31]([H:57])[C:30]([H:56])=[C:29]1[H:55])([H:53])[C@:25]([H:73])([H:74])[C@@:26]([H:75])([H:76])[C@:27]3([C:34]1=[C:35]([H:60])[C:36]([H:61])=[C:37]([H:62])[C:38]([H:63])=[C:39]1[H:64])[H:54])([H:71])[H:72])([H:69])[H:70])[C@@:2]([C:10]1=[C:11]([H:44])[C:12]([H:83])=[C:13]([H:45])[C:14]([H:46])=[C:15]1[H:47])([H:42])[C@:4]([H:65])([H:66])[C@:6]([H:67])([H:68])[C@:8]2([C:16]1=[C:17]([H:48])[C:18]([H:49])=[C:19]([H:50])[C:20]([H:51])=[C:21]1[H:52])[H:43],[H]OC([H])([H])C(F)(F)F,OC([C@H](CC1=CC=C(C)C=C1)C2=CC=C(C(C)(C)C)C=C2)=O,OC([C@@H](CC1=CC=C(C)C=C1)C2=CC=C(C(C)(C)C)C=C2)=O,OC(/C(C1=CC=C(C(C)(C)C)C=C1)=C/C2=CC=C(C)C=C2)=O,50,30,,,,2
IAW00001040,CAT-55,SOL-9,,,REA-16,[P]12([C:12]3=[C:2]([H:54])[C:3]([H:4])=[C:5]([H:6])[C:7]([H:8])=[C:9]3[P:1]3(->[Ni+2:86]<-1(<-[O-:71][C:72](=[O:75])[C@@:78]([H:79])([H:80])[H:84])<-[O-:73][C:74](=[O:77])[C@@:81]([H:82])([H:83])[H:85])[C@@:24]([H:25])([C@:34]([H:35])([C@:36]([H:37])([H:38])[H:76])[C@:39]([H:40])([H:41])[H:42])[C@:26]([H:27])([H:28])[C@@:29]([H:30])([H:31])[C@:32]3([H:33])[C@@:43]([H:44])([C@:45]([H:46])([H:47])[H:48])[C@:49]([H:50])([H:51])[H:52])[C@@:10]([H:11])([C@@:15]([H:16])([C@:17]([H:18])([H:19])[H:56])[C@:20]([H:21])([H:22])[H:23])[C@@:55]([H:60])([H:61])[C@:57]([H:62])([H:63])[C@@:53]2([C@@:58]([H:13])([C@:64]([H:66])([H:67])[H:68])[C@:65]([H:14])([H:69])[H:70])[H:59],[H]OC([H])([H])C(F)(F)F,OC([C@H](CC1=CC=C(C)C=C1)C2=CC=C(C(C)(C)C)C=C2)=O,OC([C@@H](CC1=CC=C(C)C=C1)C2=CC=C(C(C)(C)C)C=C2)=O,OC(/C(C1=CC=C(C(C)(C)C)C=C1)=C/C2=CC=C(C)C=C2)=O,50,30,,,,2
IAW00001041,CAT-56,SOL-9,,,REA-16,[Ni+2]1(<-[P:1]([C:2]2=[C:9]([H:10])[C:23]([H:24])=[C:34]([H:39])[C:38]([H:48])=[C:33]2[P:31]->1([C@@:35]([C@:40]([H:49])([H:50])[H:51])([C@:41]([H:52])([H:53])[H:54])[C@:42]([H:55])([H:56])[H:57])[C@:36]([H:43])([H:44])[H:45])([C@:8]([C@:4]([H:5])([H:6])[H:7])([C@:11]([H:12])([H:13])[H:14])[C@:15]([H:16])([H:17])[H:18])[C@:19]([H:20])([H:21])[H:22])(<-[O-:3][C:26](=[O:25])[C@:27]([H:28])([H:29])[H:30])<-[O-:32][C:37](=[O:46])[C@:47]([H:58])([H:59])[H:60],[H]OC([H])([H])C(F)(F)F,OC([C@H](CC1=CC=C(C)C=C1)C2=CC=C(C(C)(C)C)C=C2)=O,OC([C@@H](CC1=CC=C(C)C=C1)C2=CC=C(C(C)(C)C)C=C2)=O,OC(/C(C1=CC=C(C(C)(C)C)C=C1)=C/C2=CC=C(C)C=C2)=O,50,30,,,,2
IAW00001042,CAT-57,SOL-1,,,REA-16,[Br-]->[Ni+2:1]12(<-[N:2]([H:3])([C@:28]3([H:29])[C@@:9]([H:10])([H:11])[C@@:35]([H:36])([H:37])[C@:38]([H:39])([H:40])[C@:12]([H:13])([H:14])[C@:17]3([N:7]->1([H:8])[C@:59]([H:60])([H:61])[C:70]1=[C:81]([H:92])[C:91]([H:96])=[C:95]([H:97])[C:90]([H:94])=[C:80]1[H:89])[H:18])[C@:30]([C:16]1=[C:26]([H:27])[C:20]([H:21])=[C:41]([H:42])[C:33]([H:34])=[C:22]1[H:23])([H:31])[H:32])(<-[N:4]([C@@:24]1([H:25])[C@@:19]([N:5]->2([H:6])[C@:54]([C:47]2=[C:50]([H:51])[C:52]([H:53])=[C:57]([H:58])[C:62]([H:63])=[C:48]2[H:49])([H:55])[H:56])([H:65])[C@@:66]([H:15])([H:72])[C@:71]([H:82])([H:83])[C@:75]([H:84])([H:85])[C@:67]1([H:73])[H:74])([C@:43]([H:44])([H:45])[C:46]1=[C:69]([H:79])[C:78]([H:88])=[C:86]([H:93])[C:76]([H:87])=[C:68]1[H:77])[H:98])<-[Br-:64],[H]OC([H])([H])[H],OC([C@H](CC1=CC=C(C)C=C1)C2=CC=C(C(C)(C)C)C=C2)=O,OC([C@@H](CC1=CC=C(C)C=C1)C2=CC=C(C(C)(C)C)C=C2)=O,OC(/C(C1=CC=C(C(C)(C)C)C=C1)=C/C2=CC=C(C)C=C2)=O,50,60,,,,2
IAW00001043,CAT-58,SOL-1,,,REA-16,[N-]12[C:3](=[O:2])[C@@:4]3([H:5])[N:1]([C@:25]([C:28]4=[C:33]([H:14])[C:38]([H:48])=[C:49]([H:56])[C:39]([H:50])=[C:34]4[H:40])([H:29])[H:30])(->[Ni+2:58]<-14<-[N:32](=[C:27]([C:15]1=[C:16]2[C:17]([H:18])=[C:19]([H:20])[C:21]([H:22])=[C:23]1[H:24])[C:31]1=[C:36]([H:43])[C:44]([H:53])=[C:51]([H:57])[C:42]([H:52])=[C:35]1[H:41])[C@@:37]([H:45])([H:46])[C:47]([O-:54]->4)=[O:55])[C@@:12]([H:13])([H:26])[C@:9]([H:10])([H:11])[C@:6]3([H:7])[H:8],[H]OC([H])([H])[H],OC([C@H](CC1=CC=C(C)C=C1)C2=CC=C(C(C)(C)C)C=C2)=O,OC([C@@H](CC1=CC=C(C)C=C1)C2=CC=C(C(C)(C)C)C=C2)=O,OC(/C(C1=CC=C(C(C)(C)C)C=C1)=C/C2=CC=C(C)C=C2)=O,60,20,,,,2
IAW00001044,CAT-59,SOL-1,,,REA-16,[Pd+2]1(<-[P:63]([C:3]2=[C:1]([C:2]3=[C:4]([P:64]->1([C:24]1=[C:26]([H:28])[C:30]([H:32])=[C:34]([H:74])[C:36]([H:76])=[C:38]1[H:40])[C:42]1=[C:60]([H:62])[C:56]([H:58])=[C:52]([H:54])[C:48]([H:50])=[C:44]1[H:46])[C:6]([H:8])=[C:10]([H:12])[C:14]1=[C:22]3[C:18]([H:20])=[C:72]([H:80])[C:69]([H:78])=[C:16]1[H:70])[C:21]1=[C:13]([C:9]([H:11])=[C:5]2[H:7])[C:15]([H:68])=[C:67]([H:77])[C:71]([H:79])=[C:17]1[H:19])([C:23]1=[C:25]([H:27])[C:29]([H:31])=[C:33]([H:73])[C:35]([H:75])=[C:37]1[H:39])[C:41]1=[C:43]([H:45])[C:47]([H:49])=[C:51]([H:53])[C:55]([H:57])=[C:59]1[H:61])(<-[Cl-:65])<-[Cl-:66],[H]OC([H])([H])[H],OC([C@H](CC1=CC=C(C)C=C1)C2=CC=C(C(C)(C)C)C=C2)=O,OC([C@@H](CC1=CC=C(C)C=C1)C2=CC=C(C(C)(C)C)C=C2)=O,OC(/C(C1=CC=C(C(C)(C)C)C=C1)=C/C2=CC=C(C)C=C2)=O,60,20,,,,2
IAW00001045,CAT-60,SOL-1,,,REA-16,[Pd+2]123(<-[N:2]4=[C:12]([C:13]([N-:5]->1[C@:14]([C@:15]([H:34])([H:35])[H:36])([C:16]1=[N:8]->2[C:20]([H:33])=[C:19]([H:32])[C:18]([H:31])=[C:17]1[H:30])[H:29])=[O:9])[C:11]([H:28])=[C:10]([H:27])[C:7]([H:26])=[C:4]4[C@:1]([F:23])([F:24])[F:25])<-[O-:3][C:21](=[O:6]->3)[C@:22]([H:37])([H:38])[H:39],[H]OC([H])([H])[H],OC([C@H](CC1=CC=C(C)C=C1)C2=CC=C(C(C)(C)C)C=C2)=O,OC([C@@H](CC1=CC=C(C)C=C1)C2=CC=C(C(C)(C)C)C=C2)=O,OC(/C(C1=CC=C(C(C)(C)C)C=C1)=C/C2=CC=C(C)C=C2)=O,60,20,,,,2
IAW00001046,CAT-61,SOL-1,,,REA-16,[Cr+3]123(<-[Cl-:1])<-[N:2]([C@:6]4([H:7])[C@:8]([H:9])([H:10])[C@@:11]([H:12])([H:13])[C@@:14]([H:78])([H:79])[C@@:15]([H:16])([H:17])[C@:18]4([N:3]->1=[C:42]([H:43])[C:44]1=[C:45]([O-:5]->2)[C:46]([C@:52]([C@:54]([H:55])([H:56])[H:57])([C@:58]([H:59])([H:60])[H:61])[C@:62]([H:63])([H:64])[H:65])=[C:47]([H:48])[C:49]([C@:53]([C@:66]([H:67])([H:68])[H:69])([C@:70]([H:71])([H:72])[H:73])[C@:74]([H:75])([H:76])[H:77])=[C:50]1[H:51])[H:19])=[C:20]([H:21])[C:22]1=[C:23]([O-:4]->3)[C:24]([C@@:80]([C@:31]([H:32])([H:33])[H:83])([C@@:84]([H:89])([H:90])[H:91])[C@@:85]([H:30])([H:92])[H:93])=[C:25]([H:81])[C:26]([C@@:29]([C@:34]([H:35])([H:36])[H:37])([C@:38]([H:39])([H:40])[H:41])[C@:82]([H:86])([H:87])[H:88])=[C:27]1[H:28],[H]OC([H])([H])[H],OC([C@H](CC1=CC=C(C)C=C1)C2=CC=C(C(C)(C)C)C=C2)=O,OC([C@@H](CC1=CC=C(C)C=C1)C2=CC=C(C(C)(C)C)C=C2)=O,OC(/C(C1=CC=C(C(C)(C)C)C=C1)=C/C2=CC=C(C)C=C2)=O,50,60,,,,2
IAW00001047,CAT-62,SOL-1,,,REA-16,[Mn+3]123(<-[Cl-:1])<-[O-:2][C:6]4=[C:7]([C@:42]([C@:44]([H:45])([H:46])[H:47])([C@:48]([H:49])([H:50])[H:51])[C@@:79]([H:43])([H:86])[H:87])[C:8]([H:9])=[C:10]([C@@:52]([C@:53]([H:54])([H:55])[H:56])([C@:57]([H:58])([H:59])[H:80])[C@:60]([H:61])([H:62])[H:81])[C:11]([H:12])=[C:13]4[C:14](=[N:4]->1[C@:16]1([H:17])[C@:18]([H:19])([H:20])[C@@:21]([H:22])([H:23])[C@:24]([H:25])([H:26])[C@@:27]([H:28])([H:29])[C@:30]1([N:5]->2=[C:32]([H:33])[C:34]1=[C:35]([H:36])[C:37]([C@@:63]([C@:64]([H:65])([H:66])[H:67])([C@:68]([H:69])([H:70])[H:82])[C@:71]([H:72])([H:73])[H:74])=[C:38]([H:39])[C:40]([C@:78]([C@@:75]([H:76])([H:77])[H:83])([C@:84]([H:88])([H:89])[H:90])[C@:85]([H:91])([H:92])[H:93])=[C:41]1[O-:3]->3)[H:31])[H:15],[H]OC([H])([H])[H],OC([C@H](CC1=CC=C(C)C=C1)C2=CC=C(C(C)(C)C)C=C2)=O,OC([C@@H](CC1=CC=C(C)C=C1)C2=CC=C(C(C)(C)C)C=C2)=O,OC(/C(C1=CC=C(C(C)(C)C)C=C1)=C/C2=CC=C(C)C=C2)=O,50,60,,,,2
IAW00001048,CAT-1,SOL-1,,,REA-17,[Ru+2]123(<-[P:1]([C:7]4=[C:8]([H:40])[C:60]([H:66])=[C:67]5[C:61](=[C:9]4[C:15]4=[C:14]6[C:13](=[C:12]([H:42])[C:11]([H:41])=[C:10]4[P:2]->1([C:28]1=[C:29]([H:54])[C:30]([H:55])=[C:31]([H:56])[C:32]([H:57])=[C:33]1[H:58])[C:34]1=[C:35]([H:59])[C:65]([H:74])=[C:75]([H:82])[C:73]([H:81])=[C:64]1[H:72])[C:62]([H:43])=[C:69]([H:79])[C:71]([H:80])=[C:63]6[H:70])[C:68]([H:77])=[C:78]([H:85])[C:83]([H:86])=[C:76]5[H:84])([C:16]1=[C:21]([H:48])[C:20]([H:47])=[C:19]([H:46])[C:18]([H:45])=[C:17]1[H:44])[C:22]1=[C:27]([H:53])[C:26]([H:52])=[C:25]([H:51])[C:24]([H:50])=[C:23]1[H:49])(<-[O-:3][C:36](=[O:4]->2)[C@@:37]([H:87])([H:88])[H:92])<-[O:5]=[C:38]([O-:6]->3)[C@@:39]([H:89])([H:90])[H:91],[H]OC([H])([H])[H],CC(C)[C@@H](C(O)=O)C1=CC(C)=CC=C1,CC(C)[C@H](C(O)=O)C1=CC(C)=CC=C1,C/C(C)=C(C(O)=O)\C1=CC(C)=CC=C1,60,5,,,,2
IAW00001049,CAT-1,SOL-1,,,REA-17,[Ru+2]123(<-[P:1]([C:7]4=[C:8]([H:40])[C:60]([H:66])=[C:67]5[C:61](=[C:9]4[C:15]4=[C:14]6[C:13](=[C:12]([H:42])[C:11]([H:41])=[C:10]4[P:2]->1([C:28]1=[C:29]([H:54])[C:30]([H:55])=[C:31]([H:56])[C:32]([H:57])=[C:33]1[H:58])[C:34]1=[C:35]([H:59])[C:65]([H:74])=[C:75]([H:82])[C:73]([H:81])=[C:64]1[H:72])[C:62]([H:43])=[C:69]([H:79])[C:71]([H:80])=[C:63]6[H:70])[C:68]([H:77])=[C:78]([H:85])[C:83]([H:86])=[C:76]5[H:84])([C:16]1=[C:21]([H:48])[C:20]([H:47])=[C:19]([H:46])[C:18]([H:45])=[C:17]1[H:44])[C:22]1=[C:27]([H:53])[C:26]([H:52])=[C:25]([H:51])[C:24]([H:50])=[C:23]1[H:49])(<-[O-:3][C:36](=[O:4]->2)[C@@:37]([H:87])([H:88])[H:92])<-[O:5]=[C:38]([O-:6]->3)[C@@:39]([H:89])([H:90])[H:91],[H]OC([H])([H])[H],CC(C)[C@@H](C(O)=O)C1=CC(C)=CC=C1,CC(C)[C@H](C(O)=O)C1=CC(C)=CC=C1,C/C(C)=C(C(O)=O)\C1=CC(C)=CC=C1,60,10,,,,2
IAW00001050,CAT-1,SOL-1,,,REA-17,[Ru+2]123(<-[P:1]([C:7]4=[C:8]([H:40])[C:60]([H:66])=[C:67]5[C:61](=[C:9]4[C:15]4=[C:14]6[C:13](=[C:12]([H:42])[C:11]([H:41])=[C:10]4[P:2]->1([C:28]1=[C:29]([H:54])[C:30]([H:55])=[C:31]([H:56])[C:32]([H:57])=[C:33]1[H:58])[C:34]1=[C:35]([H:59])[C:65]([H:74])=[C:75]([H:82])[C:73]([H:81])=[C:64]1[H:72])[C:62]([H:43])=[C:69]([H:79])[C:71]([H:80])=[C:63]6[H:70])[C:68]([H:77])=[C:78]([H:85])[C:83]([H:86])=[C:76]5[H:84])([C:16]1=[C:21]([H:48])[C:20]([H:47])=[C:19]([H:46])[C:18]([H:45])=[C:17]1[H:44])[C:22]1=[C:27]([H:53])[C:26]([H:52])=[C:25]([H:51])[C:24]([H:50])=[C:23]1[H:49])(<-[O-:3][C:36](=[O:4]->2)[C@@:37]([H:87])([H:88])[H:92])<-[O:5]=[C:38]([O-:6]->3)[C@@:39]([H:89])([H:90])[H:91],[H]OC([H])([H])[H],CC(C)[C@@H](C(O)=O)C1=CC(C)=CC=C1,CC(C)[C@H](C(O)=O)C1=CC(C)=CC=C1,C/C(C)=C(C(O)=O)\C1=CC(C)=CC=C1,60,30,,,,2
IAW00001051,CAT-1,SOL-1,,,REA-17,[Ru+2]123(<-[P:1]([C:7]4=[C:8]([H:40])[C:60]([H:66])=[C:67]5[C:61](=[C:9]4[C:15]4=[C:14]6[C:13](=[C:12]([H:42])[C:11]([H:41])=[C:10]4[P:2]->1([C:28]1=[C:29]([H:54])[C:30]([H:55])=[C:31]([H:56])[C:32]([H:57])=[C:33]1[H:58])[C:34]1=[C:35]([H:59])[C:65]([H:74])=[C:75]([H:82])[C:73]([H:81])=[C:64]1[H:72])[C:62]([H:43])=[C:69]([H:79])[C:71]([H:80])=[C:63]6[H:70])[C:68]([H:77])=[C:78]([H:85])[C:83]([H:86])=[C:76]5[H:84])([C:16]1=[C:21]([H:48])[C:20]([H:47])=[C:19]([H:46])[C:18]([H:45])=[C:17]1[H:44])[C:22]1=[C:27]([H:53])[C:26]([H:52])=[C:25]([H:51])[C:24]([H:50])=[C:23]1[H:49])(<-[O-:3][C:36](=[O:4]->2)[C@@:37]([H:87])([H:88])[H:92])<-[O:5]=[C:38]([O-:6]->3)[C@@:39]([H:89])([H:90])[H:91],[H]OC([H])([H])[H],CC(C)[C@@H](C(O)=O)C1=CC(C)=CC=C1,CC(C)[C@H](C(O)=O)C1=CC(C)=CC=C1,C/C(C)=C(C(O)=O)\C1=CC(C)=CC=C1,60,50,,,,2
IAW00001052,CAT-1,SOL-1,,,REA-17,[Ru+2]123(<-[P:1]([C:7]4=[C:8]([H:40])[C:60]([H:66])=[C:67]5[C:61](=[C:9]4[C:15]4=[C:14]6[C:13](=[C:12]([H:42])[C:11]([H:41])=[C:10]4[P:2]->1([C:28]1=[C:29]([H:54])[C:30]([H:55])=[C:31]([H:56])[C:32]([H:57])=[C:33]1[H:58])[C:34]1=[C:35]([H:59])[C:65]([H:74])=[C:75]([H:82])[C:73]([H:81])=[C:64]1[H:72])[C:62]([H:43])=[C:69]([H:79])[C:71]([H:80])=[C:63]6[H:70])[C:68]([H:77])=[C:78]([H:85])[C:83]([H:86])=[C:76]5[H:84])([C:16]1=[C:21]([H:48])[C:20]([H:47])=[C:19]([H:46])[C:18]([H:45])=[C:17]1[H:44])[C:22]1=[C:27]([H:53])[C:26]([H:52])=[C:25]([H:51])[C:24]([H:50])=[C:23]1[H:49])(<-[O-:3][C:36](=[O:4]->2)[C@@:37]([H:87])([H:88])[H:92])<-[O:5]=[C:38]([O-:6]->3)[C@@:39]([H:89])([H:90])[H:91],[H]OC([H])([H])[H],CC(C)[C@@H](C(O)=O)C1=CC(C)=CC=C1,CC(C)[C@H](C(O)=O)C1=CC(C)=CC=C1,C/C(C)=C(C(O)=O)\C1=CC(C)=CC=C1,60,70,,,,2
IAW00001053,CAT-1,SOL-1,,,REA-17,[Ru+2]123(<-[P:1]([C:7]4=[C:8]([H:40])[C:60]([H:66])=[C:67]5[C:61](=[C:9]4[C:15]4=[C:14]6[C:13](=[C:12]([H:42])[C:11]([H:41])=[C:10]4[P:2]->1([C:28]1=[C:29]([H:54])[C:30]([H:55])=[C:31]([H:56])[C:32]([H:57])=[C:33]1[H:58])[C:34]1=[C:35]([H:59])[C:65]([H:74])=[C:75]([H:82])[C:73]([H:81])=[C:64]1[H:72])[C:62]([H:43])=[C:69]([H:79])[C:71]([H:80])=[C:63]6[H:70])[C:68]([H:77])=[C:78]([H:85])[C:83]([H:86])=[C:76]5[H:84])([C:16]1=[C:21]([H:48])[C:20]([H:47])=[C:19]([H:46])[C:18]([H:45])=[C:17]1[H:44])[C:22]1=[C:27]([H:53])[C:26]([H:52])=[C:25]([H:51])[C:24]([H:50])=[C:23]1[H:49])(<-[O-:3][C:36](=[O:4]->2)[C@@:37]([H:87])([H:88])[H:92])<-[O:5]=[C:38]([O-:6]->3)[C@@:39]([H:89])([H:90])[H:91],[H]OC([H])([H])[H],CC(C)[C@@H](C(O)=O)C1=CC(C)=CC=C1,CC(C)[C@H](C(O)=O)C1=CC(C)=CC=C1,C/C(C)=C(C(O)=O)\C1=CC(C)=CC=C1,60,90,,,,2
IAW00001054,CAT-1,SOL-1,,,REA-17,[Ru+2]123(<-[P:1]([C:7]4=[C:8]([H:40])[C:60]([H:66])=[C:67]5[C:61](=[C:9]4[C:15]4=[C:14]6[C:13](=[C:12]([H:42])[C:11]([H:41])=[C:10]4[P:2]->1([C:28]1=[C:29]([H:54])[C:30]([H:55])=[C:31]([H:56])[C:32]([H:57])=[C:33]1[H:58])[C:34]1=[C:35]([H:59])[C:65]([H:74])=[C:75]([H:82])[C:73]([H:81])=[C:64]1[H:72])[C:62]([H:43])=[C:69]([H:79])[C:71]([H:80])=[C:63]6[H:70])[C:68]([H:77])=[C:78]([H:85])[C:83]([H:86])=[C:76]5[H:84])([C:16]1=[C:21]([H:48])[C:20]([H:47])=[C:19]([H:46])[C:18]([H:45])=[C:17]1[H:44])[C:22]1=[C:27]([H:53])[C:26]([H:52])=[C:25]([H:51])[C:24]([H:50])=[C:23]1[H:49])(<-[O-:3][C:36](=[O:4]->2)[C@@:37]([H:87])([H:88])[H:92])<-[O:5]=[C:38]([O-:6]->3)[C@@:39]([H:89])([H:90])[H:91],[H]OC([H])([H])[H],CC(C)[C@@H](C(O)=O)C1=CC(C)=CC=C1,CC(C)[C@H](C(O)=O)C1=CC(C)=CC=C1,C/C(C)=C(C(O)=O)\C1=CC(C)=CC=C1,60,100,,,,2
IAW00001055,CAT-1,SOL-1,,,REA-17,[Ru+2]123(<-[P:1]([C:7]4=[C:8]([H:40])[C:60]([H:66])=[C:67]5[C:61](=[C:9]4[C:15]4=[C:14]6[C:13](=[C:12]([H:42])[C:11]([H:41])=[C:10]4[P:2]->1([C:28]1=[C:29]([H:54])[C:30]([H:55])=[C:31]([H:56])[C:32]([H:57])=[C:33]1[H:58])[C:34]1=[C:35]([H:59])[C:65]([H:74])=[C:75]([H:82])[C:73]([H:81])=[C:64]1[H:72])[C:62]([H:43])=[C:69]([H:79])[C:71]([H:80])=[C:63]6[H:70])[C:68]([H:77])=[C:78]([H:85])[C:83]([H:86])=[C:76]5[H:84])([C:16]1=[C:21]([H:48])[C:20]([H:47])=[C:19]([H:46])[C:18]([H:45])=[C:17]1[H:44])[C:22]1=[C:27]([H:53])[C:26]([H:52])=[C:25]([H:51])[C:24]([H:50])=[C:23]1[H:49])(<-[O-:3][C:36](=[O:4]->2)[C@@:37]([H:87])([H:88])[H:92])<-[O:5]=[C:38]([O-:6]->3)[C@@:39]([H:89])([H:90])[H:91],[H]OC([H])([H])[H],CC(C)[C@@H](C(O)=O)C1=CC(C)=CC=C1,CC(C)[C@H](C(O)=O)C1=CC(C)=CC=C1,C/C(C)=C(C(O)=O)\C1=CC(C)=CC=C1,50,100,,,,2
IAW00001056,CAT-1,SOL-1,,,REA-17,[Ru+2]123(<-[P:1]([C:7]4=[C:8]([H:40])[C:60]([H:66])=[C:67]5[C:61](=[C:9]4[C:15]4=[C:14]6[C:13](=[C:12]([H:42])[C:11]([H:41])=[C:10]4[P:2]->1([C:28]1=[C:29]([H:54])[C:30]([H:55])=[C:31]([H:56])[C:32]([H:57])=[C:33]1[H:58])[C:34]1=[C:35]([H:59])[C:65]([H:74])=[C:75]([H:82])[C:73]([H:81])=[C:64]1[H:72])[C:62]([H:43])=[C:69]([H:79])[C:71]([H:80])=[C:63]6[H:70])[C:68]([H:77])=[C:78]([H:85])[C:83]([H:86])=[C:76]5[H:84])([C:16]1=[C:21]([H:48])[C:20]([H:47])=[C:19]([H:46])[C:18]([H:45])=[C:17]1[H:44])[C:22]1=[C:27]([H:53])[C:26]([H:52])=[C:25]([H:51])[C:24]([H:50])=[C:23]1[H:49])(<-[O-:3][C:36](=[O:4]->2)[C@@:37]([H:87])([H:88])[H:92])<-[O:5]=[C:38]([O-:6]->3)[C@@:39]([H:89])([H:90])[H:91],[H]OC([H])([H])[H],CC(C)[C@@H](C(O)=O)C1=CC(C)=CC=C1,CC(C)[C@H](C(O)=O)C1=CC(C)=CC=C1,C/C(C)=C(C(O)=O)\C1=CC(C)=CC=C1,40,100,,,,2
IAW00001057,CAT-2,SOL-1,,,REA-17,[Ru+2]123(<-[P:1]([C:9]4=[C:17]([H:19])[C:11]([H:67])=[C:27]([H:68])[C:41]([H:69])=[C:13]4[H:15])([C:25]4=[C:31]([H:33])[C:23]([H:70])=[C:43]([H:71])[C:53]([H:72])=[C:49]4[H:51])[C:39]4=[C:21]([C:22]5=[C:8]6[O:4][C@:56]([H:58])([H:60])[O:6][C:30]6=[C:36]([H:38])[C:46]([H:48])=[C:40]5[P:2]->1([C:10]1=[C:14]([H:16])[C:42]([H:64])=[C:28]([H:65])[C:12]([H:66])=[C:18]1[H:20])[C:26]1=[C:32]([H:34])[C:24]([H:63])=[C:44]([H:62])[C:54]([H:61])=[C:50]1[H:52])[C:7]1=[C:29]([O:5][C@@:55]([H:57])([H:59])[O:3]1)[C:35]([H:37])=[C:45]4[H:47])(<-[O-:75][C:73](=[O:77]->2)[C@@:79]([H:80])([H:81])[H:85])<-[O-:76][C:74](=[O:78]->3)[C@:82]([H:83])([H:84])[H:86],[H]OC([H])([H])[H],CC(C)[C@@H](C(O)=O)C1=CC(C)=CC=C1,CC(C)[C@H](C(O)=O)C1=CC(C)=CC=C1,C/C(C)=C(C(O)=O)\C1=CC(C)=CC=C1,60,10,,,,2
IAW00001058,CAT-2,SOL-1,,,REA-17,[Ru+2]123(<-[P:1]([C:9]4=[C:17]([H:19])[C:11]([H:67])=[C:27]([H:68])[C:41]([H:69])=[C:13]4[H:15])([C:25]4=[C:31]([H:33])[C:23]([H:70])=[C:43]([H:71])[C:53]([H:72])=[C:49]4[H:51])[C:39]4=[C:21]([C:22]5=[C:8]6[O:4][C@:56]([H:58])([H:60])[O:6][C:30]6=[C:36]([H:38])[C:46]([H:48])=[C:40]5[P:2]->1([C:10]1=[C:14]([H:16])[C:42]([H:64])=[C:28]([H:65])[C:12]([H:66])=[C:18]1[H:20])[C:26]1=[C:32]([H:34])[C:24]([H:63])=[C:44]([H:62])[C:54]([H:61])=[C:50]1[H:52])[C:7]1=[C:29]([O:5][C@@:55]([H:57])([H:59])[O:3]1)[C:35]([H:37])=[C:45]4[H:47])(<-[O-:75][C:73](=[O:77]->2)[C@@:79]([H:80])([H:81])[H:85])<-[O-:76][C:74](=[O:78]->3)[C@:82]([H:83])([H:84])[H:86],[H]OC([H])([H])[H],CC(C)[C@@H](C(O)=O)C1=CC(C)=CC=C1,CC(C)[C@H](C(O)=O)C1=CC(C)=CC=C1,C/C(C)=C(C(O)=O)\C1=CC(C)=CC=C1,60,30,,,,2
IAW00001059,CAT-2,SOL-1,,,REA-17,[Ru+2]123(<-[P:1]([C:9]4=[C:17]([H:19])[C:11]([H:67])=[C:27]([H:68])[C:41]([H:69])=[C:13]4[H:15])([C:25]4=[C:31]([H:33])[C:23]([H:70])=[C:43]([H:71])[C:53]([H:72])=[C:49]4[H:51])[C:39]4=[C:21]([C:22]5=[C:8]6[O:4][C@:56]([H:58])([H:60])[O:6][C:30]6=[C:36]([H:38])[C:46]([H:48])=[C:40]5[P:2]->1([C:10]1=[C:14]([H:16])[C:42]([H:64])=[C:28]([H:65])[C:12]([H:66])=[C:18]1[H:20])[C:26]1=[C:32]([H:34])[C:24]([H:63])=[C:44]([H:62])[C:54]([H:61])=[C:50]1[H:52])[C:7]1=[C:29]([O:5][C@@:55]([H:57])([H:59])[O:3]1)[C:35]([H:37])=[C:45]4[H:47])(<-[O-:75][C:73](=[O:77]->2)[C@@:79]([H:80])([H:81])[H:85])<-[O-:76][C:74](=[O:78]->3)[C@:82]([H:83])([H:84])[H:86],[H]OC([H])([H])[H],CC(C)[C@@H](C(O)=O)C1=CC(C)=CC=C1,CC(C)[C@H](C(O)=O)C1=CC(C)=CC=C1,C/C(C)=C(C(O)=O)\C1=CC(C)=CC=C1,60,50,,,,2
IAW00001060,CAT-2,SOL-1,,,REA-17,[Ru+2]123(<-[P:1]([C:9]4=[C:17]([H:19])[C:11]([H:67])=[C:27]([H:68])[C:41]([H:69])=[C:13]4[H:15])([C:25]4=[C:31]([H:33])[C:23]([H:70])=[C:43]([H:71])[C:53]([H:72])=[C:49]4[H:51])[C:39]4=[C:21]([C:22]5=[C:8]6[O:4][C@:56]([H:58])([H:60])[O:6][C:30]6=[C:36]([H:38])[C:46]([H:48])=[C:40]5[P:2]->1([C:10]1=[C:14]([H:16])[C:42]([H:64])=[C:28]([H:65])[C:12]([H:66])=[C:18]1[H:20])[C:26]1=[C:32]([H:34])[C:24]([H:63])=[C:44]([H:62])[C:54]([H:61])=[C:50]1[H:52])[C:7]1=[C:29]([O:5][C@@:55]([H:57])([H:59])[O:3]1)[C:35]([H:37])=[C:45]4[H:47])(<-[O-:75][C:73](=[O:77]->2)[C@@:79]([H:80])([H:81])[H:85])<-[O-:76][C:74](=[O:78]->3)[C@:82]([H:83])([H:84])[H:86],[H]OC([H])([H])[H],CC(C)[C@@H](C(O)=O)C1=CC(C)=CC=C1,CC(C)[C@H](C(O)=O)C1=CC(C)=CC=C1,C/C(C)=C(C(O)=O)\C1=CC(C)=CC=C1,60,70,,,,2
IAW00001061,CAT-2,SOL-1,,,REA-17,[Ru+2]123(<-[P:1]([C:9]4=[C:17]([H:19])[C:11]([H:67])=[C:27]([H:68])[C:41]([H:69])=[C:13]4[H:15])([C:25]4=[C:31]([H:33])[C:23]([H:70])=[C:43]([H:71])[C:53]([H:72])=[C:49]4[H:51])[C:39]4=[C:21]([C:22]5=[C:8]6[O:4][C@:56]([H:58])([H:60])[O:6][C:30]6=[C:36]([H:38])[C:46]([H:48])=[C:40]5[P:2]->1([C:10]1=[C:14]([H:16])[C:42]([H:64])=[C:28]([H:65])[C:12]([H:66])=[C:18]1[H:20])[C:26]1=[C:32]([H:34])[C:24]([H:63])=[C:44]([H:62])[C:54]([H:61])=[C:50]1[H:52])[C:7]1=[C:29]([O:5][C@@:55]([H:57])([H:59])[O:3]1)[C:35]([H:37])=[C:45]4[H:47])(<-[O-:75][C:73](=[O:77]->2)[C@@:79]([H:80])([H:81])[H:85])<-[O-:76][C:74](=[O:78]->3)[C@:82]([H:83])([H:84])[H:86],[H]OC([H])([H])[H],CC(C)[C@@H](C(O)=O)C1=CC(C)=CC=C1,CC(C)[C@H](C(O)=O)C1=CC(C)=CC=C1,C/C(C)=C(C(O)=O)\C1=CC(C)=CC=C1,60,90,,,,2
IAW00001062,CAT-2,SOL-1,,,REA-17,[Ru+2]123(<-[P:1]([C:9]4=[C:17]([H:19])[C:11]([H:67])=[C:27]([H:68])[C:41]([H:69])=[C:13]4[H:15])([C:25]4=[C:31]([H:33])[C:23]([H:70])=[C:43]([H:71])[C:53]([H:72])=[C:49]4[H:51])[C:39]4=[C:21]([C:22]5=[C:8]6[O:4][C@:56]([H:58])([H:60])[O:6][C:30]6=[C:36]([H:38])[C:46]([H:48])=[C:40]5[P:2]->1([C:10]1=[C:14]([H:16])[C:42]([H:64])=[C:28]([H:65])[C:12]([H:66])=[C:18]1[H:20])[C:26]1=[C:32]([H:34])[C:24]([H:63])=[C:44]([H:62])[C:54]([H:61])=[C:50]1[H:52])[C:7]1=[C:29]([O:5][C@@:55]([H:57])([H:59])[O:3]1)[C:35]([H:37])=[C:45]4[H:47])(<-[O-:75][C:73](=[O:77]->2)[C@@:79]([H:80])([H:81])[H:85])<-[O-:76][C:74](=[O:78]->3)[C@:82]([H:83])([H:84])[H:86],[H]OC([H])([H])[H],CC(C)[C@@H](C(O)=O)C1=CC(C)=CC=C1,CC(C)[C@H](C(O)=O)C1=CC(C)=CC=C1,C/C(C)=C(C(O)=O)\C1=CC(C)=CC=C1,60,100,,,,2
IAW00001063,CAT-3,SOL-1,,,REA-17,[Ru+2]123(<-[P:1]([C:13]4=[C:17]([H:19])[C:45]([C@:67]([C@:145]([H:147])([H:149])[H:151])([C@:153]([H:155])([H:157])[H:159])[C@:161]([H:163])([H:165])[H:167])=[C:31]([O:9][C@:121]([H:123])([H:125])[H:127])[C:15]([C@:69]([C@:87]([H:89])([H:91])[H:93])([C@:105]([H:107])([H:109])[H:111])[C@:129]([H:131])([H:133])[H:135])=[C:21]4[H:23])([C:29]4=[C:55]([H:57])[C:71]([C@:103]([C@:95]([H:97])([H:99])[H:101])([C@:137]([H:139])([H:141])[H:143])[C@:171]([H:179])([H:180])[H:181])=[C:47]([O:7][C@@:169]([H:173])([H:174])[H:175])[C:27]([C@@:49]([C@:59]([H:61])([H:63])[H:65])([C@:73]([H:75])([H:77])[H:79])[C@:113]([H:115])([H:117])[H:119])=[C:35]4[H:37])[C:43]4=[C:25]([C:26]5=[C:12]6[O:4][C@:82]([H:84])([H:86])[O:6][C:34]6=[C:40]([H:42])[C:52]([H:54])=[C:44]5[P:2]->1([C:14]1=[C:18]([H:20])[C:46]([C@:68]([C@:146]([H:148])([H:150])[H:152])([C@:154]([H:156])([H:158])[H:160])[C@:162]([H:164])([H:166])[H:168])=[C:32]([O:10][C@:122]([H:124])([H:126])[H:128])[C:16]([C@:70]([C@:88]([H:90])([H:92])[H:94])([C@:106]([H:108])([H:110])[H:112])[C@:130]([H:132])([H:134])[H:136])=[C:22]1[H:24])[C:30]1=[C:36]([H:38])[C:28]([C@@:50]([C@:60]([H:62])([H:64])[H:66])([C@:74]([H:76])([H:78])[H:80])[C@:114]([H:116])([H:118])[H:120])=[C:48]([O:8][C@@:170]([H:176])([H:177])[H:178])[C:72]([C@:104]([C@:96]([H:98])([H:100])[H:102])([C@:138]([H:140])([H:142])[H:144])[C@:172]([H:182])([H:183])[H:184])=[C:56]1[H:58])[C:11]1=[C:33]([O:5][C@@:81]([H:83])([H:85])[O:3]1)[C:39]([H:41])=[C:51]4[H:53])(<-[O:187]=[C:185]([O-:189]->2)[C@@:191]([H:192])([H:193])[H:194])<-[O:188]=[C:186]([O-:190]->3)[C@@:195]([H:196])([H:197])[H:198],[H]OC([H])([H])[H],CC(C)[C@@H](C(O)=O)C1=CC(C)=CC=C1,CC(C)[C@H](C(O)=O)C1=CC(C)=CC=C1,C/C(C)=C(C(O)=O)\C1=CC(C)=CC=C1,60,5,,,,2
IAW00001064,CAT-3,SOL-1,,,REA-17,[Ru+2]123(<-[P:1]([C:13]4=[C:17]([H:19])[C:45]([C@:67]([C@:145]([H:147])([H:149])[H:151])([C@:153]([H:155])([H:157])[H:159])[C@:161]([H:163])([H:165])[H:167])=[C:31]([O:9][C@:121]([H:123])([H:125])[H:127])[C:15]([C@:69]([C@:87]([H:89])([H:91])[H:93])([C@:105]([H:107])([H:109])[H:111])[C@:129]([H:131])([H:133])[H:135])=[C:21]4[H:23])([C:29]4=[C:55]([H:57])[C:71]([C@:103]([C@:95]([H:97])([H:99])[H:101])([C@:137]([H:139])([H:141])[H:143])[C@:171]([H:179])([H:180])[H:181])=[C:47]([O:7][C@@:169]([H:173])([H:174])[H:175])[C:27]([C@@:49]([C@:59]([H:61])([H:63])[H:65])([C@:73]([H:75])([H:77])[H:79])[C@:113]([H:115])([H:117])[H:119])=[C:35]4[H:37])[C:43]4=[C:25]([C:26]5=[C:12]6[O:4][C@:82]([H:84])([H:86])[O:6][C:34]6=[C:40]([H:42])[C:52]([H:54])=[C:44]5[P:2]->1([C:14]1=[C:18]([H:20])[C:46]([C@:68]([C@:146]([H:148])([H:150])[H:152])([C@:154]([H:156])([H:158])[H:160])[C@:162]([H:164])([H:166])[H:168])=[C:32]([O:10][C@:122]([H:124])([H:126])[H:128])[C:16]([C@:70]([C@:88]([H:90])([H:92])[H:94])([C@:106]([H:108])([H:110])[H:112])[C@:130]([H:132])([H:134])[H:136])=[C:22]1[H:24])[C:30]1=[C:36]([H:38])[C:28]([C@@:50]([C@:60]([H:62])([H:64])[H:66])([C@:74]([H:76])([H:78])[H:80])[C@:114]([H:116])([H:118])[H:120])=[C:48]([O:8][C@@:170]([H:176])([H:177])[H:178])[C:72]([C@:104]([C@:96]([H:98])([H:100])[H:102])([C@:138]([H:140])([H:142])[H:144])[C@:172]([H:182])([H:183])[H:184])=[C:56]1[H:58])[C:11]1=[C:33]([O:5][C@@:81]([H:83])([H:85])[O:3]1)[C:39]([H:41])=[C:51]4[H:53])(<-[O:187]=[C:185]([O-:189]->2)[C@@:191]([H:192])([H:193])[H:194])<-[O:188]=[C:186]([O-:190]->3)[C@@:195]([H:196])([H:197])[H:198],[H]OC([H])([H])[H],CC(C)[C@@H](C(O)=O)C1=CC(C)=CC=C1,CC(C)[C@H](C(O)=O)C1=CC(C)=CC=C1,C/C(C)=C(C(O)=O)\C1=CC(C)=CC=C1,60,10,,,,2
IAW00001065,CAT-3,SOL-1,,,REA-17,[Ru+2]123(<-[P:1]([C:13]4=[C:17]([H:19])[C:45]([C@:67]([C@:145]([H:147])([H:149])[H:151])([C@:153]([H:155])([H:157])[H:159])[C@:161]([H:163])([H:165])[H:167])=[C:31]([O:9][C@:121]([H:123])([H:125])[H:127])[C:15]([C@:69]([C@:87]([H:89])([H:91])[H:93])([C@:105]([H:107])([H:109])[H:111])[C@:129]([H:131])([H:133])[H:135])=[C:21]4[H:23])([C:29]4=[C:55]([H:57])[C:71]([C@:103]([C@:95]([H:97])([H:99])[H:101])([C@:137]([H:139])([H:141])[H:143])[C@:171]([H:179])([H:180])[H:181])=[C:47]([O:7][C@@:169]([H:173])([H:174])[H:175])[C:27]([C@@:49]([C@:59]([H:61])([H:63])[H:65])([C@:73]([H:75])([H:77])[H:79])[C@:113]([H:115])([H:117])[H:119])=[C:35]4[H:37])[C:43]4=[C:25]([C:26]5=[C:12]6[O:4][C@:82]([H:84])([H:86])[O:6][C:34]6=[C:40]([H:42])[C:52]([H:54])=[C:44]5[P:2]->1([C:14]1=[C:18]([H:20])[C:46]([C@:68]([C@:146]([H:148])([H:150])[H:152])([C@:154]([H:156])([H:158])[H:160])[C@:162]([H:164])([H:166])[H:168])=[C:32]([O:10][C@:122]([H:124])([H:126])[H:128])[C:16]([C@:70]([C@:88]([H:90])([H:92])[H:94])([C@:106]([H:108])([H:110])[H:112])[C@:130]([H:132])([H:134])[H:136])=[C:22]1[H:24])[C:30]1=[C:36]([H:38])[C:28]([C@@:50]([C@:60]([H:62])([H:64])[H:66])([C@:74]([H:76])([H:78])[H:80])[C@:114]([H:116])([H:118])[H:120])=[C:48]([O:8][C@@:170]([H:176])([H:177])[H:178])[C:72]([C@:104]([C@:96]([H:98])([H:100])[H:102])([C@:138]([H:140])([H:142])[H:144])[C@:172]([H:182])([H:183])[H:184])=[C:56]1[H:58])[C:11]1=[C:33]([O:5][C@@:81]([H:83])([H:85])[O:3]1)[C:39]([H:41])=[C:51]4[H:53])(<-[O:187]=[C:185]([O-:189]->2)[C@@:191]([H:192])([H:193])[H:194])<-[O:188]=[C:186]([O-:190]->3)[C@@:195]([H:196])([H:197])[H:198],[H]OC([H])([H])[H],CC(C)[C@@H](C(O)=O)C1=CC(C)=CC=C1,CC(C)[C@H](C(O)=O)C1=CC(C)=CC=C1,C/C(C)=C(C(O)=O)\C1=CC(C)=CC=C1,60,30,,,,2
IAW00001066,CAT-3,SOL-1,,,REA-17,[Ru+2]123(<-[P:1]([C:13]4=[C:17]([H:19])[C:45]([C@:67]([C@:145]([H:147])([H:149])[H:151])([C@:153]([H:155])([H:157])[H:159])[C@:161]([H:163])([H:165])[H:167])=[C:31]([O:9][C@:121]([H:123])([H:125])[H:127])[C:15]([C@:69]([C@:87]([H:89])([H:91])[H:93])([C@:105]([H:107])([H:109])[H:111])[C@:129]([H:131])([H:133])[H:135])=[C:21]4[H:23])([C:29]4=[C:55]([H:57])[C:71]([C@:103]([C@:95]([H:97])([H:99])[H:101])([C@:137]([H:139])([H:141])[H:143])[C@:171]([H:179])([H:180])[H:181])=[C:47]([O:7][C@@:169]([H:173])([H:174])[H:175])[C:27]([C@@:49]([C@:59]([H:61])([H:63])[H:65])([C@:73]([H:75])([H:77])[H:79])[C@:113]([H:115])([H:117])[H:119])=[C:35]4[H:37])[C:43]4=[C:25]([C:26]5=[C:12]6[O:4][C@:82]([H:84])([H:86])[O:6][C:34]6=[C:40]([H:42])[C:52]([H:54])=[C:44]5[P:2]->1([C:14]1=[C:18]([H:20])[C:46]([C@:68]([C@:146]([H:148])([H:150])[H:152])([C@:154]([H:156])([H:158])[H:160])[C@:162]([H:164])([H:166])[H:168])=[C:32]([O:10][C@:122]([H:124])([H:126])[H:128])[C:16]([C@:70]([C@:88]([H:90])([H:92])[H:94])([C@:106]([H:108])([H:110])[H:112])[C@:130]([H:132])([H:134])[H:136])=[C:22]1[H:24])[C:30]1=[C:36]([H:38])[C:28]([C@@:50]([C@:60]([H:62])([H:64])[H:66])([C@:74]([H:76])([H:78])[H:80])[C@:114]([H:116])([H:118])[H:120])=[C:48]([O:8][C@@:170]([H:176])([H:177])[H:178])[C:72]([C@:104]([C@:96]([H:98])([H:100])[H:102])([C@:138]([H:140])([H:142])[H:144])[C@:172]([H:182])([H:183])[H:184])=[C:56]1[H:58])[C:11]1=[C:33]([O:5][C@@:81]([H:83])([H:85])[O:3]1)[C:39]([H:41])=[C:51]4[H:53])(<-[O:187]=[C:185]([O-:189]->2)[C@@:191]([H:192])([H:193])[H:194])<-[O:188]=[C:186]([O-:190]->3)[C@@:195]([H:196])([H:197])[H:198],[H]OC([H])([H])[H],CC(C)[C@@H](C(O)=O)C1=CC(C)=CC=C1,CC(C)[C@H](C(O)=O)C1=CC(C)=CC=C1,C/C(C)=C(C(O)=O)\C1=CC(C)=CC=C1,60,50,,,,2
IAW00001067,CAT-63,SOL-1,,,REA-17,[Ru+2]123(<-[P:1]([C:13]4=[C:17]([H:19])[C:45]([C@:67]([C@:145]([H:147])([H:149])[H:151])([C@:153]([H:155])([H:157])[H:159])[C@:161]([H:163])([H:165])[H:167])=[C:31]([O:9][C@:121]([H:123])([H:125])[H:127])[C:15]([C@:69]([C@:87]([H:89])([H:91])[H:93])([C@:105]([H:107])([H:109])[H:111])[C@:129]([H:131])([H:133])[H:135])=[C:21]4[H:23])([C:29]4=[C:55]([H:57])[C:71]([C@:103]([C@:95]([H:97])([H:99])[H:101])([C@:137]([H:139])([H:141])[H:143])[C@:171]([H:179])([H:180])[H:181])=[C:47]([O:7][C@@:169]([H:173])([H:174])[H:175])[C:27]([C@@:49]([C@:59]([H:61])([H:63])[H:65])([C@:73]([H:75])([H:77])[H:79])[C@:113]([H:115])([H:117])[H:119])=[C:35]4[H:37])[C:43]4=[C:25]([C:26]5=[C:12]6[O:4][C@:82]([H:84])([H:86])[O:6][C:34]6=[C:40]([H:42])[C:52]([H:54])=[C:44]5[P:2]->1([C:14]1=[C:18]([H:20])[C:46]([C@:68]([C@:146]([H:148])([H:150])[H:152])([C@:154]([H:156])([H:158])[H:160])[C@:162]([H:164])([H:166])[H:168])=[C:32]([O:10][C@:122]([H:124])([H:126])[H:128])[C:16]([C@:70]([C@:88]([H:90])([H:92])[H:94])([C@:106]([H:108])([H:110])[H:112])[C@:130]([H:132])([H:134])[H:136])=[C:22]1[H:24])[C:30]1=[C:36]([H:38])[C:28]([C@@:50]([C@:60]([H:62])([H:64])[H:66])([C@:74]([H:76])([H:78])[H:80])[C@:114]([H:116])([H:118])[H:120])=[C:48]([O:8][C@@:170]([H:176])([H:177])[H:178])[C:72]([C@:104]([C@:96]([H:98])([H:100])[H:102])([C@:138]([H:140])([H:142])[H:144])[C@:172]([H:182])([H:183])[H:184])=[C:56]1[H:58])[C:11]1=[C:33]([O:5][C@@:81]([H:83])([H:85])[O:3]1)[C:39]([H:41])=[C:51]4[H:53])(<-[O:187]=[C:185]([O-:189]->2)[C@@:191]([H:192])([H:193])[H:194])<-[O:188]=[C:186]([O-:190]->3)[C@@:195]([H:196])([H:197])[H:198],[H]OC([H])([H])[H],CC(C)[C@@H](C(O)=O)C1=CC(C)=CC=C1,CC(C)[C@H](C(O)=O)C1=CC(C)=CC=C1,C/C(C)=C(C(O)=O)\C1=CC(C)=CC=C1,60,50,,,,2
IAW00001068,CAT-3,SOL-1,,,REA-17,[H]c1c([H])c2[P](c3c([H])c(C(C([H])([H])[H])(C([H])([H])[H])C([H])([H])[H])c(OC([H])([H])[H])c(C(C([H])([H])[H])(C([H])([H])[H])C([H])([H])[H])c3[H])(c3c([H])c(C(C([H])([H])[H])(C([H])([H])[H])C([H])([H])[H])c(OC([H])([H])[H])c(C(C([H])([H])[H])(C([H])([H])[H])C([H])([H])[H])c3[H])->[Ru+2](<-[O-]C(=O)C([H])([H])[H])(<-[O-]C(=O)C([H])([H])[H])<-[P](c3c([H])c(C(C([H])([H])[H])(C([H])([H])[H])C([H])([H])[H])c(OC([H])([H])[H])c(C(C([H])([H])[H])(C([H])([H])[H])C([H])([H])[H])c3[H])(c3c([H])c(C(C([H])([H])[H])(C([H])([H])[H])C([H])([H])[H])c(OC([H])([H])[H])c(C(C([H])([H])[H])(C([H])([H])[H])C([H])([H])[H])c3[H])c3c([H])c([H])c4c(c3-c2c2c1OC([H])([H])O2)OC([H])([H])O4,[H]OC([H])([H])[H],CC(C)[C@@H](C(O)=O)C1=CC(C)=CC=C1,CC(C)[C@H](C(O)=O)C1=CC(C)=CC=C1,C/C(C)=C(C(O)=O)\C1=CC(C)=CC=C1,60,70,,,,2
IAW00001069,CAT-3,SOL-1,,,REA-17,[Ru+2]123(<-[P:1]([C:13]4=[C:17]([H:19])[C:45]([C@:67]([C@:145]([H:147])([H:149])[H:151])([C@:153]([H:155])([H:157])[H:159])[C@:161]([H:163])([H:165])[H:167])=[C:31]([O:9][C@:121]([H:123])([H:125])[H:127])[C:15]([C@:69]([C@:87]([H:89])([H:91])[H:93])([C@:105]([H:107])([H:109])[H:111])[C@:129]([H:131])([H:133])[H:135])=[C:21]4[H:23])([C:29]4=[C:55]([H:57])[C:71]([C@:103]([C@:95]([H:97])([H:99])[H:101])([C@:137]([H:139])([H:141])[H:143])[C@:171]([H:179])([H:180])[H:181])=[C:47]([O:7][C@@:169]([H:173])([H:174])[H:175])[C:27]([C@@:49]([C@:59]([H:61])([H:63])[H:65])([C@:73]([H:75])([H:77])[H:79])[C@:113]([H:115])([H:117])[H:119])=[C:35]4[H:37])[C:43]4=[C:25]([C:26]5=[C:12]6[O:4][C@:82]([H:84])([H:86])[O:6][C:34]6=[C:40]([H:42])[C:52]([H:54])=[C:44]5[P:2]->1([C:14]1=[C:18]([H:20])[C:46]([C@:68]([C@:146]([H:148])([H:150])[H:152])([C@:154]([H:156])([H:158])[H:160])[C@:162]([H:164])([H:166])[H:168])=[C:32]([O:10][C@:122]([H:124])([H:126])[H:128])[C:16]([C@:70]([C@:88]([H:90])([H:92])[H:94])([C@:106]([H:108])([H:110])[H:112])[C@:130]([H:132])([H:134])[H:136])=[C:22]1[H:24])[C:30]1=[C:36]([H:38])[C:28]([C@@:50]([C@:60]([H:62])([H:64])[H:66])([C@:74]([H:76])([H:78])[H:80])[C@:114]([H:116])([H:118])[H:120])=[C:48]([O:8][C@@:170]([H:176])([H:177])[H:178])[C:72]([C@:104]([C@:96]([H:98])([H:100])[H:102])([C@:138]([H:140])([H:142])[H:144])[C@:172]([H:182])([H:183])[H:184])=[C:56]1[H:58])[C:11]1=[C:33]([O:5][C@@:81]([H:83])([H:85])[O:3]1)[C:39]([H:41])=[C:51]4[H:53])(<-[O:187]=[C:185]([O-:189]->2)[C@@:191]([H:192])([H:193])[H:194])<-[O:188]=[C:186]([O-:190]->3)[C@@:195]([H:196])([H:197])[H:198],[H]OC([H])([H])[H],CC(C)[C@@H](C(O)=O)C1=CC(C)=CC=C1,CC(C)[C@H](C(O)=O)C1=CC(C)=CC=C1,C/C(C)=C(C(O)=O)\C1=CC(C)=CC=C1,60,90,,,,2
IAW00001070,CAT-3,SOL-1,,,REA-17,[Ru+2]123(<-[P:1]([C:13]4=[C:17]([H:19])[C:45]([C@:67]([C@:145]([H:147])([H:149])[H:151])([C@:153]([H:155])([H:157])[H:159])[C@:161]([H:163])([H:165])[H:167])=[C:31]([O:9][C@:121]([H:123])([H:125])[H:127])[C:15]([C@:69]([C@:87]([H:89])([H:91])[H:93])([C@:105]([H:107])([H:109])[H:111])[C@:129]([H:131])([H:133])[H:135])=[C:21]4[H:23])([C:29]4=[C:55]([H:57])[C:71]([C@:103]([C@:95]([H:97])([H:99])[H:101])([C@:137]([H:139])([H:141])[H:143])[C@:171]([H:179])([H:180])[H:181])=[C:47]([O:7][C@@:169]([H:173])([H:174])[H:175])[C:27]([C@@:49]([C@:59]([H:61])([H:63])[H:65])([C@:73]([H:75])([H:77])[H:79])[C@:113]([H:115])([H:117])[H:119])=[C:35]4[H:37])[C:43]4=[C:25]([C:26]5=[C:12]6[O:4][C@:82]([H:84])([H:86])[O:6][C:34]6=[C:40]([H:42])[C:52]([H:54])=[C:44]5[P:2]->1([C:14]1=[C:18]([H:20])[C:46]([C@:68]([C@:146]([H:148])([H:150])[H:152])([C@:154]([H:156])([H:158])[H:160])[C@:162]([H:164])([H:166])[H:168])=[C:32]([O:10][C@:122]([H:124])([H:126])[H:128])[C:16]([C@:70]([C@:88]([H:90])([H:92])[H:94])([C@:106]([H:108])([H:110])[H:112])[C@:130]([H:132])([H:134])[H:136])=[C:22]1[H:24])[C:30]1=[C:36]([H:38])[C:28]([C@@:50]([C@:60]([H:62])([H:64])[H:66])([C@:74]([H:76])([H:78])[H:80])[C@:114]([H:116])([H:118])[H:120])=[C:48]([O:8][C@@:170]([H:176])([H:177])[H:178])[C:72]([C@:104]([C@:96]([H:98])([H:100])[H:102])([C@:138]([H:140])([H:142])[H:144])[C@:172]([H:182])([H:183])[H:184])=[C:56]1[H:58])[C:11]1=[C:33]([O:5][C@@:81]([H:83])([H:85])[O:3]1)[C:39]([H:41])=[C:51]4[H:53])(<-[O:187]=[C:185]([O-:189]->2)[C@@:191]([H:192])([H:193])[H:194])<-[O:188]=[C:186]([O-:190]->3)[C@@:195]([H:196])([H:197])[H:198],[H]OC([H])([H])[H],CC(C)[C@@H](C(O)=O)C1=CC(C)=CC=C1,CC(C)[C@H](C(O)=O)C1=CC(C)=CC=C1,C/C(C)=C(C(O)=O)\C1=CC(C)=CC=C1,60,100,,,,2
IAW00001071,CAT-4,SOL-1,,,REA-17,[Ru+2]1(<-[Cl-:1])(<-[Cl-:2])<-[P:3]([C:5]2=[C:11]([H:24])[C:23]([H:45])=[C:46]([H:63])[C:25]([H:47])=[C:12]2[H:26])([C:6]2=[C:14]([C:19]3=[C:9]([P:4]->1([C:8]1=[C:17]([H:34])[C:35]([H:54])=[C:55]([H:68])[C:37]([H:56])=[C:18]1[H:36])[C:10]1=[C:22]([H:44])[C:43]([H:62])=[C:61]([H:72])[C:42]([H:60])=[C:21]1[H:41])[C:20]([H:39])=[C:40]([H:59])[C:58]1=[C:38]3[C:57]([H:69])=[C:70]([H:76])[C:77]([H:80])=[C:71]1[H:78])[C:29]1=[C:49]([C:28]([H:48])=[C:13]2[H:27])[C:64]([H:73])=[C:74]([H:79])[C:66]([H:75])=[C:50]1[H:65])[C:7]1=[C:16]([H:32])[C:33]([H:53])=[C:52]([H:67])[C:31]([H:51])=[C:15]1[H:30],[H]OC([H])([H])[H],CC(C)[C@@H](C(O)=O)C1=CC(C)=CC=C1,CC(C)[C@H](C(O)=O)C1=CC(C)=CC=C1,C/C(C)=C(C(O)=O)\C1=CC(C)=CC=C1,60,100,,,,2
IAW00001072,CAT-5,SOL-1,,,REA-17,[Ru+2]123456(<-[P:1]([C:4]7=[C:3]([C:19]8=[C:20]([P:2]->1([C:57]1=[C:66]([H:67])[C:64]([H:65])=[C:62]([H:63])[C:60]([H:61])=[C:58]1[H:59])[C:68]1=[C:69]([H:70])[C:71]([H:72])=[C:73]([H:74])[C:75]([H:76])=[C:77]1[H:78])[C:21]([H:22])=[C:23]([H:24])[C:25]1=[C:26]8[C:27]([H:28])=[C:29]([H:30])[C:31]([H:32])=[C:33]1[H:34])[C:10]1=[C:9]([C:7]([H:8])=[C:5]7[H:6])[C:17]([H:18])=[C:15]([H:16])[C:13]([H:14])=[C:11]1[H:12])([C:35]1=[C:44]([H:45])[C:42]([H:43])=[C:40]([H:41])[C:38]([H:39])=[C:36]1[H:37])[C:46]1=[C:47]([H:48])[C:49]([H:50])=[C:51]([H:52])[C:53]([H:54])=[C:55]1[H:56])(<-[C:79]1([C@:89]([H:90])([H:91])[H:92])=[C:87]->2([H:88])[C:85]->3([H:86])=[C:84]->4([C@:93]([H:94])([C@@:95]([H:101])([H:102])[H:103])[C@@:96]([H:98])([H:99])[H:100])[C:82]->5([H:83])=[C:80]->61[H:81])<-[Cl-:97],[H]OC([H])([H])[H],CC(C)[C@@H](C(O)=O)C1=CC(C)=CC=C1,CC(C)[C@H](C(O)=O)C1=CC(C)=CC=C1,C/C(C)=C(C(O)=O)\C1=CC(C)=CC=C1,60,100,,,,2
IAW00001073,CAT-6,SOL-1,,,REA-17,[Ru+2]123456(<-[Cl-:1])(<-[P:2]([C:5]7=[C:4]([C:20]8=[C:21]([P:3]->1([C:47]1=[C:55]([H:56])[C:53]([H:54])=[C:52]([C@@:100]([H:101])([H:102])[H:103])[C:50]([H:51])=[C:48]1[H:49])[C:57]1=[C:86]([H:58])[C:96]([H:99])=[C:98]([C@@:104]([H:105])([H:106])[H:107])[C:95]([H:97])=[C:85]1[H:94])[C:80]([H:90])=[C:82]([H:92])[C:22]1=[C:23]8[C:24]([H:25])=[C:26]([H:27])[C:28]([H:29])=[C:81]1[H:91])[C:11]1=[C:10]([C:8]([H:9])=[C:6]7[H:7])[C:18]([H:19])=[C:16]([H:17])[C:14]([H:15])=[C:12]1[H:13])([C:30]1=[C:31]([H:32])[C:33]([H:34])=[C:35]([C@@:108]([H:109])([H:110])[H:111])[C:36]([H:37])=[C:38]1[H:39])[C:40]1=[C:41]([H:42])[C:83]([H:93])=[C:84]([C@@:112]([H:113])([H:114])[H:115])[C:43]([H:44])=[C:45]1[H:46])<-[C:59]1([C@:68]([H:69])([H:70])[H:88])=[C:66]->2([H:67])[C:64]->3([H:65])=[C:63]->4([C@:71]([H:72])([C@@:73]([H:74])([H:75])[H:89])[C@:76]([H:77])([H:78])[H:79])[C:61]->5([H:62])=[C:60]->61[H:87],[H]OC([H])([H])[H],CC(C)[C@@H](C(O)=O)C1=CC(C)=CC=C1,CC(C)[C@H](C(O)=O)C1=CC(C)=CC=C1,C/C(C)=C(C(O)=O)\C1=CC(C)=CC=C1,60,100,,,,2
IAW00001074,CAT-7,SOL-1,,,REA-17,[Ru+2]12(<-[Cl-:1])(<-[Cl-:2])(<-[P:3]([C:29]3=[C:38]([C:28]4=[C:21]([P:4]->1([C:52]1=[C:53]([H:99])[C:54]([H:100])=[C:55]([C@:58]([H:102])([H:103])[H:113])[C:56]([H:112])=[C:57]1[H:101])[C:59]1=[C:60]([H:104])[C:114]([H:120])=[C:115]([C@:121]([H:122])([H:123])[H:124])[C:61]([H:105])=[C:62]1[H:106])[C:22]([H:79])=[C:23]([H:80])[C:24]1=[C:27]4[C:26]([H:82])=[C:108]([H:117])[C:107]([H:116])=[C:25]1[H:81])[C:37]1=[C:32]([C:31]([H:84])=[C:30]3[H:83])[C:33]([H:85])=[C:34]([H:109])[C:35]([H:110])=[C:36]1[H:86])([C:39]1=[C:40]([H:87])[C:41]([H:88])=[C:42]([C@:45]([H:91])([H:92])[H:93])[C:43]([H:89])=[C:44]1[H:90])[C:46]1=[C:47]([H:94])[C:48]([H:95])=[C:49]([C@:111]([H:98])([H:118])[H:119])[C:50]([H:96])=[C:51]1[H:97])<-[N:5]([C@@:7]([C@:8]([N:6]->2([H:65])[H:66])([C:15]1=[C:16]([H:74])[C:17]([H:75])=[C:18]([H:76])[C:19]([H:77])=[C:20]1[H:78])[H:68])([C:9]1=[C:10]([H:69])[C:11]([H:70])=[C:12]([H:71])[C:13]([H:72])=[C:14]1[H:73])[H:67])([H:63])[H:64],[H]OC([H])([H])[H],CC(C)[C@@H](C(O)=O)C1=CC(C)=CC=C1,CC(C)[C@H](C(O)=O)C1=CC(C)=CC=C1,C/C(C)=C(C(O)=O)\C1=CC(C)=CC=C1,60,100,,,,2
IAW00001075,CAT-8,SOL-1,,,REA-17,[Ru+2]123456(<-[N-:3]([S@@:1](=[O:2])([C:10]7=[C:11]([H:27])[C:12]([H:28])=[C:13]([C@@:16]([H:31])([H:32])[H:33])[C:14]([H:29])=[C:15]7[H:30])=[O:42])[C@:4]([C:5]7=[C:6]([H:45])[C:7]([H:47])=[C:46]([H:51])[C:8]([H:25])=[C:9]7[H:26])([H:43])[C@@:44]([H:23])([N:41]->1([H:71])[H:72])[C:50]1=[C:54]([H:24])[C:60]([H:69])=[C:68]([H:70])[C:58]([H:67])=[C:53]1[H:59])(<-[C:17]1([H:49])=[C:18]->2([H:34])[C:19]->3([C@@:22]([H:37])([H:38])[H:39])=[C:20]->4([H:35])[C:21]->5([H:36])=[C:48]->61[C@:52]([H:55])([C@:56]([H:61])([H:62])[H:63])[C@:57]([H:64])([H:65])[H:66])<-[Cl-:40],[H]OC([H])([H])[H],CC(C)[C@@H](C(O)=O)C1=CC(C)=CC=C1,CC(C)[C@H](C(O)=O)C1=CC(C)=CC=C1,C/C(C)=C(C(O)=O)\C1=CC(C)=CC=C1,60,100,,,,2
IAW00001076,CAT-9,SOL-1,,,REA-17,[Ru+2]123(<-[Cl-:2]->[Ru+2:122]4(<-[Cl-:1])(<-[Cl-:3]->1)(<-[P:5]([C:11]1=[C:9]([C:22]5=[C:24]([P:7]->4([C:59]4=[C:69]([H:113])[C:67]([H:111])=[C:65]([H:140])[C:63]([H:109])=[C:61]4[H:107])[C:71]4=[C:81]([H:121])[C:79]([H:119])=[C:77]([H:139])[C:75]([H:117])=[C:73]4[H:115])[C:26]([H:87])=[C:28]([H:89])[C:30]4=[C:33]5[O:144][C@@:31]([H:147])([H:148])[O:143]4)[C:20]4=[C:17]([C:15]([H:85])=[C:13]1[H:83])[O:146][C@:18]([H:149])([H:150])[O:145]4)([C:35]1=[C:37]([H:91])[C:39]([H:93])=[C:41]([H:142])[C:43]([H:95])=[C:45]1[H:97])[C:47]1=[C:49]([H:99])[C:51]([H:101])=[C:53]([H:141])[C:55]([H:103])=[C:57]1[H:105])<-[Cl-:123]->2)(<-[P:4]([C:10]1=[C:8]([C:21]2=[C:23]([P:6]->3([C:58]3=[C:68]([H:112])[C:66]([H:110])=[C:64]([H:126])[C:62]([H:108])=[C:60]3[H:106])[C:70]3=[C:80]([H:120])[C:78]([H:118])=[C:76]([H:125])[C:74]([H:116])=[C:72]3[H:114])[C:25]([H:86])=[C:27]([H:88])[C:29]3=[C:32]2[O:130][C@@:133]([H:134])([H:135])[O:129]3)[C:19]2=[C:16]([C:14]([H:84])=[C:12]1[H:82])[O:132][C@:136]([H:137])([H:138])[O:131]2)([C:34]1=[C:44]([H:96])[C:42]([H:94])=[C:40]([H:127])[C:38]([H:92])=[C:36]1[H:90])[C:46]1=[C:48]([H:98])[C:50]([H:100])=[C:52]([H:128])[C:54]([H:102])=[C:56]1[H:104])<-[Cl-:124],[H]OC([H])([H])[H],CC(C)[C@@H](C(O)=O)C1=CC(C)=CC=C1,CC(C)[C@H](C(O)=O)C1=CC(C)=CC=C1,C/C(C)=C(C(O)=O)\C1=CC(C)=CC=C1,60,100,,,,2
IAW00001077,CAT-10,SOL-1,,,REA-17,[Ru+2]123456(<-[Cl-:1])(<-[P:2]([C:5]7=[C:6]([H:7])[C:8]([H:9])=[C:10]8[C:11](=[C:4]7[C:13]7=[C:16]9[C:15](=[C:71]([H:80])[C:70]([H:79])=[C:14]7[P:3]->1([C:36]1=[C:37]([H:38])[C:39]([H:40])=[C:41]([H:42])[C:43]([H:44])=[C:45]1[H:46])[C:47]1=[C:74]([H:83])[C:84]([H:86])=[C:87]([H:89])[C:85]([H:88])=[C:75]1[H:48])[O:90][C@@:17]([H:94])([H:95])[O:91]9)[O:92][C@@:12]([H:96])([H:97])[O:93]8)([C:18]1=[C:27]([H:28])[C:25]([H:26])=[C:23]([H:24])[C:21]([H:22])=[C:19]1[H:20])[C:29]1=[C:30]([H:31])[C:72]([H:81])=[C:73]([H:82])[C:32]([H:33])=[C:34]1[H:35])<-[C:49]1([C@:58]([H:59])([H:60])[H:77])=[C:50]->2([H:76])[C:51]->3([H:52])=[C:53]->4([C@:61]([H:62])([C@@:63]([H:64])([H:65])[H:78])[C@:66]([H:67])([H:68])[H:69])[C:54]->5([H:55])=[C:56]->61[H:57],[H]OC([H])([H])[H],CC(C)[C@@H](C(O)=O)C1=CC(C)=CC=C1,CC(C)[C@H](C(O)=O)C1=CC(C)=CC=C1,C/C(C)=C(C(O)=O)\C1=CC(C)=CC=C1,60,100,,,,2
IAW00001078,CAT-11,SOL-1,,,REA-17,[Ru+2]123(<-[P:1]([C:7]4=[C:9]([C:15]5=[C:10]([P:2]->1([C:28]1=[C:29]([H:52])[C:30]([H:53])=[C:31]([C@@:87]([H:88])([H:89])[H:90])[C:32]([H:54])=[C:33]1[H:55])[C:34]1=[C:35]([H:56])[C:62]([H:71])=[C:72]([C@@:83]([H:84])([H:85])[H:86])[C:70]([H:78])=[C:61]1[H:69])[C:11]([H:41])=[C:12]([H:42])[C:13]1=[C:14]5[C:60]([H:67])=[C:68]([H:77])[C:66]([H:76])=[C:59]1[H:43])[C:58]1=[C:64]([C:57]([H:63])=[C:8]4[H:40])[C:73]([H:80])=[C:79]([H:82])[C:75]([H:81])=[C:65]1[H:74])([C:16]1=[C:21]([H:47])[C:20]([H:46])=[C:19]([C@@:91]([H:92])([H:93])[H:94])[C:18]([H:45])=[C:17]1[H:44])[C:22]1=[C:23]([H:48])[C:24]([H:49])=[C:25]([C@@:95]([H:96])([H:97])[H:98])[C:26]([H:50])=[C:27]1[H:51])(<-[O-:3][C:36](=[O:4]->2)[C@@:37]([H:99])([H:100])[H:101])<-[O:5]=[C:38]([O-:6]->3)[C@@:39]([H:102])([H:103])[H:104],[H]OC([H])([H])[H],CC(C)[C@@H](C(O)=O)C1=CC(C)=CC=C1,CC(C)[C@H](C(O)=O)C1=CC(C)=CC=C1,C/C(C)=C(C(O)=O)\C1=CC(C)=CC=C1,60,50,,,,2
IAW00001079,CAT-11,SOL-1,,,REA-17,[Ru+2]123(<-[P:1]([C:7]4=[C:9]([C:15]5=[C:10]([P:2]->1([C:28]1=[C:29]([H:52])[C:30]([H:53])=[C:31]([C@@:87]([H:88])([H:89])[H:90])[C:32]([H:54])=[C:33]1[H:55])[C:34]1=[C:35]([H:56])[C:62]([H:71])=[C:72]([C@@:83]([H:84])([H:85])[H:86])[C:70]([H:78])=[C:61]1[H:69])[C:11]([H:41])=[C:12]([H:42])[C:13]1=[C:14]5[C:60]([H:67])=[C:68]([H:77])[C:66]([H:76])=[C:59]1[H:43])[C:58]1=[C:64]([C:57]([H:63])=[C:8]4[H:40])[C:73]([H:80])=[C:79]([H:82])[C:75]([H:81])=[C:65]1[H:74])([C:16]1=[C:21]([H:47])[C:20]([H:46])=[C:19]([C@@:91]([H:92])([H:93])[H:94])[C:18]([H:45])=[C:17]1[H:44])[C:22]1=[C:23]([H:48])[C:24]([H:49])=[C:25]([C@@:95]([H:96])([H:97])[H:98])[C:26]([H:50])=[C:27]1[H:51])(<-[O-:3][C:36](=[O:4]->2)[C@@:37]([H:99])([H:100])[H:101])<-[O:5]=[C:38]([O-:6]->3)[C@@:39]([H:102])([H:103])[H:104],[H]OC([H])([H])[H],CC(C)[C@@H](C(O)=O)C1=CC(C)=CC=C1,CC(C)[C@H](C(O)=O)C1=CC(C)=CC=C1,C/C(C)=C(C(O)=O)\C1=CC(C)=CC=C1,60,100,,,,2
IAW00001080,CAT-12,SOL-1,,,REA-17,[Ru+2]12(<-[Cl-:1])(<-[Cl-:2])(<-[P:3]([C:29]3=[C:38]([C:28]4=[C:21]([P:4]->1([C:52]1=[C:57]([H:99])[C:56]([H:110])=[C:55]([C@:58]([H:100])([H:101])[H:111])[C:54]([H:98])=[C:53]1[H:97])[C:59]1=[C:62]([H:104])[C:61]([H:103])=[C:113]([C@:119]([H:120])([H:121])[H:122])[C:112]([H:118])=[C:60]1[H:102])[C:22]([H:77])=[C:23]([H:78])[C:24]1=[C:27]4[C:26]([H:80])=[C:106]([H:115])[C:105]([H:114])=[C:25]1[H:79])[C:37]1=[C:32]([C:31]([H:82])=[C:30]3[H:81])[C:33]([H:83])=[C:34]([H:107])[C:35]([H:108])=[C:36]1[H:84])([C:39]1=[C:44]([H:88])[C:43]([H:87])=[C:42]([C@:45]([H:89])([H:90])[H:91])[C:41]([H:86])=[C:40]1[H:85])[C:46]1=[C:47]([H:92])[C:48]([H:93])=[C:49]([C@:109]([H:96])([H:116])[H:117])[C:50]([H:94])=[C:51]1[H:95])<-[N:5]([C@@:7]([C@:8]([N:6]->2([H:65])[H:66])([C:15]1=[C:20]([H:76])[C:19]([H:75])=[C:18]([C@@:127]([H:128])([H:129])[H:130])[C:17]([H:74])=[C:16]1[H:73])[H:68])([C:9]1=[C:10]([H:69])[C:11]([H:70])=[C:12]([C@@:123]([H:124])([H:125])[H:126])[C:13]([H:71])=[C:14]1[H:72])[H:67])([H:63])[H:64],[H]OC([H])([H])[H],CC(C)[C@@H](C(O)=O)C1=CC(C)=CC=C1,CC(C)[C@H](C(O)=O)C1=CC(C)=CC=C1,C/C(C)=C(C(O)=O)\C1=CC(C)=CC=C1,60,100,,,,2
IAW00001081,CAT-13,SOL-1,,,REA-17,[Ru+2]123(<-[P:1]([C:7]4=[C:9]([C:15]5=[C:10]([P:2]->1([C:28]1=[C:29]([H:50])[C:30]([C@@:103]([H:104])([H:105])[H:106])=[C:31]([H:51])[C:32]([C@@:107]([H:108])([H:109])[H:110])=[C:33]1[H:52])[C:34]1=[C:58]([H:66])[C:67]([C@@:99]([H:100])([H:101])[H:102])=[C:68]([H:74])[C:59]([C@@:95]([H:96])([H:97])[H:98])=[C:35]1[H:53])[C:11]([H:41])=[C:12]([H:42])[C:13]1=[C:14]5[C:57]([H:64])=[C:65]([H:73])[C:63]([H:72])=[C:56]1[H:43])[C:55]1=[C:61]([C:54]([H:60])=[C:8]4[H:40])[C:69]([H:76])=[C:75]([H:78])[C:71]([H:77])=[C:62]1[H:70])([C:16]1=[C:17]([H:44])[C:18]([C@@:79]([H:80])([H:81])[H:82])=[C:19]([H:45])[C:20]([C@@:83]([H:84])([H:85])[H:86])=[C:21]1[H:46])[C:22]1=[C:23]([H:47])[C:24]([C@@:87]([H:88])([H:89])[H:90])=[C:25]([H:48])[C:26]([C@@:91]([H:92])([H:93])[H:94])=[C:27]1[H:49])(<-[O-:3][C:36](=[O:4]->2)[C@@:37]([H:114])([H:115])[H:116])<-[O:5]=[C:38]([O-:6]->3)[C@@:39]([H:111])([H:112])[H:113],[H]OC([H])([H])[H],CC(C)[C@@H](C(O)=O)C1=CC(C)=CC=C1,CC(C)[C@H](C(O)=O)C1=CC(C)=CC=C1,C/C(C)=C(C(O)=O)\C1=CC(C)=CC=C1,60,50,,,,2
IAW00001082,CAT-13,SOL-1,,,REA-17,[Ru+2]123(<-[P:1]([C:7]4=[C:9]([C:15]5=[C:10]([P:2]->1([C:28]1=[C:29]([H:50])[C:30]([C@@:103]([H:104])([H:105])[H:106])=[C:31]([H:51])[C:32]([C@@:107]([H:108])([H:109])[H:110])=[C:33]1[H:52])[C:34]1=[C:58]([H:66])[C:67]([C@@:99]([H:100])([H:101])[H:102])=[C:68]([H:74])[C:59]([C@@:95]([H:96])([H:97])[H:98])=[C:35]1[H:53])[C:11]([H:41])=[C:12]([H:42])[C:13]1=[C:14]5[C:57]([H:64])=[C:65]([H:73])[C:63]([H:72])=[C:56]1[H:43])[C:55]1=[C:61]([C:54]([H:60])=[C:8]4[H:40])[C:69]([H:76])=[C:75]([H:78])[C:71]([H:77])=[C:62]1[H:70])([C:16]1=[C:17]([H:44])[C:18]([C@@:79]([H:80])([H:81])[H:82])=[C:19]([H:45])[C:20]([C@@:83]([H:84])([H:85])[H:86])=[C:21]1[H:46])[C:22]1=[C:23]([H:47])[C:24]([C@@:87]([H:88])([H:89])[H:90])=[C:25]([H:48])[C:26]([C@@:91]([H:92])([H:93])[H:94])=[C:27]1[H:49])(<-[O-:3][C:36](=[O:4]->2)[C@@:37]([H:114])([H:115])[H:116])<-[O:5]=[C:38]([O-:6]->3)[C@@:39]([H:111])([H:112])[H:113],[H]OC([H])([H])[H],CC(C)[C@@H](C(O)=O)C1=CC(C)=CC=C1,CC(C)[C@H](C(O)=O)C1=CC(C)=CC=C1,C/C(C)=C(C(O)=O)\C1=CC(C)=CC=C1,60,100,,,,2
IAW00001083,CAT-14,SOL-1,,,REA-17,[Ru+2]123(<-[P:1]([C:7]4=[C:9]([C:15]5=[C:10]([P:2]->1([C:28]1=[C:29]([H:53])[C:30]([H:54])=[C:31]([H:55])[C:32]([H:56])=[C:33]1[H:57])[C:34]1=[C:35]([H:58])[C:62]([H:67])=[C:68]([H:70])[C:66]([H:69])=[C:61]1[H:65])[C:11]([H:41])=[C:12]([H:42])[C:13]1=[C:14]5[C@@:71]([H:72])([H:73])[C@@:77]([H:79])([H:80])[C@:78]([H:81])([H:82])[C@:74]1([H:75])[H:76])[C:60]1=[C:64]([C:59]([H:63])=[C:8]4[H:40])[C@@:86]([H:87])([H:88])[C@@:90]([H:93])([H:94])[C@:89]([H:91])([H:92])[C@:83]1([H:84])[H:85])([C:16]1=[C:21]([H:47])[C:20]([H:46])=[C:19]([H:45])[C:18]([H:44])=[C:17]1[H:43])[C:22]1=[C:23]([H:48])[C:24]([H:49])=[C:25]([H:50])[C:26]([H:51])=[C:27]1[H:52])(<-[O:3]=[C:36]([O-:4]->2)[C@@:37]([H:95])([H:96])[H:97])<-[O-:5][C:38](=[O:6]->3)[C@@:39]([H:98])([H:99])[H:100],[H]OC([H])([H])[H],CC(C)[C@@H](C(O)=O)C1=CC(C)=CC=C1,CC(C)[C@H](C(O)=O)C1=CC(C)=CC=C1,C/C(C)=C(C(O)=O)\C1=CC(C)=CC=C1,60,10,,,,2
IAW00001084,CAT-14,SOL-1,,,REA-17,[Ru+2]123(<-[P:1]([C:7]4=[C:9]([C:15]5=[C:10]([P:2]->1([C:28]1=[C:29]([H:53])[C:30]([H:54])=[C:31]([H:55])[C:32]([H:56])=[C:33]1[H:57])[C:34]1=[C:35]([H:58])[C:62]([H:67])=[C:68]([H:70])[C:66]([H:69])=[C:61]1[H:65])[C:11]([H:41])=[C:12]([H:42])[C:13]1=[C:14]5[C@@:71]([H:72])([H:73])[C@@:77]([H:79])([H:80])[C@:78]([H:81])([H:82])[C@:74]1([H:75])[H:76])[C:60]1=[C:64]([C:59]([H:63])=[C:8]4[H:40])[C@@:86]([H:87])([H:88])[C@@:90]([H:93])([H:94])[C@:89]([H:91])([H:92])[C@:83]1([H:84])[H:85])([C:16]1=[C:21]([H:47])[C:20]([H:46])=[C:19]([H:45])[C:18]([H:44])=[C:17]1[H:43])[C:22]1=[C:23]([H:48])[C:24]([H:49])=[C:25]([H:50])[C:26]([H:51])=[C:27]1[H:52])(<-[O:3]=[C:36]([O-:4]->2)[C@@:37]([H:95])([H:96])[H:97])<-[O-:5][C:38](=[O:6]->3)[C@@:39]([H:98])([H:99])[H:100],[H]OC([H])([H])[H],CC(C)[C@@H](C(O)=O)C1=CC(C)=CC=C1,CC(C)[C@H](C(O)=O)C1=CC(C)=CC=C1,C/C(C)=C(C(O)=O)\C1=CC(C)=CC=C1,60,50,,,,2
IAW00001085,CAT-14,SOL-1,,,REA-17,[Ru+2]123(<-[P:1]([C:7]4=[C:9]([C:15]5=[C:10]([P:2]->1([C:28]1=[C:29]([H:53])[C:30]([H:54])=[C:31]([H:55])[C:32]([H:56])=[C:33]1[H:57])[C:34]1=[C:35]([H:58])[C:62]([H:67])=[C:68]([H:70])[C:66]([H:69])=[C:61]1[H:65])[C:11]([H:41])=[C:12]([H:42])[C:13]1=[C:14]5[C@@:71]([H:72])([H:73])[C@@:77]([H:79])([H:80])[C@:78]([H:81])([H:82])[C@:74]1([H:75])[H:76])[C:60]1=[C:64]([C:59]([H:63])=[C:8]4[H:40])[C@@:86]([H:87])([H:88])[C@@:90]([H:93])([H:94])[C@:89]([H:91])([H:92])[C@:83]1([H:84])[H:85])([C:16]1=[C:21]([H:47])[C:20]([H:46])=[C:19]([H:45])[C:18]([H:44])=[C:17]1[H:43])[C:22]1=[C:23]([H:48])[C:24]([H:49])=[C:25]([H:50])[C:26]([H:51])=[C:27]1[H:52])(<-[O:3]=[C:36]([O-:4]->2)[C@@:37]([H:95])([H:96])[H:97])<-[O-:5][C:38](=[O:6]->3)[C@@:39]([H:98])([H:99])[H:100],[H]OC([H])([H])[H],CC(C)[C@@H](C(O)=O)C1=CC(C)=CC=C1,CC(C)[C@H](C(O)=O)C1=CC(C)=CC=C1,C/C(C)=C(C(O)=O)\C1=CC(C)=CC=C1,60,100,,,,2
IAW00001086,CAT-15,SOL-1,,,REA-17,[Ru+2]123(<-[Cl-:2]->[Ru+2:137]4(<-[Cl-:1])(<-[Cl-:3]->1)(<-[P:5]([C:11]1=[C:9]([C:29]5=[C:31]([P:7]->4([C:73]4=[C:83]([H:132])[C:81]([C@@:175]([H:176])([H:177])[H:178])=[C:79]([H:179])[C:77]([C@@:171]([H:172])([H:173])[H:174])=[C:75]4[H:129])[C:85]4=[C:95]([H:136])[C:93]([C@@:163]([H:164])([H:165])[H:166])=[C:91]([H:140])[C:89]([C@@:167]([H:168])([H:169])[H:170])=[C:87]4[H:134])[C:33]([H:109])=[C:35]([H:111])[C:37]4=[C:47]5[C:45]([H:119])=[C:43]([H:117])[C:41]([H:115])=[C:39]4[H:113])[C:27]4=[C:17]([C:15]([H:99])=[C:13]1[H:97])[C:19]([H:101])=[C:21]([H:103])[C:23]([H:105])=[C:25]4[H:107])([C:49]1=[C:59]([H:123])[C:57]([C@@:192]([H:193])([H:194])[H:195])=[C:55]([H:144])[C:53]([C@@:188]([H:189])([H:190])[H:191])=[C:51]1[H:121])[C:61]1=[C:71]([H:127])[C:69]([C@@:184]([H:185])([H:186])[H:187])=[C:67]([H:145])[C:65]([C@@:180]([H:181])([H:182])[H:183])=[C:63]1[H:125])<-[Cl-:138]->2)(<-[P:4]([C:10]1=[C:8]([C:28]2=[C:30]([P:6]->3([C:72]3=[C:82]([H:131])[C:80]([C@@:204]([H:205])([H:206])[H:207])=[C:78]([H:142])[C:76]([H:130])=[C:74]3[H:128])[C:84]3=[C:86]([H:133])[C:88]([C@@:200]([H:201])([H:202])[H:203])=[C:90]([H:143])[C:92]([C@@:196]([H:197])([H:198])[H:199])=[C:94]3[H:135])[C:32]([H:108])=[C:34]([H:110])[C:36]3=[C:46]2[C:44]([H:118])=[C:42]([H:116])[C:40]([H:114])=[C:38]3[H:112])[C:26]2=[C:16]([C:14]([H:98])=[C:12]1[H:96])[C:18]([H:100])=[C:20]([H:102])[C:22]([H:104])=[C:24]2[H:106])([C:48]1=[C:58]([H:122])[C:56]([C@@:159]([H:160])([H:161])[H:162])=[C:54]([H:146])[C:52]([C@@:155]([H:156])([H:157])[H:158])=[C:50]1[H:120])[C:60]1=[C:70]([H:126])[C:68]([C@@:151]([H:152])([H:153])[H:154])=[C:66]([H:141])[C:64]([C@@:147]([H:148])([H:149])[H:150])=[C:62]1[H:124])<-[Cl-:139],[H]OC([H])([H])[H],CC(C)[C@@H](C(O)=O)C1=CC(C)=CC=C1,CC(C)[C@H](C(O)=O)C1=CC(C)=CC=C1,C/C(C)=C(C(O)=O)\C1=CC(C)=CC=C1,60,100,,,,2
IAW00001087,CAT-16,SOL-1,,,REA-17,[P]1([C:2]2=[C:4]([H:55])[C:6]([C@:7]([H:74])([H:76])[H:77])=[C:8]([H:56])[C:10]([C@:12]([H:81])([H:82])[H:83])=[C:13]2[H:57])([C:14]2=[C:19]([C:20]3=[C:25]([P:1]([C:26]4=[C:27]([H:64])[C:28]([C@:29]([H:84])([H:85])[H:86])=[C:30]([H:65])[C:31]([C@@:32]([H:87])([H:88])[H:89])=[C:33]4[H:68])(->[Ru+2:54]<-14(<-[N:3]([C@@:34]([C:35]1=[C:36]([H:69])[C:37]([H:70])=[C:38]([O:9][C@@:39]([H:90])([H:91])[H:92])[C:40]([H:71])=[C:41]1[H:72])([C:42]1=[C:48]([H:102])[C:47]([H:78])=[C:45]([O:11][C@@:46]([H:93])([H:94])[H:95])[C:44]([H:75])=[C:43]1[H:73])[C@@:49]([N:5]->4([H:66])[H:67])([C@@:50]([C@@:51]([H:96])([H:97])[H:98])([C@@:52]([H:99])([H:100])[H:101])[H:80])[H:79])([H:60])[H:61])(<-[Cl-:53])<-[Cl-:103])[C:129]1=[C:130]([H:133])[C:132]([C@@:150]([H:151])([H:152])[H:153])=[C:136]([H:137])[C:134]([C@@:146]([H:147])([H:148])[H:149])=[C:131]1[H:135])[C:24]([H:63])=[C:23]([H:62])[C:22]1=[C:21]3[C:115]([H:119])=[C:114]([H:118])[C:113]([H:117])=[C:112]1[H:116])[C:18]1=[C:17]([C:16]([H:59])=[C:15]2[H:58])[C:107]([H:111])=[C:106]([H:110])[C:105]([H:109])=[C:104]1[H:108])[C:120]1=[C:122]([H:126])[C:125]([C@@:138]([H:139])([H:140])[H:141])=[C:127]([H:128])[C:123]([C@@:142]([H:143])([H:144])[H:145])=[C:121]1[H:124],[H]OC([H])([H])[H],CC(C)[C@@H](C(O)=O)C1=CC(C)=CC=C1,CC(C)[C@H](C(O)=O)C1=CC(C)=CC=C1,C/C(C)=C(C(O)=O)\C1=CC(C)=CC=C1,60,100,,,,2
IAW00001088,CAT-17,SOL-1,,,REA-17,[P]1([C:2]2=[C:17]([H:79])[C:14]([C@:16]([H:109])([H:110])[H:111])=[C:12]([H:78])[C:8]([C@:10]([H:102])([H:104])[H:105])=[C:5]2[H:77])([C:18]2=[C:19]([H:80])[C:20]([C@:21]([H:112])([H:113])[H:114])=[C:22]([H:81])[C:23]([C@:24]([H:115])([H:116])[H:117])=[C:25]2[H:82])[C:26]2=[C:32]([C:33]3=[C:39]([P:1]([C:40]4=[C:41]([H:89])[C:42]([C@:43]([H:122])([H:123])[H:124])=[C:44]([H:90])[C:45]([C@:46]([H:125])([H:126])[H:127])=[C:47]4[H:93])([C:48]4=[C:55]([H:96])[C:53]([C@:54]([H:131])([H:132])[H:133])=[C:52]([H:95])[C:50]([C@:51]([H:128])([H:129])[H:130])=[C:49]4[H:94])->[Ru+2:76]<-14(<-[N:3]([C@:56]([C:57]1=[C:63]([H:100])[C:62]([H:99])=[C:60]([O:13][C@:61]([H:134])([H:135])[H:136])[C:59]([H:98])=[C:58]1[H:97])([C:64]1=[C:70]([H:146])[C:69]([H:106])=[C:67]([O:15][C@:68]([H:137])([H:138])[H:139])[C:66]([H:103])=[C:65]1[H:101])[C@@:71]([N:6]->4([H:91])[H:92])([C@@:72]([C@:73]([H:140])([H:141])[H:142])([C@:74]([H:143])([H:144])[H:145])[H:108])[H:107])([H:85])[H:86])(<-[Cl-:75])<-[Cl-:147])[C:38]([H:88])=[C:37]([H:87])[C:36]1=[C:34]3[O:9][C@:35]([H:120])([H:121])[O:11]1)[C:31]1=[C:29]([O:4][C@@:30]([H:118])([H:119])[O:7]1)[C:28]([H:84])=[C:27]2[H:83],[H]OC([H])([H])[H],CC(C)[C@@H](C(O)=O)C1=CC(C)=CC=C1,CC(C)[C@H](C(O)=O)C1=CC(C)=CC=C1,C/C(C)=C(C(O)=O)\C1=CC(C)=CC=C1,60,100,,,,2
IAW00001089,CAT-18,SOL-1,,,REA-17,[Ru+2]12(<-[Cl-:1])(<-[Cl-:2])(<-[P:3]([C:16]3=[C:25]([C:15]4=[C:8]([P:4]->1([C:39]1=[C:40]([H:73])[C:41]([H:74])=[C:42]([C@:45]([H:76])([H:77])[H:87])[C:43]([H:86])=[C:44]1[H:75])[C:46]1=[C:49]([H:80])[C:48]([H:79])=[C:89]([C@:95]([H:96])([H:97])[H:98])[C:88]([H:94])=[C:47]1[H:78])[C:9]([H:53])=[C:10]([H:54])[C:11]1=[C:14]4[C:13]([H:56])=[C:82]([H:91])[C:81]([H:90])=[C:12]1[H:55])[C:24]1=[C:19]([C:18]([H:58])=[C:17]3[H:57])[C:20]([H:59])=[C:21]([H:83])[C:22]([H:84])=[C:23]1[H:60])([C:26]1=[C:27]([H:61])[C:28]([H:62])=[C:29]([C@:32]([H:65])([H:66])[H:67])[C:30]([H:63])=[C:31]1[H:64])[C:33]1=[C:34]([H:68])[C:35]([H:69])=[C:36]([C@:85]([H:72])([H:92])[H:93])[C:37]([H:70])=[C:38]1[H:71])<-[N:5]([C@@:7]([H:52])([C:99]1=[N:6]->2[C:105]([H:106])=[C:103]([H:104])[C:102]([H:107])=[C:100]1[H:101])[H:108])([H:50])[H:51],[H]OC([H])([H])[H],CC(C)[C@@H](C(O)=O)C1=CC(C)=CC=C1,CC(C)[C@H](C(O)=O)C1=CC(C)=CC=C1,C/C(C)=C(C(O)=O)\C1=CC(C)=CC=C1,60,100,,,,2
IAW00001090,CAT-19,SOL-1,,,REA-17,[P]1([C:16]2=[C:11]([C@@:10]([N:3]3([C@:2]4([H:51])[C@:4]([H:52])([H:53])[C@:6]([H:54])([H:55])[C@@:7]([H:56])([H:57])[C@@:8]([H:58])([H:59])[C@:9]4([N:5]4([C@@:29]([C:30]5=[C:31]([H:81])[C:32]([H:82])=[C:33]([H:83])[C:34]([H:84])=[C:35]5[P:1]([C:36]5=[C:37]([H:85])[C:38]([H:86])=[C:39]([H:87])[C:40]([H:88])=[C:41]5[H:89])([C:42]5=[C:47]([H:94])[C:46]([H:93])=[C:45]([H:92])[C:44]([H:91])=[C:43]5[H:90])->[Ru+2:50]<-1<-3<-4(<-[Cl-:48])<-[Cl-:49])([H:79])[H:80])[H:78])[H:60])[H:61])([H:62])[H:63])[C:12]([H:64])=[C:13]([H:65])[C:14]([H:66])=[C:15]2[H:67])([C:17]1=[C:18]([H:68])[C:19]([H:69])=[C:20]([H:70])[C:21]([H:71])=[C:22]1[H:72])[C:23]1=[C:28]([H:77])[C:27]([H:76])=[C:26]([H:75])[C:25]([H:74])=[C:24]1[H:73],[H]OC([H])([H])[H],CC(C)[C@@H](C(O)=O)C1=CC(C)=CC=C1,CC(C)[C@H](C(O)=O)C1=CC(C)=CC=C1,C/C(C)=C(C(O)=O)\C1=CC(C)=CC=C1,60,100,,,,2
IAW00001091,CAT-20,SOL-1,,,REA-17,[Ru+2]12(<-[Cl-:1])(<-[Cl-:2])(<-[P:3]([C:29]3=[C:38]([C:28]4=[C:21]([P:4]->1([C:52]1=[C:57]([H:98])[C:56]([H:109])=[C:55]([C@:58]([H:99])([H:100])[H:110])[C:54]([H:97])=[C:53]1[H:96])[C:59]1=[C:62]([H:103])[C:61]([H:102])=[C:112]([C@:118]([H:119])([H:120])[H:121])[C:111]([H:117])=[C:60]1[H:101])[C:22]([H:76])=[C:23]([H:77])[C:24]1=[C:27]4[C:26]([H:79])=[C:105]([H:114])[C:104]([H:113])=[C:25]1[H:78])[C:37]1=[C:32]([C:31]([H:81])=[C:30]3[H:80])[C:33]([H:82])=[C:34]([H:106])[C:35]([H:107])=[C:36]1[H:83])([C:39]1=[C:40]([H:84])[C:41]([H:85])=[C:42]([C@:45]([H:88])([H:89])[H:90])[C:43]([H:86])=[C:44]1[H:87])[C:46]1=[C:47]([H:91])[C:48]([H:92])=[C:49]([C@:108]([H:95])([H:115])[H:116])[C:50]([H:93])=[C:51]1[H:94])<-[N:5]([C@:7]([C@@:8]([N:6]->2([H:63])[H:123])([C:15]1=[C:20]([H:75])[C:19]([H:74])=[C:18]([H:73])[C:17]([H:72])=[C:16]1[H:71])[H:65])([C:9]1=[C:10]([H:66])[C:11]([H:67])=[C:12]([H:68])[C:13]([H:69])=[C:14]1[H:70])[H:64])([H:122])[H:124],[H]OC([H])([H])[H],CC(C)[C@@H](C(O)=O)C1=CC(C)=CC=C1,CC(C)[C@H](C(O)=O)C1=CC(C)=CC=C1,C/C(C)=C(C(O)=O)\C1=CC(C)=CC=C1,60,100,,,,2
IAW00001092,CAT-21,SOL-1,,,REA-17,[Ru+2]12(<-[Cl-:1])(<-[Cl-:2])(<-[P:3]([C:27]3=[C:33]([C:26]4=[C:25]5[C:24](=[C:23]([H:75])[C:22]([H:74])=[C:21]4[P:4]->1([C:47]1=[C:48]([H:90])[C:49]([H:91])=[C:50]([C@:53]([H:93])([H:94])[H:101])[C:51]([H:100])=[C:52]1[H:92])[C:54]1=[C:57]([H:97])[C:56]([H:96])=[C:103]([C@:107]([H:108])([H:109])[H:110])[C:102]([H:106])=[C:55]1[H:95])[O:114][C@:98]([H:117])([H:118])[O:113]5)[C:32]1=[C:30]([C:29]([H:77])=[C:28]3[H:76])[O:111][C@:31]([H:115])([H:116])[O:112]1)([C:34]1=[C:35]([H:78])[C:36]([H:79])=[C:37]([C@:40]([H:82])([H:83])[H:84])[C:38]([H:80])=[C:39]1[H:81])[C:41]1=[C:42]([H:85])[C:43]([H:86])=[C:44]([C@:99]([H:89])([H:104])[H:105])[C:45]([H:87])=[C:46]1[H:88])<-[N:5]([C@@:7]([C@:8]([N:6]->2([H:60])[H:61])([C:15]1=[C:20]([H:73])[C:19]([H:72])=[C:18]([H:71])[C:17]([H:70])=[C:16]1[H:69])[H:63])([C:9]1=[C:14]([H:68])[C:13]([H:67])=[C:12]([H:66])[C:11]([H:65])=[C:10]1[H:64])[H:62])([H:58])[H:59],[H]OC([H])([H])[H],CC(C)[C@@H](C(O)=O)C1=CC(C)=CC=C1,CC(C)[C@H](C(O)=O)C1=CC(C)=CC=C1,C/C(C)=C(C(O)=O)\C1=CC(C)=CC=C1,60,100,,,,2
IAW00001093,CAT-23,SOL-2,,,REA-17,[C]12([H:1])->[Ir+:130]345(<-[C:7]=1([H:11])[C@@:10]([H:15])([H:16])[C@@:17]([H:22])([H:23])[C:12]->3([H:18])=[C:8]->4([H:13])[C@:5]([H:6])([H:9])[C@:2]2([H:3])[H:4])<-[N:21]1=[C:27]([C:28]2=[C:29]([H:32])[C:31]([H:36])=[C:35]([H:41])[C:33]3=[C:30]2[C@@:34]2([C@@:38]([H:44])([H:45])[C@@:46]([H:51])([H:52])[C:48]4=[C:39]2[C:47]([P:53]->5([C:56]2=[C:62]([H:68])[C:69]([C@@:76]([C@@:84]([H:103])([H:104])[H:105])([C@@:85]([H:106])([H:107])[H:108])[C@:86]([H:109])([H:110])[H:111])=[C:75]([H:83])[C:67]([C@@:74]([C@@:80]([H:94])([H:95])[H:96])([C@:81]([H:97])([H:98])[H:99])[C@:82]([H:100])([H:101])[H:102])=[C:61]2[H:66])[C:57]2=[C:63]([H:70])[C:71]([C@:77]([C@@:87]([H:112])([H:113])[H:114])([C@@:88]([H:115])([H:116])[H:117])[C@:89]([H:118])([H:119])[H:120])=[C:78]([H:90])[C:72]([C@:79]([C@:91]([H:121])([H:122])[H:123])([C@@:92]([H:124])([H:125])[H:126])[C@@:93]([H:127])([H:128])[H:129])=[C:64]2[H:73])=[C:54]([H:59])[C:58]([H:65])=[C:55]4[H:60])[C@:40]([H:49])([H:50])[C@@:37]3([H:42])[H:43])[O:25][C@@:19]([H:24])([H:26])[C@:14]1([H:20])[H:131],[H]C([H])([H])C([H])([H])N(C([H])([H])C([H])([H])[H])C([H])([H])C([H])([H])[H].[H]OC([H])([H])[H],CC(C)[C@@H](C(O)=O)C1=CC(C)=CC=C1,CC(C)[C@H](C(O)=O)C1=CC(C)=CC=C1,C/C(C)=C(C(O)=O)\C1=CC(C)=CC=C1,60,6,,,,2
IAW00001094,CAT-24,SOL-2,,,REA-17,C1([H:1])=[C:11]([H:17])[C:16]([C@@:24]2([H:31])[C@:30]([H:35])([H:37])[O:36][C:38]3[C:39]4=[C:41]5[C:44](=[C:46]([H:52])[C:42]([H:47])=[C:40]4[H:43])[C@:48]([H:53])([H:54])[C@@:51]([H:60])([H:61])[C@:45]54[C@@:49]([H:55])([H:56])[C@@:57]([H:62])([H:63])[C:59]5=[C:50]4[C:58]([P:64]([C:67]4=[C:73]([H:79])[C:80]([C@@:87]([C@@:95]([H:114])([H:115])[H:116])([C@@:96]([H:117])([H:118])[H:119])[C@:97]([H:120])([H:121])[H:122])=[C:86]([H:94])[C:78]([C@@:85]([C@@:91]([H:105])([H:106])[H:107])([C@:92]([H:108])([H:109])[H:110])[C@:93]([H:111])([H:112])[H:113])=[C:72]4[H:77])([C:68]4=[C:75]([H:84])[C:83]([C@:90]([C@:102]([H:132])([H:133])[H:134])([C@@:103]([H:135])([H:136])[H:137])[C@@:104]([H:138])([H:139])[H:140])=[C:89]([H:101])[C:82]([C@:88]([C@@:98]([H:123])([H:124])[H:125])([C@@:99]([H:126])([H:127])[H:128])[C@:100]([H:129])([H:130])[H:131])=[C:74]4[H:81])->[Ir+:141]467(<-[C:4]8([H:5])=[C:13]->4([H:21])[C@@:20]([H:26])([H:27])[C@@:28]([H:33])([H:34])[C:22]->6([H:29])=[C:14]->7([H:23])[C@:9]([H:10])([H:15])[C@:6]8([H:7])[H:8])<-[N:32]=32)=[C:65]([H:70])[C:69]([H:76])=[C:66]5[H:71])=[C:19]([H:25])[C:12]([H:18])=[C:2]1[H:3],[H]C([H])([H])C([H])([H])N(C([H])([H])C([H])([H])[H])C([H])([H])C([H])([H])[H].[H]OC([H])([H])[H],CC(C)[C@@H](C(O)=O)C1=CC(C)=CC=C1,CC(C)[C@H](C(O)=O)C1=CC(C)=CC=C1,C/C(C)=C(C(O)=O)\C1=CC(C)=CC=C1,60,6,,,,2
IAW00001095,CAT-25,SOL-2,,,REA-17,C12[P:96]([C:33]3=[C:40]([H:41])[C:39]([C@:55]([C@:56]([H:57])([H:58])[H:59])([C@:60]([H:61])([H:62])[H:105])[C@@:104]([H:120])([H:121])[H:122])=[C:37]([H:38])[C:36]([C@:42]([C@:43]([H:44])([H:45])[H:46])([C@:47]([H:48])([H:49])[H:50])[C@:51]([H:52])([H:53])[H:54])=[C:34]3[H:35])([C:63]3=[C:69]([H:109])[C:68]([C@:108]([C@:125]([H:136])([H:137])[H:138])([C@@:126]([H:139])([H:140])[H:141])[C@:127]([H:142])([H:143])[H:144])=[C:67]([H:107])[C:66]([C@:106]([C@:70]([H:71])([H:110])[H:111])([C@@:123]([H:131])([H:132])[H:133])[C@:124]([H:72])([H:134])[H:135])=[C:64]3[H:65])->[Ir+:93]345(<-[C:73]6([H:74])=[C:75]->3([H:76])[C@:77]([H:78])([H:79])[C@@:80]([H:81])([H:82])[C:83]->4([H:84])=[C:85]->5([H:86])[C@:87]([H:88])([H:89])[C@@:90]6([H:91])[H:92])<-[N:94]3=[C:13]([C:11]4=[C:9]([H:10])[C:102]([H:118])=[C:119]([H:130])[C:103]5=[C:12]4[C@:5]4([C:4]1=[C:3]([C@:6]([H:7])([H:101])[C@:99]4([H:114])[H:115])[C:98]([H:113])=[C:97]([H:112])[C:1]=2[H:2])[C@@:100]([H:8])([H:117])[C@@:116]5([H:128])[H:129])[O:95][C@:14]([H:15])([H:16])[C@:17]3([H:18])[C@@:19]([H:20])([H:21])[C:22]1=[C:23]([H:24])[C:25]([H:26])=[C:27]([H:28])[C:29]([H:30])=[C:31]1[H:32],[H]C([H])([H])C([H])([H])N(C([H])([H])C([H])([H])[H])C([H])([H])C([H])([H])[H].[H]OC([H])([H])[H],CC(C)[C@@H](C(O)=O)C1=CC(C)=CC=C1,CC(C)[C@H](C(O)=O)C1=CC(C)=CC=C1,C/C(C)=C(C(O)=O)\C1=CC(C)=CC=C1,60,6,,,,2
IAW00001096,CAT-26,SOL-2,,,REA-17,[P]1([C:13]2=[C:14]([H:57])[C:15]([H:58])=[C:16]([H:59])[C:11]3=[C:12]2[C@@:7]2([C@@:9]([H:67])([H:68])[C@@:10]3([H:72])[H:73])[C@@:17]([H:74])([H:75])[C@@:18]([H:76])([H:77])[C:19]3=[C:24]([H:62])[C:23]([H:61])=[C:22]([H:60])[C:21]([N:8]([C@:6]([C:5]4=[C:120]([C@@:121]([H:122])([H:123])[H:124])[C:1]([H:82])=[C:2]([H:81])[C:3]([H:80])=[C:4]4[H:119])([H:78])[H:79])(->[Ir+4:54]<-1(<-[Cl-:53])(<-[H-:55])(<-[H-:56])<-[H-:125])[H:64])=[C:20]23)([C:25]1=[C:30]([H:66])[C:29]([C@:35]([C@:36]([H:92])([H:93])[H:94])([C@:37]([H:95])([H:96])[H:97])[C@:38]([H:98])([H:99])[H:100])=[C:28]([H:65])[C:27]([C@:31]([C@:32]([H:83])([H:84])[H:85])([C@:33]([H:86])([H:87])[H:88])[C@:34]([H:89])([H:90])[H:91])=[C:26]1[H:63])[C:39]1=[C:40]([H:69])[C:41]([C@@:45]([C@:46]([H:101])([H:102])[H:103])([C@:47]([H:104])([H:105])[H:106])[C@:48]([H:107])([H:108])[H:109])=[C:42]([H:70])[C:43]([C@:49]([C@:50]([H:110])([H:111])[H:112])([C@:51]([H:113])([H:114])[H:115])[C@:52]([H:116])([H:117])[H:118])=[C:44]1[H:71],[H]C([H])([H])C([H])([H])N(C([H])([H])C([H])([H])[H])C([H])([H])C([H])([H])[H].[H]OC([H])([H])[H],CC(C)[C@@H](C(O)=O)C1=CC(C)=CC=C1,CC(C)[C@H](C(O)=O)C1=CC(C)=CC=C1,C/C(C)=C(C(O)=O)\C1=CC(C)=CC=C1,60,6,,,,2
IAW00001097,CAT-27,SOL-2,,,REA-17,[C@@]1([C@@:1]2([H:41])[C@:3]([C@@:7]([H:43])([H:44])[H:45])([H:42])[O:87][C:4]([C:6]3=[C:8]([H:46])[C:9]([H:47])=[C:10]([H:48])[C:11]([H:49])=[C:12]3[H:50])=[N:5]2->[Ir+5:26]234(<-[P:13]([O:2]1)([C@:14]1([H:51])[C@@:16]([H:53])([H:54])[C@@:17]([H:55])([H:56])[C@@:18]([H:57])([H:58])[C@@:19]([H:59])([H:60])[C@@:20]1([H:61])[H:62])[C@:15]1([H:52])[C@@:21]([H:63])([H:64])[C@@:22]([H:65])([H:66])[C@@:23]([H:67])([H:68])[C@@:24]([H:69])([H:70])[C@@:25]1([H:71])[H:72])<-[C-:88]1([H:89])[C-:90]->2([H:91])[C@@:92]([H:93])([H:94])[C@@:95]([H:96])([H:97])[C-:104]->3([H:106])[C-:105]->4([H:107])[C@:101]([H:102])([H:103])[C@@:98]1([H:99])[H:100])([C@:32]([C:35]1=[C:31]([H:77])[C:30]([H:76])=[C:29]([H:75])[C:28]([H:74])=[C:27]1[H:73])([H:78])[H:79])[C@:39]([C:40]1=[C:38]([H:84])[C:37]([H:83])=[C:36]([H:82])[C:34]([H:81])=[C:33]1[H:80])([H:85])[H:86],[H]C([H])([H])C([H])([H])N(C([H])([H])C([H])([H])[H])C([H])([H])C([H])([H])[H].[H]OC([H])([H])[H],CC(C)[C@@H](C(O)=O)C1=CC(C)=CC=C1,CC(C)[C@H](C(O)=O)C1=CC(C)=CC=C1,C/C(C)=C(C(O)=O)\C1=CC(C)=CC=C1,60,6,,,,2
IAW00001098,CAT-28,SOL-1,,,REA-17,[P]12([C@@:10]([C@:11]([P:1]3(->[Rh+:24]<-1456<-[C:2]1([H:25])=[C:3]->4([H:26])[C@:4]([H:27])([H:28])[C@@:5]([H:29])([H:30])[C:6]->5([H:31])=[C:7]->6([H:32])[C@:8]([H:33])([H:34])[C@@:9]1([H:35])[H:36])[C@@:18]([C@:22]([H:59])([H:60])[H:61])([H:53])[C@@:19]([H:54])([H:55])[C@@:20]([H:56])([H:57])[C@:21]3([C@:23]([H:62])([H:63])[H:64])[H:58])([H:39])[H:40])([H:37])[H:38])[C@@:12]([C@:16]([H:47])([H:48])[H:49])([H:41])[C@@:13]([H:42])([H:43])[C@:14]([H:44])([H:45])[C@:15]2([C@:17]([H:50])([H:51])[H:52])[H:46],[H]OC([H])([H])[H],CC(C)[C@@H](C(O)=O)C1=CC(C)=CC=C1,CC(C)[C@H](C(O)=O)C1=CC(C)=CC=C1,C/C(C)=C(C(O)=O)\C1=CC(C)=CC=C1,60,20,,,,2
IAW00001099,CAT-28,SOL-2,,,REA-17,[P]12([C@@:10]([C@:11]([P:1]3(->[Rh+:24]<-1456<-[C:2]1([H:25])=[C:3]->4([H:26])[C@:4]([H:27])([H:28])[C@@:5]([H:29])([H:30])[C:6]->5([H:31])=[C:7]->6([H:32])[C@:8]([H:33])([H:34])[C@@:9]1([H:35])[H:36])[C@@:18]([C@:22]([H:59])([H:60])[H:61])([H:53])[C@@:19]([H:54])([H:55])[C@@:20]([H:56])([H:57])[C@:21]3([C@:23]([H:62])([H:63])[H:64])[H:58])([H:39])[H:40])([H:37])[H:38])[C@@:12]([C@:16]([H:47])([H:48])[H:49])([H:41])[C@@:13]([H:42])([H:43])[C@:14]([H:44])([H:45])[C@:15]2([C@:17]([H:50])([H:51])[H:52])[H:46],[H]C([H])([H])C([H])([H])N(C([H])([H])C([H])([H])[H])C([H])([H])C([H])([H])[H].[H]OC([H])([H])[H],CC(C)[C@@H](C(O)=O)C1=CC(C)=CC=C1,CC(C)[C@H](C(O)=O)C1=CC(C)=CC=C1,C/C(C)=C(C(O)=O)\C1=CC(C)=CC=C1,60,20,,,,2
IAW00001100,CAT-29,SOL-2,,,REA-17,[P]12([C@@:22]([H:23])([H:24])[C@:25]([P:1]3(->[Rh+:76]<-1456<-[C:2]1([H:3])=[C:4]->4([H:5])[C@:6]([H:7])([H:8])[C@@:9]([H:10])([H:11])[C:12]->5([H:13])=[C:14]->6([H:15])[C@:16]([H:17])([H:18])[C@@:19]1([H:20])[H:21])[C@@:48]([H:49])([C@@:65]([H:66])([H:67])[C@:68]([H:69])([H:70])[H:72])[C@@:50]([H:51])([H:52])[C@:53]([H:54])([H:55])[C@:56]3([H:57])[C@:58]([H:59])([H:60])[C@:61]([H:62])([H:63])[H:64])([H:26])[H:27])[C@@:28]([H:29])([C@:38]([H:39])([H:40])[C@:41]([H:42])([H:43])[H:44])[C@@:30]([H:31])([H:32])[C@:33]([H:34])([H:35])[C@:36]2([H:37])[C@@:45]([H:46])([H:47])[C@:71]([H:73])([H:74])[H:75],[H]C([H])([H])C([H])([H])N(C([H])([H])C([H])([H])[H])C([H])([H])C([H])([H])[H].[H]OC([H])([H])[H],CC(C)[C@@H](C(O)=O)C1=CC(C)=CC=C1,CC(C)[C@H](C(O)=O)C1=CC(C)=CC=C1,C/C(C)=C(C(O)=O)\C1=CC(C)=CC=C1,60,20,,,,2
IAW00001101,CAT-30,SOL-1,,,REA-17,[P]12([C@@:22]([H:23])([H:24])[C@:25]([P:1]3(->[Rh+:72]<-1456<-[C:2]1([H:3])=[C:4]->4([H:5])[C@:6]([H:7])([H:8])[C@@:9]([H:10])([H:11])[C:12]->5([H:13])=[C:14]->6([H:15])[C@:16]([H:17])([H:18])[C@@:19]1([H:20])[H:21])[C@:46]([H:47])([C@@:62]([H:63])([C@:64]([H:65])([H:66])[H:68])[C@@:85]([H:86])([H:87])[H:88])[C@@:48]([H:49])([H:50])[C@:51]([H:52])([H:53])[C@@:54]3([H:55])[C@@:56]([H:57])([C@:58]([H:59])([H:60])[H:61])[C@@:81]([H:82])([H:83])[H:84])([H:26])[H:27])[C@:28]([H:29])([C@@:38]([H:39])([C@:40]([H:41])([H:42])[H:43])[C@@:73]([H:74])([H:75])[H:76])[C@@:30]([H:31])([H:32])[C@:33]([H:34])([H:35])[C@@:36]2([H:37])[C@:44]([H:45])([C@:67]([H:69])([H:70])[H:71])[C@@:77]([H:78])([H:79])[H:80],[H]OC([H])([H])[H],CC(C)[C@@H](C(O)=O)C1=CC(C)=CC=C1,CC(C)[C@H](C(O)=O)C1=CC(C)=CC=C1,C/C(C)=C(C(O)=O)\C1=CC(C)=CC=C1,60,20,,,,2
IAW00001102,CAT-30,SOL-2,,,REA-17,[P]12([C@@:22]([H:23])([H:24])[C@:25]([P:1]3(->[Rh+:72]<-1456<-[C:2]1([H:3])=[C:4]->4([H:5])[C@:6]([H:7])([H:8])[C@@:9]([H:10])([H:11])[C:12]->5([H:13])=[C:14]->6([H:15])[C@:16]([H:17])([H:18])[C@@:19]1([H:20])[H:21])[C@:46]([H:47])([C@@:62]([H:63])([C@:64]([H:65])([H:66])[H:68])[C@@:85]([H:86])([H:87])[H:88])[C@@:48]([H:49])([H:50])[C@:51]([H:52])([H:53])[C@@:54]3([H:55])[C@@:56]([H:57])([C@:58]([H:59])([H:60])[H:61])[C@@:81]([H:82])([H:83])[H:84])([H:26])[H:27])[C@:28]([H:29])([C@@:38]([H:39])([C@:40]([H:41])([H:42])[H:43])[C@@:73]([H:74])([H:75])[H:76])[C@@:30]([H:31])([H:32])[C@:33]([H:34])([H:35])[C@@:36]2([H:37])[C@:44]([H:45])([C@:67]([H:69])([H:70])[H:71])[C@@:77]([H:78])([H:79])[H:80],[H]C([H])([H])C([H])([H])N(C([H])([H])C([H])([H])[H])C([H])([H])C([H])([H])[H].[H]OC([H])([H])[H],CC(C)[C@@H](C(O)=O)C1=CC(C)=CC=C1,CC(C)[C@H](C(O)=O)C1=CC(C)=CC=C1,C/C(C)=C(C(O)=O)\C1=CC(C)=CC=C1,60,20,,,,2
IAW00001103,CAT-31,SOL-1,,,REA-17,[P]12([C@@:10]([C@:11]([P:1]3(->[Rh+:20]<-1456<-[C:2]1([H:21])=[C:3]->4([H:22])[C@:4]([H:23])([H:24])[C@@:5]([H:25])([H:26])[C:6]->5([H:27])=[C:7]->6([H:28])[C@:8]([H:29])([H:30])[C@@:9]1([H:31])[H:32])[C@@:16]([H:43])([C:82]1=[C:83]([H:86])[C:85]([H:90])=[C:89]([H:92])[C:87]([H:91])=[C:84]1[H:88])[C@@:17]([H:44])([H:45])[C@@:18]([H:46])([H:47])[C@:19]3([H:48])[C:71]1=[C:72]([H:75])[C:74]([H:79])=[C:78]([H:81])[C:76]([H:80])=[C:73]1[H:77])([H:35])[H:36])([H:33])[H:34])[C@@:12]([H:37])([C:49]1=[C:50]([H:53])[C:52]([H:57])=[C:56]([H:59])[C:54]([H:58])=[C:51]1[H:55])[C@@:13]([H:38])([H:39])[C@:14]([H:40])([H:41])[C@:15]2([H:42])[C:60]1=[C:61]([H:64])[C:63]([H:68])=[C:67]([H:70])[C:65]([H:69])=[C:62]1[H:66],[H]OC([H])([H])[H],CC(C)[C@@H](C(O)=O)C1=CC(C)=CC=C1,CC(C)[C@H](C(O)=O)C1=CC(C)=CC=C1,C/C(C)=C(C(O)=O)\C1=CC(C)=CC=C1,60,20,,,,2
IAW00001104,CAT-31,SOL-2,,,REA-17,[P]12([C@@:10]([C@:11]([P:1]3(->[Rh+:20]<-1456<-[C:2]1([H:21])=[C:3]->4([H:22])[C@:4]([H:23])([H:24])[C@@:5]([H:25])([H:26])[C:6]->5([H:27])=[C:7]->6([H:28])[C@:8]([H:29])([H:30])[C@@:9]1([H:31])[H:32])[C@@:16]([H:43])([C:82]1=[C:83]([H:86])[C:85]([H:90])=[C:89]([H:92])[C:87]([H:91])=[C:84]1[H:88])[C@@:17]([H:44])([H:45])[C@@:18]([H:46])([H:47])[C@:19]3([H:48])[C:71]1=[C:72]([H:75])[C:74]([H:79])=[C:78]([H:81])[C:76]([H:80])=[C:73]1[H:77])([H:35])[H:36])([H:33])[H:34])[C@@:12]([H:37])([C:49]1=[C:50]([H:53])[C:52]([H:57])=[C:56]([H:59])[C:54]([H:58])=[C:51]1[H:55])[C@@:13]([H:38])([H:39])[C@:14]([H:40])([H:41])[C@:15]2([H:42])[C:60]1=[C:61]([H:64])[C:63]([H:68])=[C:67]([H:70])[C:65]([H:69])=[C:62]1[H:66],[H]C([H])([H])C([H])([H])N(C([H])([H])C([H])([H])[H])C([H])([H])C([H])([H])[H].[H]OC([H])([H])[H],CC(C)[C@@H](C(O)=O)C1=CC(C)=CC=C1,CC(C)[C@H](C(O)=O)C1=CC(C)=CC=C1,C/C(C)=C(C(O)=O)\C1=CC(C)=CC=C1,60,20,,,,2
IAW00001105,CAT-32,SOL-2,,,REA-17,[Rh+]1234(<-[P:1]5([C:35]6=[C:41]([H:52])[C:51]([H:59])=[C:58]([H:60])[C:47]([H:57])=[C:39]6[P:34]->16[C@@:63]([C@:46]([H:54])([H:55])[H:56])([H:64])[C@:42]([H:23])([H:53])[C@:36]([H:22])([H:43])[C@:67]6([C@@:24]([H:25])([H:26])[H:37])[H:68])[C@@:61]([C@:30]([H:31])([H:32])[H:33])([H:62])[C@@:27]([H:28])([H:29])[C@:38]([H:44])([H:45])[C@:65]5([C@@:40]([H:48])([H:49])[H:50])[H:66])<-[C:2]1([H:3])=[C:4]->2([H:5])[C@@:6]([H:7])([H:8])[C@:9]([H:10])([H:11])[C:12]->3([H:13])=[C:14]->4([H:15])[C@@:16]([H:17])([H:18])[C@:19]1([H:20])[H:21],[H]C([H])([H])C([H])([H])N(C([H])([H])C([H])([H])[H])C([H])([H])C([H])([H])[H].[H]OC([H])([H])[H],CC(C)[C@@H](C(O)=O)C1=CC(C)=CC=C1,CC(C)[C@H](C(O)=O)C1=CC(C)=CC=C1,C/C(C)=C(C(O)=O)\C1=CC(C)=CC=C1,60,20,,,,2
IAW00001106,CAT-33,SOL-3,,,REA-17,[Rh+]1234(<-[P:1]5([C:23]6=[C:31]([H:32])[C:29]([H:30])=[C:27]([H:28])[C:25]([H:26])=[C:24]6[P:2]->16[C@:73]([C@:66]([H:67])([H:68])[C@@:69]([H:70])([H:71])[H:72])([H:74])[C@@:56]([H:57])([H:58])[C@@:53]([H:54])([H:55])[C@@:75]6([C@:59]([H:60])([H:61])[C@@:62]([H:63])([H:64])[H:65])[H:76])[C@:77]([C@:46]([H:47])([H:48])[C@@:49]([H:50])([H:51])[H:52])([H:78])[C@@:36]([H:37])([H:38])[C@@:33]([H:34])([H:35])[C@@:79]5([C@:39]([H:40])([H:41])[C@@:42]([H:43])([H:44])[H:45])[H:80])<-[C:3]1([H:4])=[C:5]->2([H:6])[C@:7]([H:8])([H:9])[C@:10]([H:11])([H:12])[C:13]->3([H:14])=[C:15]->4([H:16])[C@:17]([H:18])([H:19])[C@@:20]1([H:21])[H:22],F[B-](F)(F)F.[H]C([H])([H])C([H])([H])N(C([H])([H])C([H])([H])[H])C([H])([H])C([H])([H])[H].[H]OC([H])([H])[H],CC(C)[C@@H](C(O)=O)C1=CC(C)=CC=C1,CC(C)[C@H](C(O)=O)C1=CC(C)=CC=C1,C/C(C)=C(C(O)=O)\C1=CC(C)=CC=C1,60,20,,,,2
IAW00001107,CAT-34,SOL-2,,,REA-17,[Rh+]1234(<-[P:1]5([C:33]6=[C:30]([P:2]->17[C@@:45]([H:46])([C@:55]([H:56])([C@:57]([H:58])([H:59])[H:60])[C@:61]([H:62])([H:63])[H:64])[C@:47]([H:48])([H:49])[C@@:50]([H:51])([H:52])[C@:53]7([H:54])[C@@:65]([H:66])([C@:67]([H:68])([H:69])[H:70])[C@:71]([H:72])([H:73])[H:74])[C:28]([H:29])=[C:26]([H:27])[C:24]([H:25])=[C:23]6[H:76])[C@@:31]([H:32])([C@@:36]([H:37])([C@:38]([H:39])([H:40])[H:78])[C@:41]([H:42])([H:43])[H:44])[C@@:77]([H:82])([H:83])[C@:79]([H:84])([H:85])[C@@:75]5([C@@:80]([H:34])([C@:86]([H:88])([H:89])[H:90])[C@:87]([H:35])([H:91])[H:92])[H:81])<-[C:3]1([H:4])=[C:5]->2([H:6])[C@:7]([H:8])([H:9])[C@@:10]([H:11])([H:12])[C:13]->3([H:14])=[C:15]->4([H:16])[C@:17]([H:18])([H:19])[C@@:20]1([H:21])[H:22],[H]C([H])([H])C([H])([H])N(C([H])([H])C([H])([H])[H])C([H])([H])C([H])([H])[H].[H]OC([H])([H])[H],CC(C)[C@@H](C(O)=O)C1=CC(C)=CC=C1,CC(C)[C@H](C(O)=O)C1=CC(C)=CC=C1,C/C(C)=C(C(O)=O)\C1=CC(C)=CC=C1,60,20,,,,2
IAW00001108,CAT-35,SOL-2,,,REA-17,[Fe+2]123456789<-[C:3]%10([P:1]%11(->[Rh+:61]%12%13%14(<-[P:2]%15([C:12]->1%16=[C:17]->2([H:18])[C:15]->3([H:16])=[C:14]->4([H:53])[C-:13]->5%16[H:52])[C@:29]([H:30])([C@@:62]([H:63])([H:64])[H:65])[C@:54]([H:57])([H:58])[C@:56]([H:59])([H:60])[C@@:51]%15([H:55])[C@@:66]([H:67])([H:68])[H:69])<-[C:31]1([H:32])=[C:33]->%12([H:34])[C@:35]([H:36])([H:37])[C@@:38]([H:39])([H:40])[C:41]->%13([H:42])=[C:43]->%14([H:44])[C@:45]([H:46])([H:47])[C@@:48]1([H:49])[H:50])[C@:19]([H:20])([C@@:70]([H:71])([H:72])[H:73])[C@@:21]([H:22])([H:23])[C@:24]([H:25])([H:26])[C@@:27]%11([H:28])[C@@:74]([H:75])([H:76])[H:77])=[C:4]->6([H:5])[C:6]->7([H:7])=[C:8]->8([H:9])[C-:10]->9%10[H:11],[H]C([H])([H])C([H])([H])N(C([H])([H])C([H])([H])[H])C([H])([H])C([H])([H])[H].[H]OC([H])([H])[H],CC(C)[C@@H](C(O)=O)C1=CC(C)=CC=C1,CC(C)[C@H](C(O)=O)C1=CC(C)=CC=C1,C/C(C)=C(C(O)=O)\C1=CC(C)=CC=C1,60,20,,,,2
IAW00001109,CAT-35,SOL-4,,,REA-17,[Fe+2]123456789<-[C:3]%10([P:1]%11(->[Rh+:61]%12%13%14(<-[P:2]%15([C:12]->1%16=[C:17]->2([H:18])[C:15]->3([H:16])=[C:14]->4([H:53])[C-:13]->5%16[H:52])[C@:29]([H:30])([C@@:62]([H:63])([H:64])[H:65])[C@:54]([H:57])([H:58])[C@:56]([H:59])([H:60])[C@@:51]%15([H:55])[C@@:66]([H:67])([H:68])[H:69])<-[C:31]1([H:32])=[C:33]->%12([H:34])[C@:35]([H:36])([H:37])[C@@:38]([H:39])([H:40])[C:41]->%13([H:42])=[C:43]->%14([H:44])[C@:45]([H:46])([H:47])[C@@:48]1([H:49])[H:50])[C@:19]([H:20])([C@@:70]([H:71])([H:72])[H:73])[C@@:21]([H:22])([H:23])[C@:24]([H:25])([H:26])[C@@:27]%11([H:28])[C@@:74]([H:75])([H:76])[H:77])=[C:4]->6([H:5])[C:6]->7([H:7])=[C:8]->8([H:9])[C-:10]->9%10[H:11],[H]C([H])([H])C([H])([H])N(C([H])([H])C([H])([H])[H])C([H])([H])C([H])([H])[H].[H]OC([H])([H])[H].[H]O[H],CC(C)[C@@H](C(O)=O)C1=CC(C)=CC=C1,CC(C)[C@H](C(O)=O)C1=CC(C)=CC=C1,C/C(C)=C(C(O)=O)\C1=CC(C)=CC=C1,60,20,,,,2
IAW00001110,CAT-35,SOL-5,,,REA-17,[Fe+2]123456789<-[C:3]%10([P:1]%11(->[Rh+:61]%12%13%14(<-[P:2]%15([C:12]->1%16=[C:17]->2([H:18])[C:15]->3([H:16])=[C:14]->4([H:53])[C-:13]->5%16[H:52])[C@:29]([H:30])([C@@:62]([H:63])([H:64])[H:65])[C@:54]([H:57])([H:58])[C@:56]([H:59])([H:60])[C@@:51]%15([H:55])[C@@:66]([H:67])([H:68])[H:69])<-[C:31]1([H:32])=[C:33]->%12([H:34])[C@:35]([H:36])([H:37])[C@@:38]([H:39])([H:40])[C:41]->%13([H:42])=[C:43]->%14([H:44])[C@:45]([H:46])([H:47])[C@@:48]1([H:49])[H:50])[C@:19]([H:20])([C@@:70]([H:71])([H:72])[H:73])[C@@:21]([H:22])([H:23])[C@:24]([H:25])([H:26])[C@@:27]%11([H:28])[C@@:74]([H:75])([H:76])[H:77])=[C:4]->6([H:5])[C:6]->7([H:7])=[C:8]->8([H:9])[C-:10]->9%10[H:11],[H]C([H])([H])C([H])([H])N(C([H])([H])C([H])([H])[H])C([H])([H])C([H])([H])[H].[H]C1([H])OC([H])([H])C([H])([H])C1([H])[H],CC(C)[C@@H](C(O)=O)C1=CC(C)=CC=C1,CC(C)[C@H](C(O)=O)C1=CC(C)=CC=C1,C/C(C)=C(C(O)=O)\C1=CC(C)=CC=C1,60,5,,,,2
IAW00001111,CAT-35,SOL-5,,,REA-17,[Fe+2]123456789<-[C:3]%10([P:1]%11(->[Rh+:61]%12%13%14(<-[P:2]%15([C:12]->1%16=[C:17]->2([H:18])[C:15]->3([H:16])=[C:14]->4([H:53])[C-:13]->5%16[H:52])[C@:29]([H:30])([C@@:62]([H:63])([H:64])[H:65])[C@:54]([H:57])([H:58])[C@:56]([H:59])([H:60])[C@@:51]%15([H:55])[C@@:66]([H:67])([H:68])[H:69])<-[C:31]1([H:32])=[C:33]->%12([H:34])[C@:35]([H:36])([H:37])[C@@:38]([H:39])([H:40])[C:41]->%13([H:42])=[C:43]->%14([H:44])[C@:45]([H:46])([H:47])[C@@:48]1([H:49])[H:50])[C@:19]([H:20])([C@@:70]([H:71])([H:72])[H:73])[C@@:21]([H:22])([H:23])[C@:24]([H:25])([H:26])[C@@:27]%11([H:28])[C@@:74]([H:75])([H:76])[H:77])=[C:4]->6([H:5])[C:6]->7([H:7])=[C:8]->8([H:9])[C-:10]->9%10[H:11],[H]C([H])([H])C([H])([H])N(C([H])([H])C([H])([H])[H])C([H])([H])C([H])([H])[H].[H]C1([H])OC([H])([H])C([H])([H])C1([H])[H],CC(C)[C@@H](C(O)=O)C1=CC(C)=CC=C1,CC(C)[C@H](C(O)=O)C1=CC(C)=CC=C1,C/C(C)=C(C(O)=O)\C1=CC(C)=CC=C1,60,50,,,,2
IAW00001112,CAT-35,SOL-5,,,REA-17,[Fe+2]123456789<-[C:3]%10([P:1]%11(->[Rh+:61]%12%13%14(<-[P:2]%15([C:12]->1%16=[C:17]->2([H:18])[C:15]->3([H:16])=[C:14]->4([H:53])[C-:13]->5%16[H:52])[C@:29]([H:30])([C@@:62]([H:63])([H:64])[H:65])[C@:54]([H:57])([H:58])[C@:56]([H:59])([H:60])[C@@:51]%15([H:55])[C@@:66]([H:67])([H:68])[H:69])<-[C:31]1([H:32])=[C:33]->%12([H:34])[C@:35]([H:36])([H:37])[C@@:38]([H:39])([H:40])[C:41]->%13([H:42])=[C:43]->%14([H:44])[C@:45]([H:46])([H:47])[C@@:48]1([H:49])[H:50])[C@:19]([H:20])([C@@:70]([H:71])([H:72])[H:73])[C@@:21]([H:22])([H:23])[C@:24]([H:25])([H:26])[C@@:27]%11([H:28])[C@@:74]([H:75])([H:76])[H:77])=[C:4]->6([H:5])[C:6]->7([H:7])=[C:8]->8([H:9])[C-:10]->9%10[H:11],[H]C([H])([H])C([H])([H])N(C([H])([H])C([H])([H])[H])C([H])([H])C([H])([H])[H].[H]C1([H])OC([H])([H])C([H])([H])C1([H])[H],CC(C)[C@@H](C(O)=O)C1=CC(C)=CC=C1,CC(C)[C@H](C(O)=O)C1=CC(C)=CC=C1,C/C(C)=C(C(O)=O)\C1=CC(C)=CC=C1,60,20,,,,2
IAW00001113,CAT-35,SOL-6,,,REA-17,[Fe+2]123456789<-[C:3]%10([P:1]%11(->[Rh+:61]%12%13%14(<-[P:2]%15([C:12]->1%16=[C:17]->2([H:18])[C:15]->3([H:16])=[C:14]->4([H:53])[C-:13]->5%16[H:52])[C@:29]([H:30])([C@@:62]([H:63])([H:64])[H:65])[C@:54]([H:57])([H:58])[C@:56]([H:59])([H:60])[C@@:51]%15([H:55])[C@@:66]([H:67])([H:68])[H:69])<-[C:31]1([H:32])=[C:33]->%12([H:34])[C@:35]([H:36])([H:37])[C@@:38]([H:39])([H:40])[C:41]->%13([H:42])=[C:43]->%14([H:44])[C@:45]([H:46])([H:47])[C@@:48]1([H:49])[H:50])[C@:19]([H:20])([C@@:70]([H:71])([H:72])[H:73])[C@@:21]([H:22])([H:23])[C@:24]([H:25])([H:26])[C@@:27]%11([H:28])[C@@:74]([H:75])([H:76])[H:77])=[C:4]->6([H:5])[C:6]->7([H:7])=[C:8]->8([H:9])[C-:10]->9%10[H:11],[H]C([H])([H])C([H])([H])N(C([H])([H])C([H])([H])[H])C([H])([H])C([H])([H])[H].[H]OC([H])(C([H])([H])[H])C([H])([H])[H],CC(C)[C@@H](C(O)=O)C1=CC(C)=CC=C1,CC(C)[C@H](C(O)=O)C1=CC(C)=CC=C1,C/C(C)=C(C(O)=O)\C1=CC(C)=CC=C1,60,20,,,,2
IAW00001114,CAT-36,SOL-2,,,REA-17,[Fe+2]123456789<-[C:3]%10([P:1]%11(->[Rh+:61]%12%13%14(<-[P:2]%15([C-:12]->1%16[C:13]->2([H:52])=[C:14]->3([H:53])[C:15]->4([H:16])=[C:17]->5%16[H:18])[C@@:29]([H:30])([C@:66]([H:67])([H:68])[C@@:69]([H:70])([H:71])[H:72])[C@:54]([H:57])([H:58])[C@:56]([H:59])([H:60])[C@:51]%15([H:55])[C@:73]([C@@:62]([H:63])([H:64])[H:65])([H:74])[H:75])<-[C:31]1([H:32])=[C:33]->%12([H:34])[C@:35]([H:36])([H:37])[C@@:38]([H:39])([H:40])[C:41]->%13([H:42])=[C:43]->%14([H:44])[C@:45]([H:46])([H:47])[C@@:48]1([H:49])[H:50])[C@@:19]([H:20])([C@:83]([H:84])([H:85])[C@@:86]([H:87])([H:88])[H:89])[C@@:21]([H:22])([H:23])[C@:24]([H:25])([H:26])[C@:27]%11([H:28])[C@:76]([H:77])([H:78])[C@@:79]([H:80])([H:81])[H:82])=[C:10]->6([H:11])[C-:8]->7([H:9])[C:6]->8([H:7])=[C:4]->9%10[H:5],[H]C([H])([H])C([H])([H])N(C([H])([H])C([H])([H])[H])C([H])([H])C([H])([H])[H].[H]OC([H])([H])[H],CC(C)[C@@H](C(O)=O)C1=CC(C)=CC=C1,CC(C)[C@H](C(O)=O)C1=CC(C)=CC=C1,C/C(C)=C(C(O)=O)\C1=CC(C)=CC=C1,60,20,,,,2
IAW00001115,CAT-36,SOL-4,,,REA-17,[Fe+2]123456789<-[C:3]%10([P:1]%11(->[Rh+:61]%12%13%14(<-[P:2]%15([C-:12]->1%16[C:13]->2([H:52])=[C:14]->3([H:53])[C:15]->4([H:16])=[C:17]->5%16[H:18])[C@@:29]([H:30])([C@:66]([H:67])([H:68])[C@@:69]([H:70])([H:71])[H:72])[C@:54]([H:57])([H:58])[C@:56]([H:59])([H:60])[C@:51]%15([H:55])[C@:73]([C@@:62]([H:63])([H:64])[H:65])([H:74])[H:75])<-[C:31]1([H:32])=[C:33]->%12([H:34])[C@:35]([H:36])([H:37])[C@@:38]([H:39])([H:40])[C:41]->%13([H:42])=[C:43]->%14([H:44])[C@:45]([H:46])([H:47])[C@@:48]1([H:49])[H:50])[C@@:19]([H:20])([C@:83]([H:84])([H:85])[C@@:86]([H:87])([H:88])[H:89])[C@@:21]([H:22])([H:23])[C@:24]([H:25])([H:26])[C@:27]%11([H:28])[C@:76]([H:77])([H:78])[C@@:79]([H:80])([H:81])[H:82])=[C:10]->6([H:11])[C-:8]->7([H:9])[C:6]->8([H:7])=[C:4]->9%10[H:5],[H]C([H])([H])C([H])([H])N(C([H])([H])C([H])([H])[H])C([H])([H])C([H])([H])[H].[H]OC([H])([H])[H].[H]O[H],CC(C)[C@@H](C(O)=O)C1=CC(C)=CC=C1,CC(C)[C@H](C(O)=O)C1=CC(C)=CC=C1,C/C(C)=C(C(O)=O)\C1=CC(C)=CC=C1,60,20,,,,2
IAW00001116,CAT-36,SOL-5,,,REA-17,[Fe+2]123456789<-[C:3]%10([P:1]%11(->[Rh+:61]%12%13%14(<-[P:2]%15([C-:12]->1%16[C:13]->2([H:52])=[C:14]->3([H:53])[C:15]->4([H:16])=[C:17]->5%16[H:18])[C@@:29]([H:30])([C@:66]([H:67])([H:68])[C@@:69]([H:70])([H:71])[H:72])[C@:54]([H:57])([H:58])[C@:56]([H:59])([H:60])[C@:51]%15([H:55])[C@:73]([C@@:62]([H:63])([H:64])[H:65])([H:74])[H:75])<-[C:31]1([H:32])=[C:33]->%12([H:34])[C@:35]([H:36])([H:37])[C@@:38]([H:39])([H:40])[C:41]->%13([H:42])=[C:43]->%14([H:44])[C@:45]([H:46])([H:47])[C@@:48]1([H:49])[H:50])[C@@:19]([H:20])([C@:83]([H:84])([H:85])[C@@:86]([H:87])([H:88])[H:89])[C@@:21]([H:22])([H:23])[C@:24]([H:25])([H:26])[C@:27]%11([H:28])[C@:76]([H:77])([H:78])[C@@:79]([H:80])([H:81])[H:82])=[C:10]->6([H:11])[C-:8]->7([H:9])[C:6]->8([H:7])=[C:4]->9%10[H:5],[H]C([H])([H])C([H])([H])N(C([H])([H])C([H])([H])[H])C([H])([H])C([H])([H])[H].[H]C1([H])OC([H])([H])C([H])([H])C1([H])[H],CC(C)[C@@H](C(O)=O)C1=CC(C)=CC=C1,CC(C)[C@H](C(O)=O)C1=CC(C)=CC=C1,C/C(C)=C(C(O)=O)\C1=CC(C)=CC=C1,60,5,,,,2
IAW00001117,CAT-36,SOL-5,,,REA-17,[Fe+2]123456789<-[C:3]%10([P:1]%11(->[Rh+:61]%12%13%14(<-[P:2]%15([C-:12]->1%16[C:13]->2([H:52])=[C:14]->3([H:53])[C:15]->4([H:16])=[C:17]->5%16[H:18])[C@@:29]([H:30])([C@:66]([H:67])([H:68])[C@@:69]([H:70])([H:71])[H:72])[C@:54]([H:57])([H:58])[C@:56]([H:59])([H:60])[C@:51]%15([H:55])[C@:73]([C@@:62]([H:63])([H:64])[H:65])([H:74])[H:75])<-[C:31]1([H:32])=[C:33]->%12([H:34])[C@:35]([H:36])([H:37])[C@@:38]([H:39])([H:40])[C:41]->%13([H:42])=[C:43]->%14([H:44])[C@:45]([H:46])([H:47])[C@@:48]1([H:49])[H:50])[C@@:19]([H:20])([C@:83]([H:84])([H:85])[C@@:86]([H:87])([H:88])[H:89])[C@@:21]([H:22])([H:23])[C@:24]([H:25])([H:26])[C@:27]%11([H:28])[C@:76]([H:77])([H:78])[C@@:79]([H:80])([H:81])[H:82])=[C:10]->6([H:11])[C-:8]->7([H:9])[C:6]->8([H:7])=[C:4]->9%10[H:5],[H]C([H])([H])C([H])([H])N(C([H])([H])C([H])([H])[H])C([H])([H])C([H])([H])[H].[H]C1([H])OC([H])([H])C([H])([H])C1([H])[H],CC(C)[C@@H](C(O)=O)C1=CC(C)=CC=C1,CC(C)[C@H](C(O)=O)C1=CC(C)=CC=C1,C/C(C)=C(C(O)=O)\C1=CC(C)=CC=C1,60,50,,,,2
IAW00001118,CAT-36,SOL-5,,,REA-17,[Fe+2]123456789<-[C:3]%10([P:1]%11(->[Rh+:61]%12%13%14(<-[P:2]%15([C-:12]->1%16[C:13]->2([H:52])=[C:14]->3([H:53])[C:15]->4([H:16])=[C:17]->5%16[H:18])[C@@:29]([H:30])([C@:66]([H:67])([H:68])[C@@:69]([H:70])([H:71])[H:72])[C@:54]([H:57])([H:58])[C@:56]([H:59])([H:60])[C@:51]%15([H:55])[C@:73]([C@@:62]([H:63])([H:64])[H:65])([H:74])[H:75])<-[C:31]1([H:32])=[C:33]->%12([H:34])[C@:35]([H:36])([H:37])[C@@:38]([H:39])([H:40])[C:41]->%13([H:42])=[C:43]->%14([H:44])[C@:45]([H:46])([H:47])[C@@:48]1([H:49])[H:50])[C@@:19]([H:20])([C@:83]([H:84])([H:85])[C@@:86]([H:87])([H:88])[H:89])[C@@:21]([H:22])([H:23])[C@:24]([H:25])([H:26])[C@:27]%11([H:28])[C@:76]([H:77])([H:78])[C@@:79]([H:80])([H:81])[H:82])=[C:10]->6([H:11])[C-:8]->7([H:9])[C:6]->8([H:7])=[C:4]->9%10[H:5],[H]C([H])([H])C([H])([H])N(C([H])([H])C([H])([H])[H])C([H])([H])C([H])([H])[H].[H]C1([H])OC([H])([H])C([H])([H])C1([H])[H],CC(C)[C@@H](C(O)=O)C1=CC(C)=CC=C1,CC(C)[C@H](C(O)=O)C1=CC(C)=CC=C1,C/C(C)=C(C(O)=O)\C1=CC(C)=CC=C1,60,20,,,,2
IAW00001119,CAT-36,SOL-6,,,REA-17,[Fe+2]123456789<-[C:3]%10([P:1]%11(->[Rh+:61]%12%13%14(<-[P:2]%15([C-:12]->1%16[C:13]->2([H:52])=[C:14]->3([H:53])[C:15]->4([H:16])=[C:17]->5%16[H:18])[C@@:29]([H:30])([C@:66]([H:67])([H:68])[C@@:69]([H:70])([H:71])[H:72])[C@:54]([H:57])([H:58])[C@:56]([H:59])([H:60])[C@:51]%15([H:55])[C@:73]([C@@:62]([H:63])([H:64])[H:65])([H:74])[H:75])<-[C:31]1([H:32])=[C:33]->%12([H:34])[C@:35]([H:36])([H:37])[C@@:38]([H:39])([H:40])[C:41]->%13([H:42])=[C:43]->%14([H:44])[C@:45]([H:46])([H:47])[C@@:48]1([H:49])[H:50])[C@@:19]([H:20])([C@:83]([H:84])([H:85])[C@@:86]([H:87])([H:88])[H:89])[C@@:21]([H:22])([H:23])[C@:24]([H:25])([H:26])[C@:27]%11([H:28])[C@:76]([H:77])([H:78])[C@@:79]([H:80])([H:81])[H:82])=[C:10]->6([H:11])[C-:8]->7([H:9])[C:6]->8([H:7])=[C:4]->9%10[H:5],[H]C([H])([H])C([H])([H])N(C([H])([H])C([H])([H])[H])C([H])([H])C([H])([H])[H].[H]OC([H])(C([H])([H])[H])C([H])([H])[H],CC(C)[C@@H](C(O)=O)C1=CC(C)=CC=C1,CC(C)[C@H](C(O)=O)C1=CC(C)=CC=C1,C/C(C)=C(C(O)=O)\C1=CC(C)=CC=C1,60,20,,,,2
IAW00001120,CAT-37,SOL-2,,,REA-17,[Fe+2]123456789<-[C:3]%10([P:1]%11(->[Rh+:61]%12%13%14(<-[P:2]%15([C:12]->1%16=[C:17]->2([H:18])[C:15]->3([H:16])=[C:14]->4([H:53])[C-:13]->5%16[H:52])[C@@:29]([H:30])([C@@:72]([H:73])([C@@:74]([H:75])([H:76])[H:77])[C@@:78]([H:79])([H:80])[H:81])[C@:54]([H:57])([H:58])[C@:56]([H:59])([H:60])[C@:51]%15([H:55])[C@@:62]([H:63])([C@@:64]([H:65])([H:66])[H:67])[C@@:68]([H:69])([H:70])[H:71])<-[C:31]1([H:32])=[C:33]->%12([H:34])[C@:35]([H:36])([H:37])[C@@:38]([H:39])([H:40])[C:41]->%13([H:42])=[C:43]->%14([H:44])[C@:45]([H:46])([H:47])[C@@:48]1([H:49])[H:50])[C@@:19]([H:20])([C@:91]([H:92])([C@@:93]([H:94])([H:95])[H:96])[C@@:97]([H:98])([H:99])[H:100])[C@@:21]([H:22])([H:23])[C@:24]([H:25])([H:26])[C@:27]%11([H:28])[C@:82]([C@@:83]([H:84])([H:85])[H:86])([C@@:87]([H:88])([H:89])[H:90])[H:101])=[C:4]->6([H:5])[C:6]->7([H:7])=[C:8]->8([H:9])[C-:10]->9%10[H:11],[H]C([H])([H])C([H])([H])N(C([H])([H])C([H])([H])[H])C([H])([H])C([H])([H])[H].[H]OC([H])([H])[H],CC(C)[C@@H](C(O)=O)C1=CC(C)=CC=C1,CC(C)[C@H](C(O)=O)C1=CC(C)=CC=C1,C/C(C)=C(C(O)=O)\C1=CC(C)=CC=C1,60,20,,,,2
IAW00001121,CAT-37,SOL-4,,,REA-17,[Fe+2]123456789<-[C:3]%10([P:1]%11(->[Rh+:61]%12%13%14(<-[P:2]%15([C:12]->1%16=[C:17]->2([H:18])[C:15]->3([H:16])=[C:14]->4([H:53])[C-:13]->5%16[H:52])[C@@:29]([H:30])([C@@:72]([H:73])([C@@:74]([H:75])([H:76])[H:77])[C@@:78]([H:79])([H:80])[H:81])[C@:54]([H:57])([H:58])[C@:56]([H:59])([H:60])[C@:51]%15([H:55])[C@@:62]([H:63])([C@@:64]([H:65])([H:66])[H:67])[C@@:68]([H:69])([H:70])[H:71])<-[C:31]1([H:32])=[C:33]->%12([H:34])[C@:35]([H:36])([H:37])[C@@:38]([H:39])([H:40])[C:41]->%13([H:42])=[C:43]->%14([H:44])[C@:45]([H:46])([H:47])[C@@:48]1([H:49])[H:50])[C@@:19]([H:20])([C@:91]([H:92])([C@@:93]([H:94])([H:95])[H:96])[C@@:97]([H:98])([H:99])[H:100])[C@@:21]([H:22])([H:23])[C@:24]([H:25])([H:26])[C@:27]%11([H:28])[C@:82]([C@@:83]([H:84])([H:85])[H:86])([C@@:87]([H:88])([H:89])[H:90])[H:101])=[C:4]->6([H:5])[C:6]->7([H:7])=[C:8]->8([H:9])[C-:10]->9%10[H:11],[H]C([H])([H])C([H])([H])N(C([H])([H])C([H])([H])[H])C([H])([H])C([H])([H])[H].[H]OC([H])([H])[H].[H]O[H],CC(C)[C@@H](C(O)=O)C1=CC(C)=CC=C1,CC(C)[C@H](C(O)=O)C1=CC(C)=CC=C1,C/C(C)=C(C(O)=O)\C1=CC(C)=CC=C1,60,20,,,,2
IAW00001122,CAT-37,SOL-5,,,REA-17,[Fe+2]123456789<-[C:3]%10([P:1]%11(->[Rh+:61]%12%13%14(<-[P:2]%15([C:12]->1%16=[C:17]->2([H:18])[C:15]->3([H:16])=[C:14]->4([H:53])[C-:13]->5%16[H:52])[C@@:29]([H:30])([C@@:72]([H:73])([C@@:74]([H:75])([H:76])[H:77])[C@@:78]([H:79])([H:80])[H:81])[C@:54]([H:57])([H:58])[C@:56]([H:59])([H:60])[C@:51]%15([H:55])[C@@:62]([H:63])([C@@:64]([H:65])([H:66])[H:67])[C@@:68]([H:69])([H:70])[H:71])<-[C:31]1([H:32])=[C:33]->%12([H:34])[C@:35]([H:36])([H:37])[C@@:38]([H:39])([H:40])[C:41]->%13([H:42])=[C:43]->%14([H:44])[C@:45]([H:46])([H:47])[C@@:48]1([H:49])[H:50])[C@@:19]([H:20])([C@:91]([H:92])([C@@:93]([H:94])([H:95])[H:96])[C@@:97]([H:98])([H:99])[H:100])[C@@:21]([H:22])([H:23])[C@:24]([H:25])([H:26])[C@:27]%11([H:28])[C@:82]([C@@:83]([H:84])([H:85])[H:86])([C@@:87]([H:88])([H:89])[H:90])[H:101])=[C:4]->6([H:5])[C:6]->7([H:7])=[C:8]->8([H:9])[C-:10]->9%10[H:11],[H]C([H])([H])C([H])([H])N(C([H])([H])C([H])([H])[H])C([H])([H])C([H])([H])[H].[H]C1([H])OC([H])([H])C([H])([H])C1([H])[H],CC(C)[C@@H](C(O)=O)C1=CC(C)=CC=C1,CC(C)[C@H](C(O)=O)C1=CC(C)=CC=C1,C/C(C)=C(C(O)=O)\C1=CC(C)=CC=C1,60,5,,,,2
IAW00001123,CAT-37,SOL-5,,,REA-17,[Fe+2]123456789<-[C:3]%10([P:1]%11(->[Rh+:61]%12%13%14(<-[P:2]%15([C:12]->1%16=[C:17]->2([H:18])[C:15]->3([H:16])=[C:14]->4([H:53])[C-:13]->5%16[H:52])[C@@:29]([H:30])([C@@:72]([H:73])([C@@:74]([H:75])([H:76])[H:77])[C@@:78]([H:79])([H:80])[H:81])[C@:54]([H:57])([H:58])[C@:56]([H:59])([H:60])[C@:51]%15([H:55])[C@@:62]([H:63])([C@@:64]([H:65])([H:66])[H:67])[C@@:68]([H:69])([H:70])[H:71])<-[C:31]1([H:32])=[C:33]->%12([H:34])[C@:35]([H:36])([H:37])[C@@:38]([H:39])([H:40])[C:41]->%13([H:42])=[C:43]->%14([H:44])[C@:45]([H:46])([H:47])[C@@:48]1([H:49])[H:50])[C@@:19]([H:20])([C@:91]([H:92])([C@@:93]([H:94])([H:95])[H:96])[C@@:97]([H:98])([H:99])[H:100])[C@@:21]([H:22])([H:23])[C@:24]([H:25])([H:26])[C@:27]%11([H:28])[C@:82]([C@@:83]([H:84])([H:85])[H:86])([C@@:87]([H:88])([H:89])[H:90])[H:101])=[C:4]->6([H:5])[C:6]->7([H:7])=[C:8]->8([H:9])[C-:10]->9%10[H:11],[H]C([H])([H])C([H])([H])N(C([H])([H])C([H])([H])[H])C([H])([H])C([H])([H])[H].[H]C1([H])OC([H])([H])C([H])([H])C1([H])[H],CC(C)[C@@H](C(O)=O)C1=CC(C)=CC=C1,CC(C)[C@H](C(O)=O)C1=CC(C)=CC=C1,C/C(C)=C(C(O)=O)\C1=CC(C)=CC=C1,60,50,,,,2
IAW00001124,CAT-37,SOL-5,,,REA-17,[Fe+2]123456789<-[C:3]%10([P:1]%11(->[Rh+:61]%12%13%14(<-[P:2]%15([C:12]->1%16=[C:17]->2([H:18])[C:15]->3([H:16])=[C:14]->4([H:53])[C-:13]->5%16[H:52])[C@@:29]([H:30])([C@@:72]([H:73])([C@@:74]([H:75])([H:76])[H:77])[C@@:78]([H:79])([H:80])[H:81])[C@:54]([H:57])([H:58])[C@:56]([H:59])([H:60])[C@:51]%15([H:55])[C@@:62]([H:63])([C@@:64]([H:65])([H:66])[H:67])[C@@:68]([H:69])([H:70])[H:71])<-[C:31]1([H:32])=[C:33]->%12([H:34])[C@:35]([H:36])([H:37])[C@@:38]([H:39])([H:40])[C:41]->%13([H:42])=[C:43]->%14([H:44])[C@:45]([H:46])([H:47])[C@@:48]1([H:49])[H:50])[C@@:19]([H:20])([C@:91]([H:92])([C@@:93]([H:94])([H:95])[H:96])[C@@:97]([H:98])([H:99])[H:100])[C@@:21]([H:22])([H:23])[C@:24]([H:25])([H:26])[C@:27]%11([H:28])[C@:82]([C@@:83]([H:84])([H:85])[H:86])([C@@:87]([H:88])([H:89])[H:90])[H:101])=[C:4]->6([H:5])[C:6]->7([H:7])=[C:8]->8([H:9])[C-:10]->9%10[H:11],[H]C([H])([H])C([H])([H])N(C([H])([H])C([H])([H])[H])C([H])([H])C([H])([H])[H].[H]C1([H])OC([H])([H])C([H])([H])C1([H])[H],CC(C)[C@@H](C(O)=O)C1=CC(C)=CC=C1,CC(C)[C@H](C(O)=O)C1=CC(C)=CC=C1,C/C(C)=C(C(O)=O)\C1=CC(C)=CC=C1,60,20,,,,2
IAW00001125,CAT-37,SOL-6,,,REA-17,[Fe+2]123456789<-[C:3]%10([P:1]%11(->[Rh+:61]%12%13%14(<-[P:2]%15([C:12]->1%16=[C:17]->2([H:18])[C:15]->3([H:16])=[C:14]->4([H:53])[C-:13]->5%16[H:52])[C@@:29]([H:30])([C@@:72]([H:73])([C@@:74]([H:75])([H:76])[H:77])[C@@:78]([H:79])([H:80])[H:81])[C@:54]([H:57])([H:58])[C@:56]([H:59])([H:60])[C@:51]%15([H:55])[C@@:62]([H:63])([C@@:64]([H:65])([H:66])[H:67])[C@@:68]([H:69])([H:70])[H:71])<-[C:31]1([H:32])=[C:33]->%12([H:34])[C@:35]([H:36])([H:37])[C@@:38]([H:39])([H:40])[C:41]->%13([H:42])=[C:43]->%14([H:44])[C@:45]([H:46])([H:47])[C@@:48]1([H:49])[H:50])[C@@:19]([H:20])([C@:91]([H:92])([C@@:93]([H:94])([H:95])[H:96])[C@@:97]([H:98])([H:99])[H:100])[C@@:21]([H:22])([H:23])[C@:24]([H:25])([H:26])[C@:27]%11([H:28])[C@:82]([C@@:83]([H:84])([H:85])[H:86])([C@@:87]([H:88])([H:89])[H:90])[H:101])=[C:4]->6([H:5])[C:6]->7([H:7])=[C:8]->8([H:9])[C-:10]->9%10[H:11],[H]C([H])([H])C([H])([H])N(C([H])([H])C([H])([H])[H])C([H])([H])C([H])([H])[H].[H]OC([H])(C([H])([H])[H])C([H])([H])[H],CC(C)[C@@H](C(O)=O)C1=CC(C)=CC=C1,CC(C)[C@H](C(O)=O)C1=CC(C)=CC=C1,C/C(C)=C(C(O)=O)\C1=CC(C)=CC=C1,60,20,,,,2
IAW00001126,CAT-40,SOL-2,,,REA-17,[Rh+]1234(<-[P:1]([C@@:25]([H:26])([H:27])[C@:28]([P:2]->1([C:56]1=[C:64]([H:65])[C:62]([H:63])=[C:60]([H:61])[C:58]([H:59])=[C:57]1[O:4][C@:66]([H:67])([H:68])[H:69])[C:70]1=[C:79]([H:80])[C:77]([H:78])=[C:75]([H:76])[C:73]([H:74])=[C:71]1[H:72])([H:29])[H:30])([C:31]1=[C:39]([H:40])[C:37]([H:38])=[C:35]([H:36])[C:33]([H:34])=[C:32]1[O:3][C@:41]([H:42])([H:43])[H:44])[C:45]1=[C:54]([H:55])[C:52]([H:53])=[C:50]([H:51])[C:48]([H:49])=[C:46]1[H:47])<-[C:5]1([H:6])=[C:7]->2([H:8])[C@@:9]([H:10])([H:11])[C@:12]([H:13])([H:14])[C:15]->3([H:16])=[C:17]->4([H:18])[C@@:19]([H:20])([H:21])[C@:22]1([H:23])[H:24],[H]C([H])([H])C([H])([H])N(C([H])([H])C([H])([H])[H])C([H])([H])C([H])([H])[H].[H]OC([H])([H])[H],CC(C)[C@@H](C(O)=O)C1=CC(C)=CC=C1,CC(C)[C@H](C(O)=O)C1=CC(C)=CC=C1,C/C(C)=C(C(O)=O)\C1=CC(C)=CC=C1,60,20,,,,2
IAW00001127,CAT-41,SOL-2,,,REA-17,[Rh+]1234(<-[P:1]([C:21]5=[C:24]([C:25]6=[C:40]([P:2]->1([C:57]1=[C:78]([H:88])[C:89]([H:96])=[C:90]([H:97])[C:79]([H:91])=[C:58]1[H:59])[C:60]1=[C:61]([H:62])[C:63]([H:64])=[C:65]([H:66])[C:67]([H:68])=[C:69]1[H:70])[C:38]([H:39])=[C:36]([H:37])[C:35]1=[C:26]6[C:27]([H:28])=[C:29]([H:30])[C:31]([H:32])=[C:33]1[H:34])[C:74]1=[C:82]([C:81]([H:92])=[C:73]5[H:80])[C:93]([H:98])=[C:84]([H:94])[C:75]([H:83])=[C:22]1[H:23])([C:41]1=[C:42]([H:43])[C:44]([H:45])=[C:46]([H:47])[C:48]([H:49])=[C:50]1[H:51])[C:52]1=[C:53]([H:54])[C:55]([H:56])=[C:77]([H:87])[C:86]([H:95])=[C:76]1[H:85])<-[C:3]1([H:4])=[C:5]->2([H:6])[C@@:7]([H:8])([H:71])[C@@:9]([H:10])([H:72])[C:11]->3([H:12])=[C:13]->4([H:14])[C@:15]([H:16])([H:17])[C@@:18]1([H:19])[H:20],[H]C([H])([H])C([H])([H])N(C([H])([H])C([H])([H])[H])C([H])([H])C([H])([H])[H].[H]OC([H])([H])[H],CC(C)[C@@H](C(O)=O)C1=CC(C)=CC=C1,CC(C)[C@H](C(O)=O)C1=CC(C)=CC=C1,C/C(C)=C(C(O)=O)\C1=CC(C)=CC=C1,60,20,,,,2
IAW00001128,CAT-42,SOL-2,,,REA-17,[Rh+2]123<-[O:44]=[C:52]([O-:45]->[Rh+2:1](<-[O:47]=[C:68]([O-:46]->1)[C@:69]([N:13]1[C:16](=[O:14])[C:17]4=[C:26]([C:24]([H:25])=[C:22]([H:23])[C:20]([H:21])=[C:18]4[H:19])[C:27]1=[O:15])([H:70])[C@@:71]([C@:72]([H:73])([H:74])[H:75])([C@:76]([H:77])([H:78])[H:79])[C@:80]([H:81])([H:82])[H:83])(<-[O-:49][C:84](=[O:48]->2)[C@:85]([N:28]1[C:31](=[O:29])[C:32]2=[C:40]([C:39]([H:118])=[C:37]([H:38])[C:35]([H:36])=[C:33]2[H:34])[C:41]1=[O:30])([H:86])[C@:87]([C@:88]([H:89])([H:90])[H:91])([C@:92]([H:93])([H:94])[H:95])[C@:96]([H:97])([H:98])[H:99])<-[O-:51][C:100](=[O:50]->3)[C@:101]([N:42]1[C:119](=[O:123])[C:124]2=[C:125]([C:120]1=[O:43])[C:127]([H:130])=[C:131]([H:133])[C:128]([H:132])=[C:126]2[H:129])([H:102])[C@@:103]([C@:104]([H:105])([H:106])[H:107])([C@:108]([H:109])([H:110])[H:111])[C@:112]([H:113])([H:114])[H:115])[C@:53]([N:2]1[C:5](=[O:3])[C:6]2=[C:11]([C:9]([H:10])=[C:117]([H:122])[C:116]([H:121])=[C:7]2[H:8])[C:12]1=[O:4])([H:54])[C@:55]([C@:56]([H:57])([H:58])[H:59])([C@:60]([H:61])([H:62])[H:63])[C@:64]([H:65])([H:66])[H:67],[H]C([H])([H])C([H])([H])N(C([H])([H])C([H])([H])[H])C([H])([H])C([H])([H])[H].[H]OC([H])([H])[H],CC(C)[C@@H](C(O)=O)C1=CC(C)=CC=C1,CC(C)[C@H](C(O)=O)C1=CC(C)=CC=C1,C/C(C)=C(C(O)=O)\C1=CC(C)=CC=C1,60,20,,,,2
IAW00001129,CAT-43,SOL-2,,,REA-17,[Rh+2]123<-[O:10]=[C:20]([O-:12]->[Rh+2:1](<-[O:13]=[C:21]([O-:11]->1)[C@:23]([N:19]1[C:49](=[O:15])[C:51]4=[C:61]([C:59]([Cl:9])=[C:57]([Cl:7])[C:55]([Cl:5])=[C:53]4[Cl:3])[C:63]1=[O:17])([H:25])[C@:27]([C@:29]([H:31])([H:33])[H:69])([C@:35]([H:37])([H:39])[H:41])[C@:43]([H:45])([H:47])[H:71])(<-[O:66]=[C:72]([O-:64]->2)[C@:74]([C@@:76]([C@:82]([H:92])([H:93])[H:94])([C@:83]([H:95])([H:96])[H:97])[C@:84]([H:98])([H:99])[H:100])([N:77]1[C:85](=[O:102])[C:101]2=[C:103]([C:86]1=[O:104])[C:119]([Cl:125])=[C:124]([Cl:131])[C:122]([Cl:130])=[C:118]2[Cl:123])[H:78])<-[O-:67][C:73](=[O:65]->3)[C@@:75]([N:79]1[C:87](=[O:105])[C:106]2=[C:107]([C:88]1=[O:108])[C:121]([Cl:129])=[C:128]([Cl:133])[C:127]([Cl:132])=[C:120]2[Cl:126])([C@:80]([C@:89]([H:109])([H:110])[H:111])([C@@:90]([H:112])([H:113])[H:114])[C@:91]([H:115])([H:116])[H:117])[H:81])[C@:22]([N:18]1[C:48](=[O:14])[C:50]2=[C:60]([C:58]([Cl:8])=[C:56]([Cl:6])[C:54]([Cl:4])=[C:52]2[Cl:2])[C:62]1=[O:16])([H:24])[C@:26]([C@:28]([H:30])([H:32])[H:68])([C@:34]([H:36])([H:38])[H:40])[C@:42]([H:44])([H:46])[H:70],[H]C([H])([H])C([H])([H])N(C([H])([H])C([H])([H])[H])C([H])([H])C([H])([H])[H].[H]OC([H])([H])[H],CC(C)[C@@H](C(O)=O)C1=CC(C)=CC=C1,CC(C)[C@H](C(O)=O)C1=CC(C)=CC=C1,C/C(C)=C(C(O)=O)\C1=CC(C)=CC=C1,60,20,,,,2
IAW00001130,CAT-44,SOL-2,,,REA-17,[Rh+2]123<-[O-:6][C:26](=[O:7]->[Rh+2:1](<-[O-:11][C:48](=[O:10]->1)[C@@:49]1([H:50])[N:23]([S@@:3](=[O:12])(=[O:13])[C:60]4=[C:68]([H:69])[C:66]([H:67])=[C:65]([C@@:114]([H:115])([H:116])[C@:117]([H:118])([H:119])[C@@:120]([H:121])([H:122])[C@:123]([H:124])([H:125])[C@@:126]([H:127])([H:128])[C@:129]([H:130])([H:131])[C@:132]([H:133])([H:134])[C@:135]([H:136])([H:137])[C@:138]([H:139])([H:140])[C@:141]([H:142])([H:143])[C@:144]([H:145])([H:146])[C@@:147]([H:148])([H:149])[H:150])[C:63]([H:64])=[C:61]4[H:62])[C@:57]([H:58])([H:59])[C@:54]([H:55])([H:56])[C@@:51]1([H:52])[H:53])(<-[O:15]=[C:70]([O-:14]->2)[C@@:71]1([H:72])[N:24]([S@:4](=[O:16])(=[O:17])[C:82]2=[C:90]([H:91])[C:88]([H:89])=[C:87]([C@:225]([H:226])([H:227])[C@@:228]([H:229])([H:230])[C@:231]([H:232])([H:233])[C@@:234]([H:235])([H:236])[C@:237]([H:238])([H:239])[C@@:240]([H:241])([H:242])[C@@:243]([H:244])([H:245])[C@@:246]([H:247])([H:248])[C@:249]([H:250])([H:251])[C@@:252]([H:253])([H:254])[C@:255]([H:256])([H:257])[C@@:258]([H:259])([H:260])[H:261])[C:85]([H:86])=[C:83]2[H:84])[C@:79]([H:80])([H:81])[C@:76]([H:77])([H:78])[C@:73]1([H:74])[H:75])<-[O-:19][C:92](=[O:18]->3)[C@@:93]1([H:94])[N:25]([S@:5](=[O:20])(=[O:21])[C:104]2=[C:105]([H:106])[C:107]([H:108])=[C:109]([C@@:188]([H:189])([H:190])[C@@:191]([H:192])([H:193])[C@@:194]([H:195])([H:196])[C@@:197]([H:198])([H:199])[C@@:200]([H:201])([H:202])[C@:203]([H:204])([H:205])[C@@:206]([H:207])([H:208])[C@:209]([H:210])([H:211])[C@@:212]([H:213])([H:214])[C@@:215]([H:216])([H:217])[C@@:218]([H:219])([H:220])[C@@:221]([H:222])([H:223])[H:224])[C:110]([H:111])=[C:112]2[H:113])[C@:101]([H:102])([H:103])[C@:98]([H:99])([H:100])[C@:95]1([H:96])[H:97])[C@@:27]1([H:28])[N:22]([S@@:2](=[O:8])(=[O:9])[C:38]2=[C:39]([H:40])[C:41]([H:42])=[C:43]([C@@:151]([H:152])([H:153])[C@:154]([H:155])([H:156])[C@@:157]([H:158])([H:159])[C@:160]([H:161])([H:162])[C@@:163]([H:164])([H:165])[C@:166]([H:167])([H:168])[C@@:169]([H:170])([H:171])[C@:172]([H:173])([H:174])[C@@:175]([H:176])([H:177])[C@:178]([H:179])([H:180])[C@@:181]([H:182])([H:183])[C@@:184]([H:185])([H:186])[H:187])[C:44]([H:45])=[C:46]2[H:47])[C@:35]([H:36])([H:37])[C@@:32]([H:33])([H:34])[C@:29]1([H:30])[H:31],[H]C([H])([H])C([H])([H])N(C([H])([H])C([H])([H])[H])C([H])([H])C([H])([H])[H].[H]OC([H])([H])[H],CC(C)[C@@H](C(O)=O)C1=CC(C)=CC=C1,CC(C)[C@H](C(O)=O)C1=CC(C)=CC=C1,C/C(C)=C(C(O)=O)\C1=CC(C)=CC=C1,60,20,,,,2
IAW00001131,CAT-45,SOL-1,,,REA-17,[P]12([C@@:22]([C@:23]([P:1]3(->[Co+2:42]<-145(<-[O:3]=[C:40]([O-:5]->4)[C@:130]([H:131])([H:132])[C@:133]([H:134])([H:135])[C@@:136]([H:137])([H:138])[C@:139]([H:140])([H:141])[C@@:142]([H:143])([H:144])[C@:145]([H:146])([H:147])[C@@:148]([H:149])([H:150])[C@:151]([H:152])([H:153])[C@@:154]([H:155])([H:156])[C@:157]([H:158])([H:159])[C@:160]([H:161])([H:162])[C@:163]([H:164])([H:165])[C@@:166]([H:167])([H:168])[C@:169]([H:170])([H:171])[C@@:172]([H:173])([H:174])[C@:175]([H:176])([H:177])[C@@:178]([H:179])([H:180])[H:181])<-[O-:7][C:41](=[O:9]->5)[C@:78]([H:79])([H:80])[C@:81]([H:82])([H:83])[C@:84]([H:85])([H:86])[C@@:87]([H:88])([H:89])[C@:90]([H:91])([H:92])[C@:93]([H:94])([H:95])[C@:96]([H:97])([H:98])[C@:99]([H:100])([H:101])[C@:102]([H:103])([H:104])[C@:105]([H:106])([H:107])[C@@:108]([H:109])([H:110])[C@:111]([H:112])([H:113])[C@@:114]([H:115])([H:116])[C@:117]([H:118])([H:119])[C@@:120]([H:121])([H:122])[C@:123]([H:124])([H:125])[C@@:126]([H:127])([H:128])[H:129])[C@@:24]([C:28]1=[C:33]([H:60])[C:32]([H:59])=[C:31]([H:58])[C:30]([H:57])=[C:29]1[H:56])([H:54])[C@:25]([H:74])([H:75])[C@@:26]([H:76])([H:77])[C@:27]3([C:34]1=[C:35]([H:61])[C:36]([H:62])=[C:37]([H:63])[C:38]([H:64])=[C:39]1[H:65])[H:55])([H:72])[H:73])([H:70])[H:71])[C@@:2]([C:10]1=[C:11]([H:45])[C:12]([H:182])=[C:13]([H:46])[C:14]([H:47])=[C:15]1[H:48])([H:43])[C@:4]([H:66])([H:67])[C@:6]([H:68])([H:69])[C@:8]2([C:16]1=[C:17]([H:49])[C:18]([H:50])=[C:19]([H:51])[C:20]([H:52])=[C:21]1[H:53])[H:44],[H]OC([H])([H])[H],CC(C)[C@@H](C(O)=O)C1=CC(C)=CC=C1,CC(C)[C@H](C(O)=O)C1=CC(C)=CC=C1,C/C(C)=C(C(O)=O)\C1=CC(C)=CC=C1,50,60,,,,2
IAW00001132,CAT-45,SOL-8,,,REA-17,[P]12([C@@:22]([C@:23]([P:1]3(->[Co+2:42]<-145(<-[O:3]=[C:40]([O-:5]->4)[C@:130]([H:131])([H:132])[C@:133]([H:134])([H:135])[C@@:136]([H:137])([H:138])[C@:139]([H:140])([H:141])[C@@:142]([H:143])([H:144])[C@:145]([H:146])([H:147])[C@@:148]([H:149])([H:150])[C@:151]([H:152])([H:153])[C@@:154]([H:155])([H:156])[C@:157]([H:158])([H:159])[C@:160]([H:161])([H:162])[C@:163]([H:164])([H:165])[C@@:166]([H:167])([H:168])[C@:169]([H:170])([H:171])[C@@:172]([H:173])([H:174])[C@:175]([H:176])([H:177])[C@@:178]([H:179])([H:180])[H:181])<-[O-:7][C:41](=[O:9]->5)[C@:78]([H:79])([H:80])[C@:81]([H:82])([H:83])[C@:84]([H:85])([H:86])[C@@:87]([H:88])([H:89])[C@:90]([H:91])([H:92])[C@:93]([H:94])([H:95])[C@:96]([H:97])([H:98])[C@:99]([H:100])([H:101])[C@:102]([H:103])([H:104])[C@:105]([H:106])([H:107])[C@@:108]([H:109])([H:110])[C@:111]([H:112])([H:113])[C@@:114]([H:115])([H:116])[C@:117]([H:118])([H:119])[C@@:120]([H:121])([H:122])[C@:123]([H:124])([H:125])[C@@:126]([H:127])([H:128])[H:129])[C@@:24]([C:28]1=[C:33]([H:60])[C:32]([H:59])=[C:31]([H:58])[C:30]([H:57])=[C:29]1[H:56])([H:54])[C@:25]([H:74])([H:75])[C@@:26]([H:76])([H:77])[C@:27]3([C:34]1=[C:35]([H:61])[C:36]([H:62])=[C:37]([H:63])[C:38]([H:64])=[C:39]1[H:65])[H:55])([H:72])[H:73])([H:70])[H:71])[C@@:2]([C:10]1=[C:11]([H:45])[C:12]([H:182])=[C:13]([H:46])[C:14]([H:47])=[C:15]1[H:48])([H:43])[C@:4]([H:66])([H:67])[C@:6]([H:68])([H:69])[C@:8]2([C:16]1=[C:17]([H:49])[C:18]([H:50])=[C:19]([H:51])[C:20]([H:52])=[C:21]1[H:53])[H:44],[H]OC(C([H])([H])[H])(C([H])([H])[H])C([H])([H])[H],CC(C)[C@@H](C(O)=O)C1=CC(C)=CC=C1,CC(C)[C@H](C(O)=O)C1=CC(C)=CC=C1,C/C(C)=C(C(O)=O)\C1=CC(C)=CC=C1,40,80,,,,2
IAW00001133,CAT-46,SOL-8,,,REA-17,[P]12([C:12]3=[C:2]([H:54])[C:3]([H:4])=[C:5]([H:6])[C:7]([H:8])=[C:9]3[P:1]3(->[Co+2:76]<-1(<-[O-:71][C:72](=[O:75])[C@@:79]([H:80])([H:81])[C@@:82]([H:83])([H:84])[C@:85]([H:86])([H:87])[C@@:88]([H:89])([H:90])[C@:91]([H:92])([H:93])[C@@:94]([H:95])([H:96])[C@:97]([H:98])([H:99])[C@@:100]([H:101])([H:102])[C@:103]([H:104])([H:105])[C@@:106]([H:107])([H:108])[C@@:109]([H:110])([H:111])[C@@:112]([H:113])([H:114])[C@:115]([H:116])([H:117])[C@:118]([H:119])([H:120])[C@:121]([H:122])([H:123])[C@:124]([H:125])([H:126])[C@@:127]([H:128])([H:129])[H:130])<-[O-:73][C:74](=[O:78])[C@@:131]([H:132])([H:133])[C@@:134]([H:135])([H:136])[C@:137]([H:138])([H:139])[C@@:140]([H:141])([H:142])[C@:143]([H:144])([H:145])[C@@:146]([H:147])([H:148])[C@:149]([H:150])([H:151])[C@@:152]([H:153])([H:154])[C@:155]([H:156])([H:157])[C@@:158]([H:159])([H:160])[C@:161]([H:162])([H:163])[C@@:164]([H:165])([H:166])[C@:167]([H:168])([H:169])[C@@:170]([H:171])([H:172])[C@:173]([H:174])([H:175])[C@@:176]([H:177])([H:178])[C@@:179]([H:180])([H:181])[H:182])[C@@:24]([H:25])([C@:34]([H:35])([C@:36]([H:37])([H:38])[H:77])[C@:39]([H:40])([H:41])[H:42])[C@:26]([H:27])([H:28])[C@@:29]([H:30])([H:31])[C@:32]3([H:33])[C@@:43]([H:44])([C@:45]([H:46])([H:47])[H:48])[C@:49]([H:50])([H:51])[H:52])[C@@:10]([H:11])([C@@:15]([H:16])([C@:17]([H:18])([H:19])[H:56])[C@:20]([H:21])([H:22])[H:23])[C@@:55]([H:60])([H:61])[C@:57]([H:62])([H:63])[C@@:53]2([C@@:58]([H:13])([C@:64]([H:66])([H:67])[H:68])[C@:65]([H:14])([H:69])[H:70])[H:59],[H]OC(C([H])([H])[H])(C([H])([H])[H])C([H])([H])[H],CC(C)[C@@H](C(O)=O)C1=CC(C)=CC=C1,CC(C)[C@H](C(O)=O)C1=CC(C)=CC=C1,C/C(C)=C(C(O)=O)\C1=CC(C)=CC=C1,40,80,,,,2
IAW00001134,CAT-47,SOL-8,,,REA-17,[Fe+2]123456789<-[C:3]%10([P:1]%11(->[Co+2:41](<-[P:2]%12([C:12]->1%13=[C:17]->2([H:18])[C:15]->3([H:16])=[C:14]->4([H:33])[C-:13]->5%13[H:32])[C@:29]([H:30])([C@@:148]([H:149])([H:150])[H:151])[C@:34]([H:37])([H:38])[C@:36]([H:39])([H:40])[C@@:31]%12([H:35])[C@@:156]([H:157])([H:158])[H:159])(<-[O-:42][C:45]([C@@:160]([C@@:46]([H:47])([H:48])[C@:49]([H:50])([H:51])[C@@:52]([H:53])([H:54])[C@:55]([H:56])([H:57])[C@@:58]([H:59])([H:60])[C@:61]([H:62])([H:63])[C@@:64]([H:65])([H:66])[C@:67]([H:68])([H:69])[C@@:70]([H:71])([H:72])[C@:73]([H:74])([H:75])[C@@:76]([H:77])([H:78])[C@:79]([H:80])([H:81])[C@@:82]([H:83])([H:84])[C@@:85]([H:86])([H:87])[C@@:88]([H:89])([H:90])[C@@:91]([H:92])([H:93])[H:94])([H:166])[H:167])=[O:165])<-[O-:43][C:44]([C@@:161]([C@@:95]([H:96])([H:97])[C@@:98]([H:99])([H:100])[C@:101]([H:102])([H:103])[C@@:104]([H:105])([H:106])[C@:107]([H:108])([H:109])[C@@:110]([H:111])([H:112])[C@:113]([H:114])([H:115])[C@@:116]([H:117])([H:118])[C@@:119]([H:120])([H:121])[C@@:122]([H:123])([H:124])[C@@:125]([H:126])([H:127])[C@:128]([H:129])([H:130])[C@@:131]([H:132])([H:133])[C@:134]([H:135])([H:136])[C@:137]([H:138])([H:139])[C@@:140]([H:141])([H:142])[H:143])([H:162])[H:163])=[O:164])[C@:19]([H:20])([C@@:144]([H:145])([H:146])[H:147])[C@@:21]([H:22])([H:23])[C@:24]([H:25])([H:26])[C@@:27]%11([H:28])[C@@:152]([H:153])([H:154])[H:155])=[C:4]->6([H:5])[C:6]->7([H:7])=[C:8]->8([H:9])[C-:10]->9%10[H:11],[H]OC(C([H])([H])[H])(C([H])([H])[H])C([H])([H])[H],CC(C)[C@@H](C(O)=O)C1=CC(C)=CC=C1,CC(C)[C@H](C(O)=O)C1=CC(C)=CC=C1,C/C(C)=C(C(O)=O)\C1=CC(C)=CC=C1,40,80,,,,2
IAW00001135,CAT-48,SOL-1,,,REA-17,[Co+2]123<-[O-:1][C:7](=[C:8]([C:9](=[N:5]->1[C@@:10]([C@:11]([N:6]->2=[C:12]([C:13](=[C:14]([O-:2]->3)[C@@:37]([H:71])([H:72])[H:74])[C:35](=[O:4])[C@@:36]([H:68])([H:69])[H:70])[H:41])([C:26]1=[C:31]([C@@:34]([H:65])([H:66])[H:67])[C:30]([H:58])=[C:29]([C@@:33]([H:62])([H:63])[H:64])[C:28]([H:57])=[C:27]1[C@@:32]([H:59])([H:60])[H:61])[H:40])([C:17]1=[C:22]([C@@:25]([H:54])([H:55])[H:56])[C:21]([H:47])=[C:20]([C@@:24]([H:51])([H:52])[H:53])[C:19]([H:46])=[C:18]1[C@@:23]([H:48])([H:49])[H:50])[H:39])[H:38])[C:15](=[O:3])[C@@:16]([H:43])([H:44])[H:45])[C@:73]([H:42])([H:75])[H:76],[H]OC([H])([H])[H],CC(C)[C@@H](C(O)=O)C1=CC(C)=CC=C1,CC(C)[C@H](C(O)=O)C1=CC(C)=CC=C1,C/C(C)=C(C(O)=O)\C1=CC(C)=CC=C1,50,60,,,,2
IAW00001136,CAT-49,SOL-1,,,REA-17,[N]12=[C:10]([C:9]3=[C:4]([O-:1]->[Co+2:40]<-14<-[N:2]([C@@:16]1([H:53])[C@@:11]2([H:44])[C@@:12]([H:45])([H:46])[C@:13]([H:47])([H:48])[C@@:14]([H:49])([H:50])[C@@:15]1([H:51])[H:52])=[C:17]([C:18]1=[C:23]([O-:3]->4)[C:22]([C@@:36]([C@@:37]([H:84])([H:85])[H:86])([C@@:38]([H:87])([H:88])[H:89])[C@@:39]([H:90])([H:91])[H:92])=[C:21]([H:56])[C:20]([C@@:32]([C@@:33]([H:75])([H:76])[H:77])([C@@:34]([H:78])([H:79])[H:80])[C@@:35]([H:81])([H:82])[H:83])=[C:19]1[H:55])[H:54])[C:5]([C@:24]([C@@:25]([H:57])([H:58])[H:59])([C@@:26]([H:60])([H:61])[H:62])[C@@:27]([H:63])([H:64])[H:65])=[C:6]([H:41])[C:7]([C@@:28]([C@@:29]([H:66])([H:67])[H:68])([C@@:30]([H:69])([H:70])[H:71])[C@@:31]([H:72])([H:73])[H:74])=[C:8]3[H:42])[H:43],[H]OC([H])([H])[H],CC(C)[C@@H](C(O)=O)C1=CC(C)=CC=C1,CC(C)[C@H](C(O)=O)C1=CC(C)=CC=C1,C/C(C)=C(C(O)=O)\C1=CC(C)=CC=C1,50,60,,,,2
IAW00001137,CAT-50,SOL-1,,,REA-17,[Co+3]123(<-[Cl-:1])<-[O-:2][C:59]4=[C:62]([C@:11]([C@:12]([H:13])([H:14])[H:63])([C@:15]([H:16])([H:17])[H:18])[C@:19]([H:20])([H:21])[H:22])[C:71]([H:78])=[C:79]([C@:81]([C@@:82]([H:85])([H:86])[H:87])([C@@:83]([H:88])([H:89])[H:90])[C@:84]([H:91])([H:92])[H:93])[C:73]([H:80])=[C:66]4[C:65](=[N:58]->1[C@@:61]1([H:5])[C@@:9]([N:4]->2=[C:23]([H:24])[C:25]2=[C:26]([O-:3]->3)[C:27]([C@:33]([C@:34]([H:35])([H:36])[H:64])([C@:37]([H:38])([H:39])[H:40])[C@:41]([H:42])([H:43])[H:44])=[C:28]([H:29])[C:30]([C@@:45]([C@:46]([H:47])([H:48])[H:49])([C@:50]([H:51])([H:52])[H:53])[C@:54]([H:55])([H:56])[H:57])=[C:31]2[H:32])([H:10])[C@:6]([H:7])([H:8])[C@:60]([H:67])([H:69])[C@@:68]([H:74])([H:75])[C@:70]1([H:76])[H:77])[H:72],[H]OC([H])([H])[H],CC(C)[C@@H](C(O)=O)C1=CC(C)=CC=C1,CC(C)[C@H](C(O)=O)C1=CC(C)=CC=C1,C/C(C)=C(C(O)=O)\C1=CC(C)=CC=C1,50,60,,,,2
IAW00001138,CAT-51,SOL-1,,,REA-17,[Co+3]123(<-[O-:1][C:58]4=[C:61]([C@:10]([C@:11]([H:12])([H:13])[H:62])([C@:14]([H:15])([H:16])[H:17])[C@:18]([H:19])([H:20])[H:21])[C:70]([H:77])=[C:78]([C@:80]([C@@:81]([H:84])([H:85])[H:86])([C@@:82]([H:87])([H:88])[H:89])[C@:83]([H:90])([H:91])[H:92])[C:72]([H:79])=[C:65]4[C:64](=[N:57]->1[C@:60]1([H:4])[C@:8]([N:3]->2=[C:22]([H:23])[C:24]2=[C:25]([O-:2]->3)[C:26]([C@:32]([C@:33]([H:34])([H:35])[H:63])([C@:36]([H:37])([H:38])[H:39])[C@:40]([H:41])([H:42])[H:43])=[C:27]([H:28])[C:29]([C@@:44]([C@:45]([H:46])([H:47])[H:48])([C@:49]([H:50])([H:51])[H:52])[C@:53]([H:54])([H:55])[H:56])=[C:30]2[H:31])([H:9])[C@:5]([H:6])([H:7])[C@:59]([H:66])([H:68])[C@@:67]([H:73])([H:74])[C@:69]1([H:75])[H:76])[H:71])<-[O-:93][S@@:108]([C:94]1=[C:95]([H:100])[C:96]([H:101])=[C:97]([C@@:104]([H:105])([H:106])[H:107])[C:98]([H:102])=[C:99]1[H:103])(=[O:109])=[O:110],[H]OC([H])([H])[H],CC(C)[C@@H](C(O)=O)C1=CC(C)=CC=C1,CC(C)[C@H](C(O)=O)C1=CC(C)=CC=C1,C/C(C)=C(C(O)=O)\C1=CC(C)=CC=C1,50,60,,,,2
IAW00001139,CAT-52,SOL-9,,,REA-17,[Fe+2]123456789<-[C:3]%10([P:1]%11(->[Ni+2:71](<-[P:2]%12([C:12]->1%13=[C:17]->2([H:18])[C:15]->3([H:16])=[C:14]->4([H:33])[C-:13]->5%13[H:32])[C@:29]([H:30])([C@@:49]([H:50])([H:51])[H:52])[C@:34]([H:37])([H:38])[C@:36]([H:39])([H:40])[C@@:31]%12([H:35])[C@@:57]([H:58])([H:59])[H:60])(<-[O-:41][C:44]([C@@:61]([H:67])([H:68])[H:69])=[O:66])<-[O-:42][C:43]([C@@:62]([H:63])([H:64])[H:70])=[O:65])[C@:19]([H:20])([C@@:45]([H:46])([H:47])[H:48])[C@@:21]([H:22])([H:23])[C@:24]([H:25])([H:26])[C@@:27]%11([H:28])[C@@:53]([H:54])([H:55])[H:56])=[C:4]->6([H:5])[C:6]->7([H:7])=[C:8]->8([H:9])[C-:10]->9%10[H:11],[H]OC([H])([H])C(F)(F)F,CC(C)[C@@H](C(O)=O)C1=CC(C)=CC=C1,CC(C)[C@H](C(O)=O)C1=CC(C)=CC=C1,C/C(C)=C(C(O)=O)\C1=CC(C)=CC=C1,50,30,,,,2
IAW00001140,CAT-53,SOL-9,,,REA-17,C12[P:44]3(->[Ni+2:46](<-[O-:41][C:34]([C@:35]([H:36])([H:37])[H:38])=[O:40])(<-[O-:42][C:39](=[O:43])[C@@:48]([H:53])([H:54])[H:55])<-[P:45]4([C:1]1=[C:2]([H:3])[C:4]([H:5])=[C:6]([H:7])[C:8]=2[H:9])[C@:28]([H:29])([C@:30]([H:31])([H:32])[H:33])[C@@:47]([H:50])([H:51])[C@:52]([H:58])([H:59])[C@@:49]4([H:56])[C@@:57]([H:60])([H:61])[H:62])[C@@:14]([C@:10]([H:11])([H:12])[H:13])([H:15])[C@@:16]([H:17])([H:18])[C@@:19]([H:20])([H:21])[C@@:22]3([H:23])[C@:24]([H:25])([H:26])[H:27],[H]OC([H])([H])C(F)(F)F,CC(C)[C@@H](C(O)=O)C1=CC(C)=CC=C1,CC(C)[C@H](C(O)=O)C1=CC(C)=CC=C1,C/C(C)=C(C(O)=O)\C1=CC(C)=CC=C1,50,30,,,,2
IAW00001141,CAT-54,SOL-9,,,REA-17,[P]12([C@@:22]([C@:23]([P:1]3(->[Ni+2:86]<-1(<-[O-:5][C:40](=[O:3])[C@:80]([H:81])([H:82])[H:84])<-[O-:7][C:41](=[O:9])[C@:77]([H:78])([H:79])[H:85])[C@@:24]([C:28]1=[C:33]([H:59])[C:32]([H:58])=[C:31]([H:57])[C:30]([H:56])=[C:29]1[H:55])([H:53])[C@:25]([H:73])([H:74])[C@@:26]([H:75])([H:76])[C@:27]3([C:34]1=[C:35]([H:60])[C:36]([H:61])=[C:37]([H:62])[C:38]([H:63])=[C:39]1[H:64])[H:54])([H:71])[H:72])([H:69])[H:70])[C@@:2]([C:10]1=[C:11]([H:44])[C:12]([H:83])=[C:13]([H:45])[C:14]([H:46])=[C:15]1[H:47])([H:42])[C@:4]([H:65])([H:66])[C@:6]([H:67])([H:68])[C@:8]2([C:16]1=[C:17]([H:48])[C:18]([H:49])=[C:19]([H:50])[C:20]([H:51])=[C:21]1[H:52])[H:43],[H]OC([H])([H])C(F)(F)F,CC(C)[C@@H](C(O)=O)C1=CC(C)=CC=C1,CC(C)[C@H](C(O)=O)C1=CC(C)=CC=C1,C/C(C)=C(C(O)=O)\C1=CC(C)=CC=C1,50,30,,,,2
IAW00001142,CAT-55,SOL-9,,,REA-17,[P]12([C:12]3=[C:2]([H:54])[C:3]([H:4])=[C:5]([H:6])[C:7]([H:8])=[C:9]3[P:1]3(->[Ni+2:86]<-1(<-[O-:71][C:72](=[O:75])[C@@:78]([H:79])([H:80])[H:84])<-[O-:73][C:74](=[O:77])[C@@:81]([H:82])([H:83])[H:85])[C@@:24]([H:25])([C@:34]([H:35])([C@:36]([H:37])([H:38])[H:76])[C@:39]([H:40])([H:41])[H:42])[C@:26]([H:27])([H:28])[C@@:29]([H:30])([H:31])[C@:32]3([H:33])[C@@:43]([H:44])([C@:45]([H:46])([H:47])[H:48])[C@:49]([H:50])([H:51])[H:52])[C@@:10]([H:11])([C@@:15]([H:16])([C@:17]([H:18])([H:19])[H:56])[C@:20]([H:21])([H:22])[H:23])[C@@:55]([H:60])([H:61])[C@:57]([H:62])([H:63])[C@@:53]2([C@@:58]([H:13])([C@:64]([H:66])([H:67])[H:68])[C@:65]([H:14])([H:69])[H:70])[H:59],[H]OC([H])([H])C(F)(F)F,CC(C)[C@@H](C(O)=O)C1=CC(C)=CC=C1,CC(C)[C@H](C(O)=O)C1=CC(C)=CC=C1,C/C(C)=C(C(O)=O)\C1=CC(C)=CC=C1,50,30,,,,2
IAW00001143,CAT-56,SOL-9,,,REA-17,[Ni+2]1(<-[P:1]([C:2]2=[C:9]([H:10])[C:23]([H:24])=[C:34]([H:39])[C:38]([H:48])=[C:33]2[P:31]->1([C@@:35]([C@:40]([H:49])([H:50])[H:51])([C@:41]([H:52])([H:53])[H:54])[C@:42]([H:55])([H:56])[H:57])[C@:36]([H:43])([H:44])[H:45])([C@:8]([C@:4]([H:5])([H:6])[H:7])([C@:11]([H:12])([H:13])[H:14])[C@:15]([H:16])([H:17])[H:18])[C@:19]([H:20])([H:21])[H:22])(<-[O-:3][C:26](=[O:25])[C@:27]([H:28])([H:29])[H:30])<-[O-:32][C:37](=[O:46])[C@:47]([H:58])([H:59])[H:60],[H]OC([H])([H])C(F)(F)F,CC(C)[C@@H](C(O)=O)C1=CC(C)=CC=C1,CC(C)[C@H](C(O)=O)C1=CC(C)=CC=C1,C/C(C)=C(C(O)=O)\C1=CC(C)=CC=C1,50,30,,,,2
IAW00001144,CAT-57,SOL-1,,,REA-17,[Br-]->[Ni+2:1]12(<-[N:2]([H:3])([C@:28]3([H:29])[C@@:9]([H:10])([H:11])[C@@:35]([H:36])([H:37])[C@:38]([H:39])([H:40])[C@:12]([H:13])([H:14])[C@:17]3([N:7]->1([H:8])[C@:59]([H:60])([H:61])[C:70]1=[C:81]([H:92])[C:91]([H:96])=[C:95]([H:97])[C:90]([H:94])=[C:80]1[H:89])[H:18])[C@:30]([C:16]1=[C:26]([H:27])[C:20]([H:21])=[C:41]([H:42])[C:33]([H:34])=[C:22]1[H:23])([H:31])[H:32])(<-[N:4]([C@@:24]1([H:25])[C@@:19]([N:5]->2([H:6])[C@:54]([C:47]2=[C:50]([H:51])[C:52]([H:53])=[C:57]([H:58])[C:62]([H:63])=[C:48]2[H:49])([H:55])[H:56])([H:65])[C@@:66]([H:15])([H:72])[C@:71]([H:82])([H:83])[C@:75]([H:84])([H:85])[C@:67]1([H:73])[H:74])([C@:43]([H:44])([H:45])[C:46]1=[C:69]([H:79])[C:78]([H:88])=[C:86]([H:93])[C:76]([H:87])=[C:68]1[H:77])[H:98])<-[Br-:64],[H]OC([H])([H])[H],CC(C)[C@@H](C(O)=O)C1=CC(C)=CC=C1,CC(C)[C@H](C(O)=O)C1=CC(C)=CC=C1,C/C(C)=C(C(O)=O)\C1=CC(C)=CC=C1,50,60,,,,2
IAW00001145,CAT-58,SOL-1,,,REA-17,[N-]12[C:3](=[O:2])[C@@:4]3([H:5])[N:1]([C@:25]([C:28]4=[C:33]([H:14])[C:38]([H:48])=[C:49]([H:56])[C:39]([H:50])=[C:34]4[H:40])([H:29])[H:30])(->[Ni+2:58]<-14<-[N:32](=[C:27]([C:15]1=[C:16]2[C:17]([H:18])=[C:19]([H:20])[C:21]([H:22])=[C:23]1[H:24])[C:31]1=[C:36]([H:43])[C:44]([H:53])=[C:51]([H:57])[C:42]([H:52])=[C:35]1[H:41])[C@@:37]([H:45])([H:46])[C:47]([O-:54]->4)=[O:55])[C@@:12]([H:13])([H:26])[C@:9]([H:10])([H:11])[C@:6]3([H:7])[H:8],[H]OC([H])([H])[H],CC(C)[C@@H](C(O)=O)C1=CC(C)=CC=C1,CC(C)[C@H](C(O)=O)C1=CC(C)=CC=C1,C/C(C)=C(C(O)=O)\C1=CC(C)=CC=C1,60,20,,,,2
IAW00001146,CAT-59,SOL-1,,,REA-17,[Pd+2]1(<-[P:63]([C:3]2=[C:1]([C:2]3=[C:4]([P:64]->1([C:24]1=[C:26]([H:28])[C:30]([H:32])=[C:34]([H:74])[C:36]([H:76])=[C:38]1[H:40])[C:42]1=[C:60]([H:62])[C:56]([H:58])=[C:52]([H:54])[C:48]([H:50])=[C:44]1[H:46])[C:6]([H:8])=[C:10]([H:12])[C:14]1=[C:22]3[C:18]([H:20])=[C:72]([H:80])[C:69]([H:78])=[C:16]1[H:70])[C:21]1=[C:13]([C:9]([H:11])=[C:5]2[H:7])[C:15]([H:68])=[C:67]([H:77])[C:71]([H:79])=[C:17]1[H:19])([C:23]1=[C:25]([H:27])[C:29]([H:31])=[C:33]([H:73])[C:35]([H:75])=[C:37]1[H:39])[C:41]1=[C:43]([H:45])[C:47]([H:49])=[C:51]([H:53])[C:55]([H:57])=[C:59]1[H:61])(<-[Cl-:65])<-[Cl-:66],[H]OC([H])([H])[H],CC(C)[C@@H](C(O)=O)C1=CC(C)=CC=C1,CC(C)[C@H](C(O)=O)C1=CC(C)=CC=C1,C/C(C)=C(C(O)=O)\C1=CC(C)=CC=C1,60,20,,,,2
IAW00001147,CAT-60,SOL-1,,,REA-17,[Pd+2]123(<-[N:2]4=[C:12]([C:13]([N-:5]->1[C@:14]([C@:15]([H:34])([H:35])[H:36])([C:16]1=[N:8]->2[C:20]([H:33])=[C:19]([H:32])[C:18]([H:31])=[C:17]1[H:30])[H:29])=[O:9])[C:11]([H:28])=[C:10]([H:27])[C:7]([H:26])=[C:4]4[C@:1]([F:23])([F:24])[F:25])<-[O-:3][C:21](=[O:6]->3)[C@:22]([H:37])([H:38])[H:39],[H]OC([H])([H])[H],CC(C)[C@@H](C(O)=O)C1=CC(C)=CC=C1,CC(C)[C@H](C(O)=O)C1=CC(C)=CC=C1,C/C(C)=C(C(O)=O)\C1=CC(C)=CC=C1,60,20,,,,2
IAW00001148,CAT-61,SOL-1,,,REA-17,[Cr+3]123(<-[Cl-:1])<-[N:2]([C@:6]4([H:7])[C@:8]([H:9])([H:10])[C@@:11]([H:12])([H:13])[C@@:14]([H:78])([H:79])[C@@:15]([H:16])([H:17])[C@:18]4([N:3]->1=[C:42]([H:43])[C:44]1=[C:45]([O-:5]->2)[C:46]([C@:52]([C@:54]([H:55])([H:56])[H:57])([C@:58]([H:59])([H:60])[H:61])[C@:62]([H:63])([H:64])[H:65])=[C:47]([H:48])[C:49]([C@:53]([C@:66]([H:67])([H:68])[H:69])([C@:70]([H:71])([H:72])[H:73])[C@:74]([H:75])([H:76])[H:77])=[C:50]1[H:51])[H:19])=[C:20]([H:21])[C:22]1=[C:23]([O-:4]->3)[C:24]([C@@:80]([C@:31]([H:32])([H:33])[H:83])([C@@:84]([H:89])([H:90])[H:91])[C@@:85]([H:30])([H:92])[H:93])=[C:25]([H:81])[C:26]([C@@:29]([C@:34]([H:35])([H:36])[H:37])([C@:38]([H:39])([H:40])[H:41])[C@:82]([H:86])([H:87])[H:88])=[C:27]1[H:28],[H]OC([H])([H])[H],CC(C)[C@@H](C(O)=O)C1=CC(C)=CC=C1,CC(C)[C@H](C(O)=O)C1=CC(C)=CC=C1,C/C(C)=C(C(O)=O)\C1=CC(C)=CC=C1,50,60,,,,2
IAW00001149,CAT-62,SOL-1,,,REA-17,[Mn+3]123(<-[Cl-:1])<-[O-:2][C:6]4=[C:7]([C@:42]([C@:44]([H:45])([H:46])[H:47])([C@:48]([H:49])([H:50])[H:51])[C@@:79]([H:43])([H:86])[H:87])[C:8]([H:9])=[C:10]([C@@:52]([C@:53]([H:54])([H:55])[H:56])([C@:57]([H:58])([H:59])[H:80])[C@:60]([H:61])([H:62])[H:81])[C:11]([H:12])=[C:13]4[C:14](=[N:4]->1[C@:16]1([H:17])[C@:18]([H:19])([H:20])[C@@:21]([H:22])([H:23])[C@:24]([H:25])([H:26])[C@@:27]([H:28])([H:29])[C@:30]1([N:5]->2=[C:32]([H:33])[C:34]1=[C:35]([H:36])[C:37]([C@@:63]([C@:64]([H:65])([H:66])[H:67])([C@:68]([H:69])([H:70])[H:82])[C@:71]([H:72])([H:73])[H:74])=[C:38]([H:39])[C:40]([C@:78]([C@@:75]([H:76])([H:77])[H:83])([C@:84]([H:88])([H:89])[H:90])[C@:85]([H:91])([H:92])[H:93])=[C:41]1[O-:3]->3)[H:31])[H:15],[H]OC([H])([H])[H],CC(C)[C@@H](C(O)=O)C1=CC(C)=CC=C1,CC(C)[C@H](C(O)=O)C1=CC(C)=CC=C1,C/C(C)=C(C(O)=O)\C1=CC(C)=CC=C1,50,60,,,,2
IAW00001150,CAT-1,SOL-1,,,REA-18,[Ru+2]123(<-[P:1]([C:7]4=[C:8]([H:40])[C:60]([H:66])=[C:67]5[C:61](=[C:9]4[C:15]4=[C:14]6[C:13](=[C:12]([H:42])[C:11]([H:41])=[C:10]4[P:2]->1([C:28]1=[C:29]([H:54])[C:30]([H:55])=[C:31]([H:56])[C:32]([H:57])=[C:33]1[H:58])[C:34]1=[C:35]([H:59])[C:65]([H:74])=[C:75]([H:82])[C:73]([H:81])=[C:64]1[H:72])[C:62]([H:43])=[C:69]([H:79])[C:71]([H:80])=[C:63]6[H:70])[C:68]([H:77])=[C:78]([H:85])[C:83]([H:86])=[C:76]5[H:84])([C:16]1=[C:21]([H:48])[C:20]([H:47])=[C:19]([H:46])[C:18]([H:45])=[C:17]1[H:44])[C:22]1=[C:27]([H:53])[C:26]([H:52])=[C:25]([H:51])[C:24]([H:50])=[C:23]1[H:49])(<-[O-:3][C:36](=[O:4]->2)[C@@:37]([H:87])([H:88])[H:92])<-[O:5]=[C:38]([O-:6]->3)[C@@:39]([H:89])([H:90])[H:91],[H]OC([H])([H])[H],CC(C)[C@@H](C(O)=O)C1=CC=C(C(C)C)C=C1,CC(C)[C@H](C(O)=O)C1=CC=C(C(C)C)C=C1,C/C(C)=C(C(O)=O)\C1=CC=C(C(C)C)C=C1,60,5,,,,2
IAW00001151,CAT-1,SOL-1,,,REA-18,[Ru+2]123(<-[P:1]([C:7]4=[C:8]([H:40])[C:60]([H:66])=[C:67]5[C:61](=[C:9]4[C:15]4=[C:14]6[C:13](=[C:12]([H:42])[C:11]([H:41])=[C:10]4[P:2]->1([C:28]1=[C:29]([H:54])[C:30]([H:55])=[C:31]([H:56])[C:32]([H:57])=[C:33]1[H:58])[C:34]1=[C:35]([H:59])[C:65]([H:74])=[C:75]([H:82])[C:73]([H:81])=[C:64]1[H:72])[C:62]([H:43])=[C:69]([H:79])[C:71]([H:80])=[C:63]6[H:70])[C:68]([H:77])=[C:78]([H:85])[C:83]([H:86])=[C:76]5[H:84])([C:16]1=[C:21]([H:48])[C:20]([H:47])=[C:19]([H:46])[C:18]([H:45])=[C:17]1[H:44])[C:22]1=[C:27]([H:53])[C:26]([H:52])=[C:25]([H:51])[C:24]([H:50])=[C:23]1[H:49])(<-[O-:3][C:36](=[O:4]->2)[C@@:37]([H:87])([H:88])[H:92])<-[O:5]=[C:38]([O-:6]->3)[C@@:39]([H:89])([H:90])[H:91],[H]OC([H])([H])[H],CC(C)[C@@H](C(O)=O)C1=CC=C(C(C)C)C=C1,CC(C)[C@H](C(O)=O)C1=CC=C(C(C)C)C=C1,C/C(C)=C(C(O)=O)\C1=CC=C(C(C)C)C=C1,60,10,,,,2
IAW00001152,CAT-1,SOL-1,,,REA-18,[Ru+2]123(<-[P:1]([C:7]4=[C:8]([H:40])[C:60]([H:66])=[C:67]5[C:61](=[C:9]4[C:15]4=[C:14]6[C:13](=[C:12]([H:42])[C:11]([H:41])=[C:10]4[P:2]->1([C:28]1=[C:29]([H:54])[C:30]([H:55])=[C:31]([H:56])[C:32]([H:57])=[C:33]1[H:58])[C:34]1=[C:35]([H:59])[C:65]([H:74])=[C:75]([H:82])[C:73]([H:81])=[C:64]1[H:72])[C:62]([H:43])=[C:69]([H:79])[C:71]([H:80])=[C:63]6[H:70])[C:68]([H:77])=[C:78]([H:85])[C:83]([H:86])=[C:76]5[H:84])([C:16]1=[C:21]([H:48])[C:20]([H:47])=[C:19]([H:46])[C:18]([H:45])=[C:17]1[H:44])[C:22]1=[C:27]([H:53])[C:26]([H:52])=[C:25]([H:51])[C:24]([H:50])=[C:23]1[H:49])(<-[O-:3][C:36](=[O:4]->2)[C@@:37]([H:87])([H:88])[H:92])<-[O:5]=[C:38]([O-:6]->3)[C@@:39]([H:89])([H:90])[H:91],[H]OC([H])([H])[H],CC(C)[C@@H](C(O)=O)C1=CC=C(C(C)C)C=C1,CC(C)[C@H](C(O)=O)C1=CC=C(C(C)C)C=C1,C/C(C)=C(C(O)=O)\C1=CC=C(C(C)C)C=C1,60,30,,,,2
IAW00001153,CAT-1,SOL-1,,,REA-18,[Ru+2]123(<-[P:1]([C:7]4=[C:8]([H:40])[C:60]([H:66])=[C:67]5[C:61](=[C:9]4[C:15]4=[C:14]6[C:13](=[C:12]([H:42])[C:11]([H:41])=[C:10]4[P:2]->1([C:28]1=[C:29]([H:54])[C:30]([H:55])=[C:31]([H:56])[C:32]([H:57])=[C:33]1[H:58])[C:34]1=[C:35]([H:59])[C:65]([H:74])=[C:75]([H:82])[C:73]([H:81])=[C:64]1[H:72])[C:62]([H:43])=[C:69]([H:79])[C:71]([H:80])=[C:63]6[H:70])[C:68]([H:77])=[C:78]([H:85])[C:83]([H:86])=[C:76]5[H:84])([C:16]1=[C:21]([H:48])[C:20]([H:47])=[C:19]([H:46])[C:18]([H:45])=[C:17]1[H:44])[C:22]1=[C:27]([H:53])[C:26]([H:52])=[C:25]([H:51])[C:24]([H:50])=[C:23]1[H:49])(<-[O-:3][C:36](=[O:4]->2)[C@@:37]([H:87])([H:88])[H:92])<-[O:5]=[C:38]([O-:6]->3)[C@@:39]([H:89])([H:90])[H:91],[H]OC([H])([H])[H],CC(C)[C@@H](C(O)=O)C1=CC=C(C(C)C)C=C1,CC(C)[C@H](C(O)=O)C1=CC=C(C(C)C)C=C1,C/C(C)=C(C(O)=O)\C1=CC=C(C(C)C)C=C1,60,50,,,,2
IAW00001154,CAT-1,SOL-1,,,REA-18,[Ru+2]123(<-[P:1]([C:7]4=[C:8]([H:40])[C:60]([H:66])=[C:67]5[C:61](=[C:9]4[C:15]4=[C:14]6[C:13](=[C:12]([H:42])[C:11]([H:41])=[C:10]4[P:2]->1([C:28]1=[C:29]([H:54])[C:30]([H:55])=[C:31]([H:56])[C:32]([H:57])=[C:33]1[H:58])[C:34]1=[C:35]([H:59])[C:65]([H:74])=[C:75]([H:82])[C:73]([H:81])=[C:64]1[H:72])[C:62]([H:43])=[C:69]([H:79])[C:71]([H:80])=[C:63]6[H:70])[C:68]([H:77])=[C:78]([H:85])[C:83]([H:86])=[C:76]5[H:84])([C:16]1=[C:21]([H:48])[C:20]([H:47])=[C:19]([H:46])[C:18]([H:45])=[C:17]1[H:44])[C:22]1=[C:27]([H:53])[C:26]([H:52])=[C:25]([H:51])[C:24]([H:50])=[C:23]1[H:49])(<-[O-:3][C:36](=[O:4]->2)[C@@:37]([H:87])([H:88])[H:92])<-[O:5]=[C:38]([O-:6]->3)[C@@:39]([H:89])([H:90])[H:91],[H]OC([H])([H])[H],CC(C)[C@@H](C(O)=O)C1=CC=C(C(C)C)C=C1,CC(C)[C@H](C(O)=O)C1=CC=C(C(C)C)C=C1,C/C(C)=C(C(O)=O)\C1=CC=C(C(C)C)C=C1,60,70,,,,2
IAW00001155,CAT-1,SOL-1,,,REA-18,[Ru+2]123(<-[P:1]([C:7]4=[C:8]([H:40])[C:60]([H:66])=[C:67]5[C:61](=[C:9]4[C:15]4=[C:14]6[C:13](=[C:12]([H:42])[C:11]([H:41])=[C:10]4[P:2]->1([C:28]1=[C:29]([H:54])[C:30]([H:55])=[C:31]([H:56])[C:32]([H:57])=[C:33]1[H:58])[C:34]1=[C:35]([H:59])[C:65]([H:74])=[C:75]([H:82])[C:73]([H:81])=[C:64]1[H:72])[C:62]([H:43])=[C:69]([H:79])[C:71]([H:80])=[C:63]6[H:70])[C:68]([H:77])=[C:78]([H:85])[C:83]([H:86])=[C:76]5[H:84])([C:16]1=[C:21]([H:48])[C:20]([H:47])=[C:19]([H:46])[C:18]([H:45])=[C:17]1[H:44])[C:22]1=[C:27]([H:53])[C:26]([H:52])=[C:25]([H:51])[C:24]([H:50])=[C:23]1[H:49])(<-[O-:3][C:36](=[O:4]->2)[C@@:37]([H:87])([H:88])[H:92])<-[O:5]=[C:38]([O-:6]->3)[C@@:39]([H:89])([H:90])[H:91],[H]OC([H])([H])[H],CC(C)[C@@H](C(O)=O)C1=CC=C(C(C)C)C=C1,CC(C)[C@H](C(O)=O)C1=CC=C(C(C)C)C=C1,C/C(C)=C(C(O)=O)\C1=CC=C(C(C)C)C=C1,60,90,,,,2
IAW00001156,CAT-1,SOL-1,,,REA-18,[Ru+2]123(<-[P:1]([C:7]4=[C:8]([H:40])[C:60]([H:66])=[C:67]5[C:61](=[C:9]4[C:15]4=[C:14]6[C:13](=[C:12]([H:42])[C:11]([H:41])=[C:10]4[P:2]->1([C:28]1=[C:29]([H:54])[C:30]([H:55])=[C:31]([H:56])[C:32]([H:57])=[C:33]1[H:58])[C:34]1=[C:35]([H:59])[C:65]([H:74])=[C:75]([H:82])[C:73]([H:81])=[C:64]1[H:72])[C:62]([H:43])=[C:69]([H:79])[C:71]([H:80])=[C:63]6[H:70])[C:68]([H:77])=[C:78]([H:85])[C:83]([H:86])=[C:76]5[H:84])([C:16]1=[C:21]([H:48])[C:20]([H:47])=[C:19]([H:46])[C:18]([H:45])=[C:17]1[H:44])[C:22]1=[C:27]([H:53])[C:26]([H:52])=[C:25]([H:51])[C:24]([H:50])=[C:23]1[H:49])(<-[O-:3][C:36](=[O:4]->2)[C@@:37]([H:87])([H:88])[H:92])<-[O:5]=[C:38]([O-:6]->3)[C@@:39]([H:89])([H:90])[H:91],[H]OC([H])([H])[H],CC(C)[C@@H](C(O)=O)C1=CC=C(C(C)C)C=C1,CC(C)[C@H](C(O)=O)C1=CC=C(C(C)C)C=C1,C/C(C)=C(C(O)=O)\C1=CC=C(C(C)C)C=C1,60,100,,,,2
IAW00001157,CAT-1,SOL-1,,,REA-18,[Ru+2]123(<-[P:1]([C:7]4=[C:8]([H:40])[C:60]([H:66])=[C:67]5[C:61](=[C:9]4[C:15]4=[C:14]6[C:13](=[C:12]([H:42])[C:11]([H:41])=[C:10]4[P:2]->1([C:28]1=[C:29]([H:54])[C:30]([H:55])=[C:31]([H:56])[C:32]([H:57])=[C:33]1[H:58])[C:34]1=[C:35]([H:59])[C:65]([H:74])=[C:75]([H:82])[C:73]([H:81])=[C:64]1[H:72])[C:62]([H:43])=[C:69]([H:79])[C:71]([H:80])=[C:63]6[H:70])[C:68]([H:77])=[C:78]([H:85])[C:83]([H:86])=[C:76]5[H:84])([C:16]1=[C:21]([H:48])[C:20]([H:47])=[C:19]([H:46])[C:18]([H:45])=[C:17]1[H:44])[C:22]1=[C:27]([H:53])[C:26]([H:52])=[C:25]([H:51])[C:24]([H:50])=[C:23]1[H:49])(<-[O-:3][C:36](=[O:4]->2)[C@@:37]([H:87])([H:88])[H:92])<-[O:5]=[C:38]([O-:6]->3)[C@@:39]([H:89])([H:90])[H:91],[H]OC([H])([H])[H],CC(C)[C@@H](C(O)=O)C1=CC=C(C(C)C)C=C1,CC(C)[C@H](C(O)=O)C1=CC=C(C(C)C)C=C1,C/C(C)=C(C(O)=O)\C1=CC=C(C(C)C)C=C1,50,100,,,,2
IAW00001158,CAT-1,SOL-1,,,REA-18,[Ru+2]123(<-[P:1]([C:7]4=[C:8]([H:40])[C:60]([H:66])=[C:67]5[C:61](=[C:9]4[C:15]4=[C:14]6[C:13](=[C:12]([H:42])[C:11]([H:41])=[C:10]4[P:2]->1([C:28]1=[C:29]([H:54])[C:30]([H:55])=[C:31]([H:56])[C:32]([H:57])=[C:33]1[H:58])[C:34]1=[C:35]([H:59])[C:65]([H:74])=[C:75]([H:82])[C:73]([H:81])=[C:64]1[H:72])[C:62]([H:43])=[C:69]([H:79])[C:71]([H:80])=[C:63]6[H:70])[C:68]([H:77])=[C:78]([H:85])[C:83]([H:86])=[C:76]5[H:84])([C:16]1=[C:21]([H:48])[C:20]([H:47])=[C:19]([H:46])[C:18]([H:45])=[C:17]1[H:44])[C:22]1=[C:27]([H:53])[C:26]([H:52])=[C:25]([H:51])[C:24]([H:50])=[C:23]1[H:49])(<-[O-:3][C:36](=[O:4]->2)[C@@:37]([H:87])([H:88])[H:92])<-[O:5]=[C:38]([O-:6]->3)[C@@:39]([H:89])([H:90])[H:91],[H]OC([H])([H])[H],CC(C)[C@@H](C(O)=O)C1=CC=C(C(C)C)C=C1,CC(C)[C@H](C(O)=O)C1=CC=C(C(C)C)C=C1,C/C(C)=C(C(O)=O)\C1=CC=C(C(C)C)C=C1,40,100,,,,2
IAW00001159,CAT-2,SOL-1,,,REA-18,[Ru+2]123(<-[P:1]([C:9]4=[C:17]([H:19])[C:11]([H:67])=[C:27]([H:68])[C:41]([H:69])=[C:13]4[H:15])([C:25]4=[C:31]([H:33])[C:23]([H:70])=[C:43]([H:71])[C:53]([H:72])=[C:49]4[H:51])[C:39]4=[C:21]([C:22]5=[C:8]6[O:4][C@:56]([H:58])([H:60])[O:6][C:30]6=[C:36]([H:38])[C:46]([H:48])=[C:40]5[P:2]->1([C:10]1=[C:14]([H:16])[C:42]([H:64])=[C:28]([H:65])[C:12]([H:66])=[C:18]1[H:20])[C:26]1=[C:32]([H:34])[C:24]([H:63])=[C:44]([H:62])[C:54]([H:61])=[C:50]1[H:52])[C:7]1=[C:29]([O:5][C@@:55]([H:57])([H:59])[O:3]1)[C:35]([H:37])=[C:45]4[H:47])(<-[O-:75][C:73](=[O:77]->2)[C@@:79]([H:80])([H:81])[H:85])<-[O-:76][C:74](=[O:78]->3)[C@:82]([H:83])([H:84])[H:86],[H]OC([H])([H])[H],CC(C)[C@@H](C(O)=O)C1=CC=C(C(C)C)C=C1,CC(C)[C@H](C(O)=O)C1=CC=C(C(C)C)C=C1,C/C(C)=C(C(O)=O)\C1=CC=C(C(C)C)C=C1,60,10,,,,2
IAW00001160,CAT-2,SOL-1,,,REA-18,[Ru+2]123(<-[P:1]([C:9]4=[C:17]([H:19])[C:11]([H:67])=[C:27]([H:68])[C:41]([H:69])=[C:13]4[H:15])([C:25]4=[C:31]([H:33])[C:23]([H:70])=[C:43]([H:71])[C:53]([H:72])=[C:49]4[H:51])[C:39]4=[C:21]([C:22]5=[C:8]6[O:4][C@:56]([H:58])([H:60])[O:6][C:30]6=[C:36]([H:38])[C:46]([H:48])=[C:40]5[P:2]->1([C:10]1=[C:14]([H:16])[C:42]([H:64])=[C:28]([H:65])[C:12]([H:66])=[C:18]1[H:20])[C:26]1=[C:32]([H:34])[C:24]([H:63])=[C:44]([H:62])[C:54]([H:61])=[C:50]1[H:52])[C:7]1=[C:29]([O:5][C@@:55]([H:57])([H:59])[O:3]1)[C:35]([H:37])=[C:45]4[H:47])(<-[O-:75][C:73](=[O:77]->2)[C@@:79]([H:80])([H:81])[H:85])<-[O-:76][C:74](=[O:78]->3)[C@:82]([H:83])([H:84])[H:86],[H]OC([H])([H])[H],CC(C)[C@@H](C(O)=O)C1=CC=C(C(C)C)C=C1,CC(C)[C@H](C(O)=O)C1=CC=C(C(C)C)C=C1,C/C(C)=C(C(O)=O)\C1=CC=C(C(C)C)C=C1,60,30,,,,2
IAW00001161,CAT-2,SOL-1,,,REA-18,[Ru+2]123(<-[P:1]([C:9]4=[C:17]([H:19])[C:11]([H:67])=[C:27]([H:68])[C:41]([H:69])=[C:13]4[H:15])([C:25]4=[C:31]([H:33])[C:23]([H:70])=[C:43]([H:71])[C:53]([H:72])=[C:49]4[H:51])[C:39]4=[C:21]([C:22]5=[C:8]6[O:4][C@:56]([H:58])([H:60])[O:6][C:30]6=[C:36]([H:38])[C:46]([H:48])=[C:40]5[P:2]->1([C:10]1=[C:14]([H:16])[C:42]([H:64])=[C:28]([H:65])[C:12]([H:66])=[C:18]1[H:20])[C:26]1=[C:32]([H:34])[C:24]([H:63])=[C:44]([H:62])[C:54]([H:61])=[C:50]1[H:52])[C:7]1=[C:29]([O:5][C@@:55]([H:57])([H:59])[O:3]1)[C:35]([H:37])=[C:45]4[H:47])(<-[O-:75][C:73](=[O:77]->2)[C@@:79]([H:80])([H:81])[H:85])<-[O-:76][C:74](=[O:78]->3)[C@:82]([H:83])([H:84])[H:86],[H]OC([H])([H])[H],CC(C)[C@@H](C(O)=O)C1=CC=C(C(C)C)C=C1,CC(C)[C@H](C(O)=O)C1=CC=C(C(C)C)C=C1,C/C(C)=C(C(O)=O)\C1=CC=C(C(C)C)C=C1,60,50,,,,2
IAW00001162,CAT-2,SOL-1,,,REA-18,[Ru+2]123(<-[P:1]([C:9]4=[C:17]([H:19])[C:11]([H:67])=[C:27]([H:68])[C:41]([H:69])=[C:13]4[H:15])([C:25]4=[C:31]([H:33])[C:23]([H:70])=[C:43]([H:71])[C:53]([H:72])=[C:49]4[H:51])[C:39]4=[C:21]([C:22]5=[C:8]6[O:4][C@:56]([H:58])([H:60])[O:6][C:30]6=[C:36]([H:38])[C:46]([H:48])=[C:40]5[P:2]->1([C:10]1=[C:14]([H:16])[C:42]([H:64])=[C:28]([H:65])[C:12]([H:66])=[C:18]1[H:20])[C:26]1=[C:32]([H:34])[C:24]([H:63])=[C:44]([H:62])[C:54]([H:61])=[C:50]1[H:52])[C:7]1=[C:29]([O:5][C@@:55]([H:57])([H:59])[O:3]1)[C:35]([H:37])=[C:45]4[H:47])(<-[O-:75][C:73](=[O:77]->2)[C@@:79]([H:80])([H:81])[H:85])<-[O-:76][C:74](=[O:78]->3)[C@:82]([H:83])([H:84])[H:86],[H]OC([H])([H])[H],CC(C)[C@@H](C(O)=O)C1=CC=C(C(C)C)C=C1,CC(C)[C@H](C(O)=O)C1=CC=C(C(C)C)C=C1,C/C(C)=C(C(O)=O)\C1=CC=C(C(C)C)C=C1,60,70,,,,2
IAW00001163,CAT-2,SOL-1,,,REA-18,[Ru+2]123(<-[P:1]([C:9]4=[C:17]([H:19])[C:11]([H:67])=[C:27]([H:68])[C:41]([H:69])=[C:13]4[H:15])([C:25]4=[C:31]([H:33])[C:23]([H:70])=[C:43]([H:71])[C:53]([H:72])=[C:49]4[H:51])[C:39]4=[C:21]([C:22]5=[C:8]6[O:4][C@:56]([H:58])([H:60])[O:6][C:30]6=[C:36]([H:38])[C:46]([H:48])=[C:40]5[P:2]->1([C:10]1=[C:14]([H:16])[C:42]([H:64])=[C:28]([H:65])[C:12]([H:66])=[C:18]1[H:20])[C:26]1=[C:32]([H:34])[C:24]([H:63])=[C:44]([H:62])[C:54]([H:61])=[C:50]1[H:52])[C:7]1=[C:29]([O:5][C@@:55]([H:57])([H:59])[O:3]1)[C:35]([H:37])=[C:45]4[H:47])(<-[O-:75][C:73](=[O:77]->2)[C@@:79]([H:80])([H:81])[H:85])<-[O-:76][C:74](=[O:78]->3)[C@:82]([H:83])([H:84])[H:86],[H]OC([H])([H])[H],CC(C)[C@@H](C(O)=O)C1=CC=C(C(C)C)C=C1,CC(C)[C@H](C(O)=O)C1=CC=C(C(C)C)C=C1,C/C(C)=C(C(O)=O)\C1=CC=C(C(C)C)C=C1,60,90,,,,2
IAW00001164,CAT-2,SOL-1,,,REA-18,[Ru+2]123(<-[P:1]([C:9]4=[C:17]([H:19])[C:11]([H:67])=[C:27]([H:68])[C:41]([H:69])=[C:13]4[H:15])([C:25]4=[C:31]([H:33])[C:23]([H:70])=[C:43]([H:71])[C:53]([H:72])=[C:49]4[H:51])[C:39]4=[C:21]([C:22]5=[C:8]6[O:4][C@:56]([H:58])([H:60])[O:6][C:30]6=[C:36]([H:38])[C:46]([H:48])=[C:40]5[P:2]->1([C:10]1=[C:14]([H:16])[C:42]([H:64])=[C:28]([H:65])[C:12]([H:66])=[C:18]1[H:20])[C:26]1=[C:32]([H:34])[C:24]([H:63])=[C:44]([H:62])[C:54]([H:61])=[C:50]1[H:52])[C:7]1=[C:29]([O:5][C@@:55]([H:57])([H:59])[O:3]1)[C:35]([H:37])=[C:45]4[H:47])(<-[O-:75][C:73](=[O:77]->2)[C@@:79]([H:80])([H:81])[H:85])<-[O-:76][C:74](=[O:78]->3)[C@:82]([H:83])([H:84])[H:86],[H]OC([H])([H])[H],CC(C)[C@@H](C(O)=O)C1=CC=C(C(C)C)C=C1,CC(C)[C@H](C(O)=O)C1=CC=C(C(C)C)C=C1,C/C(C)=C(C(O)=O)\C1=CC=C(C(C)C)C=C1,60,100,,,,2
IAW00001165,CAT-3,SOL-1,,,REA-18,[Ru+2]123(<-[P:1]([C:13]4=[C:17]([H:19])[C:45]([C@:67]([C@:145]([H:147])([H:149])[H:151])([C@:153]([H:155])([H:157])[H:159])[C@:161]([H:163])([H:165])[H:167])=[C:31]([O:9][C@:121]([H:123])([H:125])[H:127])[C:15]([C@:69]([C@:87]([H:89])([H:91])[H:93])([C@:105]([H:107])([H:109])[H:111])[C@:129]([H:131])([H:133])[H:135])=[C:21]4[H:23])([C:29]4=[C:55]([H:57])[C:71]([C@:103]([C@:95]([H:97])([H:99])[H:101])([C@:137]([H:139])([H:141])[H:143])[C@:171]([H:179])([H:180])[H:181])=[C:47]([O:7][C@@:169]([H:173])([H:174])[H:175])[C:27]([C@@:49]([C@:59]([H:61])([H:63])[H:65])([C@:73]([H:75])([H:77])[H:79])[C@:113]([H:115])([H:117])[H:119])=[C:35]4[H:37])[C:43]4=[C:25]([C:26]5=[C:12]6[O:4][C@:82]([H:84])([H:86])[O:6][C:34]6=[C:40]([H:42])[C:52]([H:54])=[C:44]5[P:2]->1([C:14]1=[C:18]([H:20])[C:46]([C@:68]([C@:146]([H:148])([H:150])[H:152])([C@:154]([H:156])([H:158])[H:160])[C@:162]([H:164])([H:166])[H:168])=[C:32]([O:10][C@:122]([H:124])([H:126])[H:128])[C:16]([C@:70]([C@:88]([H:90])([H:92])[H:94])([C@:106]([H:108])([H:110])[H:112])[C@:130]([H:132])([H:134])[H:136])=[C:22]1[H:24])[C:30]1=[C:36]([H:38])[C:28]([C@@:50]([C@:60]([H:62])([H:64])[H:66])([C@:74]([H:76])([H:78])[H:80])[C@:114]([H:116])([H:118])[H:120])=[C:48]([O:8][C@@:170]([H:176])([H:177])[H:178])[C:72]([C@:104]([C@:96]([H:98])([H:100])[H:102])([C@:138]([H:140])([H:142])[H:144])[C@:172]([H:182])([H:183])[H:184])=[C:56]1[H:58])[C:11]1=[C:33]([O:5][C@@:81]([H:83])([H:85])[O:3]1)[C:39]([H:41])=[C:51]4[H:53])(<-[O:187]=[C:185]([O-:189]->2)[C@@:191]([H:192])([H:193])[H:194])<-[O:188]=[C:186]([O-:190]->3)[C@@:195]([H:196])([H:197])[H:198],[H]OC([H])([H])[H],CC(C)[C@@H](C(O)=O)C1=CC=C(C(C)C)C=C1,CC(C)[C@H](C(O)=O)C1=CC=C(C(C)C)C=C1,C/C(C)=C(C(O)=O)\C1=CC=C(C(C)C)C=C1,60,5,,,,2
IAW00001166,CAT-3,SOL-1,,,REA-18,[Ru+2]123(<-[P:1]([C:13]4=[C:17]([H:19])[C:45]([C@:67]([C@:145]([H:147])([H:149])[H:151])([C@:153]([H:155])([H:157])[H:159])[C@:161]([H:163])([H:165])[H:167])=[C:31]([O:9][C@:121]([H:123])([H:125])[H:127])[C:15]([C@:69]([C@:87]([H:89])([H:91])[H:93])([C@:105]([H:107])([H:109])[H:111])[C@:129]([H:131])([H:133])[H:135])=[C:21]4[H:23])([C:29]4=[C:55]([H:57])[C:71]([C@:103]([C@:95]([H:97])([H:99])[H:101])([C@:137]([H:139])([H:141])[H:143])[C@:171]([H:179])([H:180])[H:181])=[C:47]([O:7][C@@:169]([H:173])([H:174])[H:175])[C:27]([C@@:49]([C@:59]([H:61])([H:63])[H:65])([C@:73]([H:75])([H:77])[H:79])[C@:113]([H:115])([H:117])[H:119])=[C:35]4[H:37])[C:43]4=[C:25]([C:26]5=[C:12]6[O:4][C@:82]([H:84])([H:86])[O:6][C:34]6=[C:40]([H:42])[C:52]([H:54])=[C:44]5[P:2]->1([C:14]1=[C:18]([H:20])[C:46]([C@:68]([C@:146]([H:148])([H:150])[H:152])([C@:154]([H:156])([H:158])[H:160])[C@:162]([H:164])([H:166])[H:168])=[C:32]([O:10][C@:122]([H:124])([H:126])[H:128])[C:16]([C@:70]([C@:88]([H:90])([H:92])[H:94])([C@:106]([H:108])([H:110])[H:112])[C@:130]([H:132])([H:134])[H:136])=[C:22]1[H:24])[C:30]1=[C:36]([H:38])[C:28]([C@@:50]([C@:60]([H:62])([H:64])[H:66])([C@:74]([H:76])([H:78])[H:80])[C@:114]([H:116])([H:118])[H:120])=[C:48]([O:8][C@@:170]([H:176])([H:177])[H:178])[C:72]([C@:104]([C@:96]([H:98])([H:100])[H:102])([C@:138]([H:140])([H:142])[H:144])[C@:172]([H:182])([H:183])[H:184])=[C:56]1[H:58])[C:11]1=[C:33]([O:5][C@@:81]([H:83])([H:85])[O:3]1)[C:39]([H:41])=[C:51]4[H:53])(<-[O:187]=[C:185]([O-:189]->2)[C@@:191]([H:192])([H:193])[H:194])<-[O:188]=[C:186]([O-:190]->3)[C@@:195]([H:196])([H:197])[H:198],[H]OC([H])([H])[H],CC(C)[C@@H](C(O)=O)C1=CC=C(C(C)C)C=C1,CC(C)[C@H](C(O)=O)C1=CC=C(C(C)C)C=C1,C/C(C)=C(C(O)=O)\C1=CC=C(C(C)C)C=C1,60,10,,,,2
IAW00001167,CAT-3,SOL-1,,,REA-18,[Ru+2]123(<-[P:1]([C:13]4=[C:17]([H:19])[C:45]([C@:67]([C@:145]([H:147])([H:149])[H:151])([C@:153]([H:155])([H:157])[H:159])[C@:161]([H:163])([H:165])[H:167])=[C:31]([O:9][C@:121]([H:123])([H:125])[H:127])[C:15]([C@:69]([C@:87]([H:89])([H:91])[H:93])([C@:105]([H:107])([H:109])[H:111])[C@:129]([H:131])([H:133])[H:135])=[C:21]4[H:23])([C:29]4=[C:55]([H:57])[C:71]([C@:103]([C@:95]([H:97])([H:99])[H:101])([C@:137]([H:139])([H:141])[H:143])[C@:171]([H:179])([H:180])[H:181])=[C:47]([O:7][C@@:169]([H:173])([H:174])[H:175])[C:27]([C@@:49]([C@:59]([H:61])([H:63])[H:65])([C@:73]([H:75])([H:77])[H:79])[C@:113]([H:115])([H:117])[H:119])=[C:35]4[H:37])[C:43]4=[C:25]([C:26]5=[C:12]6[O:4][C@:82]([H:84])([H:86])[O:6][C:34]6=[C:40]([H:42])[C:52]([H:54])=[C:44]5[P:2]->1([C:14]1=[C:18]([H:20])[C:46]([C@:68]([C@:146]([H:148])([H:150])[H:152])([C@:154]([H:156])([H:158])[H:160])[C@:162]([H:164])([H:166])[H:168])=[C:32]([O:10][C@:122]([H:124])([H:126])[H:128])[C:16]([C@:70]([C@:88]([H:90])([H:92])[H:94])([C@:106]([H:108])([H:110])[H:112])[C@:130]([H:132])([H:134])[H:136])=[C:22]1[H:24])[C:30]1=[C:36]([H:38])[C:28]([C@@:50]([C@:60]([H:62])([H:64])[H:66])([C@:74]([H:76])([H:78])[H:80])[C@:114]([H:116])([H:118])[H:120])=[C:48]([O:8][C@@:170]([H:176])([H:177])[H:178])[C:72]([C@:104]([C@:96]([H:98])([H:100])[H:102])([C@:138]([H:140])([H:142])[H:144])[C@:172]([H:182])([H:183])[H:184])=[C:56]1[H:58])[C:11]1=[C:33]([O:5][C@@:81]([H:83])([H:85])[O:3]1)[C:39]([H:41])=[C:51]4[H:53])(<-[O:187]=[C:185]([O-:189]->2)[C@@:191]([H:192])([H:193])[H:194])<-[O:188]=[C:186]([O-:190]->3)[C@@:195]([H:196])([H:197])[H:198],[H]OC([H])([H])[H],CC(C)[C@@H](C(O)=O)C1=CC=C(C(C)C)C=C1,CC(C)[C@H](C(O)=O)C1=CC=C(C(C)C)C=C1,C/C(C)=C(C(O)=O)\C1=CC=C(C(C)C)C=C1,60,30,,,,2
IAW00001168,CAT-3,SOL-1,,,REA-18,[Ru+2]123(<-[P:1]([C:13]4=[C:17]([H:19])[C:45]([C@:67]([C@:145]([H:147])([H:149])[H:151])([C@:153]([H:155])([H:157])[H:159])[C@:161]([H:163])([H:165])[H:167])=[C:31]([O:9][C@:121]([H:123])([H:125])[H:127])[C:15]([C@:69]([C@:87]([H:89])([H:91])[H:93])([C@:105]([H:107])([H:109])[H:111])[C@:129]([H:131])([H:133])[H:135])=[C:21]4[H:23])([C:29]4=[C:55]([H:57])[C:71]([C@:103]([C@:95]([H:97])([H:99])[H:101])([C@:137]([H:139])([H:141])[H:143])[C@:171]([H:179])([H:180])[H:181])=[C:47]([O:7][C@@:169]([H:173])([H:174])[H:175])[C:27]([C@@:49]([C@:59]([H:61])([H:63])[H:65])([C@:73]([H:75])([H:77])[H:79])[C@:113]([H:115])([H:117])[H:119])=[C:35]4[H:37])[C:43]4=[C:25]([C:26]5=[C:12]6[O:4][C@:82]([H:84])([H:86])[O:6][C:34]6=[C:40]([H:42])[C:52]([H:54])=[C:44]5[P:2]->1([C:14]1=[C:18]([H:20])[C:46]([C@:68]([C@:146]([H:148])([H:150])[H:152])([C@:154]([H:156])([H:158])[H:160])[C@:162]([H:164])([H:166])[H:168])=[C:32]([O:10][C@:122]([H:124])([H:126])[H:128])[C:16]([C@:70]([C@:88]([H:90])([H:92])[H:94])([C@:106]([H:108])([H:110])[H:112])[C@:130]([H:132])([H:134])[H:136])=[C:22]1[H:24])[C:30]1=[C:36]([H:38])[C:28]([C@@:50]([C@:60]([H:62])([H:64])[H:66])([C@:74]([H:76])([H:78])[H:80])[C@:114]([H:116])([H:118])[H:120])=[C:48]([O:8][C@@:170]([H:176])([H:177])[H:178])[C:72]([C@:104]([C@:96]([H:98])([H:100])[H:102])([C@:138]([H:140])([H:142])[H:144])[C@:172]([H:182])([H:183])[H:184])=[C:56]1[H:58])[C:11]1=[C:33]([O:5][C@@:81]([H:83])([H:85])[O:3]1)[C:39]([H:41])=[C:51]4[H:53])(<-[O:187]=[C:185]([O-:189]->2)[C@@:191]([H:192])([H:193])[H:194])<-[O:188]=[C:186]([O-:190]->3)[C@@:195]([H:196])([H:197])[H:198],[H]OC([H])([H])[H],CC(C)[C@@H](C(O)=O)C1=CC=C(C(C)C)C=C1,CC(C)[C@H](C(O)=O)C1=CC=C(C(C)C)C=C1,C/C(C)=C(C(O)=O)\C1=CC=C(C(C)C)C=C1,60,50,,,,2
IAW00001169,CAT-63,SOL-1,,,REA-18,[Ru+2]123(<-[P:1]([C:13]4=[C:17]([H:19])[C:45]([C@:67]([C@:145]([H:147])([H:149])[H:151])([C@:153]([H:155])([H:157])[H:159])[C@:161]([H:163])([H:165])[H:167])=[C:31]([O:9][C@:121]([H:123])([H:125])[H:127])[C:15]([C@:69]([C@:87]([H:89])([H:91])[H:93])([C@:105]([H:107])([H:109])[H:111])[C@:129]([H:131])([H:133])[H:135])=[C:21]4[H:23])([C:29]4=[C:55]([H:57])[C:71]([C@:103]([C@:95]([H:97])([H:99])[H:101])([C@:137]([H:139])([H:141])[H:143])[C@:171]([H:179])([H:180])[H:181])=[C:47]([O:7][C@@:169]([H:173])([H:174])[H:175])[C:27]([C@@:49]([C@:59]([H:61])([H:63])[H:65])([C@:73]([H:75])([H:77])[H:79])[C@:113]([H:115])([H:117])[H:119])=[C:35]4[H:37])[C:43]4=[C:25]([C:26]5=[C:12]6[O:4][C@:82]([H:84])([H:86])[O:6][C:34]6=[C:40]([H:42])[C:52]([H:54])=[C:44]5[P:2]->1([C:14]1=[C:18]([H:20])[C:46]([C@:68]([C@:146]([H:148])([H:150])[H:152])([C@:154]([H:156])([H:158])[H:160])[C@:162]([H:164])([H:166])[H:168])=[C:32]([O:10][C@:122]([H:124])([H:126])[H:128])[C:16]([C@:70]([C@:88]([H:90])([H:92])[H:94])([C@:106]([H:108])([H:110])[H:112])[C@:130]([H:132])([H:134])[H:136])=[C:22]1[H:24])[C:30]1=[C:36]([H:38])[C:28]([C@@:50]([C@:60]([H:62])([H:64])[H:66])([C@:74]([H:76])([H:78])[H:80])[C@:114]([H:116])([H:118])[H:120])=[C:48]([O:8][C@@:170]([H:176])([H:177])[H:178])[C:72]([C@:104]([C@:96]([H:98])([H:100])[H:102])([C@:138]([H:140])([H:142])[H:144])[C@:172]([H:182])([H:183])[H:184])=[C:56]1[H:58])[C:11]1=[C:33]([O:5][C@@:81]([H:83])([H:85])[O:3]1)[C:39]([H:41])=[C:51]4[H:53])(<-[O:187]=[C:185]([O-:189]->2)[C@@:191]([H:192])([H:193])[H:194])<-[O:188]=[C:186]([O-:190]->3)[C@@:195]([H:196])([H:197])[H:198],[H]OC([H])([H])[H],CC(C)[C@@H](C(O)=O)C1=CC=C(C(C)C)C=C1,CC(C)[C@H](C(O)=O)C1=CC=C(C(C)C)C=C1,C/C(C)=C(C(O)=O)\C1=CC=C(C(C)C)C=C1,60,50,,,,2
IAW00001170,CAT-3,SOL-1,,,REA-18,[H]c1c([H])c2[P](c3c([H])c(C(C([H])([H])[H])(C([H])([H])[H])C([H])([H])[H])c(OC([H])([H])[H])c(C(C([H])([H])[H])(C([H])([H])[H])C([H])([H])[H])c3[H])(c3c([H])c(C(C([H])([H])[H])(C([H])([H])[H])C([H])([H])[H])c(OC([H])([H])[H])c(C(C([H])([H])[H])(C([H])([H])[H])C([H])([H])[H])c3[H])->[Ru+2](<-[O-]C(=O)C([H])([H])[H])(<-[O-]C(=O)C([H])([H])[H])<-[P](c3c([H])c(C(C([H])([H])[H])(C([H])([H])[H])C([H])([H])[H])c(OC([H])([H])[H])c(C(C([H])([H])[H])(C([H])([H])[H])C([H])([H])[H])c3[H])(c3c([H])c(C(C([H])([H])[H])(C([H])([H])[H])C([H])([H])[H])c(OC([H])([H])[H])c(C(C([H])([H])[H])(C([H])([H])[H])C([H])([H])[H])c3[H])c3c([H])c([H])c4c(c3-c2c2c1OC([H])([H])O2)OC([H])([H])O4,[H]OC([H])([H])[H],CC(C)[C@@H](C(O)=O)C1=CC=C(C(C)C)C=C1,CC(C)[C@H](C(O)=O)C1=CC=C(C(C)C)C=C1,C/C(C)=C(C(O)=O)\C1=CC=C(C(C)C)C=C1,60,70,,,,2
IAW00001171,CAT-3,SOL-1,,,REA-18,[Ru+2]123(<-[P:1]([C:13]4=[C:17]([H:19])[C:45]([C@:67]([C@:145]([H:147])([H:149])[H:151])([C@:153]([H:155])([H:157])[H:159])[C@:161]([H:163])([H:165])[H:167])=[C:31]([O:9][C@:121]([H:123])([H:125])[H:127])[C:15]([C@:69]([C@:87]([H:89])([H:91])[H:93])([C@:105]([H:107])([H:109])[H:111])[C@:129]([H:131])([H:133])[H:135])=[C:21]4[H:23])([C:29]4=[C:55]([H:57])[C:71]([C@:103]([C@:95]([H:97])([H:99])[H:101])([C@:137]([H:139])([H:141])[H:143])[C@:171]([H:179])([H:180])[H:181])=[C:47]([O:7][C@@:169]([H:173])([H:174])[H:175])[C:27]([C@@:49]([C@:59]([H:61])([H:63])[H:65])([C@:73]([H:75])([H:77])[H:79])[C@:113]([H:115])([H:117])[H:119])=[C:35]4[H:37])[C:43]4=[C:25]([C:26]5=[C:12]6[O:4][C@:82]([H:84])([H:86])[O:6][C:34]6=[C:40]([H:42])[C:52]([H:54])=[C:44]5[P:2]->1([C:14]1=[C:18]([H:20])[C:46]([C@:68]([C@:146]([H:148])([H:150])[H:152])([C@:154]([H:156])([H:158])[H:160])[C@:162]([H:164])([H:166])[H:168])=[C:32]([O:10][C@:122]([H:124])([H:126])[H:128])[C:16]([C@:70]([C@:88]([H:90])([H:92])[H:94])([C@:106]([H:108])([H:110])[H:112])[C@:130]([H:132])([H:134])[H:136])=[C:22]1[H:24])[C:30]1=[C:36]([H:38])[C:28]([C@@:50]([C@:60]([H:62])([H:64])[H:66])([C@:74]([H:76])([H:78])[H:80])[C@:114]([H:116])([H:118])[H:120])=[C:48]([O:8][C@@:170]([H:176])([H:177])[H:178])[C:72]([C@:104]([C@:96]([H:98])([H:100])[H:102])([C@:138]([H:140])([H:142])[H:144])[C@:172]([H:182])([H:183])[H:184])=[C:56]1[H:58])[C:11]1=[C:33]([O:5][C@@:81]([H:83])([H:85])[O:3]1)[C:39]([H:41])=[C:51]4[H:53])(<-[O:187]=[C:185]([O-:189]->2)[C@@:191]([H:192])([H:193])[H:194])<-[O:188]=[C:186]([O-:190]->3)[C@@:195]([H:196])([H:197])[H:198],[H]OC([H])([H])[H],CC(C)[C@@H](C(O)=O)C1=CC=C(C(C)C)C=C1,CC(C)[C@H](C(O)=O)C1=CC=C(C(C)C)C=C1,C/C(C)=C(C(O)=O)\C1=CC=C(C(C)C)C=C1,60,90,,,,2
IAW00001172,CAT-3,SOL-1,,,REA-18,[Ru+2]123(<-[P:1]([C:13]4=[C:17]([H:19])[C:45]([C@:67]([C@:145]([H:147])([H:149])[H:151])([C@:153]([H:155])([H:157])[H:159])[C@:161]([H:163])([H:165])[H:167])=[C:31]([O:9][C@:121]([H:123])([H:125])[H:127])[C:15]([C@:69]([C@:87]([H:89])([H:91])[H:93])([C@:105]([H:107])([H:109])[H:111])[C@:129]([H:131])([H:133])[H:135])=[C:21]4[H:23])([C:29]4=[C:55]([H:57])[C:71]([C@:103]([C@:95]([H:97])([H:99])[H:101])([C@:137]([H:139])([H:141])[H:143])[C@:171]([H:179])([H:180])[H:181])=[C:47]([O:7][C@@:169]([H:173])([H:174])[H:175])[C:27]([C@@:49]([C@:59]([H:61])([H:63])[H:65])([C@:73]([H:75])([H:77])[H:79])[C@:113]([H:115])([H:117])[H:119])=[C:35]4[H:37])[C:43]4=[C:25]([C:26]5=[C:12]6[O:4][C@:82]([H:84])([H:86])[O:6][C:34]6=[C:40]([H:42])[C:52]([H:54])=[C:44]5[P:2]->1([C:14]1=[C:18]([H:20])[C:46]([C@:68]([C@:146]([H:148])([H:150])[H:152])([C@:154]([H:156])([H:158])[H:160])[C@:162]([H:164])([H:166])[H:168])=[C:32]([O:10][C@:122]([H:124])([H:126])[H:128])[C:16]([C@:70]([C@:88]([H:90])([H:92])[H:94])([C@:106]([H:108])([H:110])[H:112])[C@:130]([H:132])([H:134])[H:136])=[C:22]1[H:24])[C:30]1=[C:36]([H:38])[C:28]([C@@:50]([C@:60]([H:62])([H:64])[H:66])([C@:74]([H:76])([H:78])[H:80])[C@:114]([H:116])([H:118])[H:120])=[C:48]([O:8][C@@:170]([H:176])([H:177])[H:178])[C:72]([C@:104]([C@:96]([H:98])([H:100])[H:102])([C@:138]([H:140])([H:142])[H:144])[C@:172]([H:182])([H:183])[H:184])=[C:56]1[H:58])[C:11]1=[C:33]([O:5][C@@:81]([H:83])([H:85])[O:3]1)[C:39]([H:41])=[C:51]4[H:53])(<-[O:187]=[C:185]([O-:189]->2)[C@@:191]([H:192])([H:193])[H:194])<-[O:188]=[C:186]([O-:190]->3)[C@@:195]([H:196])([H:197])[H:198],[H]OC([H])([H])[H],CC(C)[C@@H](C(O)=O)C1=CC=C(C(C)C)C=C1,CC(C)[C@H](C(O)=O)C1=CC=C(C(C)C)C=C1,C/C(C)=C(C(O)=O)\C1=CC=C(C(C)C)C=C1,60,100,,,,2
IAW00001173,CAT-4,SOL-1,,,REA-18,[Ru+2]1(<-[Cl-:1])(<-[Cl-:2])<-[P:3]([C:5]2=[C:11]([H:24])[C:23]([H:45])=[C:46]([H:63])[C:25]([H:47])=[C:12]2[H:26])([C:6]2=[C:14]([C:19]3=[C:9]([P:4]->1([C:8]1=[C:17]([H:34])[C:35]([H:54])=[C:55]([H:68])[C:37]([H:56])=[C:18]1[H:36])[C:10]1=[C:22]([H:44])[C:43]([H:62])=[C:61]([H:72])[C:42]([H:60])=[C:21]1[H:41])[C:20]([H:39])=[C:40]([H:59])[C:58]1=[C:38]3[C:57]([H:69])=[C:70]([H:76])[C:77]([H:80])=[C:71]1[H:78])[C:29]1=[C:49]([C:28]([H:48])=[C:13]2[H:27])[C:64]([H:73])=[C:74]([H:79])[C:66]([H:75])=[C:50]1[H:65])[C:7]1=[C:16]([H:32])[C:33]([H:53])=[C:52]([H:67])[C:31]([H:51])=[C:15]1[H:30],[H]OC([H])([H])[H],CC(C)[C@@H](C(O)=O)C1=CC=C(C(C)C)C=C1,CC(C)[C@H](C(O)=O)C1=CC=C(C(C)C)C=C1,C/C(C)=C(C(O)=O)\C1=CC=C(C(C)C)C=C1,60,100,,,,2
IAW00001174,CAT-5,SOL-1,,,REA-18,[Ru+2]123456(<-[P:1]([C:4]7=[C:3]([C:19]8=[C:20]([P:2]->1([C:57]1=[C:66]([H:67])[C:64]([H:65])=[C:62]([H:63])[C:60]([H:61])=[C:58]1[H:59])[C:68]1=[C:69]([H:70])[C:71]([H:72])=[C:73]([H:74])[C:75]([H:76])=[C:77]1[H:78])[C:21]([H:22])=[C:23]([H:24])[C:25]1=[C:26]8[C:27]([H:28])=[C:29]([H:30])[C:31]([H:32])=[C:33]1[H:34])[C:10]1=[C:9]([C:7]([H:8])=[C:5]7[H:6])[C:17]([H:18])=[C:15]([H:16])[C:13]([H:14])=[C:11]1[H:12])([C:35]1=[C:44]([H:45])[C:42]([H:43])=[C:40]([H:41])[C:38]([H:39])=[C:36]1[H:37])[C:46]1=[C:47]([H:48])[C:49]([H:50])=[C:51]([H:52])[C:53]([H:54])=[C:55]1[H:56])(<-[C:79]1([C@:89]([H:90])([H:91])[H:92])=[C:87]->2([H:88])[C:85]->3([H:86])=[C:84]->4([C@:93]([H:94])([C@@:95]([H:101])([H:102])[H:103])[C@@:96]([H:98])([H:99])[H:100])[C:82]->5([H:83])=[C:80]->61[H:81])<-[Cl-:97],[H]OC([H])([H])[H],CC(C)[C@@H](C(O)=O)C1=CC=C(C(C)C)C=C1,CC(C)[C@H](C(O)=O)C1=CC=C(C(C)C)C=C1,C/C(C)=C(C(O)=O)\C1=CC=C(C(C)C)C=C1,60,100,,,,2
IAW00001175,CAT-6,SOL-1,,,REA-18,[Ru+2]123456(<-[Cl-:1])(<-[P:2]([C:5]7=[C:4]([C:20]8=[C:21]([P:3]->1([C:47]1=[C:55]([H:56])[C:53]([H:54])=[C:52]([C@@:100]([H:101])([H:102])[H:103])[C:50]([H:51])=[C:48]1[H:49])[C:57]1=[C:86]([H:58])[C:96]([H:99])=[C:98]([C@@:104]([H:105])([H:106])[H:107])[C:95]([H:97])=[C:85]1[H:94])[C:80]([H:90])=[C:82]([H:92])[C:22]1=[C:23]8[C:24]([H:25])=[C:26]([H:27])[C:28]([H:29])=[C:81]1[H:91])[C:11]1=[C:10]([C:8]([H:9])=[C:6]7[H:7])[C:18]([H:19])=[C:16]([H:17])[C:14]([H:15])=[C:12]1[H:13])([C:30]1=[C:31]([H:32])[C:33]([H:34])=[C:35]([C@@:108]([H:109])([H:110])[H:111])[C:36]([H:37])=[C:38]1[H:39])[C:40]1=[C:41]([H:42])[C:83]([H:93])=[C:84]([C@@:112]([H:113])([H:114])[H:115])[C:43]([H:44])=[C:45]1[H:46])<-[C:59]1([C@:68]([H:69])([H:70])[H:88])=[C:66]->2([H:67])[C:64]->3([H:65])=[C:63]->4([C@:71]([H:72])([C@@:73]([H:74])([H:75])[H:89])[C@:76]([H:77])([H:78])[H:79])[C:61]->5([H:62])=[C:60]->61[H:87],[H]OC([H])([H])[H],CC(C)[C@@H](C(O)=O)C1=CC=C(C(C)C)C=C1,CC(C)[C@H](C(O)=O)C1=CC=C(C(C)C)C=C1,C/C(C)=C(C(O)=O)\C1=CC=C(C(C)C)C=C1,60,100,,,,2
IAW00001176,CAT-7,SOL-1,,,REA-18,[Ru+2]12(<-[Cl-:1])(<-[Cl-:2])(<-[P:3]([C:29]3=[C:38]([C:28]4=[C:21]([P:4]->1([C:52]1=[C:53]([H:99])[C:54]([H:100])=[C:55]([C@:58]([H:102])([H:103])[H:113])[C:56]([H:112])=[C:57]1[H:101])[C:59]1=[C:60]([H:104])[C:114]([H:120])=[C:115]([C@:121]([H:122])([H:123])[H:124])[C:61]([H:105])=[C:62]1[H:106])[C:22]([H:79])=[C:23]([H:80])[C:24]1=[C:27]4[C:26]([H:82])=[C:108]([H:117])[C:107]([H:116])=[C:25]1[H:81])[C:37]1=[C:32]([C:31]([H:84])=[C:30]3[H:83])[C:33]([H:85])=[C:34]([H:109])[C:35]([H:110])=[C:36]1[H:86])([C:39]1=[C:40]([H:87])[C:41]([H:88])=[C:42]([C@:45]([H:91])([H:92])[H:93])[C:43]([H:89])=[C:44]1[H:90])[C:46]1=[C:47]([H:94])[C:48]([H:95])=[C:49]([C@:111]([H:98])([H:118])[H:119])[C:50]([H:96])=[C:51]1[H:97])<-[N:5]([C@@:7]([C@:8]([N:6]->2([H:65])[H:66])([C:15]1=[C:16]([H:74])[C:17]([H:75])=[C:18]([H:76])[C:19]([H:77])=[C:20]1[H:78])[H:68])([C:9]1=[C:10]([H:69])[C:11]([H:70])=[C:12]([H:71])[C:13]([H:72])=[C:14]1[H:73])[H:67])([H:63])[H:64],[H]OC([H])([H])[H],CC(C)[C@@H](C(O)=O)C1=CC=C(C(C)C)C=C1,CC(C)[C@H](C(O)=O)C1=CC=C(C(C)C)C=C1,C/C(C)=C(C(O)=O)\C1=CC=C(C(C)C)C=C1,60,100,,,,2
IAW00001177,CAT-8,SOL-1,,,REA-18,[Ru+2]123456(<-[N-:3]([S@@:1](=[O:2])([C:10]7=[C:11]([H:27])[C:12]([H:28])=[C:13]([C@@:16]([H:31])([H:32])[H:33])[C:14]([H:29])=[C:15]7[H:30])=[O:42])[C@:4]([C:5]7=[C:6]([H:45])[C:7]([H:47])=[C:46]([H:51])[C:8]([H:25])=[C:9]7[H:26])([H:43])[C@@:44]([H:23])([N:41]->1([H:71])[H:72])[C:50]1=[C:54]([H:24])[C:60]([H:69])=[C:68]([H:70])[C:58]([H:67])=[C:53]1[H:59])(<-[C:17]1([H:49])=[C:18]->2([H:34])[C:19]->3([C@@:22]([H:37])([H:38])[H:39])=[C:20]->4([H:35])[C:21]->5([H:36])=[C:48]->61[C@:52]([H:55])([C@:56]([H:61])([H:62])[H:63])[C@:57]([H:64])([H:65])[H:66])<-[Cl-:40],[H]OC([H])([H])[H],CC(C)[C@@H](C(O)=O)C1=CC=C(C(C)C)C=C1,CC(C)[C@H](C(O)=O)C1=CC=C(C(C)C)C=C1,C/C(C)=C(C(O)=O)\C1=CC=C(C(C)C)C=C1,60,100,,,,2
IAW00001178,CAT-9,SOL-1,,,REA-18,[Ru+2]123(<-[Cl-:2]->[Ru+2:122]4(<-[Cl-:1])(<-[Cl-:3]->1)(<-[P:5]([C:11]1=[C:9]([C:22]5=[C:24]([P:7]->4([C:59]4=[C:69]([H:113])[C:67]([H:111])=[C:65]([H:140])[C:63]([H:109])=[C:61]4[H:107])[C:71]4=[C:81]([H:121])[C:79]([H:119])=[C:77]([H:139])[C:75]([H:117])=[C:73]4[H:115])[C:26]([H:87])=[C:28]([H:89])[C:30]4=[C:33]5[O:144][C@@:31]([H:147])([H:148])[O:143]4)[C:20]4=[C:17]([C:15]([H:85])=[C:13]1[H:83])[O:146][C@:18]([H:149])([H:150])[O:145]4)([C:35]1=[C:37]([H:91])[C:39]([H:93])=[C:41]([H:142])[C:43]([H:95])=[C:45]1[H:97])[C:47]1=[C:49]([H:99])[C:51]([H:101])=[C:53]([H:141])[C:55]([H:103])=[C:57]1[H:105])<-[Cl-:123]->2)(<-[P:4]([C:10]1=[C:8]([C:21]2=[C:23]([P:6]->3([C:58]3=[C:68]([H:112])[C:66]([H:110])=[C:64]([H:126])[C:62]([H:108])=[C:60]3[H:106])[C:70]3=[C:80]([H:120])[C:78]([H:118])=[C:76]([H:125])[C:74]([H:116])=[C:72]3[H:114])[C:25]([H:86])=[C:27]([H:88])[C:29]3=[C:32]2[O:130][C@@:133]([H:134])([H:135])[O:129]3)[C:19]2=[C:16]([C:14]([H:84])=[C:12]1[H:82])[O:132][C@:136]([H:137])([H:138])[O:131]2)([C:34]1=[C:44]([H:96])[C:42]([H:94])=[C:40]([H:127])[C:38]([H:92])=[C:36]1[H:90])[C:46]1=[C:48]([H:98])[C:50]([H:100])=[C:52]([H:128])[C:54]([H:102])=[C:56]1[H:104])<-[Cl-:124],[H]OC([H])([H])[H],CC(C)[C@@H](C(O)=O)C1=CC=C(C(C)C)C=C1,CC(C)[C@H](C(O)=O)C1=CC=C(C(C)C)C=C1,C/C(C)=C(C(O)=O)\C1=CC=C(C(C)C)C=C1,60,100,,,,2
IAW00001179,CAT-10,SOL-1,,,REA-18,[Ru+2]123456(<-[Cl-:1])(<-[P:2]([C:5]7=[C:6]([H:7])[C:8]([H:9])=[C:10]8[C:11](=[C:4]7[C:13]7=[C:16]9[C:15](=[C:71]([H:80])[C:70]([H:79])=[C:14]7[P:3]->1([C:36]1=[C:37]([H:38])[C:39]([H:40])=[C:41]([H:42])[C:43]([H:44])=[C:45]1[H:46])[C:47]1=[C:74]([H:83])[C:84]([H:86])=[C:87]([H:89])[C:85]([H:88])=[C:75]1[H:48])[O:90][C@@:17]([H:94])([H:95])[O:91]9)[O:92][C@@:12]([H:96])([H:97])[O:93]8)([C:18]1=[C:27]([H:28])[C:25]([H:26])=[C:23]([H:24])[C:21]([H:22])=[C:19]1[H:20])[C:29]1=[C:30]([H:31])[C:72]([H:81])=[C:73]([H:82])[C:32]([H:33])=[C:34]1[H:35])<-[C:49]1([C@:58]([H:59])([H:60])[H:77])=[C:50]->2([H:76])[C:51]->3([H:52])=[C:53]->4([C@:61]([H:62])([C@@:63]([H:64])([H:65])[H:78])[C@:66]([H:67])([H:68])[H:69])[C:54]->5([H:55])=[C:56]->61[H:57],[H]OC([H])([H])[H],CC(C)[C@@H](C(O)=O)C1=CC=C(C(C)C)C=C1,CC(C)[C@H](C(O)=O)C1=CC=C(C(C)C)C=C1,C/C(C)=C(C(O)=O)\C1=CC=C(C(C)C)C=C1,60,100,,,,2
IAW00001180,CAT-11,SOL-1,,,REA-18,[Ru+2]123(<-[P:1]([C:7]4=[C:9]([C:15]5=[C:10]([P:2]->1([C:28]1=[C:29]([H:52])[C:30]([H:53])=[C:31]([C@@:87]([H:88])([H:89])[H:90])[C:32]([H:54])=[C:33]1[H:55])[C:34]1=[C:35]([H:56])[C:62]([H:71])=[C:72]([C@@:83]([H:84])([H:85])[H:86])[C:70]([H:78])=[C:61]1[H:69])[C:11]([H:41])=[C:12]([H:42])[C:13]1=[C:14]5[C:60]([H:67])=[C:68]([H:77])[C:66]([H:76])=[C:59]1[H:43])[C:58]1=[C:64]([C:57]([H:63])=[C:8]4[H:40])[C:73]([H:80])=[C:79]([H:82])[C:75]([H:81])=[C:65]1[H:74])([C:16]1=[C:21]([H:47])[C:20]([H:46])=[C:19]([C@@:91]([H:92])([H:93])[H:94])[C:18]([H:45])=[C:17]1[H:44])[C:22]1=[C:23]([H:48])[C:24]([H:49])=[C:25]([C@@:95]([H:96])([H:97])[H:98])[C:26]([H:50])=[C:27]1[H:51])(<-[O-:3][C:36](=[O:4]->2)[C@@:37]([H:99])([H:100])[H:101])<-[O:5]=[C:38]([O-:6]->3)[C@@:39]([H:102])([H:103])[H:104],[H]OC([H])([H])[H],CC(C)[C@@H](C(O)=O)C1=CC=C(C(C)C)C=C1,CC(C)[C@H](C(O)=O)C1=CC=C(C(C)C)C=C1,C/C(C)=C(C(O)=O)\C1=CC=C(C(C)C)C=C1,60,50,,,,2
IAW00001181,CAT-11,SOL-1,,,REA-18,[Ru+2]123(<-[P:1]([C:7]4=[C:9]([C:15]5=[C:10]([P:2]->1([C:28]1=[C:29]([H:52])[C:30]([H:53])=[C:31]([C@@:87]([H:88])([H:89])[H:90])[C:32]([H:54])=[C:33]1[H:55])[C:34]1=[C:35]([H:56])[C:62]([H:71])=[C:72]([C@@:83]([H:84])([H:85])[H:86])[C:70]([H:78])=[C:61]1[H:69])[C:11]([H:41])=[C:12]([H:42])[C:13]1=[C:14]5[C:60]([H:67])=[C:68]([H:77])[C:66]([H:76])=[C:59]1[H:43])[C:58]1=[C:64]([C:57]([H:63])=[C:8]4[H:40])[C:73]([H:80])=[C:79]([H:82])[C:75]([H:81])=[C:65]1[H:74])([C:16]1=[C:21]([H:47])[C:20]([H:46])=[C:19]([C@@:91]([H:92])([H:93])[H:94])[C:18]([H:45])=[C:17]1[H:44])[C:22]1=[C:23]([H:48])[C:24]([H:49])=[C:25]([C@@:95]([H:96])([H:97])[H:98])[C:26]([H:50])=[C:27]1[H:51])(<-[O-:3][C:36](=[O:4]->2)[C@@:37]([H:99])([H:100])[H:101])<-[O:5]=[C:38]([O-:6]->3)[C@@:39]([H:102])([H:103])[H:104],[H]OC([H])([H])[H],CC(C)[C@@H](C(O)=O)C1=CC=C(C(C)C)C=C1,CC(C)[C@H](C(O)=O)C1=CC=C(C(C)C)C=C1,C/C(C)=C(C(O)=O)\C1=CC=C(C(C)C)C=C1,60,100,,,,2
IAW00001182,CAT-12,SOL-1,,,REA-18,[Ru+2]12(<-[Cl-:1])(<-[Cl-:2])(<-[P:3]([C:29]3=[C:38]([C:28]4=[C:21]([P:4]->1([C:52]1=[C:57]([H:99])[C:56]([H:110])=[C:55]([C@:58]([H:100])([H:101])[H:111])[C:54]([H:98])=[C:53]1[H:97])[C:59]1=[C:62]([H:104])[C:61]([H:103])=[C:113]([C@:119]([H:120])([H:121])[H:122])[C:112]([H:118])=[C:60]1[H:102])[C:22]([H:77])=[C:23]([H:78])[C:24]1=[C:27]4[C:26]([H:80])=[C:106]([H:115])[C:105]([H:114])=[C:25]1[H:79])[C:37]1=[C:32]([C:31]([H:82])=[C:30]3[H:81])[C:33]([H:83])=[C:34]([H:107])[C:35]([H:108])=[C:36]1[H:84])([C:39]1=[C:44]([H:88])[C:43]([H:87])=[C:42]([C@:45]([H:89])([H:90])[H:91])[C:41]([H:86])=[C:40]1[H:85])[C:46]1=[C:47]([H:92])[C:48]([H:93])=[C:49]([C@:109]([H:96])([H:116])[H:117])[C:50]([H:94])=[C:51]1[H:95])<-[N:5]([C@@:7]([C@:8]([N:6]->2([H:65])[H:66])([C:15]1=[C:20]([H:76])[C:19]([H:75])=[C:18]([C@@:127]([H:128])([H:129])[H:130])[C:17]([H:74])=[C:16]1[H:73])[H:68])([C:9]1=[C:10]([H:69])[C:11]([H:70])=[C:12]([C@@:123]([H:124])([H:125])[H:126])[C:13]([H:71])=[C:14]1[H:72])[H:67])([H:63])[H:64],[H]OC([H])([H])[H],CC(C)[C@@H](C(O)=O)C1=CC=C(C(C)C)C=C1,CC(C)[C@H](C(O)=O)C1=CC=C(C(C)C)C=C1,C/C(C)=C(C(O)=O)\C1=CC=C(C(C)C)C=C1,60,100,,,,2
IAW00001183,CAT-13,SOL-1,,,REA-18,[Ru+2]123(<-[P:1]([C:7]4=[C:9]([C:15]5=[C:10]([P:2]->1([C:28]1=[C:29]([H:50])[C:30]([C@@:103]([H:104])([H:105])[H:106])=[C:31]([H:51])[C:32]([C@@:107]([H:108])([H:109])[H:110])=[C:33]1[H:52])[C:34]1=[C:58]([H:66])[C:67]([C@@:99]([H:100])([H:101])[H:102])=[C:68]([H:74])[C:59]([C@@:95]([H:96])([H:97])[H:98])=[C:35]1[H:53])[C:11]([H:41])=[C:12]([H:42])[C:13]1=[C:14]5[C:57]([H:64])=[C:65]([H:73])[C:63]([H:72])=[C:56]1[H:43])[C:55]1=[C:61]([C:54]([H:60])=[C:8]4[H:40])[C:69]([H:76])=[C:75]([H:78])[C:71]([H:77])=[C:62]1[H:70])([C:16]1=[C:17]([H:44])[C:18]([C@@:79]([H:80])([H:81])[H:82])=[C:19]([H:45])[C:20]([C@@:83]([H:84])([H:85])[H:86])=[C:21]1[H:46])[C:22]1=[C:23]([H:47])[C:24]([C@@:87]([H:88])([H:89])[H:90])=[C:25]([H:48])[C:26]([C@@:91]([H:92])([H:93])[H:94])=[C:27]1[H:49])(<-[O-:3][C:36](=[O:4]->2)[C@@:37]([H:114])([H:115])[H:116])<-[O:5]=[C:38]([O-:6]->3)[C@@:39]([H:111])([H:112])[H:113],[H]OC([H])([H])[H],CC(C)[C@@H](C(O)=O)C1=CC=C(C(C)C)C=C1,CC(C)[C@H](C(O)=O)C1=CC=C(C(C)C)C=C1,C/C(C)=C(C(O)=O)\C1=CC=C(C(C)C)C=C1,60,50,,,,2
IAW00001184,CAT-13,SOL-1,,,REA-18,[Ru+2]123(<-[P:1]([C:7]4=[C:9]([C:15]5=[C:10]([P:2]->1([C:28]1=[C:29]([H:50])[C:30]([C@@:103]([H:104])([H:105])[H:106])=[C:31]([H:51])[C:32]([C@@:107]([H:108])([H:109])[H:110])=[C:33]1[H:52])[C:34]1=[C:58]([H:66])[C:67]([C@@:99]([H:100])([H:101])[H:102])=[C:68]([H:74])[C:59]([C@@:95]([H:96])([H:97])[H:98])=[C:35]1[H:53])[C:11]([H:41])=[C:12]([H:42])[C:13]1=[C:14]5[C:57]([H:64])=[C:65]([H:73])[C:63]([H:72])=[C:56]1[H:43])[C:55]1=[C:61]([C:54]([H:60])=[C:8]4[H:40])[C:69]([H:76])=[C:75]([H:78])[C:71]([H:77])=[C:62]1[H:70])([C:16]1=[C:17]([H:44])[C:18]([C@@:79]([H:80])([H:81])[H:82])=[C:19]([H:45])[C:20]([C@@:83]([H:84])([H:85])[H:86])=[C:21]1[H:46])[C:22]1=[C:23]([H:47])[C:24]([C@@:87]([H:88])([H:89])[H:90])=[C:25]([H:48])[C:26]([C@@:91]([H:92])([H:93])[H:94])=[C:27]1[H:49])(<-[O-:3][C:36](=[O:4]->2)[C@@:37]([H:114])([H:115])[H:116])<-[O:5]=[C:38]([O-:6]->3)[C@@:39]([H:111])([H:112])[H:113],[H]OC([H])([H])[H],CC(C)[C@@H](C(O)=O)C1=CC=C(C(C)C)C=C1,CC(C)[C@H](C(O)=O)C1=CC=C(C(C)C)C=C1,C/C(C)=C(C(O)=O)\C1=CC=C(C(C)C)C=C1,60,100,,,,2
IAW00001185,CAT-14,SOL-1,,,REA-18,[Ru+2]123(<-[P:1]([C:7]4=[C:9]([C:15]5=[C:10]([P:2]->1([C:28]1=[C:29]([H:53])[C:30]([H:54])=[C:31]([H:55])[C:32]([H:56])=[C:33]1[H:57])[C:34]1=[C:35]([H:58])[C:62]([H:67])=[C:68]([H:70])[C:66]([H:69])=[C:61]1[H:65])[C:11]([H:41])=[C:12]([H:42])[C:13]1=[C:14]5[C@@:71]([H:72])([H:73])[C@@:77]([H:79])([H:80])[C@:78]([H:81])([H:82])[C@:74]1([H:75])[H:76])[C:60]1=[C:64]([C:59]([H:63])=[C:8]4[H:40])[C@@:86]([H:87])([H:88])[C@@:90]([H:93])([H:94])[C@:89]([H:91])([H:92])[C@:83]1([H:84])[H:85])([C:16]1=[C:21]([H:47])[C:20]([H:46])=[C:19]([H:45])[C:18]([H:44])=[C:17]1[H:43])[C:22]1=[C:23]([H:48])[C:24]([H:49])=[C:25]([H:50])[C:26]([H:51])=[C:27]1[H:52])(<-[O:3]=[C:36]([O-:4]->2)[C@@:37]([H:95])([H:96])[H:97])<-[O-:5][C:38](=[O:6]->3)[C@@:39]([H:98])([H:99])[H:100],[H]OC([H])([H])[H],CC(C)[C@@H](C(O)=O)C1=CC=C(C(C)C)C=C1,CC(C)[C@H](C(O)=O)C1=CC=C(C(C)C)C=C1,C/C(C)=C(C(O)=O)\C1=CC=C(C(C)C)C=C1,60,10,,,,2
IAW00001186,CAT-14,SOL-1,,,REA-18,[Ru+2]123(<-[P:1]([C:7]4=[C:9]([C:15]5=[C:10]([P:2]->1([C:28]1=[C:29]([H:53])[C:30]([H:54])=[C:31]([H:55])[C:32]([H:56])=[C:33]1[H:57])[C:34]1=[C:35]([H:58])[C:62]([H:67])=[C:68]([H:70])[C:66]([H:69])=[C:61]1[H:65])[C:11]([H:41])=[C:12]([H:42])[C:13]1=[C:14]5[C@@:71]([H:72])([H:73])[C@@:77]([H:79])([H:80])[C@:78]([H:81])([H:82])[C@:74]1([H:75])[H:76])[C:60]1=[C:64]([C:59]([H:63])=[C:8]4[H:40])[C@@:86]([H:87])([H:88])[C@@:90]([H:93])([H:94])[C@:89]([H:91])([H:92])[C@:83]1([H:84])[H:85])([C:16]1=[C:21]([H:47])[C:20]([H:46])=[C:19]([H:45])[C:18]([H:44])=[C:17]1[H:43])[C:22]1=[C:23]([H:48])[C:24]([H:49])=[C:25]([H:50])[C:26]([H:51])=[C:27]1[H:52])(<-[O:3]=[C:36]([O-:4]->2)[C@@:37]([H:95])([H:96])[H:97])<-[O-:5][C:38](=[O:6]->3)[C@@:39]([H:98])([H:99])[H:100],[H]OC([H])([H])[H],CC(C)[C@@H](C(O)=O)C1=CC=C(C(C)C)C=C1,CC(C)[C@H](C(O)=O)C1=CC=C(C(C)C)C=C1,C/C(C)=C(C(O)=O)\C1=CC=C(C(C)C)C=C1,60,50,,,,2
IAW00001187,CAT-14,SOL-1,,,REA-18,[Ru+2]123(<-[P:1]([C:7]4=[C:9]([C:15]5=[C:10]([P:2]->1([C:28]1=[C:29]([H:53])[C:30]([H:54])=[C:31]([H:55])[C:32]([H:56])=[C:33]1[H:57])[C:34]1=[C:35]([H:58])[C:62]([H:67])=[C:68]([H:70])[C:66]([H:69])=[C:61]1[H:65])[C:11]([H:41])=[C:12]([H:42])[C:13]1=[C:14]5[C@@:71]([H:72])([H:73])[C@@:77]([H:79])([H:80])[C@:78]([H:81])([H:82])[C@:74]1([H:75])[H:76])[C:60]1=[C:64]([C:59]([H:63])=[C:8]4[H:40])[C@@:86]([H:87])([H:88])[C@@:90]([H:93])([H:94])[C@:89]([H:91])([H:92])[C@:83]1([H:84])[H:85])([C:16]1=[C:21]([H:47])[C:20]([H:46])=[C:19]([H:45])[C:18]([H:44])=[C:17]1[H:43])[C:22]1=[C:23]([H:48])[C:24]([H:49])=[C:25]([H:50])[C:26]([H:51])=[C:27]1[H:52])(<-[O:3]=[C:36]([O-:4]->2)[C@@:37]([H:95])([H:96])[H:97])<-[O-:5][C:38](=[O:6]->3)[C@@:39]([H:98])([H:99])[H:100],[H]OC([H])([H])[H],CC(C)[C@@H](C(O)=O)C1=CC=C(C(C)C)C=C1,CC(C)[C@H](C(O)=O)C1=CC=C(C(C)C)C=C1,C/C(C)=C(C(O)=O)\C1=CC=C(C(C)C)C=C1,60,100,,,,2
IAW00001188,CAT-15,SOL-1,,,REA-18,[Ru+2]123(<-[Cl-:2]->[Ru+2:137]4(<-[Cl-:1])(<-[Cl-:3]->1)(<-[P:5]([C:11]1=[C:9]([C:29]5=[C:31]([P:7]->4([C:73]4=[C:83]([H:132])[C:81]([C@@:175]([H:176])([H:177])[H:178])=[C:79]([H:179])[C:77]([C@@:171]([H:172])([H:173])[H:174])=[C:75]4[H:129])[C:85]4=[C:95]([H:136])[C:93]([C@@:163]([H:164])([H:165])[H:166])=[C:91]([H:140])[C:89]([C@@:167]([H:168])([H:169])[H:170])=[C:87]4[H:134])[C:33]([H:109])=[C:35]([H:111])[C:37]4=[C:47]5[C:45]([H:119])=[C:43]([H:117])[C:41]([H:115])=[C:39]4[H:113])[C:27]4=[C:17]([C:15]([H:99])=[C:13]1[H:97])[C:19]([H:101])=[C:21]([H:103])[C:23]([H:105])=[C:25]4[H:107])([C:49]1=[C:59]([H:123])[C:57]([C@@:192]([H:193])([H:194])[H:195])=[C:55]([H:144])[C:53]([C@@:188]([H:189])([H:190])[H:191])=[C:51]1[H:121])[C:61]1=[C:71]([H:127])[C:69]([C@@:184]([H:185])([H:186])[H:187])=[C:67]([H:145])[C:65]([C@@:180]([H:181])([H:182])[H:183])=[C:63]1[H:125])<-[Cl-:138]->2)(<-[P:4]([C:10]1=[C:8]([C:28]2=[C:30]([P:6]->3([C:72]3=[C:82]([H:131])[C:80]([C@@:204]([H:205])([H:206])[H:207])=[C:78]([H:142])[C:76]([H:130])=[C:74]3[H:128])[C:84]3=[C:86]([H:133])[C:88]([C@@:200]([H:201])([H:202])[H:203])=[C:90]([H:143])[C:92]([C@@:196]([H:197])([H:198])[H:199])=[C:94]3[H:135])[C:32]([H:108])=[C:34]([H:110])[C:36]3=[C:46]2[C:44]([H:118])=[C:42]([H:116])[C:40]([H:114])=[C:38]3[H:112])[C:26]2=[C:16]([C:14]([H:98])=[C:12]1[H:96])[C:18]([H:100])=[C:20]([H:102])[C:22]([H:104])=[C:24]2[H:106])([C:48]1=[C:58]([H:122])[C:56]([C@@:159]([H:160])([H:161])[H:162])=[C:54]([H:146])[C:52]([C@@:155]([H:156])([H:157])[H:158])=[C:50]1[H:120])[C:60]1=[C:70]([H:126])[C:68]([C@@:151]([H:152])([H:153])[H:154])=[C:66]([H:141])[C:64]([C@@:147]([H:148])([H:149])[H:150])=[C:62]1[H:124])<-[Cl-:139],[H]OC([H])([H])[H],CC(C)[C@@H](C(O)=O)C1=CC=C(C(C)C)C=C1,CC(C)[C@H](C(O)=O)C1=CC=C(C(C)C)C=C1,C/C(C)=C(C(O)=O)\C1=CC=C(C(C)C)C=C1,60,100,,,,2
IAW00001189,CAT-16,SOL-1,,,REA-18,[P]1([C:2]2=[C:4]([H:55])[C:6]([C@:7]([H:74])([H:76])[H:77])=[C:8]([H:56])[C:10]([C@:12]([H:81])([H:82])[H:83])=[C:13]2[H:57])([C:14]2=[C:19]([C:20]3=[C:25]([P:1]([C:26]4=[C:27]([H:64])[C:28]([C@:29]([H:84])([H:85])[H:86])=[C:30]([H:65])[C:31]([C@@:32]([H:87])([H:88])[H:89])=[C:33]4[H:68])(->[Ru+2:54]<-14(<-[N:3]([C@@:34]([C:35]1=[C:36]([H:69])[C:37]([H:70])=[C:38]([O:9][C@@:39]([H:90])([H:91])[H:92])[C:40]([H:71])=[C:41]1[H:72])([C:42]1=[C:48]([H:102])[C:47]([H:78])=[C:45]([O:11][C@@:46]([H:93])([H:94])[H:95])[C:44]([H:75])=[C:43]1[H:73])[C@@:49]([N:5]->4([H:66])[H:67])([C@@:50]([C@@:51]([H:96])([H:97])[H:98])([C@@:52]([H:99])([H:100])[H:101])[H:80])[H:79])([H:60])[H:61])(<-[Cl-:53])<-[Cl-:103])[C:129]1=[C:130]([H:133])[C:132]([C@@:150]([H:151])([H:152])[H:153])=[C:136]([H:137])[C:134]([C@@:146]([H:147])([H:148])[H:149])=[C:131]1[H:135])[C:24]([H:63])=[C:23]([H:62])[C:22]1=[C:21]3[C:115]([H:119])=[C:114]([H:118])[C:113]([H:117])=[C:112]1[H:116])[C:18]1=[C:17]([C:16]([H:59])=[C:15]2[H:58])[C:107]([H:111])=[C:106]([H:110])[C:105]([H:109])=[C:104]1[H:108])[C:120]1=[C:122]([H:126])[C:125]([C@@:138]([H:139])([H:140])[H:141])=[C:127]([H:128])[C:123]([C@@:142]([H:143])([H:144])[H:145])=[C:121]1[H:124],[H]OC([H])([H])[H],CC(C)[C@@H](C(O)=O)C1=CC=C(C(C)C)C=C1,CC(C)[C@H](C(O)=O)C1=CC=C(C(C)C)C=C1,C/C(C)=C(C(O)=O)\C1=CC=C(C(C)C)C=C1,60,100,,,,2
IAW00001190,CAT-17,SOL-1,,,REA-18,[P]1([C:2]2=[C:17]([H:79])[C:14]([C@:16]([H:109])([H:110])[H:111])=[C:12]([H:78])[C:8]([C@:10]([H:102])([H:104])[H:105])=[C:5]2[H:77])([C:18]2=[C:19]([H:80])[C:20]([C@:21]([H:112])([H:113])[H:114])=[C:22]([H:81])[C:23]([C@:24]([H:115])([H:116])[H:117])=[C:25]2[H:82])[C:26]2=[C:32]([C:33]3=[C:39]([P:1]([C:40]4=[C:41]([H:89])[C:42]([C@:43]([H:122])([H:123])[H:124])=[C:44]([H:90])[C:45]([C@:46]([H:125])([H:126])[H:127])=[C:47]4[H:93])([C:48]4=[C:55]([H:96])[C:53]([C@:54]([H:131])([H:132])[H:133])=[C:52]([H:95])[C:50]([C@:51]([H:128])([H:129])[H:130])=[C:49]4[H:94])->[Ru+2:76]<-14(<-[N:3]([C@:56]([C:57]1=[C:63]([H:100])[C:62]([H:99])=[C:60]([O:13][C@:61]([H:134])([H:135])[H:136])[C:59]([H:98])=[C:58]1[H:97])([C:64]1=[C:70]([H:146])[C:69]([H:106])=[C:67]([O:15][C@:68]([H:137])([H:138])[H:139])[C:66]([H:103])=[C:65]1[H:101])[C@@:71]([N:6]->4([H:91])[H:92])([C@@:72]([C@:73]([H:140])([H:141])[H:142])([C@:74]([H:143])([H:144])[H:145])[H:108])[H:107])([H:85])[H:86])(<-[Cl-:75])<-[Cl-:147])[C:38]([H:88])=[C:37]([H:87])[C:36]1=[C:34]3[O:9][C@:35]([H:120])([H:121])[O:11]1)[C:31]1=[C:29]([O:4][C@@:30]([H:118])([H:119])[O:7]1)[C:28]([H:84])=[C:27]2[H:83],[H]OC([H])([H])[H],CC(C)[C@@H](C(O)=O)C1=CC=C(C(C)C)C=C1,CC(C)[C@H](C(O)=O)C1=CC=C(C(C)C)C=C1,C/C(C)=C(C(O)=O)\C1=CC=C(C(C)C)C=C1,60,100,,,,2
IAW00001191,CAT-18,SOL-1,,,REA-18,[Ru+2]12(<-[Cl-:1])(<-[Cl-:2])(<-[P:3]([C:16]3=[C:25]([C:15]4=[C:8]([P:4]->1([C:39]1=[C:40]([H:73])[C:41]([H:74])=[C:42]([C@:45]([H:76])([H:77])[H:87])[C:43]([H:86])=[C:44]1[H:75])[C:46]1=[C:49]([H:80])[C:48]([H:79])=[C:89]([C@:95]([H:96])([H:97])[H:98])[C:88]([H:94])=[C:47]1[H:78])[C:9]([H:53])=[C:10]([H:54])[C:11]1=[C:14]4[C:13]([H:56])=[C:82]([H:91])[C:81]([H:90])=[C:12]1[H:55])[C:24]1=[C:19]([C:18]([H:58])=[C:17]3[H:57])[C:20]([H:59])=[C:21]([H:83])[C:22]([H:84])=[C:23]1[H:60])([C:26]1=[C:27]([H:61])[C:28]([H:62])=[C:29]([C@:32]([H:65])([H:66])[H:67])[C:30]([H:63])=[C:31]1[H:64])[C:33]1=[C:34]([H:68])[C:35]([H:69])=[C:36]([C@:85]([H:72])([H:92])[H:93])[C:37]([H:70])=[C:38]1[H:71])<-[N:5]([C@@:7]([H:52])([C:99]1=[N:6]->2[C:105]([H:106])=[C:103]([H:104])[C:102]([H:107])=[C:100]1[H:101])[H:108])([H:50])[H:51],[H]OC([H])([H])[H],CC(C)[C@@H](C(O)=O)C1=CC=C(C(C)C)C=C1,CC(C)[C@H](C(O)=O)C1=CC=C(C(C)C)C=C1,C/C(C)=C(C(O)=O)\C1=CC=C(C(C)C)C=C1,60,100,,,,2
IAW00001192,CAT-19,SOL-1,,,REA-18,[P]1([C:16]2=[C:11]([C@@:10]([N:3]3([C@:2]4([H:51])[C@:4]([H:52])([H:53])[C@:6]([H:54])([H:55])[C@@:7]([H:56])([H:57])[C@@:8]([H:58])([H:59])[C@:9]4([N:5]4([C@@:29]([C:30]5=[C:31]([H:81])[C:32]([H:82])=[C:33]([H:83])[C:34]([H:84])=[C:35]5[P:1]([C:36]5=[C:37]([H:85])[C:38]([H:86])=[C:39]([H:87])[C:40]([H:88])=[C:41]5[H:89])([C:42]5=[C:47]([H:94])[C:46]([H:93])=[C:45]([H:92])[C:44]([H:91])=[C:43]5[H:90])->[Ru+2:50]<-1<-3<-4(<-[Cl-:48])<-[Cl-:49])([H:79])[H:80])[H:78])[H:60])[H:61])([H:62])[H:63])[C:12]([H:64])=[C:13]([H:65])[C:14]([H:66])=[C:15]2[H:67])([C:17]1=[C:18]([H:68])[C:19]([H:69])=[C:20]([H:70])[C:21]([H:71])=[C:22]1[H:72])[C:23]1=[C:28]([H:77])[C:27]([H:76])=[C:26]([H:75])[C:25]([H:74])=[C:24]1[H:73],[H]OC([H])([H])[H],CC(C)[C@@H](C(O)=O)C1=CC=C(C(C)C)C=C1,CC(C)[C@H](C(O)=O)C1=CC=C(C(C)C)C=C1,C/C(C)=C(C(O)=O)\C1=CC=C(C(C)C)C=C1,60,100,,,,2
IAW00001193,CAT-20,SOL-1,,,REA-18,[Ru+2]12(<-[Cl-:1])(<-[Cl-:2])(<-[P:3]([C:29]3=[C:38]([C:28]4=[C:21]([P:4]->1([C:52]1=[C:57]([H:98])[C:56]([H:109])=[C:55]([C@:58]([H:99])([H:100])[H:110])[C:54]([H:97])=[C:53]1[H:96])[C:59]1=[C:62]([H:103])[C:61]([H:102])=[C:112]([C@:118]([H:119])([H:120])[H:121])[C:111]([H:117])=[C:60]1[H:101])[C:22]([H:76])=[C:23]([H:77])[C:24]1=[C:27]4[C:26]([H:79])=[C:105]([H:114])[C:104]([H:113])=[C:25]1[H:78])[C:37]1=[C:32]([C:31]([H:81])=[C:30]3[H:80])[C:33]([H:82])=[C:34]([H:106])[C:35]([H:107])=[C:36]1[H:83])([C:39]1=[C:40]([H:84])[C:41]([H:85])=[C:42]([C@:45]([H:88])([H:89])[H:90])[C:43]([H:86])=[C:44]1[H:87])[C:46]1=[C:47]([H:91])[C:48]([H:92])=[C:49]([C@:108]([H:95])([H:115])[H:116])[C:50]([H:93])=[C:51]1[H:94])<-[N:5]([C@:7]([C@@:8]([N:6]->2([H:63])[H:123])([C:15]1=[C:20]([H:75])[C:19]([H:74])=[C:18]([H:73])[C:17]([H:72])=[C:16]1[H:71])[H:65])([C:9]1=[C:10]([H:66])[C:11]([H:67])=[C:12]([H:68])[C:13]([H:69])=[C:14]1[H:70])[H:64])([H:122])[H:124],[H]OC([H])([H])[H],CC(C)[C@@H](C(O)=O)C1=CC=C(C(C)C)C=C1,CC(C)[C@H](C(O)=O)C1=CC=C(C(C)C)C=C1,C/C(C)=C(C(O)=O)\C1=CC=C(C(C)C)C=C1,60,100,,,,2
IAW00001194,CAT-21,SOL-1,,,REA-18,[Ru+2]12(<-[Cl-:1])(<-[Cl-:2])(<-[P:3]([C:27]3=[C:33]([C:26]4=[C:25]5[C:24](=[C:23]([H:75])[C:22]([H:74])=[C:21]4[P:4]->1([C:47]1=[C:48]([H:90])[C:49]([H:91])=[C:50]([C@:53]([H:93])([H:94])[H:101])[C:51]([H:100])=[C:52]1[H:92])[C:54]1=[C:57]([H:97])[C:56]([H:96])=[C:103]([C@:107]([H:108])([H:109])[H:110])[C:102]([H:106])=[C:55]1[H:95])[O:114][C@:98]([H:117])([H:118])[O:113]5)[C:32]1=[C:30]([C:29]([H:77])=[C:28]3[H:76])[O:111][C@:31]([H:115])([H:116])[O:112]1)([C:34]1=[C:35]([H:78])[C:36]([H:79])=[C:37]([C@:40]([H:82])([H:83])[H:84])[C:38]([H:80])=[C:39]1[H:81])[C:41]1=[C:42]([H:85])[C:43]([H:86])=[C:44]([C@:99]([H:89])([H:104])[H:105])[C:45]([H:87])=[C:46]1[H:88])<-[N:5]([C@@:7]([C@:8]([N:6]->2([H:60])[H:61])([C:15]1=[C:20]([H:73])[C:19]([H:72])=[C:18]([H:71])[C:17]([H:70])=[C:16]1[H:69])[H:63])([C:9]1=[C:14]([H:68])[C:13]([H:67])=[C:12]([H:66])[C:11]([H:65])=[C:10]1[H:64])[H:62])([H:58])[H:59],[H]OC([H])([H])[H],CC(C)[C@@H](C(O)=O)C1=CC=C(C(C)C)C=C1,CC(C)[C@H](C(O)=O)C1=CC=C(C(C)C)C=C1,C/C(C)=C(C(O)=O)\C1=CC=C(C(C)C)C=C1,60,100,,,,2
IAW00001195,CAT-23,SOL-2,,,REA-18,[C]12([H:1])->[Ir+:130]345(<-[C:7]=1([H:11])[C@@:10]([H:15])([H:16])[C@@:17]([H:22])([H:23])[C:12]->3([H:18])=[C:8]->4([H:13])[C@:5]([H:6])([H:9])[C@:2]2([H:3])[H:4])<-[N:21]1=[C:27]([C:28]2=[C:29]([H:32])[C:31]([H:36])=[C:35]([H:41])[C:33]3=[C:30]2[C@@:34]2([C@@:38]([H:44])([H:45])[C@@:46]([H:51])([H:52])[C:48]4=[C:39]2[C:47]([P:53]->5([C:56]2=[C:62]([H:68])[C:69]([C@@:76]([C@@:84]([H:103])([H:104])[H:105])([C@@:85]([H:106])([H:107])[H:108])[C@:86]([H:109])([H:110])[H:111])=[C:75]([H:83])[C:67]([C@@:74]([C@@:80]([H:94])([H:95])[H:96])([C@:81]([H:97])([H:98])[H:99])[C@:82]([H:100])([H:101])[H:102])=[C:61]2[H:66])[C:57]2=[C:63]([H:70])[C:71]([C@:77]([C@@:87]([H:112])([H:113])[H:114])([C@@:88]([H:115])([H:116])[H:117])[C@:89]([H:118])([H:119])[H:120])=[C:78]([H:90])[C:72]([C@:79]([C@:91]([H:121])([H:122])[H:123])([C@@:92]([H:124])([H:125])[H:126])[C@@:93]([H:127])([H:128])[H:129])=[C:64]2[H:73])=[C:54]([H:59])[C:58]([H:65])=[C:55]4[H:60])[C@:40]([H:49])([H:50])[C@@:37]3([H:42])[H:43])[O:25][C@@:19]([H:24])([H:26])[C@:14]1([H:20])[H:131],[H]C([H])([H])C([H])([H])N(C([H])([H])C([H])([H])[H])C([H])([H])C([H])([H])[H].[H]OC([H])([H])[H],CC(C)[C@@H](C(O)=O)C1=CC=C(C(C)C)C=C1,CC(C)[C@H](C(O)=O)C1=CC=C(C(C)C)C=C1,C/C(C)=C(C(O)=O)\C1=CC=C(C(C)C)C=C1,60,6,,,,2
IAW00001196,CAT-24,SOL-2,,,REA-18,C1([H:1])=[C:11]([H:17])[C:16]([C@@:24]2([H:31])[C@:30]([H:35])([H:37])[O:36][C:38]3[C:39]4=[C:41]5[C:44](=[C:46]([H:52])[C:42]([H:47])=[C:40]4[H:43])[C@:48]([H:53])([H:54])[C@@:51]([H:60])([H:61])[C@:45]54[C@@:49]([H:55])([H:56])[C@@:57]([H:62])([H:63])[C:59]5=[C:50]4[C:58]([P:64]([C:67]4=[C:73]([H:79])[C:80]([C@@:87]([C@@:95]([H:114])([H:115])[H:116])([C@@:96]([H:117])([H:118])[H:119])[C@:97]([H:120])([H:121])[H:122])=[C:86]([H:94])[C:78]([C@@:85]([C@@:91]([H:105])([H:106])[H:107])([C@:92]([H:108])([H:109])[H:110])[C@:93]([H:111])([H:112])[H:113])=[C:72]4[H:77])([C:68]4=[C:75]([H:84])[C:83]([C@:90]([C@:102]([H:132])([H:133])[H:134])([C@@:103]([H:135])([H:136])[H:137])[C@@:104]([H:138])([H:139])[H:140])=[C:89]([H:101])[C:82]([C@:88]([C@@:98]([H:123])([H:124])[H:125])([C@@:99]([H:126])([H:127])[H:128])[C@:100]([H:129])([H:130])[H:131])=[C:74]4[H:81])->[Ir+:141]467(<-[C:4]8([H:5])=[C:13]->4([H:21])[C@@:20]([H:26])([H:27])[C@@:28]([H:33])([H:34])[C:22]->6([H:29])=[C:14]->7([H:23])[C@:9]([H:10])([H:15])[C@:6]8([H:7])[H:8])<-[N:32]=32)=[C:65]([H:70])[C:69]([H:76])=[C:66]5[H:71])=[C:19]([H:25])[C:12]([H:18])=[C:2]1[H:3],[H]C([H])([H])C([H])([H])N(C([H])([H])C([H])([H])[H])C([H])([H])C([H])([H])[H].[H]OC([H])([H])[H],CC(C)[C@@H](C(O)=O)C1=CC=C(C(C)C)C=C1,CC(C)[C@H](C(O)=O)C1=CC=C(C(C)C)C=C1,C/C(C)=C(C(O)=O)\C1=CC=C(C(C)C)C=C1,60,6,,,,2
IAW00001197,CAT-25,SOL-2,,,REA-18,C12[P:96]([C:33]3=[C:40]([H:41])[C:39]([C@:55]([C@:56]([H:57])([H:58])[H:59])([C@:60]([H:61])([H:62])[H:105])[C@@:104]([H:120])([H:121])[H:122])=[C:37]([H:38])[C:36]([C@:42]([C@:43]([H:44])([H:45])[H:46])([C@:47]([H:48])([H:49])[H:50])[C@:51]([H:52])([H:53])[H:54])=[C:34]3[H:35])([C:63]3=[C:69]([H:109])[C:68]([C@:108]([C@:125]([H:136])([H:137])[H:138])([C@@:126]([H:139])([H:140])[H:141])[C@:127]([H:142])([H:143])[H:144])=[C:67]([H:107])[C:66]([C@:106]([C@:70]([H:71])([H:110])[H:111])([C@@:123]([H:131])([H:132])[H:133])[C@:124]([H:72])([H:134])[H:135])=[C:64]3[H:65])->[Ir+:93]345(<-[C:73]6([H:74])=[C:75]->3([H:76])[C@:77]([H:78])([H:79])[C@@:80]([H:81])([H:82])[C:83]->4([H:84])=[C:85]->5([H:86])[C@:87]([H:88])([H:89])[C@@:90]6([H:91])[H:92])<-[N:94]3=[C:13]([C:11]4=[C:9]([H:10])[C:102]([H:118])=[C:119]([H:130])[C:103]5=[C:12]4[C@:5]4([C:4]1=[C:3]([C@:6]([H:7])([H:101])[C@:99]4([H:114])[H:115])[C:98]([H:113])=[C:97]([H:112])[C:1]=2[H:2])[C@@:100]([H:8])([H:117])[C@@:116]5([H:128])[H:129])[O:95][C@:14]([H:15])([H:16])[C@:17]3([H:18])[C@@:19]([H:20])([H:21])[C:22]1=[C:23]([H:24])[C:25]([H:26])=[C:27]([H:28])[C:29]([H:30])=[C:31]1[H:32],[H]C([H])([H])C([H])([H])N(C([H])([H])C([H])([H])[H])C([H])([H])C([H])([H])[H].[H]OC([H])([H])[H],CC(C)[C@@H](C(O)=O)C1=CC=C(C(C)C)C=C1,CC(C)[C@H](C(O)=O)C1=CC=C(C(C)C)C=C1,C/C(C)=C(C(O)=O)\C1=CC=C(C(C)C)C=C1,60,6,,,,2
IAW00001198,CAT-26,SOL-2,,,REA-18,[P]1([C:13]2=[C:14]([H:57])[C:15]([H:58])=[C:16]([H:59])[C:11]3=[C:12]2[C@@:7]2([C@@:9]([H:67])([H:68])[C@@:10]3([H:72])[H:73])[C@@:17]([H:74])([H:75])[C@@:18]([H:76])([H:77])[C:19]3=[C:24]([H:62])[C:23]([H:61])=[C:22]([H:60])[C:21]([N:8]([C@:6]([C:5]4=[C:120]([C@@:121]([H:122])([H:123])[H:124])[C:1]([H:82])=[C:2]([H:81])[C:3]([H:80])=[C:4]4[H:119])([H:78])[H:79])(->[Ir+4:54]<-1(<-[Cl-:53])(<-[H-:55])(<-[H-:56])<-[H-:125])[H:64])=[C:20]23)([C:25]1=[C:30]([H:66])[C:29]([C@:35]([C@:36]([H:92])([H:93])[H:94])([C@:37]([H:95])([H:96])[H:97])[C@:38]([H:98])([H:99])[H:100])=[C:28]([H:65])[C:27]([C@:31]([C@:32]([H:83])([H:84])[H:85])([C@:33]([H:86])([H:87])[H:88])[C@:34]([H:89])([H:90])[H:91])=[C:26]1[H:63])[C:39]1=[C:40]([H:69])[C:41]([C@@:45]([C@:46]([H:101])([H:102])[H:103])([C@:47]([H:104])([H:105])[H:106])[C@:48]([H:107])([H:108])[H:109])=[C:42]([H:70])[C:43]([C@:49]([C@:50]([H:110])([H:111])[H:112])([C@:51]([H:113])([H:114])[H:115])[C@:52]([H:116])([H:117])[H:118])=[C:44]1[H:71],[H]C([H])([H])C([H])([H])N(C([H])([H])C([H])([H])[H])C([H])([H])C([H])([H])[H].[H]OC([H])([H])[H],CC(C)[C@@H](C(O)=O)C1=CC=C(C(C)C)C=C1,CC(C)[C@H](C(O)=O)C1=CC=C(C(C)C)C=C1,C/C(C)=C(C(O)=O)\C1=CC=C(C(C)C)C=C1,60,6,,,,2
IAW00001199,CAT-27,SOL-2,,,REA-18,[C@@]1([C@@:1]2([H:41])[C@:3]([C@@:7]([H:43])([H:44])[H:45])([H:42])[O:87][C:4]([C:6]3=[C:8]([H:46])[C:9]([H:47])=[C:10]([H:48])[C:11]([H:49])=[C:12]3[H:50])=[N:5]2->[Ir+5:26]234(<-[P:13]([O:2]1)([C@:14]1([H:51])[C@@:16]([H:53])([H:54])[C@@:17]([H:55])([H:56])[C@@:18]([H:57])([H:58])[C@@:19]([H:59])([H:60])[C@@:20]1([H:61])[H:62])[C@:15]1([H:52])[C@@:21]([H:63])([H:64])[C@@:22]([H:65])([H:66])[C@@:23]([H:67])([H:68])[C@@:24]([H:69])([H:70])[C@@:25]1([H:71])[H:72])<-[C-:88]1([H:89])[C-:90]->2([H:91])[C@@:92]([H:93])([H:94])[C@@:95]([H:96])([H:97])[C-:104]->3([H:106])[C-:105]->4([H:107])[C@:101]([H:102])([H:103])[C@@:98]1([H:99])[H:100])([C@:32]([C:35]1=[C:31]([H:77])[C:30]([H:76])=[C:29]([H:75])[C:28]([H:74])=[C:27]1[H:73])([H:78])[H:79])[C@:39]([C:40]1=[C:38]([H:84])[C:37]([H:83])=[C:36]([H:82])[C:34]([H:81])=[C:33]1[H:80])([H:85])[H:86],[H]C([H])([H])C([H])([H])N(C([H])([H])C([H])([H])[H])C([H])([H])C([H])([H])[H].[H]OC([H])([H])[H],CC(C)[C@@H](C(O)=O)C1=CC=C(C(C)C)C=C1,CC(C)[C@H](C(O)=O)C1=CC=C(C(C)C)C=C1,C/C(C)=C(C(O)=O)\C1=CC=C(C(C)C)C=C1,60,6,,,,2
IAW00001200,CAT-28,SOL-1,,,REA-18,[P]12([C@@:10]([C@:11]([P:1]3(->[Rh+:24]<-1456<-[C:2]1([H:25])=[C:3]->4([H:26])[C@:4]([H:27])([H:28])[C@@:5]([H:29])([H:30])[C:6]->5([H:31])=[C:7]->6([H:32])[C@:8]([H:33])([H:34])[C@@:9]1([H:35])[H:36])[C@@:18]([C@:22]([H:59])([H:60])[H:61])([H:53])[C@@:19]([H:54])([H:55])[C@@:20]([H:56])([H:57])[C@:21]3([C@:23]([H:62])([H:63])[H:64])[H:58])([H:39])[H:40])([H:37])[H:38])[C@@:12]([C@:16]([H:47])([H:48])[H:49])([H:41])[C@@:13]([H:42])([H:43])[C@:14]([H:44])([H:45])[C@:15]2([C@:17]([H:50])([H:51])[H:52])[H:46],[H]OC([H])([H])[H],CC(C)[C@@H](C(O)=O)C1=CC=C(C(C)C)C=C1,CC(C)[C@H](C(O)=O)C1=CC=C(C(C)C)C=C1,C/C(C)=C(C(O)=O)\C1=CC=C(C(C)C)C=C1,60,20,,,,2
IAW00001201,CAT-28,SOL-2,,,REA-18,[P]12([C@@:10]([C@:11]([P:1]3(->[Rh+:24]<-1456<-[C:2]1([H:25])=[C:3]->4([H:26])[C@:4]([H:27])([H:28])[C@@:5]([H:29])([H:30])[C:6]->5([H:31])=[C:7]->6([H:32])[C@:8]([H:33])([H:34])[C@@:9]1([H:35])[H:36])[C@@:18]([C@:22]([H:59])([H:60])[H:61])([H:53])[C@@:19]([H:54])([H:55])[C@@:20]([H:56])([H:57])[C@:21]3([C@:23]([H:62])([H:63])[H:64])[H:58])([H:39])[H:40])([H:37])[H:38])[C@@:12]([C@:16]([H:47])([H:48])[H:49])([H:41])[C@@:13]([H:42])([H:43])[C@:14]([H:44])([H:45])[C@:15]2([C@:17]([H:50])([H:51])[H:52])[H:46],[H]C([H])([H])C([H])([H])N(C([H])([H])C([H])([H])[H])C([H])([H])C([H])([H])[H].[H]OC([H])([H])[H],CC(C)[C@@H](C(O)=O)C1=CC=C(C(C)C)C=C1,CC(C)[C@H](C(O)=O)C1=CC=C(C(C)C)C=C1,C/C(C)=C(C(O)=O)\C1=CC=C(C(C)C)C=C1,60,20,,,,2
IAW00001202,CAT-29,SOL-2,,,REA-18,[P]12([C@@:22]([H:23])([H:24])[C@:25]([P:1]3(->[Rh+:76]<-1456<-[C:2]1([H:3])=[C:4]->4([H:5])[C@:6]([H:7])([H:8])[C@@:9]([H:10])([H:11])[C:12]->5([H:13])=[C:14]->6([H:15])[C@:16]([H:17])([H:18])[C@@:19]1([H:20])[H:21])[C@@:48]([H:49])([C@@:65]([H:66])([H:67])[C@:68]([H:69])([H:70])[H:72])[C@@:50]([H:51])([H:52])[C@:53]([H:54])([H:55])[C@:56]3([H:57])[C@:58]([H:59])([H:60])[C@:61]([H:62])([H:63])[H:64])([H:26])[H:27])[C@@:28]([H:29])([C@:38]([H:39])([H:40])[C@:41]([H:42])([H:43])[H:44])[C@@:30]([H:31])([H:32])[C@:33]([H:34])([H:35])[C@:36]2([H:37])[C@@:45]([H:46])([H:47])[C@:71]([H:73])([H:74])[H:75],[H]C([H])([H])C([H])([H])N(C([H])([H])C([H])([H])[H])C([H])([H])C([H])([H])[H].[H]OC([H])([H])[H],CC(C)[C@@H](C(O)=O)C1=CC=C(C(C)C)C=C1,CC(C)[C@H](C(O)=O)C1=CC=C(C(C)C)C=C1,C/C(C)=C(C(O)=O)\C1=CC=C(C(C)C)C=C1,60,20,,,,2
IAW00001203,CAT-30,SOL-1,,,REA-18,[P]12([C@@:22]([H:23])([H:24])[C@:25]([P:1]3(->[Rh+:72]<-1456<-[C:2]1([H:3])=[C:4]->4([H:5])[C@:6]([H:7])([H:8])[C@@:9]([H:10])([H:11])[C:12]->5([H:13])=[C:14]->6([H:15])[C@:16]([H:17])([H:18])[C@@:19]1([H:20])[H:21])[C@:46]([H:47])([C@@:62]([H:63])([C@:64]([H:65])([H:66])[H:68])[C@@:85]([H:86])([H:87])[H:88])[C@@:48]([H:49])([H:50])[C@:51]([H:52])([H:53])[C@@:54]3([H:55])[C@@:56]([H:57])([C@:58]([H:59])([H:60])[H:61])[C@@:81]([H:82])([H:83])[H:84])([H:26])[H:27])[C@:28]([H:29])([C@@:38]([H:39])([C@:40]([H:41])([H:42])[H:43])[C@@:73]([H:74])([H:75])[H:76])[C@@:30]([H:31])([H:32])[C@:33]([H:34])([H:35])[C@@:36]2([H:37])[C@:44]([H:45])([C@:67]([H:69])([H:70])[H:71])[C@@:77]([H:78])([H:79])[H:80],[H]OC([H])([H])[H],CC(C)[C@@H](C(O)=O)C1=CC=C(C(C)C)C=C1,CC(C)[C@H](C(O)=O)C1=CC=C(C(C)C)C=C1,C/C(C)=C(C(O)=O)\C1=CC=C(C(C)C)C=C1,60,20,,,,2
IAW00001204,CAT-30,SOL-2,,,REA-18,[P]12([C@@:22]([H:23])([H:24])[C@:25]([P:1]3(->[Rh+:72]<-1456<-[C:2]1([H:3])=[C:4]->4([H:5])[C@:6]([H:7])([H:8])[C@@:9]([H:10])([H:11])[C:12]->5([H:13])=[C:14]->6([H:15])[C@:16]([H:17])([H:18])[C@@:19]1([H:20])[H:21])[C@:46]([H:47])([C@@:62]([H:63])([C@:64]([H:65])([H:66])[H:68])[C@@:85]([H:86])([H:87])[H:88])[C@@:48]([H:49])([H:50])[C@:51]([H:52])([H:53])[C@@:54]3([H:55])[C@@:56]([H:57])([C@:58]([H:59])([H:60])[H:61])[C@@:81]([H:82])([H:83])[H:84])([H:26])[H:27])[C@:28]([H:29])([C@@:38]([H:39])([C@:40]([H:41])([H:42])[H:43])[C@@:73]([H:74])([H:75])[H:76])[C@@:30]([H:31])([H:32])[C@:33]([H:34])([H:35])[C@@:36]2([H:37])[C@:44]([H:45])([C@:67]([H:69])([H:70])[H:71])[C@@:77]([H:78])([H:79])[H:80],[H]C([H])([H])C([H])([H])N(C([H])([H])C([H])([H])[H])C([H])([H])C([H])([H])[H].[H]OC([H])([H])[H],CC(C)[C@@H](C(O)=O)C1=CC=C(C(C)C)C=C1,CC(C)[C@H](C(O)=O)C1=CC=C(C(C)C)C=C1,C/C(C)=C(C(O)=O)\C1=CC=C(C(C)C)C=C1,60,20,,,,2
IAW00001205,CAT-31,SOL-1,,,REA-18,[P]12([C@@:10]([C@:11]([P:1]3(->[Rh+:20]<-1456<-[C:2]1([H:21])=[C:3]->4([H:22])[C@:4]([H:23])([H:24])[C@@:5]([H:25])([H:26])[C:6]->5([H:27])=[C:7]->6([H:28])[C@:8]([H:29])([H:30])[C@@:9]1([H:31])[H:32])[C@@:16]([H:43])([C:82]1=[C:83]([H:86])[C:85]([H:90])=[C:89]([H:92])[C:87]([H:91])=[C:84]1[H:88])[C@@:17]([H:44])([H:45])[C@@:18]([H:46])([H:47])[C@:19]3([H:48])[C:71]1=[C:72]([H:75])[C:74]([H:79])=[C:78]([H:81])[C:76]([H:80])=[C:73]1[H:77])([H:35])[H:36])([H:33])[H:34])[C@@:12]([H:37])([C:49]1=[C:50]([H:53])[C:52]([H:57])=[C:56]([H:59])[C:54]([H:58])=[C:51]1[H:55])[C@@:13]([H:38])([H:39])[C@:14]([H:40])([H:41])[C@:15]2([H:42])[C:60]1=[C:61]([H:64])[C:63]([H:68])=[C:67]([H:70])[C:65]([H:69])=[C:62]1[H:66],[H]OC([H])([H])[H],CC(C)[C@@H](C(O)=O)C1=CC=C(C(C)C)C=C1,CC(C)[C@H](C(O)=O)C1=CC=C(C(C)C)C=C1,C/C(C)=C(C(O)=O)\C1=CC=C(C(C)C)C=C1,60,20,,,,2
IAW00001206,CAT-31,SOL-2,,,REA-18,[P]12([C@@:10]([C@:11]([P:1]3(->[Rh+:20]<-1456<-[C:2]1([H:21])=[C:3]->4([H:22])[C@:4]([H:23])([H:24])[C@@:5]([H:25])([H:26])[C:6]->5([H:27])=[C:7]->6([H:28])[C@:8]([H:29])([H:30])[C@@:9]1([H:31])[H:32])[C@@:16]([H:43])([C:82]1=[C:83]([H:86])[C:85]([H:90])=[C:89]([H:92])[C:87]([H:91])=[C:84]1[H:88])[C@@:17]([H:44])([H:45])[C@@:18]([H:46])([H:47])[C@:19]3([H:48])[C:71]1=[C:72]([H:75])[C:74]([H:79])=[C:78]([H:81])[C:76]([H:80])=[C:73]1[H:77])([H:35])[H:36])([H:33])[H:34])[C@@:12]([H:37])([C:49]1=[C:50]([H:53])[C:52]([H:57])=[C:56]([H:59])[C:54]([H:58])=[C:51]1[H:55])[C@@:13]([H:38])([H:39])[C@:14]([H:40])([H:41])[C@:15]2([H:42])[C:60]1=[C:61]([H:64])[C:63]([H:68])=[C:67]([H:70])[C:65]([H:69])=[C:62]1[H:66],[H]C([H])([H])C([H])([H])N(C([H])([H])C([H])([H])[H])C([H])([H])C([H])([H])[H].[H]OC([H])([H])[H],CC(C)[C@@H](C(O)=O)C1=CC=C(C(C)C)C=C1,CC(C)[C@H](C(O)=O)C1=CC=C(C(C)C)C=C1,C/C(C)=C(C(O)=O)\C1=CC=C(C(C)C)C=C1,60,20,,,,2
IAW00001207,CAT-32,SOL-2,,,REA-18,[Rh+]1234(<-[P:1]5([C:35]6=[C:41]([H:52])[C:51]([H:59])=[C:58]([H:60])[C:47]([H:57])=[C:39]6[P:34]->16[C@@:63]([C@:46]([H:54])([H:55])[H:56])([H:64])[C@:42]([H:23])([H:53])[C@:36]([H:22])([H:43])[C@:67]6([C@@:24]([H:25])([H:26])[H:37])[H:68])[C@@:61]([C@:30]([H:31])([H:32])[H:33])([H:62])[C@@:27]([H:28])([H:29])[C@:38]([H:44])([H:45])[C@:65]5([C@@:40]([H:48])([H:49])[H:50])[H:66])<-[C:2]1([H:3])=[C:4]->2([H:5])[C@@:6]([H:7])([H:8])[C@:9]([H:10])([H:11])[C:12]->3([H:13])=[C:14]->4([H:15])[C@@:16]([H:17])([H:18])[C@:19]1([H:20])[H:21],[H]C([H])([H])C([H])([H])N(C([H])([H])C([H])([H])[H])C([H])([H])C([H])([H])[H].[H]OC([H])([H])[H],CC(C)[C@@H](C(O)=O)C1=CC=C(C(C)C)C=C1,CC(C)[C@H](C(O)=O)C1=CC=C(C(C)C)C=C1,C/C(C)=C(C(O)=O)\C1=CC=C(C(C)C)C=C1,60,20,,,,2
IAW00001208,CAT-33,SOL-3,,,REA-18,[Rh+]1234(<-[P:1]5([C:23]6=[C:31]([H:32])[C:29]([H:30])=[C:27]([H:28])[C:25]([H:26])=[C:24]6[P:2]->16[C@:73]([C@:66]([H:67])([H:68])[C@@:69]([H:70])([H:71])[H:72])([H:74])[C@@:56]([H:57])([H:58])[C@@:53]([H:54])([H:55])[C@@:75]6([C@:59]([H:60])([H:61])[C@@:62]([H:63])([H:64])[H:65])[H:76])[C@:77]([C@:46]([H:47])([H:48])[C@@:49]([H:50])([H:51])[H:52])([H:78])[C@@:36]([H:37])([H:38])[C@@:33]([H:34])([H:35])[C@@:79]5([C@:39]([H:40])([H:41])[C@@:42]([H:43])([H:44])[H:45])[H:80])<-[C:3]1([H:4])=[C:5]->2([H:6])[C@:7]([H:8])([H:9])[C@:10]([H:11])([H:12])[C:13]->3([H:14])=[C:15]->4([H:16])[C@:17]([H:18])([H:19])[C@@:20]1([H:21])[H:22],F[B-](F)(F)F.[H]C([H])([H])C([H])([H])N(C([H])([H])C([H])([H])[H])C([H])([H])C([H])([H])[H].[H]OC([H])([H])[H],CC(C)[C@@H](C(O)=O)C1=CC=C(C(C)C)C=C1,CC(C)[C@H](C(O)=O)C1=CC=C(C(C)C)C=C1,C/C(C)=C(C(O)=O)\C1=CC=C(C(C)C)C=C1,60,20,,,,2
IAW00001209,CAT-34,SOL-2,,,REA-18,[Rh+]1234(<-[P:1]5([C:33]6=[C:30]([P:2]->17[C@@:45]([H:46])([C@:55]([H:56])([C@:57]([H:58])([H:59])[H:60])[C@:61]([H:62])([H:63])[H:64])[C@:47]([H:48])([H:49])[C@@:50]([H:51])([H:52])[C@:53]7([H:54])[C@@:65]([H:66])([C@:67]([H:68])([H:69])[H:70])[C@:71]([H:72])([H:73])[H:74])[C:28]([H:29])=[C:26]([H:27])[C:24]([H:25])=[C:23]6[H:76])[C@@:31]([H:32])([C@@:36]([H:37])([C@:38]([H:39])([H:40])[H:78])[C@:41]([H:42])([H:43])[H:44])[C@@:77]([H:82])([H:83])[C@:79]([H:84])([H:85])[C@@:75]5([C@@:80]([H:34])([C@:86]([H:88])([H:89])[H:90])[C@:87]([H:35])([H:91])[H:92])[H:81])<-[C:3]1([H:4])=[C:5]->2([H:6])[C@:7]([H:8])([H:9])[C@@:10]([H:11])([H:12])[C:13]->3([H:14])=[C:15]->4([H:16])[C@:17]([H:18])([H:19])[C@@:20]1([H:21])[H:22],[H]C([H])([H])C([H])([H])N(C([H])([H])C([H])([H])[H])C([H])([H])C([H])([H])[H].[H]OC([H])([H])[H],CC(C)[C@@H](C(O)=O)C1=CC=C(C(C)C)C=C1,CC(C)[C@H](C(O)=O)C1=CC=C(C(C)C)C=C1,C/C(C)=C(C(O)=O)\C1=CC=C(C(C)C)C=C1,60,20,,,,2
IAW00001210,CAT-35,SOL-2,,,REA-18,[Fe+2]123456789<-[C:3]%10([P:1]%11(->[Rh+:61]%12%13%14(<-[P:2]%15([C:12]->1%16=[C:17]->2([H:18])[C:15]->3([H:16])=[C:14]->4([H:53])[C-:13]->5%16[H:52])[C@:29]([H:30])([C@@:62]([H:63])([H:64])[H:65])[C@:54]([H:57])([H:58])[C@:56]([H:59])([H:60])[C@@:51]%15([H:55])[C@@:66]([H:67])([H:68])[H:69])<-[C:31]1([H:32])=[C:33]->%12([H:34])[C@:35]([H:36])([H:37])[C@@:38]([H:39])([H:40])[C:41]->%13([H:42])=[C:43]->%14([H:44])[C@:45]([H:46])([H:47])[C@@:48]1([H:49])[H:50])[C@:19]([H:20])([C@@:70]([H:71])([H:72])[H:73])[C@@:21]([H:22])([H:23])[C@:24]([H:25])([H:26])[C@@:27]%11([H:28])[C@@:74]([H:75])([H:76])[H:77])=[C:4]->6([H:5])[C:6]->7([H:7])=[C:8]->8([H:9])[C-:10]->9%10[H:11],[H]C([H])([H])C([H])([H])N(C([H])([H])C([H])([H])[H])C([H])([H])C([H])([H])[H].[H]OC([H])([H])[H],CC(C)[C@@H](C(O)=O)C1=CC=C(C(C)C)C=C1,CC(C)[C@H](C(O)=O)C1=CC=C(C(C)C)C=C1,C/C(C)=C(C(O)=O)\C1=CC=C(C(C)C)C=C1,60,20,,,,2
IAW00001211,CAT-35,SOL-4,,,REA-18,[Fe+2]123456789<-[C:3]%10([P:1]%11(->[Rh+:61]%12%13%14(<-[P:2]%15([C:12]->1%16=[C:17]->2([H:18])[C:15]->3([H:16])=[C:14]->4([H:53])[C-:13]->5%16[H:52])[C@:29]([H:30])([C@@:62]([H:63])([H:64])[H:65])[C@:54]([H:57])([H:58])[C@:56]([H:59])([H:60])[C@@:51]%15([H:55])[C@@:66]([H:67])([H:68])[H:69])<-[C:31]1([H:32])=[C:33]->%12([H:34])[C@:35]([H:36])([H:37])[C@@:38]([H:39])([H:40])[C:41]->%13([H:42])=[C:43]->%14([H:44])[C@:45]([H:46])([H:47])[C@@:48]1([H:49])[H:50])[C@:19]([H:20])([C@@:70]([H:71])([H:72])[H:73])[C@@:21]([H:22])([H:23])[C@:24]([H:25])([H:26])[C@@:27]%11([H:28])[C@@:74]([H:75])([H:76])[H:77])=[C:4]->6([H:5])[C:6]->7([H:7])=[C:8]->8([H:9])[C-:10]->9%10[H:11],[H]C([H])([H])C([H])([H])N(C([H])([H])C([H])([H])[H])C([H])([H])C([H])([H])[H].[H]OC([H])([H])[H].[H]O[H],CC(C)[C@@H](C(O)=O)C1=CC=C(C(C)C)C=C1,CC(C)[C@H](C(O)=O)C1=CC=C(C(C)C)C=C1,C/C(C)=C(C(O)=O)\C1=CC=C(C(C)C)C=C1,60,20,,,,2
IAW00001212,CAT-35,SOL-5,,,REA-18,[Fe+2]123456789<-[C:3]%10([P:1]%11(->[Rh+:61]%12%13%14(<-[P:2]%15([C:12]->1%16=[C:17]->2([H:18])[C:15]->3([H:16])=[C:14]->4([H:53])[C-:13]->5%16[H:52])[C@:29]([H:30])([C@@:62]([H:63])([H:64])[H:65])[C@:54]([H:57])([H:58])[C@:56]([H:59])([H:60])[C@@:51]%15([H:55])[C@@:66]([H:67])([H:68])[H:69])<-[C:31]1([H:32])=[C:33]->%12([H:34])[C@:35]([H:36])([H:37])[C@@:38]([H:39])([H:40])[C:41]->%13([H:42])=[C:43]->%14([H:44])[C@:45]([H:46])([H:47])[C@@:48]1([H:49])[H:50])[C@:19]([H:20])([C@@:70]([H:71])([H:72])[H:73])[C@@:21]([H:22])([H:23])[C@:24]([H:25])([H:26])[C@@:27]%11([H:28])[C@@:74]([H:75])([H:76])[H:77])=[C:4]->6([H:5])[C:6]->7([H:7])=[C:8]->8([H:9])[C-:10]->9%10[H:11],[H]C([H])([H])C([H])([H])N(C([H])([H])C([H])([H])[H])C([H])([H])C([H])([H])[H].[H]C1([H])OC([H])([H])C([H])([H])C1([H])[H],CC(C)[C@@H](C(O)=O)C1=CC=C(C(C)C)C=C1,CC(C)[C@H](C(O)=O)C1=CC=C(C(C)C)C=C1,C/C(C)=C(C(O)=O)\C1=CC=C(C(C)C)C=C1,60,5,,,,2
IAW00001213,CAT-35,SOL-5,,,REA-18,[Fe+2]123456789<-[C:3]%10([P:1]%11(->[Rh+:61]%12%13%14(<-[P:2]%15([C:12]->1%16=[C:17]->2([H:18])[C:15]->3([H:16])=[C:14]->4([H:53])[C-:13]->5%16[H:52])[C@:29]([H:30])([C@@:62]([H:63])([H:64])[H:65])[C@:54]([H:57])([H:58])[C@:56]([H:59])([H:60])[C@@:51]%15([H:55])[C@@:66]([H:67])([H:68])[H:69])<-[C:31]1([H:32])=[C:33]->%12([H:34])[C@:35]([H:36])([H:37])[C@@:38]([H:39])([H:40])[C:41]->%13([H:42])=[C:43]->%14([H:44])[C@:45]([H:46])([H:47])[C@@:48]1([H:49])[H:50])[C@:19]([H:20])([C@@:70]([H:71])([H:72])[H:73])[C@@:21]([H:22])([H:23])[C@:24]([H:25])([H:26])[C@@:27]%11([H:28])[C@@:74]([H:75])([H:76])[H:77])=[C:4]->6([H:5])[C:6]->7([H:7])=[C:8]->8([H:9])[C-:10]->9%10[H:11],[H]C([H])([H])C([H])([H])N(C([H])([H])C([H])([H])[H])C([H])([H])C([H])([H])[H].[H]C1([H])OC([H])([H])C([H])([H])C1([H])[H],CC(C)[C@@H](C(O)=O)C1=CC=C(C(C)C)C=C1,CC(C)[C@H](C(O)=O)C1=CC=C(C(C)C)C=C1,C/C(C)=C(C(O)=O)\C1=CC=C(C(C)C)C=C1,60,50,,,,2
IAW00001214,CAT-35,SOL-5,,,REA-18,[Fe+2]123456789<-[C:3]%10([P:1]%11(->[Rh+:61]%12%13%14(<-[P:2]%15([C:12]->1%16=[C:17]->2([H:18])[C:15]->3([H:16])=[C:14]->4([H:53])[C-:13]->5%16[H:52])[C@:29]([H:30])([C@@:62]([H:63])([H:64])[H:65])[C@:54]([H:57])([H:58])[C@:56]([H:59])([H:60])[C@@:51]%15([H:55])[C@@:66]([H:67])([H:68])[H:69])<-[C:31]1([H:32])=[C:33]->%12([H:34])[C@:35]([H:36])([H:37])[C@@:38]([H:39])([H:40])[C:41]->%13([H:42])=[C:43]->%14([H:44])[C@:45]([H:46])([H:47])[C@@:48]1([H:49])[H:50])[C@:19]([H:20])([C@@:70]([H:71])([H:72])[H:73])[C@@:21]([H:22])([H:23])[C@:24]([H:25])([H:26])[C@@:27]%11([H:28])[C@@:74]([H:75])([H:76])[H:77])=[C:4]->6([H:5])[C:6]->7([H:7])=[C:8]->8([H:9])[C-:10]->9%10[H:11],[H]C([H])([H])C([H])([H])N(C([H])([H])C([H])([H])[H])C([H])([H])C([H])([H])[H].[H]C1([H])OC([H])([H])C([H])([H])C1([H])[H],CC(C)[C@@H](C(O)=O)C1=CC=C(C(C)C)C=C1,CC(C)[C@H](C(O)=O)C1=CC=C(C(C)C)C=C1,C/C(C)=C(C(O)=O)\C1=CC=C(C(C)C)C=C1,60,20,,,,2
IAW00001215,CAT-35,SOL-6,,,REA-18,[Fe+2]123456789<-[C:3]%10([P:1]%11(->[Rh+:61]%12%13%14(<-[P:2]%15([C:12]->1%16=[C:17]->2([H:18])[C:15]->3([H:16])=[C:14]->4([H:53])[C-:13]->5%16[H:52])[C@:29]([H:30])([C@@:62]([H:63])([H:64])[H:65])[C@:54]([H:57])([H:58])[C@:56]([H:59])([H:60])[C@@:51]%15([H:55])[C@@:66]([H:67])([H:68])[H:69])<-[C:31]1([H:32])=[C:33]->%12([H:34])[C@:35]([H:36])([H:37])[C@@:38]([H:39])([H:40])[C:41]->%13([H:42])=[C:43]->%14([H:44])[C@:45]([H:46])([H:47])[C@@:48]1([H:49])[H:50])[C@:19]([H:20])([C@@:70]([H:71])([H:72])[H:73])[C@@:21]([H:22])([H:23])[C@:24]([H:25])([H:26])[C@@:27]%11([H:28])[C@@:74]([H:75])([H:76])[H:77])=[C:4]->6([H:5])[C:6]->7([H:7])=[C:8]->8([H:9])[C-:10]->9%10[H:11],[H]C([H])([H])C([H])([H])N(C([H])([H])C([H])([H])[H])C([H])([H])C([H])([H])[H].[H]OC([H])(C([H])([H])[H])C([H])([H])[H],CC(C)[C@@H](C(O)=O)C1=CC=C(C(C)C)C=C1,CC(C)[C@H](C(O)=O)C1=CC=C(C(C)C)C=C1,C/C(C)=C(C(O)=O)\C1=CC=C(C(C)C)C=C1,60,20,,,,2
IAW00001216,CAT-36,SOL-2,,,REA-18,[Fe+2]123456789<-[C:3]%10([P:1]%11(->[Rh+:61]%12%13%14(<-[P:2]%15([C-:12]->1%16[C:13]->2([H:52])=[C:14]->3([H:53])[C:15]->4([H:16])=[C:17]->5%16[H:18])[C@@:29]([H:30])([C@:66]([H:67])([H:68])[C@@:69]([H:70])([H:71])[H:72])[C@:54]([H:57])([H:58])[C@:56]([H:59])([H:60])[C@:51]%15([H:55])[C@:73]([C@@:62]([H:63])([H:64])[H:65])([H:74])[H:75])<-[C:31]1([H:32])=[C:33]->%12([H:34])[C@:35]([H:36])([H:37])[C@@:38]([H:39])([H:40])[C:41]->%13([H:42])=[C:43]->%14([H:44])[C@:45]([H:46])([H:47])[C@@:48]1([H:49])[H:50])[C@@:19]([H:20])([C@:83]([H:84])([H:85])[C@@:86]([H:87])([H:88])[H:89])[C@@:21]([H:22])([H:23])[C@:24]([H:25])([H:26])[C@:27]%11([H:28])[C@:76]([H:77])([H:78])[C@@:79]([H:80])([H:81])[H:82])=[C:10]->6([H:11])[C-:8]->7([H:9])[C:6]->8([H:7])=[C:4]->9%10[H:5],[H]C([H])([H])C([H])([H])N(C([H])([H])C([H])([H])[H])C([H])([H])C([H])([H])[H].[H]OC([H])([H])[H],CC(C)[C@@H](C(O)=O)C1=CC=C(C(C)C)C=C1,CC(C)[C@H](C(O)=O)C1=CC=C(C(C)C)C=C1,C/C(C)=C(C(O)=O)\C1=CC=C(C(C)C)C=C1,60,20,,,,2
IAW00001217,CAT-36,SOL-4,,,REA-18,[Fe+2]123456789<-[C:3]%10([P:1]%11(->[Rh+:61]%12%13%14(<-[P:2]%15([C-:12]->1%16[C:13]->2([H:52])=[C:14]->3([H:53])[C:15]->4([H:16])=[C:17]->5%16[H:18])[C@@:29]([H:30])([C@:66]([H:67])([H:68])[C@@:69]([H:70])([H:71])[H:72])[C@:54]([H:57])([H:58])[C@:56]([H:59])([H:60])[C@:51]%15([H:55])[C@:73]([C@@:62]([H:63])([H:64])[H:65])([H:74])[H:75])<-[C:31]1([H:32])=[C:33]->%12([H:34])[C@:35]([H:36])([H:37])[C@@:38]([H:39])([H:40])[C:41]->%13([H:42])=[C:43]->%14([H:44])[C@:45]([H:46])([H:47])[C@@:48]1([H:49])[H:50])[C@@:19]([H:20])([C@:83]([H:84])([H:85])[C@@:86]([H:87])([H:88])[H:89])[C@@:21]([H:22])([H:23])[C@:24]([H:25])([H:26])[C@:27]%11([H:28])[C@:76]([H:77])([H:78])[C@@:79]([H:80])([H:81])[H:82])=[C:10]->6([H:11])[C-:8]->7([H:9])[C:6]->8([H:7])=[C:4]->9%10[H:5],[H]C([H])([H])C([H])([H])N(C([H])([H])C([H])([H])[H])C([H])([H])C([H])([H])[H].[H]OC([H])([H])[H].[H]O[H],CC(C)[C@@H](C(O)=O)C1=CC=C(C(C)C)C=C1,CC(C)[C@H](C(O)=O)C1=CC=C(C(C)C)C=C1,C/C(C)=C(C(O)=O)\C1=CC=C(C(C)C)C=C1,60,20,,,,2
IAW00001218,CAT-36,SOL-5,,,REA-18,[Fe+2]123456789<-[C:3]%10([P:1]%11(->[Rh+:61]%12%13%14(<-[P:2]%15([C-:12]->1%16[C:13]->2([H:52])=[C:14]->3([H:53])[C:15]->4([H:16])=[C:17]->5%16[H:18])[C@@:29]([H:30])([C@:66]([H:67])([H:68])[C@@:69]([H:70])([H:71])[H:72])[C@:54]([H:57])([H:58])[C@:56]([H:59])([H:60])[C@:51]%15([H:55])[C@:73]([C@@:62]([H:63])([H:64])[H:65])([H:74])[H:75])<-[C:31]1([H:32])=[C:33]->%12([H:34])[C@:35]([H:36])([H:37])[C@@:38]([H:39])([H:40])[C:41]->%13([H:42])=[C:43]->%14([H:44])[C@:45]([H:46])([H:47])[C@@:48]1([H:49])[H:50])[C@@:19]([H:20])([C@:83]([H:84])([H:85])[C@@:86]([H:87])([H:88])[H:89])[C@@:21]([H:22])([H:23])[C@:24]([H:25])([H:26])[C@:27]%11([H:28])[C@:76]([H:77])([H:78])[C@@:79]([H:80])([H:81])[H:82])=[C:10]->6([H:11])[C-:8]->7([H:9])[C:6]->8([H:7])=[C:4]->9%10[H:5],[H]C([H])([H])C([H])([H])N(C([H])([H])C([H])([H])[H])C([H])([H])C([H])([H])[H].[H]C1([H])OC([H])([H])C([H])([H])C1([H])[H],CC(C)[C@@H](C(O)=O)C1=CC=C(C(C)C)C=C1,CC(C)[C@H](C(O)=O)C1=CC=C(C(C)C)C=C1,C/C(C)=C(C(O)=O)\C1=CC=C(C(C)C)C=C1,60,5,,,,2
IAW00001219,CAT-36,SOL-5,,,REA-18,[Fe+2]123456789<-[C:3]%10([P:1]%11(->[Rh+:61]%12%13%14(<-[P:2]%15([C-:12]->1%16[C:13]->2([H:52])=[C:14]->3([H:53])[C:15]->4([H:16])=[C:17]->5%16[H:18])[C@@:29]([H:30])([C@:66]([H:67])([H:68])[C@@:69]([H:70])([H:71])[H:72])[C@:54]([H:57])([H:58])[C@:56]([H:59])([H:60])[C@:51]%15([H:55])[C@:73]([C@@:62]([H:63])([H:64])[H:65])([H:74])[H:75])<-[C:31]1([H:32])=[C:33]->%12([H:34])[C@:35]([H:36])([H:37])[C@@:38]([H:39])([H:40])[C:41]->%13([H:42])=[C:43]->%14([H:44])[C@:45]([H:46])([H:47])[C@@:48]1([H:49])[H:50])[C@@:19]([H:20])([C@:83]([H:84])([H:85])[C@@:86]([H:87])([H:88])[H:89])[C@@:21]([H:22])([H:23])[C@:24]([H:25])([H:26])[C@:27]%11([H:28])[C@:76]([H:77])([H:78])[C@@:79]([H:80])([H:81])[H:82])=[C:10]->6([H:11])[C-:8]->7([H:9])[C:6]->8([H:7])=[C:4]->9%10[H:5],[H]C([H])([H])C([H])([H])N(C([H])([H])C([H])([H])[H])C([H])([H])C([H])([H])[H].[H]C1([H])OC([H])([H])C([H])([H])C1([H])[H],CC(C)[C@@H](C(O)=O)C1=CC=C(C(C)C)C=C1,CC(C)[C@H](C(O)=O)C1=CC=C(C(C)C)C=C1,C/C(C)=C(C(O)=O)\C1=CC=C(C(C)C)C=C1,60,50,,,,2
IAW00001220,CAT-36,SOL-5,,,REA-18,[Fe+2]123456789<-[C:3]%10([P:1]%11(->[Rh+:61]%12%13%14(<-[P:2]%15([C-:12]->1%16[C:13]->2([H:52])=[C:14]->3([H:53])[C:15]->4([H:16])=[C:17]->5%16[H:18])[C@@:29]([H:30])([C@:66]([H:67])([H:68])[C@@:69]([H:70])([H:71])[H:72])[C@:54]([H:57])([H:58])[C@:56]([H:59])([H:60])[C@:51]%15([H:55])[C@:73]([C@@:62]([H:63])([H:64])[H:65])([H:74])[H:75])<-[C:31]1([H:32])=[C:33]->%12([H:34])[C@:35]([H:36])([H:37])[C@@:38]([H:39])([H:40])[C:41]->%13([H:42])=[C:43]->%14([H:44])[C@:45]([H:46])([H:47])[C@@:48]1([H:49])[H:50])[C@@:19]([H:20])([C@:83]([H:84])([H:85])[C@@:86]([H:87])([H:88])[H:89])[C@@:21]([H:22])([H:23])[C@:24]([H:25])([H:26])[C@:27]%11([H:28])[C@:76]([H:77])([H:78])[C@@:79]([H:80])([H:81])[H:82])=[C:10]->6([H:11])[C-:8]->7([H:9])[C:6]->8([H:7])=[C:4]->9%10[H:5],[H]C([H])([H])C([H])([H])N(C([H])([H])C([H])([H])[H])C([H])([H])C([H])([H])[H].[H]C1([H])OC([H])([H])C([H])([H])C1([H])[H],CC(C)[C@@H](C(O)=O)C1=CC=C(C(C)C)C=C1,CC(C)[C@H](C(O)=O)C1=CC=C(C(C)C)C=C1,C/C(C)=C(C(O)=O)\C1=CC=C(C(C)C)C=C1,60,20,,,,2
IAW00001221,CAT-36,SOL-6,,,REA-18,[Fe+2]123456789<-[C:3]%10([P:1]%11(->[Rh+:61]%12%13%14(<-[P:2]%15([C-:12]->1%16[C:13]->2([H:52])=[C:14]->3([H:53])[C:15]->4([H:16])=[C:17]->5%16[H:18])[C@@:29]([H:30])([C@:66]([H:67])([H:68])[C@@:69]([H:70])([H:71])[H:72])[C@:54]([H:57])([H:58])[C@:56]([H:59])([H:60])[C@:51]%15([H:55])[C@:73]([C@@:62]([H:63])([H:64])[H:65])([H:74])[H:75])<-[C:31]1([H:32])=[C:33]->%12([H:34])[C@:35]([H:36])([H:37])[C@@:38]([H:39])([H:40])[C:41]->%13([H:42])=[C:43]->%14([H:44])[C@:45]([H:46])([H:47])[C@@:48]1([H:49])[H:50])[C@@:19]([H:20])([C@:83]([H:84])([H:85])[C@@:86]([H:87])([H:88])[H:89])[C@@:21]([H:22])([H:23])[C@:24]([H:25])([H:26])[C@:27]%11([H:28])[C@:76]([H:77])([H:78])[C@@:79]([H:80])([H:81])[H:82])=[C:10]->6([H:11])[C-:8]->7([H:9])[C:6]->8([H:7])=[C:4]->9%10[H:5],[H]C([H])([H])C([H])([H])N(C([H])([H])C([H])([H])[H])C([H])([H])C([H])([H])[H].[H]OC([H])(C([H])([H])[H])C([H])([H])[H],CC(C)[C@@H](C(O)=O)C1=CC=C(C(C)C)C=C1,CC(C)[C@H](C(O)=O)C1=CC=C(C(C)C)C=C1,C/C(C)=C(C(O)=O)\C1=CC=C(C(C)C)C=C1,60,20,,,,2
IAW00001222,CAT-37,SOL-2,,,REA-18,[Fe+2]123456789<-[C:3]%10([P:1]%11(->[Rh+:61]%12%13%14(<-[P:2]%15([C:12]->1%16=[C:17]->2([H:18])[C:15]->3([H:16])=[C:14]->4([H:53])[C-:13]->5%16[H:52])[C@@:29]([H:30])([C@@:72]([H:73])([C@@:74]([H:75])([H:76])[H:77])[C@@:78]([H:79])([H:80])[H:81])[C@:54]([H:57])([H:58])[C@:56]([H:59])([H:60])[C@:51]%15([H:55])[C@@:62]([H:63])([C@@:64]([H:65])([H:66])[H:67])[C@@:68]([H:69])([H:70])[H:71])<-[C:31]1([H:32])=[C:33]->%12([H:34])[C@:35]([H:36])([H:37])[C@@:38]([H:39])([H:40])[C:41]->%13([H:42])=[C:43]->%14([H:44])[C@:45]([H:46])([H:47])[C@@:48]1([H:49])[H:50])[C@@:19]([H:20])([C@:91]([H:92])([C@@:93]([H:94])([H:95])[H:96])[C@@:97]([H:98])([H:99])[H:100])[C@@:21]([H:22])([H:23])[C@:24]([H:25])([H:26])[C@:27]%11([H:28])[C@:82]([C@@:83]([H:84])([H:85])[H:86])([C@@:87]([H:88])([H:89])[H:90])[H:101])=[C:4]->6([H:5])[C:6]->7([H:7])=[C:8]->8([H:9])[C-:10]->9%10[H:11],[H]C([H])([H])C([H])([H])N(C([H])([H])C([H])([H])[H])C([H])([H])C([H])([H])[H].[H]OC([H])([H])[H],CC(C)[C@@H](C(O)=O)C1=CC=C(C(C)C)C=C1,CC(C)[C@H](C(O)=O)C1=CC=C(C(C)C)C=C1,C/C(C)=C(C(O)=O)\C1=CC=C(C(C)C)C=C1,60,20,,,,2
IAW00001223,CAT-37,SOL-4,,,REA-18,[Fe+2]123456789<-[C:3]%10([P:1]%11(->[Rh+:61]%12%13%14(<-[P:2]%15([C:12]->1%16=[C:17]->2([H:18])[C:15]->3([H:16])=[C:14]->4([H:53])[C-:13]->5%16[H:52])[C@@:29]([H:30])([C@@:72]([H:73])([C@@:74]([H:75])([H:76])[H:77])[C@@:78]([H:79])([H:80])[H:81])[C@:54]([H:57])([H:58])[C@:56]([H:59])([H:60])[C@:51]%15([H:55])[C@@:62]([H:63])([C@@:64]([H:65])([H:66])[H:67])[C@@:68]([H:69])([H:70])[H:71])<-[C:31]1([H:32])=[C:33]->%12([H:34])[C@:35]([H:36])([H:37])[C@@:38]([H:39])([H:40])[C:41]->%13([H:42])=[C:43]->%14([H:44])[C@:45]([H:46])([H:47])[C@@:48]1([H:49])[H:50])[C@@:19]([H:20])([C@:91]([H:92])([C@@:93]([H:94])([H:95])[H:96])[C@@:97]([H:98])([H:99])[H:100])[C@@:21]([H:22])([H:23])[C@:24]([H:25])([H:26])[C@:27]%11([H:28])[C@:82]([C@@:83]([H:84])([H:85])[H:86])([C@@:87]([H:88])([H:89])[H:90])[H:101])=[C:4]->6([H:5])[C:6]->7([H:7])=[C:8]->8([H:9])[C-:10]->9%10[H:11],[H]C([H])([H])C([H])([H])N(C([H])([H])C([H])([H])[H])C([H])([H])C([H])([H])[H].[H]OC([H])([H])[H].[H]O[H],CC(C)[C@@H](C(O)=O)C1=CC=C(C(C)C)C=C1,CC(C)[C@H](C(O)=O)C1=CC=C(C(C)C)C=C1,C/C(C)=C(C(O)=O)\C1=CC=C(C(C)C)C=C1,60,20,,,,2
IAW00001224,CAT-37,SOL-5,,,REA-18,[Fe+2]123456789<-[C:3]%10([P:1]%11(->[Rh+:61]%12%13%14(<-[P:2]%15([C:12]->1%16=[C:17]->2([H:18])[C:15]->3([H:16])=[C:14]->4([H:53])[C-:13]->5%16[H:52])[C@@:29]([H:30])([C@@:72]([H:73])([C@@:74]([H:75])([H:76])[H:77])[C@@:78]([H:79])([H:80])[H:81])[C@:54]([H:57])([H:58])[C@:56]([H:59])([H:60])[C@:51]%15([H:55])[C@@:62]([H:63])([C@@:64]([H:65])([H:66])[H:67])[C@@:68]([H:69])([H:70])[H:71])<-[C:31]1([H:32])=[C:33]->%12([H:34])[C@:35]([H:36])([H:37])[C@@:38]([H:39])([H:40])[C:41]->%13([H:42])=[C:43]->%14([H:44])[C@:45]([H:46])([H:47])[C@@:48]1([H:49])[H:50])[C@@:19]([H:20])([C@:91]([H:92])([C@@:93]([H:94])([H:95])[H:96])[C@@:97]([H:98])([H:99])[H:100])[C@@:21]([H:22])([H:23])[C@:24]([H:25])([H:26])[C@:27]%11([H:28])[C@:82]([C@@:83]([H:84])([H:85])[H:86])([C@@:87]([H:88])([H:89])[H:90])[H:101])=[C:4]->6([H:5])[C:6]->7([H:7])=[C:8]->8([H:9])[C-:10]->9%10[H:11],[H]C([H])([H])C([H])([H])N(C([H])([H])C([H])([H])[H])C([H])([H])C([H])([H])[H].[H]C1([H])OC([H])([H])C([H])([H])C1([H])[H],CC(C)[C@@H](C(O)=O)C1=CC=C(C(C)C)C=C1,CC(C)[C@H](C(O)=O)C1=CC=C(C(C)C)C=C1,C/C(C)=C(C(O)=O)\C1=CC=C(C(C)C)C=C1,60,5,,,,2
IAW00001225,CAT-37,SOL-5,,,REA-18,[Fe+2]123456789<-[C:3]%10([P:1]%11(->[Rh+:61]%12%13%14(<-[P:2]%15([C:12]->1%16=[C:17]->2([H:18])[C:15]->3([H:16])=[C:14]->4([H:53])[C-:13]->5%16[H:52])[C@@:29]([H:30])([C@@:72]([H:73])([C@@:74]([H:75])([H:76])[H:77])[C@@:78]([H:79])([H:80])[H:81])[C@:54]([H:57])([H:58])[C@:56]([H:59])([H:60])[C@:51]%15([H:55])[C@@:62]([H:63])([C@@:64]([H:65])([H:66])[H:67])[C@@:68]([H:69])([H:70])[H:71])<-[C:31]1([H:32])=[C:33]->%12([H:34])[C@:35]([H:36])([H:37])[C@@:38]([H:39])([H:40])[C:41]->%13([H:42])=[C:43]->%14([H:44])[C@:45]([H:46])([H:47])[C@@:48]1([H:49])[H:50])[C@@:19]([H:20])([C@:91]([H:92])([C@@:93]([H:94])([H:95])[H:96])[C@@:97]([H:98])([H:99])[H:100])[C@@:21]([H:22])([H:23])[C@:24]([H:25])([H:26])[C@:27]%11([H:28])[C@:82]([C@@:83]([H:84])([H:85])[H:86])([C@@:87]([H:88])([H:89])[H:90])[H:101])=[C:4]->6([H:5])[C:6]->7([H:7])=[C:8]->8([H:9])[C-:10]->9%10[H:11],[H]C([H])([H])C([H])([H])N(C([H])([H])C([H])([H])[H])C([H])([H])C([H])([H])[H].[H]C1([H])OC([H])([H])C([H])([H])C1([H])[H],CC(C)[C@@H](C(O)=O)C1=CC=C(C(C)C)C=C1,CC(C)[C@H](C(O)=O)C1=CC=C(C(C)C)C=C1,C/C(C)=C(C(O)=O)\C1=CC=C(C(C)C)C=C1,60,50,,,,2
IAW00001226,CAT-37,SOL-5,,,REA-18,[Fe+2]123456789<-[C:3]%10([P:1]%11(->[Rh+:61]%12%13%14(<-[P:2]%15([C:12]->1%16=[C:17]->2([H:18])[C:15]->3([H:16])=[C:14]->4([H:53])[C-:13]->5%16[H:52])[C@@:29]([H:30])([C@@:72]([H:73])([C@@:74]([H:75])([H:76])[H:77])[C@@:78]([H:79])([H:80])[H:81])[C@:54]([H:57])([H:58])[C@:56]([H:59])([H:60])[C@:51]%15([H:55])[C@@:62]([H:63])([C@@:64]([H:65])([H:66])[H:67])[C@@:68]([H:69])([H:70])[H:71])<-[C:31]1([H:32])=[C:33]->%12([H:34])[C@:35]([H:36])([H:37])[C@@:38]([H:39])([H:40])[C:41]->%13([H:42])=[C:43]->%14([H:44])[C@:45]([H:46])([H:47])[C@@:48]1([H:49])[H:50])[C@@:19]([H:20])([C@:91]([H:92])([C@@:93]([H:94])([H:95])[H:96])[C@@:97]([H:98])([H:99])[H:100])[C@@:21]([H:22])([H:23])[C@:24]([H:25])([H:26])[C@:27]%11([H:28])[C@:82]([C@@:83]([H:84])([H:85])[H:86])([C@@:87]([H:88])([H:89])[H:90])[H:101])=[C:4]->6([H:5])[C:6]->7([H:7])=[C:8]->8([H:9])[C-:10]->9%10[H:11],[H]C([H])([H])C([H])([H])N(C([H])([H])C([H])([H])[H])C([H])([H])C([H])([H])[H].[H]C1([H])OC([H])([H])C([H])([H])C1([H])[H],CC(C)[C@@H](C(O)=O)C1=CC=C(C(C)C)C=C1,CC(C)[C@H](C(O)=O)C1=CC=C(C(C)C)C=C1,C/C(C)=C(C(O)=O)\C1=CC=C(C(C)C)C=C1,60,20,,,,2
IAW00001227,CAT-37,SOL-6,,,REA-18,[Fe+2]123456789<-[C:3]%10([P:1]%11(->[Rh+:61]%12%13%14(<-[P:2]%15([C:12]->1%16=[C:17]->2([H:18])[C:15]->3([H:16])=[C:14]->4([H:53])[C-:13]->5%16[H:52])[C@@:29]([H:30])([C@@:72]([H:73])([C@@:74]([H:75])([H:76])[H:77])[C@@:78]([H:79])([H:80])[H:81])[C@:54]([H:57])([H:58])[C@:56]([H:59])([H:60])[C@:51]%15([H:55])[C@@:62]([H:63])([C@@:64]([H:65])([H:66])[H:67])[C@@:68]([H:69])([H:70])[H:71])<-[C:31]1([H:32])=[C:33]->%12([H:34])[C@:35]([H:36])([H:37])[C@@:38]([H:39])([H:40])[C:41]->%13([H:42])=[C:43]->%14([H:44])[C@:45]([H:46])([H:47])[C@@:48]1([H:49])[H:50])[C@@:19]([H:20])([C@:91]([H:92])([C@@:93]([H:94])([H:95])[H:96])[C@@:97]([H:98])([H:99])[H:100])[C@@:21]([H:22])([H:23])[C@:24]([H:25])([H:26])[C@:27]%11([H:28])[C@:82]([C@@:83]([H:84])([H:85])[H:86])([C@@:87]([H:88])([H:89])[H:90])[H:101])=[C:4]->6([H:5])[C:6]->7([H:7])=[C:8]->8([H:9])[C-:10]->9%10[H:11],[H]C([H])([H])C([H])([H])N(C([H])([H])C([H])([H])[H])C([H])([H])C([H])([H])[H].[H]OC([H])(C([H])([H])[H])C([H])([H])[H],CC(C)[C@@H](C(O)=O)C1=CC=C(C(C)C)C=C1,CC(C)[C@H](C(O)=O)C1=CC=C(C(C)C)C=C1,C/C(C)=C(C(O)=O)\C1=CC=C(C(C)C)C=C1,60,20,,,,2
IAW00001228,CAT-40,SOL-2,,,REA-18,[Rh+]1234(<-[P:1]([C@@:25]([H:26])([H:27])[C@:28]([P:2]->1([C:56]1=[C:64]([H:65])[C:62]([H:63])=[C:60]([H:61])[C:58]([H:59])=[C:57]1[O:4][C@:66]([H:67])([H:68])[H:69])[C:70]1=[C:79]([H:80])[C:77]([H:78])=[C:75]([H:76])[C:73]([H:74])=[C:71]1[H:72])([H:29])[H:30])([C:31]1=[C:39]([H:40])[C:37]([H:38])=[C:35]([H:36])[C:33]([H:34])=[C:32]1[O:3][C@:41]([H:42])([H:43])[H:44])[C:45]1=[C:54]([H:55])[C:52]([H:53])=[C:50]([H:51])[C:48]([H:49])=[C:46]1[H:47])<-[C:5]1([H:6])=[C:7]->2([H:8])[C@@:9]([H:10])([H:11])[C@:12]([H:13])([H:14])[C:15]->3([H:16])=[C:17]->4([H:18])[C@@:19]([H:20])([H:21])[C@:22]1([H:23])[H:24],[H]C([H])([H])C([H])([H])N(C([H])([H])C([H])([H])[H])C([H])([H])C([H])([H])[H].[H]OC([H])([H])[H],CC(C)[C@@H](C(O)=O)C1=CC=C(C(C)C)C=C1,CC(C)[C@H](C(O)=O)C1=CC=C(C(C)C)C=C1,C/C(C)=C(C(O)=O)\C1=CC=C(C(C)C)C=C1,60,20,,,,2
IAW00001229,CAT-41,SOL-2,,,REA-18,[Rh+]1234(<-[P:1]([C:21]5=[C:24]([C:25]6=[C:40]([P:2]->1([C:57]1=[C:78]([H:88])[C:89]([H:96])=[C:90]([H:97])[C:79]([H:91])=[C:58]1[H:59])[C:60]1=[C:61]([H:62])[C:63]([H:64])=[C:65]([H:66])[C:67]([H:68])=[C:69]1[H:70])[C:38]([H:39])=[C:36]([H:37])[C:35]1=[C:26]6[C:27]([H:28])=[C:29]([H:30])[C:31]([H:32])=[C:33]1[H:34])[C:74]1=[C:82]([C:81]([H:92])=[C:73]5[H:80])[C:93]([H:98])=[C:84]([H:94])[C:75]([H:83])=[C:22]1[H:23])([C:41]1=[C:42]([H:43])[C:44]([H:45])=[C:46]([H:47])[C:48]([H:49])=[C:50]1[H:51])[C:52]1=[C:53]([H:54])[C:55]([H:56])=[C:77]([H:87])[C:86]([H:95])=[C:76]1[H:85])<-[C:3]1([H:4])=[C:5]->2([H:6])[C@@:7]([H:8])([H:71])[C@@:9]([H:10])([H:72])[C:11]->3([H:12])=[C:13]->4([H:14])[C@:15]([H:16])([H:17])[C@@:18]1([H:19])[H:20],[H]C([H])([H])C([H])([H])N(C([H])([H])C([H])([H])[H])C([H])([H])C([H])([H])[H].[H]OC([H])([H])[H],CC(C)[C@@H](C(O)=O)C1=CC=C(C(C)C)C=C1,CC(C)[C@H](C(O)=O)C1=CC=C(C(C)C)C=C1,C/C(C)=C(C(O)=O)\C1=CC=C(C(C)C)C=C1,60,20,,,,2
IAW00001230,CAT-42,SOL-2,,,REA-18,[Rh+2]123<-[O:44]=[C:52]([O-:45]->[Rh+2:1](<-[O:47]=[C:68]([O-:46]->1)[C@:69]([N:13]1[C:16](=[O:14])[C:17]4=[C:26]([C:24]([H:25])=[C:22]([H:23])[C:20]([H:21])=[C:18]4[H:19])[C:27]1=[O:15])([H:70])[C@@:71]([C@:72]([H:73])([H:74])[H:75])([C@:76]([H:77])([H:78])[H:79])[C@:80]([H:81])([H:82])[H:83])(<-[O-:49][C:84](=[O:48]->2)[C@:85]([N:28]1[C:31](=[O:29])[C:32]2=[C:40]([C:39]([H:118])=[C:37]([H:38])[C:35]([H:36])=[C:33]2[H:34])[C:41]1=[O:30])([H:86])[C@:87]([C@:88]([H:89])([H:90])[H:91])([C@:92]([H:93])([H:94])[H:95])[C@:96]([H:97])([H:98])[H:99])<-[O-:51][C:100](=[O:50]->3)[C@:101]([N:42]1[C:119](=[O:123])[C:124]2=[C:125]([C:120]1=[O:43])[C:127]([H:130])=[C:131]([H:133])[C:128]([H:132])=[C:126]2[H:129])([H:102])[C@@:103]([C@:104]([H:105])([H:106])[H:107])([C@:108]([H:109])([H:110])[H:111])[C@:112]([H:113])([H:114])[H:115])[C@:53]([N:2]1[C:5](=[O:3])[C:6]2=[C:11]([C:9]([H:10])=[C:117]([H:122])[C:116]([H:121])=[C:7]2[H:8])[C:12]1=[O:4])([H:54])[C@:55]([C@:56]([H:57])([H:58])[H:59])([C@:60]([H:61])([H:62])[H:63])[C@:64]([H:65])([H:66])[H:67],[H]C([H])([H])C([H])([H])N(C([H])([H])C([H])([H])[H])C([H])([H])C([H])([H])[H].[H]OC([H])([H])[H],CC(C)[C@@H](C(O)=O)C1=CC=C(C(C)C)C=C1,CC(C)[C@H](C(O)=O)C1=CC=C(C(C)C)C=C1,C/C(C)=C(C(O)=O)\C1=CC=C(C(C)C)C=C1,60,20,,,,2
IAW00001231,CAT-43,SOL-2,,,REA-18,[Rh+2]123<-[O:10]=[C:20]([O-:12]->[Rh+2:1](<-[O:13]=[C:21]([O-:11]->1)[C@:23]([N:19]1[C:49](=[O:15])[C:51]4=[C:61]([C:59]([Cl:9])=[C:57]([Cl:7])[C:55]([Cl:5])=[C:53]4[Cl:3])[C:63]1=[O:17])([H:25])[C@:27]([C@:29]([H:31])([H:33])[H:69])([C@:35]([H:37])([H:39])[H:41])[C@:43]([H:45])([H:47])[H:71])(<-[O:66]=[C:72]([O-:64]->2)[C@:74]([C@@:76]([C@:82]([H:92])([H:93])[H:94])([C@:83]([H:95])([H:96])[H:97])[C@:84]([H:98])([H:99])[H:100])([N:77]1[C:85](=[O:102])[C:101]2=[C:103]([C:86]1=[O:104])[C:119]([Cl:125])=[C:124]([Cl:131])[C:122]([Cl:130])=[C:118]2[Cl:123])[H:78])<-[O-:67][C:73](=[O:65]->3)[C@@:75]([N:79]1[C:87](=[O:105])[C:106]2=[C:107]([C:88]1=[O:108])[C:121]([Cl:129])=[C:128]([Cl:133])[C:127]([Cl:132])=[C:120]2[Cl:126])([C@:80]([C@:89]([H:109])([H:110])[H:111])([C@@:90]([H:112])([H:113])[H:114])[C@:91]([H:115])([H:116])[H:117])[H:81])[C@:22]([N:18]1[C:48](=[O:14])[C:50]2=[C:60]([C:58]([Cl:8])=[C:56]([Cl:6])[C:54]([Cl:4])=[C:52]2[Cl:2])[C:62]1=[O:16])([H:24])[C@:26]([C@:28]([H:30])([H:32])[H:68])([C@:34]([H:36])([H:38])[H:40])[C@:42]([H:44])([H:46])[H:70],[H]C([H])([H])C([H])([H])N(C([H])([H])C([H])([H])[H])C([H])([H])C([H])([H])[H].[H]OC([H])([H])[H],CC(C)[C@@H](C(O)=O)C1=CC=C(C(C)C)C=C1,CC(C)[C@H](C(O)=O)C1=CC=C(C(C)C)C=C1,C/C(C)=C(C(O)=O)\C1=CC=C(C(C)C)C=C1,60,20,,,,2
IAW00001232,CAT-44,SOL-2,,,REA-18,[Rh+2]123<-[O-:6][C:26](=[O:7]->[Rh+2:1](<-[O-:11][C:48](=[O:10]->1)[C@@:49]1([H:50])[N:23]([S@@:3](=[O:12])(=[O:13])[C:60]4=[C:68]([H:69])[C:66]([H:67])=[C:65]([C@@:114]([H:115])([H:116])[C@:117]([H:118])([H:119])[C@@:120]([H:121])([H:122])[C@:123]([H:124])([H:125])[C@@:126]([H:127])([H:128])[C@:129]([H:130])([H:131])[C@:132]([H:133])([H:134])[C@:135]([H:136])([H:137])[C@:138]([H:139])([H:140])[C@:141]([H:142])([H:143])[C@:144]([H:145])([H:146])[C@@:147]([H:148])([H:149])[H:150])[C:63]([H:64])=[C:61]4[H:62])[C@:57]([H:58])([H:59])[C@:54]([H:55])([H:56])[C@@:51]1([H:52])[H:53])(<-[O:15]=[C:70]([O-:14]->2)[C@@:71]1([H:72])[N:24]([S@:4](=[O:16])(=[O:17])[C:82]2=[C:90]([H:91])[C:88]([H:89])=[C:87]([C@:225]([H:226])([H:227])[C@@:228]([H:229])([H:230])[C@:231]([H:232])([H:233])[C@@:234]([H:235])([H:236])[C@:237]([H:238])([H:239])[C@@:240]([H:241])([H:242])[C@@:243]([H:244])([H:245])[C@@:246]([H:247])([H:248])[C@:249]([H:250])([H:251])[C@@:252]([H:253])([H:254])[C@:255]([H:256])([H:257])[C@@:258]([H:259])([H:260])[H:261])[C:85]([H:86])=[C:83]2[H:84])[C@:79]([H:80])([H:81])[C@:76]([H:77])([H:78])[C@:73]1([H:74])[H:75])<-[O-:19][C:92](=[O:18]->3)[C@@:93]1([H:94])[N:25]([S@:5](=[O:20])(=[O:21])[C:104]2=[C:105]([H:106])[C:107]([H:108])=[C:109]([C@@:188]([H:189])([H:190])[C@@:191]([H:192])([H:193])[C@@:194]([H:195])([H:196])[C@@:197]([H:198])([H:199])[C@@:200]([H:201])([H:202])[C@:203]([H:204])([H:205])[C@@:206]([H:207])([H:208])[C@:209]([H:210])([H:211])[C@@:212]([H:213])([H:214])[C@@:215]([H:216])([H:217])[C@@:218]([H:219])([H:220])[C@@:221]([H:222])([H:223])[H:224])[C:110]([H:111])=[C:112]2[H:113])[C@:101]([H:102])([H:103])[C@:98]([H:99])([H:100])[C@:95]1([H:96])[H:97])[C@@:27]1([H:28])[N:22]([S@@:2](=[O:8])(=[O:9])[C:38]2=[C:39]([H:40])[C:41]([H:42])=[C:43]([C@@:151]([H:152])([H:153])[C@:154]([H:155])([H:156])[C@@:157]([H:158])([H:159])[C@:160]([H:161])([H:162])[C@@:163]([H:164])([H:165])[C@:166]([H:167])([H:168])[C@@:169]([H:170])([H:171])[C@:172]([H:173])([H:174])[C@@:175]([H:176])([H:177])[C@:178]([H:179])([H:180])[C@@:181]([H:182])([H:183])[C@@:184]([H:185])([H:186])[H:187])[C:44]([H:45])=[C:46]2[H:47])[C@:35]([H:36])([H:37])[C@@:32]([H:33])([H:34])[C@:29]1([H:30])[H:31],[H]C([H])([H])C([H])([H])N(C([H])([H])C([H])([H])[H])C([H])([H])C([H])([H])[H].[H]OC([H])([H])[H],CC(C)[C@@H](C(O)=O)C1=CC=C(C(C)C)C=C1,CC(C)[C@H](C(O)=O)C1=CC=C(C(C)C)C=C1,C/C(C)=C(C(O)=O)\C1=CC=C(C(C)C)C=C1,60,20,,,,2
IAW00001233,CAT-45,SOL-1,,,REA-18,[P]12([C@@:22]([C@:23]([P:1]3(->[Co+2:42]<-145(<-[O:3]=[C:40]([O-:5]->4)[C@:130]([H:131])([H:132])[C@:133]([H:134])([H:135])[C@@:136]([H:137])([H:138])[C@:139]([H:140])([H:141])[C@@:142]([H:143])([H:144])[C@:145]([H:146])([H:147])[C@@:148]([H:149])([H:150])[C@:151]([H:152])([H:153])[C@@:154]([H:155])([H:156])[C@:157]([H:158])([H:159])[C@:160]([H:161])([H:162])[C@:163]([H:164])([H:165])[C@@:166]([H:167])([H:168])[C@:169]([H:170])([H:171])[C@@:172]([H:173])([H:174])[C@:175]([H:176])([H:177])[C@@:178]([H:179])([H:180])[H:181])<-[O-:7][C:41](=[O:9]->5)[C@:78]([H:79])([H:80])[C@:81]([H:82])([H:83])[C@:84]([H:85])([H:86])[C@@:87]([H:88])([H:89])[C@:90]([H:91])([H:92])[C@:93]([H:94])([H:95])[C@:96]([H:97])([H:98])[C@:99]([H:100])([H:101])[C@:102]([H:103])([H:104])[C@:105]([H:106])([H:107])[C@@:108]([H:109])([H:110])[C@:111]([H:112])([H:113])[C@@:114]([H:115])([H:116])[C@:117]([H:118])([H:119])[C@@:120]([H:121])([H:122])[C@:123]([H:124])([H:125])[C@@:126]([H:127])([H:128])[H:129])[C@@:24]([C:28]1=[C:33]([H:60])[C:32]([H:59])=[C:31]([H:58])[C:30]([H:57])=[C:29]1[H:56])([H:54])[C@:25]([H:74])([H:75])[C@@:26]([H:76])([H:77])[C@:27]3([C:34]1=[C:35]([H:61])[C:36]([H:62])=[C:37]([H:63])[C:38]([H:64])=[C:39]1[H:65])[H:55])([H:72])[H:73])([H:70])[H:71])[C@@:2]([C:10]1=[C:11]([H:45])[C:12]([H:182])=[C:13]([H:46])[C:14]([H:47])=[C:15]1[H:48])([H:43])[C@:4]([H:66])([H:67])[C@:6]([H:68])([H:69])[C@:8]2([C:16]1=[C:17]([H:49])[C:18]([H:50])=[C:19]([H:51])[C:20]([H:52])=[C:21]1[H:53])[H:44],[H]OC([H])([H])[H],CC(C)[C@@H](C(O)=O)C1=CC=C(C(C)C)C=C1,CC(C)[C@H](C(O)=O)C1=CC=C(C(C)C)C=C1,C/C(C)=C(C(O)=O)\C1=CC=C(C(C)C)C=C1,50,60,,,,2
IAW00001234,CAT-45,SOL-8,,,REA-18,[P]12([C@@:22]([C@:23]([P:1]3(->[Co+2:42]<-145(<-[O:3]=[C:40]([O-:5]->4)[C@:130]([H:131])([H:132])[C@:133]([H:134])([H:135])[C@@:136]([H:137])([H:138])[C@:139]([H:140])([H:141])[C@@:142]([H:143])([H:144])[C@:145]([H:146])([H:147])[C@@:148]([H:149])([H:150])[C@:151]([H:152])([H:153])[C@@:154]([H:155])([H:156])[C@:157]([H:158])([H:159])[C@:160]([H:161])([H:162])[C@:163]([H:164])([H:165])[C@@:166]([H:167])([H:168])[C@:169]([H:170])([H:171])[C@@:172]([H:173])([H:174])[C@:175]([H:176])([H:177])[C@@:178]([H:179])([H:180])[H:181])<-[O-:7][C:41](=[O:9]->5)[C@:78]([H:79])([H:80])[C@:81]([H:82])([H:83])[C@:84]([H:85])([H:86])[C@@:87]([H:88])([H:89])[C@:90]([H:91])([H:92])[C@:93]([H:94])([H:95])[C@:96]([H:97])([H:98])[C@:99]([H:100])([H:101])[C@:102]([H:103])([H:104])[C@:105]([H:106])([H:107])[C@@:108]([H:109])([H:110])[C@:111]([H:112])([H:113])[C@@:114]([H:115])([H:116])[C@:117]([H:118])([H:119])[C@@:120]([H:121])([H:122])[C@:123]([H:124])([H:125])[C@@:126]([H:127])([H:128])[H:129])[C@@:24]([C:28]1=[C:33]([H:60])[C:32]([H:59])=[C:31]([H:58])[C:30]([H:57])=[C:29]1[H:56])([H:54])[C@:25]([H:74])([H:75])[C@@:26]([H:76])([H:77])[C@:27]3([C:34]1=[C:35]([H:61])[C:36]([H:62])=[C:37]([H:63])[C:38]([H:64])=[C:39]1[H:65])[H:55])([H:72])[H:73])([H:70])[H:71])[C@@:2]([C:10]1=[C:11]([H:45])[C:12]([H:182])=[C:13]([H:46])[C:14]([H:47])=[C:15]1[H:48])([H:43])[C@:4]([H:66])([H:67])[C@:6]([H:68])([H:69])[C@:8]2([C:16]1=[C:17]([H:49])[C:18]([H:50])=[C:19]([H:51])[C:20]([H:52])=[C:21]1[H:53])[H:44],[H]OC(C([H])([H])[H])(C([H])([H])[H])C([H])([H])[H],CC(C)[C@@H](C(O)=O)C1=CC=C(C(C)C)C=C1,CC(C)[C@H](C(O)=O)C1=CC=C(C(C)C)C=C1,C/C(C)=C(C(O)=O)\C1=CC=C(C(C)C)C=C1,40,80,,,,2
IAW00001235,CAT-46,SOL-8,,,REA-18,[P]12([C:12]3=[C:2]([H:54])[C:3]([H:4])=[C:5]([H:6])[C:7]([H:8])=[C:9]3[P:1]3(->[Co+2:76]<-1(<-[O-:71][C:72](=[O:75])[C@@:79]([H:80])([H:81])[C@@:82]([H:83])([H:84])[C@:85]([H:86])([H:87])[C@@:88]([H:89])([H:90])[C@:91]([H:92])([H:93])[C@@:94]([H:95])([H:96])[C@:97]([H:98])([H:99])[C@@:100]([H:101])([H:102])[C@:103]([H:104])([H:105])[C@@:106]([H:107])([H:108])[C@@:109]([H:110])([H:111])[C@@:112]([H:113])([H:114])[C@:115]([H:116])([H:117])[C@:118]([H:119])([H:120])[C@:121]([H:122])([H:123])[C@:124]([H:125])([H:126])[C@@:127]([H:128])([H:129])[H:130])<-[O-:73][C:74](=[O:78])[C@@:131]([H:132])([H:133])[C@@:134]([H:135])([H:136])[C@:137]([H:138])([H:139])[C@@:140]([H:141])([H:142])[C@:143]([H:144])([H:145])[C@@:146]([H:147])([H:148])[C@:149]([H:150])([H:151])[C@@:152]([H:153])([H:154])[C@:155]([H:156])([H:157])[C@@:158]([H:159])([H:160])[C@:161]([H:162])([H:163])[C@@:164]([H:165])([H:166])[C@:167]([H:168])([H:169])[C@@:170]([H:171])([H:172])[C@:173]([H:174])([H:175])[C@@:176]([H:177])([H:178])[C@@:179]([H:180])([H:181])[H:182])[C@@:24]([H:25])([C@:34]([H:35])([C@:36]([H:37])([H:38])[H:77])[C@:39]([H:40])([H:41])[H:42])[C@:26]([H:27])([H:28])[C@@:29]([H:30])([H:31])[C@:32]3([H:33])[C@@:43]([H:44])([C@:45]([H:46])([H:47])[H:48])[C@:49]([H:50])([H:51])[H:52])[C@@:10]([H:11])([C@@:15]([H:16])([C@:17]([H:18])([H:19])[H:56])[C@:20]([H:21])([H:22])[H:23])[C@@:55]([H:60])([H:61])[C@:57]([H:62])([H:63])[C@@:53]2([C@@:58]([H:13])([C@:64]([H:66])([H:67])[H:68])[C@:65]([H:14])([H:69])[H:70])[H:59],[H]OC(C([H])([H])[H])(C([H])([H])[H])C([H])([H])[H],CC(C)[C@@H](C(O)=O)C1=CC=C(C(C)C)C=C1,CC(C)[C@H](C(O)=O)C1=CC=C(C(C)C)C=C1,C/C(C)=C(C(O)=O)\C1=CC=C(C(C)C)C=C1,40,80,,,,2
IAW00001236,CAT-47,SOL-8,,,REA-18,[Fe+2]123456789<-[C:3]%10([P:1]%11(->[Co+2:41](<-[P:2]%12([C:12]->1%13=[C:17]->2([H:18])[C:15]->3([H:16])=[C:14]->4([H:33])[C-:13]->5%13[H:32])[C@:29]([H:30])([C@@:148]([H:149])([H:150])[H:151])[C@:34]([H:37])([H:38])[C@:36]([H:39])([H:40])[C@@:31]%12([H:35])[C@@:156]([H:157])([H:158])[H:159])(<-[O-:42][C:45]([C@@:160]([C@@:46]([H:47])([H:48])[C@:49]([H:50])([H:51])[C@@:52]([H:53])([H:54])[C@:55]([H:56])([H:57])[C@@:58]([H:59])([H:60])[C@:61]([H:62])([H:63])[C@@:64]([H:65])([H:66])[C@:67]([H:68])([H:69])[C@@:70]([H:71])([H:72])[C@:73]([H:74])([H:75])[C@@:76]([H:77])([H:78])[C@:79]([H:80])([H:81])[C@@:82]([H:83])([H:84])[C@@:85]([H:86])([H:87])[C@@:88]([H:89])([H:90])[C@@:91]([H:92])([H:93])[H:94])([H:166])[H:167])=[O:165])<-[O-:43][C:44]([C@@:161]([C@@:95]([H:96])([H:97])[C@@:98]([H:99])([H:100])[C@:101]([H:102])([H:103])[C@@:104]([H:105])([H:106])[C@:107]([H:108])([H:109])[C@@:110]([H:111])([H:112])[C@:113]([H:114])([H:115])[C@@:116]([H:117])([H:118])[C@@:119]([H:120])([H:121])[C@@:122]([H:123])([H:124])[C@@:125]([H:126])([H:127])[C@:128]([H:129])([H:130])[C@@:131]([H:132])([H:133])[C@:134]([H:135])([H:136])[C@:137]([H:138])([H:139])[C@@:140]([H:141])([H:142])[H:143])([H:162])[H:163])=[O:164])[C@:19]([H:20])([C@@:144]([H:145])([H:146])[H:147])[C@@:21]([H:22])([H:23])[C@:24]([H:25])([H:26])[C@@:27]%11([H:28])[C@@:152]([H:153])([H:154])[H:155])=[C:4]->6([H:5])[C:6]->7([H:7])=[C:8]->8([H:9])[C-:10]->9%10[H:11],[H]OC(C([H])([H])[H])(C([H])([H])[H])C([H])([H])[H],CC(C)[C@@H](C(O)=O)C1=CC=C(C(C)C)C=C1,CC(C)[C@H](C(O)=O)C1=CC=C(C(C)C)C=C1,C/C(C)=C(C(O)=O)\C1=CC=C(C(C)C)C=C1,40,80,,,,2
IAW00001237,CAT-48,SOL-1,,,REA-18,[Co+2]123<-[O-:1][C:7](=[C:8]([C:9](=[N:5]->1[C@@:10]([C@:11]([N:6]->2=[C:12]([C:13](=[C:14]([O-:2]->3)[C@@:37]([H:71])([H:72])[H:74])[C:35](=[O:4])[C@@:36]([H:68])([H:69])[H:70])[H:41])([C:26]1=[C:31]([C@@:34]([H:65])([H:66])[H:67])[C:30]([H:58])=[C:29]([C@@:33]([H:62])([H:63])[H:64])[C:28]([H:57])=[C:27]1[C@@:32]([H:59])([H:60])[H:61])[H:40])([C:17]1=[C:22]([C@@:25]([H:54])([H:55])[H:56])[C:21]([H:47])=[C:20]([C@@:24]([H:51])([H:52])[H:53])[C:19]([H:46])=[C:18]1[C@@:23]([H:48])([H:49])[H:50])[H:39])[H:38])[C:15](=[O:3])[C@@:16]([H:43])([H:44])[H:45])[C@:73]([H:42])([H:75])[H:76],[H]OC([H])([H])[H],CC(C)[C@@H](C(O)=O)C1=CC=C(C(C)C)C=C1,CC(C)[C@H](C(O)=O)C1=CC=C(C(C)C)C=C1,C/C(C)=C(C(O)=O)\C1=CC=C(C(C)C)C=C1,50,60,,,,2
IAW00001238,CAT-49,SOL-1,,,REA-18,[N]12=[C:10]([C:9]3=[C:4]([O-:1]->[Co+2:40]<-14<-[N:2]([C@@:16]1([H:53])[C@@:11]2([H:44])[C@@:12]([H:45])([H:46])[C@:13]([H:47])([H:48])[C@@:14]([H:49])([H:50])[C@@:15]1([H:51])[H:52])=[C:17]([C:18]1=[C:23]([O-:3]->4)[C:22]([C@@:36]([C@@:37]([H:84])([H:85])[H:86])([C@@:38]([H:87])([H:88])[H:89])[C@@:39]([H:90])([H:91])[H:92])=[C:21]([H:56])[C:20]([C@@:32]([C@@:33]([H:75])([H:76])[H:77])([C@@:34]([H:78])([H:79])[H:80])[C@@:35]([H:81])([H:82])[H:83])=[C:19]1[H:55])[H:54])[C:5]([C@:24]([C@@:25]([H:57])([H:58])[H:59])([C@@:26]([H:60])([H:61])[H:62])[C@@:27]([H:63])([H:64])[H:65])=[C:6]([H:41])[C:7]([C@@:28]([C@@:29]([H:66])([H:67])[H:68])([C@@:30]([H:69])([H:70])[H:71])[C@@:31]([H:72])([H:73])[H:74])=[C:8]3[H:42])[H:43],[H]OC([H])([H])[H],CC(C)[C@@H](C(O)=O)C1=CC=C(C(C)C)C=C1,CC(C)[C@H](C(O)=O)C1=CC=C(C(C)C)C=C1,C/C(C)=C(C(O)=O)\C1=CC=C(C(C)C)C=C1,50,60,,,,2
IAW00001239,CAT-50,SOL-1,,,REA-18,[Co+3]123(<-[Cl-:1])<-[O-:2][C:59]4=[C:62]([C@:11]([C@:12]([H:13])([H:14])[H:63])([C@:15]([H:16])([H:17])[H:18])[C@:19]([H:20])([H:21])[H:22])[C:71]([H:78])=[C:79]([C@:81]([C@@:82]([H:85])([H:86])[H:87])([C@@:83]([H:88])([H:89])[H:90])[C@:84]([H:91])([H:92])[H:93])[C:73]([H:80])=[C:66]4[C:65](=[N:58]->1[C@@:61]1([H:5])[C@@:9]([N:4]->2=[C:23]([H:24])[C:25]2=[C:26]([O-:3]->3)[C:27]([C@:33]([C@:34]([H:35])([H:36])[H:64])([C@:37]([H:38])([H:39])[H:40])[C@:41]([H:42])([H:43])[H:44])=[C:28]([H:29])[C:30]([C@@:45]([C@:46]([H:47])([H:48])[H:49])([C@:50]([H:51])([H:52])[H:53])[C@:54]([H:55])([H:56])[H:57])=[C:31]2[H:32])([H:10])[C@:6]([H:7])([H:8])[C@:60]([H:67])([H:69])[C@@:68]([H:74])([H:75])[C@:70]1([H:76])[H:77])[H:72],[H]OC([H])([H])[H],CC(C)[C@@H](C(O)=O)C1=CC=C(C(C)C)C=C1,CC(C)[C@H](C(O)=O)C1=CC=C(C(C)C)C=C1,C/C(C)=C(C(O)=O)\C1=CC=C(C(C)C)C=C1,50,60,,,,2
IAW00001240,CAT-51,SOL-1,,,REA-18,[Co+3]123(<-[O-:1][C:58]4=[C:61]([C@:10]([C@:11]([H:12])([H:13])[H:62])([C@:14]([H:15])([H:16])[H:17])[C@:18]([H:19])([H:20])[H:21])[C:70]([H:77])=[C:78]([C@:80]([C@@:81]([H:84])([H:85])[H:86])([C@@:82]([H:87])([H:88])[H:89])[C@:83]([H:90])([H:91])[H:92])[C:72]([H:79])=[C:65]4[C:64](=[N:57]->1[C@:60]1([H:4])[C@:8]([N:3]->2=[C:22]([H:23])[C:24]2=[C:25]([O-:2]->3)[C:26]([C@:32]([C@:33]([H:34])([H:35])[H:63])([C@:36]([H:37])([H:38])[H:39])[C@:40]([H:41])([H:42])[H:43])=[C:27]([H:28])[C:29]([C@@:44]([C@:45]([H:46])([H:47])[H:48])([C@:49]([H:50])([H:51])[H:52])[C@:53]([H:54])([H:55])[H:56])=[C:30]2[H:31])([H:9])[C@:5]([H:6])([H:7])[C@:59]([H:66])([H:68])[C@@:67]([H:73])([H:74])[C@:69]1([H:75])[H:76])[H:71])<-[O-:93][S@@:108]([C:94]1=[C:95]([H:100])[C:96]([H:101])=[C:97]([C@@:104]([H:105])([H:106])[H:107])[C:98]([H:102])=[C:99]1[H:103])(=[O:109])=[O:110],[H]OC([H])([H])[H],CC(C)[C@@H](C(O)=O)C1=CC=C(C(C)C)C=C1,CC(C)[C@H](C(O)=O)C1=CC=C(C(C)C)C=C1,C/C(C)=C(C(O)=O)\C1=CC=C(C(C)C)C=C1,50,60,,,,2
IAW00001241,CAT-52,SOL-9,,,REA-18,[Fe+2]123456789<-[C:3]%10([P:1]%11(->[Ni+2:71](<-[P:2]%12([C:12]->1%13=[C:17]->2([H:18])[C:15]->3([H:16])=[C:14]->4([H:33])[C-:13]->5%13[H:32])[C@:29]([H:30])([C@@:49]([H:50])([H:51])[H:52])[C@:34]([H:37])([H:38])[C@:36]([H:39])([H:40])[C@@:31]%12([H:35])[C@@:57]([H:58])([H:59])[H:60])(<-[O-:41][C:44]([C@@:61]([H:67])([H:68])[H:69])=[O:66])<-[O-:42][C:43]([C@@:62]([H:63])([H:64])[H:70])=[O:65])[C@:19]([H:20])([C@@:45]([H:46])([H:47])[H:48])[C@@:21]([H:22])([H:23])[C@:24]([H:25])([H:26])[C@@:27]%11([H:28])[C@@:53]([H:54])([H:55])[H:56])=[C:4]->6([H:5])[C:6]->7([H:7])=[C:8]->8([H:9])[C-:10]->9%10[H:11],[H]OC([H])([H])C(F)(F)F,CC(C)[C@@H](C(O)=O)C1=CC=C(C(C)C)C=C1,CC(C)[C@H](C(O)=O)C1=CC=C(C(C)C)C=C1,C/C(C)=C(C(O)=O)\C1=CC=C(C(C)C)C=C1,50,30,,,,2
IAW00001242,CAT-53,SOL-9,,,REA-18,C12[P:44]3(->[Ni+2:46](<-[O-:41][C:34]([C@:35]([H:36])([H:37])[H:38])=[O:40])(<-[O-:42][C:39](=[O:43])[C@@:48]([H:53])([H:54])[H:55])<-[P:45]4([C:1]1=[C:2]([H:3])[C:4]([H:5])=[C:6]([H:7])[C:8]=2[H:9])[C@:28]([H:29])([C@:30]([H:31])([H:32])[H:33])[C@@:47]([H:50])([H:51])[C@:52]([H:58])([H:59])[C@@:49]4([H:56])[C@@:57]([H:60])([H:61])[H:62])[C@@:14]([C@:10]([H:11])([H:12])[H:13])([H:15])[C@@:16]([H:17])([H:18])[C@@:19]([H:20])([H:21])[C@@:22]3([H:23])[C@:24]([H:25])([H:26])[H:27],[H]OC([H])([H])C(F)(F)F,CC(C)[C@@H](C(O)=O)C1=CC=C(C(C)C)C=C1,CC(C)[C@H](C(O)=O)C1=CC=C(C(C)C)C=C1,C/C(C)=C(C(O)=O)\C1=CC=C(C(C)C)C=C1,50,30,,,,2
IAW00001243,CAT-54,SOL-9,,,REA-18,[P]12([C@@:22]([C@:23]([P:1]3(->[Ni+2:86]<-1(<-[O-:5][C:40](=[O:3])[C@:80]([H:81])([H:82])[H:84])<-[O-:7][C:41](=[O:9])[C@:77]([H:78])([H:79])[H:85])[C@@:24]([C:28]1=[C:33]([H:59])[C:32]([H:58])=[C:31]([H:57])[C:30]([H:56])=[C:29]1[H:55])([H:53])[C@:25]([H:73])([H:74])[C@@:26]([H:75])([H:76])[C@:27]3([C:34]1=[C:35]([H:60])[C:36]([H:61])=[C:37]([H:62])[C:38]([H:63])=[C:39]1[H:64])[H:54])([H:71])[H:72])([H:69])[H:70])[C@@:2]([C:10]1=[C:11]([H:44])[C:12]([H:83])=[C:13]([H:45])[C:14]([H:46])=[C:15]1[H:47])([H:42])[C@:4]([H:65])([H:66])[C@:6]([H:67])([H:68])[C@:8]2([C:16]1=[C:17]([H:48])[C:18]([H:49])=[C:19]([H:50])[C:20]([H:51])=[C:21]1[H:52])[H:43],[H]OC([H])([H])C(F)(F)F,CC(C)[C@@H](C(O)=O)C1=CC=C(C(C)C)C=C1,CC(C)[C@H](C(O)=O)C1=CC=C(C(C)C)C=C1,C/C(C)=C(C(O)=O)\C1=CC=C(C(C)C)C=C1,50,30,,,,2
IAW00001244,CAT-55,SOL-9,,,REA-18,[P]12([C:12]3=[C:2]([H:54])[C:3]([H:4])=[C:5]([H:6])[C:7]([H:8])=[C:9]3[P:1]3(->[Ni+2:86]<-1(<-[O-:71][C:72](=[O:75])[C@@:78]([H:79])([H:80])[H:84])<-[O-:73][C:74](=[O:77])[C@@:81]([H:82])([H:83])[H:85])[C@@:24]([H:25])([C@:34]([H:35])([C@:36]([H:37])([H:38])[H:76])[C@:39]([H:40])([H:41])[H:42])[C@:26]([H:27])([H:28])[C@@:29]([H:30])([H:31])[C@:32]3([H:33])[C@@:43]([H:44])([C@:45]([H:46])([H:47])[H:48])[C@:49]([H:50])([H:51])[H:52])[C@@:10]([H:11])([C@@:15]([H:16])([C@:17]([H:18])([H:19])[H:56])[C@:20]([H:21])([H:22])[H:23])[C@@:55]([H:60])([H:61])[C@:57]([H:62])([H:63])[C@@:53]2([C@@:58]([H:13])([C@:64]([H:66])([H:67])[H:68])[C@:65]([H:14])([H:69])[H:70])[H:59],[H]OC([H])([H])C(F)(F)F,CC(C)[C@@H](C(O)=O)C1=CC=C(C(C)C)C=C1,CC(C)[C@H](C(O)=O)C1=CC=C(C(C)C)C=C1,C/C(C)=C(C(O)=O)\C1=CC=C(C(C)C)C=C1,50,30,,,,2
IAW00001245,CAT-56,SOL-9,,,REA-18,[Ni+2]1(<-[P:1]([C:2]2=[C:9]([H:10])[C:23]([H:24])=[C:34]([H:39])[C:38]([H:48])=[C:33]2[P:31]->1([C@@:35]([C@:40]([H:49])([H:50])[H:51])([C@:41]([H:52])([H:53])[H:54])[C@:42]([H:55])([H:56])[H:57])[C@:36]([H:43])([H:44])[H:45])([C@:8]([C@:4]([H:5])([H:6])[H:7])([C@:11]([H:12])([H:13])[H:14])[C@:15]([H:16])([H:17])[H:18])[C@:19]([H:20])([H:21])[H:22])(<-[O-:3][C:26](=[O:25])[C@:27]([H:28])([H:29])[H:30])<-[O-:32][C:37](=[O:46])[C@:47]([H:58])([H:59])[H:60],[H]OC([H])([H])C(F)(F)F,CC(C)[C@@H](C(O)=O)C1=CC=C(C(C)C)C=C1,CC(C)[C@H](C(O)=O)C1=CC=C(C(C)C)C=C1,C/C(C)=C(C(O)=O)\C1=CC=C(C(C)C)C=C1,50,30,,,,2
IAW00001246,CAT-57,SOL-1,,,REA-18,[Br-]->[Ni+2:1]12(<-[N:2]([H:3])([C@:28]3([H:29])[C@@:9]([H:10])([H:11])[C@@:35]([H:36])([H:37])[C@:38]([H:39])([H:40])[C@:12]([H:13])([H:14])[C@:17]3([N:7]->1([H:8])[C@:59]([H:60])([H:61])[C:70]1=[C:81]([H:92])[C:91]([H:96])=[C:95]([H:97])[C:90]([H:94])=[C:80]1[H:89])[H:18])[C@:30]([C:16]1=[C:26]([H:27])[C:20]([H:21])=[C:41]([H:42])[C:33]([H:34])=[C:22]1[H:23])([H:31])[H:32])(<-[N:4]([C@@:24]1([H:25])[C@@:19]([N:5]->2([H:6])[C@:54]([C:47]2=[C:50]([H:51])[C:52]([H:53])=[C:57]([H:58])[C:62]([H:63])=[C:48]2[H:49])([H:55])[H:56])([H:65])[C@@:66]([H:15])([H:72])[C@:71]([H:82])([H:83])[C@:75]([H:84])([H:85])[C@:67]1([H:73])[H:74])([C@:43]([H:44])([H:45])[C:46]1=[C:69]([H:79])[C:78]([H:88])=[C:86]([H:93])[C:76]([H:87])=[C:68]1[H:77])[H:98])<-[Br-:64],[H]OC([H])([H])[H],CC(C)[C@@H](C(O)=O)C1=CC=C(C(C)C)C=C1,CC(C)[C@H](C(O)=O)C1=CC=C(C(C)C)C=C1,C/C(C)=C(C(O)=O)\C1=CC=C(C(C)C)C=C1,50,60,,,,2
IAW00001247,CAT-58,SOL-1,,,REA-18,[N-]12[C:3](=[O:2])[C@@:4]3([H:5])[N:1]([C@:25]([C:28]4=[C:33]([H:14])[C:38]([H:48])=[C:49]([H:56])[C:39]([H:50])=[C:34]4[H:40])([H:29])[H:30])(->[Ni+2:58]<-14<-[N:32](=[C:27]([C:15]1=[C:16]2[C:17]([H:18])=[C:19]([H:20])[C:21]([H:22])=[C:23]1[H:24])[C:31]1=[C:36]([H:43])[C:44]([H:53])=[C:51]([H:57])[C:42]([H:52])=[C:35]1[H:41])[C@@:37]([H:45])([H:46])[C:47]([O-:54]->4)=[O:55])[C@@:12]([H:13])([H:26])[C@:9]([H:10])([H:11])[C@:6]3([H:7])[H:8],[H]OC([H])([H])[H],CC(C)[C@@H](C(O)=O)C1=CC=C(C(C)C)C=C1,CC(C)[C@H](C(O)=O)C1=CC=C(C(C)C)C=C1,C/C(C)=C(C(O)=O)\C1=CC=C(C(C)C)C=C1,60,20,,,,2
IAW00001248,CAT-59,SOL-1,,,REA-18,[Pd+2]1(<-[P:63]([C:3]2=[C:1]([C:2]3=[C:4]([P:64]->1([C:24]1=[C:26]([H:28])[C:30]([H:32])=[C:34]([H:74])[C:36]([H:76])=[C:38]1[H:40])[C:42]1=[C:60]([H:62])[C:56]([H:58])=[C:52]([H:54])[C:48]([H:50])=[C:44]1[H:46])[C:6]([H:8])=[C:10]([H:12])[C:14]1=[C:22]3[C:18]([H:20])=[C:72]([H:80])[C:69]([H:78])=[C:16]1[H:70])[C:21]1=[C:13]([C:9]([H:11])=[C:5]2[H:7])[C:15]([H:68])=[C:67]([H:77])[C:71]([H:79])=[C:17]1[H:19])([C:23]1=[C:25]([H:27])[C:29]([H:31])=[C:33]([H:73])[C:35]([H:75])=[C:37]1[H:39])[C:41]1=[C:43]([H:45])[C:47]([H:49])=[C:51]([H:53])[C:55]([H:57])=[C:59]1[H:61])(<-[Cl-:65])<-[Cl-:66],[H]OC([H])([H])[H],CC(C)[C@@H](C(O)=O)C1=CC=C(C(C)C)C=C1,CC(C)[C@H](C(O)=O)C1=CC=C(C(C)C)C=C1,C/C(C)=C(C(O)=O)\C1=CC=C(C(C)C)C=C1,60,20,,,,2
IAW00001249,CAT-60,SOL-1,,,REA-18,[Pd+2]123(<-[N:2]4=[C:12]([C:13]([N-:5]->1[C@:14]([C@:15]([H:34])([H:35])[H:36])([C:16]1=[N:8]->2[C:20]([H:33])=[C:19]([H:32])[C:18]([H:31])=[C:17]1[H:30])[H:29])=[O:9])[C:11]([H:28])=[C:10]([H:27])[C:7]([H:26])=[C:4]4[C@:1]([F:23])([F:24])[F:25])<-[O-:3][C:21](=[O:6]->3)[C@:22]([H:37])([H:38])[H:39],[H]OC([H])([H])[H],CC(C)[C@@H](C(O)=O)C1=CC=C(C(C)C)C=C1,CC(C)[C@H](C(O)=O)C1=CC=C(C(C)C)C=C1,C/C(C)=C(C(O)=O)\C1=CC=C(C(C)C)C=C1,60,20,,,,2
IAW00001250,CAT-61,SOL-1,,,REA-18,[Cr+3]123(<-[Cl-:1])<-[N:2]([C@:6]4([H:7])[C@:8]([H:9])([H:10])[C@@:11]([H:12])([H:13])[C@@:14]([H:78])([H:79])[C@@:15]([H:16])([H:17])[C@:18]4([N:3]->1=[C:42]([H:43])[C:44]1=[C:45]([O-:5]->2)[C:46]([C@:52]([C@:54]([H:55])([H:56])[H:57])([C@:58]([H:59])([H:60])[H:61])[C@:62]([H:63])([H:64])[H:65])=[C:47]([H:48])[C:49]([C@:53]([C@:66]([H:67])([H:68])[H:69])([C@:70]([H:71])([H:72])[H:73])[C@:74]([H:75])([H:76])[H:77])=[C:50]1[H:51])[H:19])=[C:20]([H:21])[C:22]1=[C:23]([O-:4]->3)[C:24]([C@@:80]([C@:31]([H:32])([H:33])[H:83])([C@@:84]([H:89])([H:90])[H:91])[C@@:85]([H:30])([H:92])[H:93])=[C:25]([H:81])[C:26]([C@@:29]([C@:34]([H:35])([H:36])[H:37])([C@:38]([H:39])([H:40])[H:41])[C@:82]([H:86])([H:87])[H:88])=[C:27]1[H:28],[H]OC([H])([H])[H],CC(C)[C@@H](C(O)=O)C1=CC=C(C(C)C)C=C1,CC(C)[C@H](C(O)=O)C1=CC=C(C(C)C)C=C1,C/C(C)=C(C(O)=O)\C1=CC=C(C(C)C)C=C1,50,60,,,,2
IAW00001251,CAT-62,SOL-1,,,REA-18,[Mn+3]123(<-[Cl-:1])<-[O-:2][C:6]4=[C:7]([C@:42]([C@:44]([H:45])([H:46])[H:47])([C@:48]([H:49])([H:50])[H:51])[C@@:79]([H:43])([H:86])[H:87])[C:8]([H:9])=[C:10]([C@@:52]([C@:53]([H:54])([H:55])[H:56])([C@:57]([H:58])([H:59])[H:80])[C@:60]([H:61])([H:62])[H:81])[C:11]([H:12])=[C:13]4[C:14](=[N:4]->1[C@:16]1([H:17])[C@:18]([H:19])([H:20])[C@@:21]([H:22])([H:23])[C@:24]([H:25])([H:26])[C@@:27]([H:28])([H:29])[C@:30]1([N:5]->2=[C:32]([H:33])[C:34]1=[C:35]([H:36])[C:37]([C@@:63]([C@:64]([H:65])([H:66])[H:67])([C@:68]([H:69])([H:70])[H:82])[C@:71]([H:72])([H:73])[H:74])=[C:38]([H:39])[C:40]([C@:78]([C@@:75]([H:76])([H:77])[H:83])([C@:84]([H:88])([H:89])[H:90])[C@:85]([H:91])([H:92])[H:93])=[C:41]1[O-:3]->3)[H:31])[H:15],[H]OC([H])([H])[H],CC(C)[C@@H](C(O)=O)C1=CC=C(C(C)C)C=C1,CC(C)[C@H](C(O)=O)C1=CC=C(C(C)C)C=C1,C/C(C)=C(C(O)=O)\C1=CC=C(C(C)C)C=C1,50,60,,,,2
IAW00001252,CAT-1,SOL-1,,,REA-19,[Ru+2]123(<-[P:1]([C:7]4=[C:8]([H:40])[C:60]([H:66])=[C:67]5[C:61](=[C:9]4[C:15]4=[C:14]6[C:13](=[C:12]([H:42])[C:11]([H:41])=[C:10]4[P:2]->1([C:28]1=[C:29]([H:54])[C:30]([H:55])=[C:31]([H:56])[C:32]([H:57])=[C:33]1[H:58])[C:34]1=[C:35]([H:59])[C:65]([H:74])=[C:75]([H:82])[C:73]([H:81])=[C:64]1[H:72])[C:62]([H:43])=[C:69]([H:79])[C:71]([H:80])=[C:63]6[H:70])[C:68]([H:77])=[C:78]([H:85])[C:83]([H:86])=[C:76]5[H:84])([C:16]1=[C:21]([H:48])[C:20]([H:47])=[C:19]([H:46])[C:18]([H:45])=[C:17]1[H:44])[C:22]1=[C:27]([H:53])[C:26]([H:52])=[C:25]([H:51])[C:24]([H:50])=[C:23]1[H:49])(<-[O-:3][C:36](=[O:4]->2)[C@@:37]([H:87])([H:88])[H:92])<-[O:5]=[C:38]([O-:6]->3)[C@@:39]([H:89])([H:90])[H:91],[H]OC([H])([H])[H],OC([C@H](C1CCCC1)C2=CC=CC=C2)=O,OC([C@@H](C1CCCC1)C2=CC=CC=C2)=O,OC(/C(C1=CC=CC=C1)=C2CCCC/2)=O,60,5,,,,2
IAW00001253,CAT-1,SOL-1,,,REA-19,[Ru+2]123(<-[P:1]([C:7]4=[C:8]([H:40])[C:60]([H:66])=[C:67]5[C:61](=[C:9]4[C:15]4=[C:14]6[C:13](=[C:12]([H:42])[C:11]([H:41])=[C:10]4[P:2]->1([C:28]1=[C:29]([H:54])[C:30]([H:55])=[C:31]([H:56])[C:32]([H:57])=[C:33]1[H:58])[C:34]1=[C:35]([H:59])[C:65]([H:74])=[C:75]([H:82])[C:73]([H:81])=[C:64]1[H:72])[C:62]([H:43])=[C:69]([H:79])[C:71]([H:80])=[C:63]6[H:70])[C:68]([H:77])=[C:78]([H:85])[C:83]([H:86])=[C:76]5[H:84])([C:16]1=[C:21]([H:48])[C:20]([H:47])=[C:19]([H:46])[C:18]([H:45])=[C:17]1[H:44])[C:22]1=[C:27]([H:53])[C:26]([H:52])=[C:25]([H:51])[C:24]([H:50])=[C:23]1[H:49])(<-[O-:3][C:36](=[O:4]->2)[C@@:37]([H:87])([H:88])[H:92])<-[O:5]=[C:38]([O-:6]->3)[C@@:39]([H:89])([H:90])[H:91],[H]OC([H])([H])[H],OC([C@H](C1CCCC1)C2=CC=CC=C2)=O,OC([C@@H](C1CCCC1)C2=CC=CC=C2)=O,OC(/C(C1=CC=CC=C1)=C2CCCC/2)=O,60,10,,,,2
IAW00001254,CAT-1,SOL-1,,,REA-19,[Ru+2]123(<-[P:1]([C:7]4=[C:8]([H:40])[C:60]([H:66])=[C:67]5[C:61](=[C:9]4[C:15]4=[C:14]6[C:13](=[C:12]([H:42])[C:11]([H:41])=[C:10]4[P:2]->1([C:28]1=[C:29]([H:54])[C:30]([H:55])=[C:31]([H:56])[C:32]([H:57])=[C:33]1[H:58])[C:34]1=[C:35]([H:59])[C:65]([H:74])=[C:75]([H:82])[C:73]([H:81])=[C:64]1[H:72])[C:62]([H:43])=[C:69]([H:79])[C:71]([H:80])=[C:63]6[H:70])[C:68]([H:77])=[C:78]([H:85])[C:83]([H:86])=[C:76]5[H:84])([C:16]1=[C:21]([H:48])[C:20]([H:47])=[C:19]([H:46])[C:18]([H:45])=[C:17]1[H:44])[C:22]1=[C:27]([H:53])[C:26]([H:52])=[C:25]([H:51])[C:24]([H:50])=[C:23]1[H:49])(<-[O-:3][C:36](=[O:4]->2)[C@@:37]([H:87])([H:88])[H:92])<-[O:5]=[C:38]([O-:6]->3)[C@@:39]([H:89])([H:90])[H:91],[H]OC([H])([H])[H],OC([C@H](C1CCCC1)C2=CC=CC=C2)=O,OC([C@@H](C1CCCC1)C2=CC=CC=C2)=O,OC(/C(C1=CC=CC=C1)=C2CCCC/2)=O,60,30,,,,2
IAW00001255,CAT-1,SOL-1,,,REA-19,[Ru+2]123(<-[P:1]([C:7]4=[C:8]([H:40])[C:60]([H:66])=[C:67]5[C:61](=[C:9]4[C:15]4=[C:14]6[C:13](=[C:12]([H:42])[C:11]([H:41])=[C:10]4[P:2]->1([C:28]1=[C:29]([H:54])[C:30]([H:55])=[C:31]([H:56])[C:32]([H:57])=[C:33]1[H:58])[C:34]1=[C:35]([H:59])[C:65]([H:74])=[C:75]([H:82])[C:73]([H:81])=[C:64]1[H:72])[C:62]([H:43])=[C:69]([H:79])[C:71]([H:80])=[C:63]6[H:70])[C:68]([H:77])=[C:78]([H:85])[C:83]([H:86])=[C:76]5[H:84])([C:16]1=[C:21]([H:48])[C:20]([H:47])=[C:19]([H:46])[C:18]([H:45])=[C:17]1[H:44])[C:22]1=[C:27]([H:53])[C:26]([H:52])=[C:25]([H:51])[C:24]([H:50])=[C:23]1[H:49])(<-[O-:3][C:36](=[O:4]->2)[C@@:37]([H:87])([H:88])[H:92])<-[O:5]=[C:38]([O-:6]->3)[C@@:39]([H:89])([H:90])[H:91],[H]OC([H])([H])[H],OC([C@H](C1CCCC1)C2=CC=CC=C2)=O,OC([C@@H](C1CCCC1)C2=CC=CC=C2)=O,OC(/C(C1=CC=CC=C1)=C2CCCC/2)=O,60,50,,,,2
IAW00001256,CAT-1,SOL-1,,,REA-19,[Ru+2]123(<-[P:1]([C:7]4=[C:8]([H:40])[C:60]([H:66])=[C:67]5[C:61](=[C:9]4[C:15]4=[C:14]6[C:13](=[C:12]([H:42])[C:11]([H:41])=[C:10]4[P:2]->1([C:28]1=[C:29]([H:54])[C:30]([H:55])=[C:31]([H:56])[C:32]([H:57])=[C:33]1[H:58])[C:34]1=[C:35]([H:59])[C:65]([H:74])=[C:75]([H:82])[C:73]([H:81])=[C:64]1[H:72])[C:62]([H:43])=[C:69]([H:79])[C:71]([H:80])=[C:63]6[H:70])[C:68]([H:77])=[C:78]([H:85])[C:83]([H:86])=[C:76]5[H:84])([C:16]1=[C:21]([H:48])[C:20]([H:47])=[C:19]([H:46])[C:18]([H:45])=[C:17]1[H:44])[C:22]1=[C:27]([H:53])[C:26]([H:52])=[C:25]([H:51])[C:24]([H:50])=[C:23]1[H:49])(<-[O-:3][C:36](=[O:4]->2)[C@@:37]([H:87])([H:88])[H:92])<-[O:5]=[C:38]([O-:6]->3)[C@@:39]([H:89])([H:90])[H:91],[H]OC([H])([H])[H],OC([C@H](C1CCCC1)C2=CC=CC=C2)=O,OC([C@@H](C1CCCC1)C2=CC=CC=C2)=O,OC(/C(C1=CC=CC=C1)=C2CCCC/2)=O,60,70,,,,2
IAW00001257,CAT-1,SOL-1,,,REA-19,[Ru+2]123(<-[P:1]([C:7]4=[C:8]([H:40])[C:60]([H:66])=[C:67]5[C:61](=[C:9]4[C:15]4=[C:14]6[C:13](=[C:12]([H:42])[C:11]([H:41])=[C:10]4[P:2]->1([C:28]1=[C:29]([H:54])[C:30]([H:55])=[C:31]([H:56])[C:32]([H:57])=[C:33]1[H:58])[C:34]1=[C:35]([H:59])[C:65]([H:74])=[C:75]([H:82])[C:73]([H:81])=[C:64]1[H:72])[C:62]([H:43])=[C:69]([H:79])[C:71]([H:80])=[C:63]6[H:70])[C:68]([H:77])=[C:78]([H:85])[C:83]([H:86])=[C:76]5[H:84])([C:16]1=[C:21]([H:48])[C:20]([H:47])=[C:19]([H:46])[C:18]([H:45])=[C:17]1[H:44])[C:22]1=[C:27]([H:53])[C:26]([H:52])=[C:25]([H:51])[C:24]([H:50])=[C:23]1[H:49])(<-[O-:3][C:36](=[O:4]->2)[C@@:37]([H:87])([H:88])[H:92])<-[O:5]=[C:38]([O-:6]->3)[C@@:39]([H:89])([H:90])[H:91],[H]OC([H])([H])[H],OC([C@H](C1CCCC1)C2=CC=CC=C2)=O,OC([C@@H](C1CCCC1)C2=CC=CC=C2)=O,OC(/C(C1=CC=CC=C1)=C2CCCC/2)=O,60,90,,,,2
IAW00001258,CAT-1,SOL-1,,,REA-19,[Ru+2]123(<-[P:1]([C:7]4=[C:8]([H:40])[C:60]([H:66])=[C:67]5[C:61](=[C:9]4[C:15]4=[C:14]6[C:13](=[C:12]([H:42])[C:11]([H:41])=[C:10]4[P:2]->1([C:28]1=[C:29]([H:54])[C:30]([H:55])=[C:31]([H:56])[C:32]([H:57])=[C:33]1[H:58])[C:34]1=[C:35]([H:59])[C:65]([H:74])=[C:75]([H:82])[C:73]([H:81])=[C:64]1[H:72])[C:62]([H:43])=[C:69]([H:79])[C:71]([H:80])=[C:63]6[H:70])[C:68]([H:77])=[C:78]([H:85])[C:83]([H:86])=[C:76]5[H:84])([C:16]1=[C:21]([H:48])[C:20]([H:47])=[C:19]([H:46])[C:18]([H:45])=[C:17]1[H:44])[C:22]1=[C:27]([H:53])[C:26]([H:52])=[C:25]([H:51])[C:24]([H:50])=[C:23]1[H:49])(<-[O-:3][C:36](=[O:4]->2)[C@@:37]([H:87])([H:88])[H:92])<-[O:5]=[C:38]([O-:6]->3)[C@@:39]([H:89])([H:90])[H:91],[H]OC([H])([H])[H],OC([C@H](C1CCCC1)C2=CC=CC=C2)=O,OC([C@@H](C1CCCC1)C2=CC=CC=C2)=O,OC(/C(C1=CC=CC=C1)=C2CCCC/2)=O,60,100,,,,2
IAW00001259,CAT-1,SOL-1,,,REA-19,[Ru+2]123(<-[P:1]([C:7]4=[C:8]([H:40])[C:60]([H:66])=[C:67]5[C:61](=[C:9]4[C:15]4=[C:14]6[C:13](=[C:12]([H:42])[C:11]([H:41])=[C:10]4[P:2]->1([C:28]1=[C:29]([H:54])[C:30]([H:55])=[C:31]([H:56])[C:32]([H:57])=[C:33]1[H:58])[C:34]1=[C:35]([H:59])[C:65]([H:74])=[C:75]([H:82])[C:73]([H:81])=[C:64]1[H:72])[C:62]([H:43])=[C:69]([H:79])[C:71]([H:80])=[C:63]6[H:70])[C:68]([H:77])=[C:78]([H:85])[C:83]([H:86])=[C:76]5[H:84])([C:16]1=[C:21]([H:48])[C:20]([H:47])=[C:19]([H:46])[C:18]([H:45])=[C:17]1[H:44])[C:22]1=[C:27]([H:53])[C:26]([H:52])=[C:25]([H:51])[C:24]([H:50])=[C:23]1[H:49])(<-[O-:3][C:36](=[O:4]->2)[C@@:37]([H:87])([H:88])[H:92])<-[O:5]=[C:38]([O-:6]->3)[C@@:39]([H:89])([H:90])[H:91],[H]OC([H])([H])[H],OC([C@H](C1CCCC1)C2=CC=CC=C2)=O,OC([C@@H](C1CCCC1)C2=CC=CC=C2)=O,OC(/C(C1=CC=CC=C1)=C2CCCC/2)=O,50,100,,,,2
IAW00001260,CAT-1,SOL-1,,,REA-19,[Ru+2]123(<-[P:1]([C:7]4=[C:8]([H:40])[C:60]([H:66])=[C:67]5[C:61](=[C:9]4[C:15]4=[C:14]6[C:13](=[C:12]([H:42])[C:11]([H:41])=[C:10]4[P:2]->1([C:28]1=[C:29]([H:54])[C:30]([H:55])=[C:31]([H:56])[C:32]([H:57])=[C:33]1[H:58])[C:34]1=[C:35]([H:59])[C:65]([H:74])=[C:75]([H:82])[C:73]([H:81])=[C:64]1[H:72])[C:62]([H:43])=[C:69]([H:79])[C:71]([H:80])=[C:63]6[H:70])[C:68]([H:77])=[C:78]([H:85])[C:83]([H:86])=[C:76]5[H:84])([C:16]1=[C:21]([H:48])[C:20]([H:47])=[C:19]([H:46])[C:18]([H:45])=[C:17]1[H:44])[C:22]1=[C:27]([H:53])[C:26]([H:52])=[C:25]([H:51])[C:24]([H:50])=[C:23]1[H:49])(<-[O-:3][C:36](=[O:4]->2)[C@@:37]([H:87])([H:88])[H:92])<-[O:5]=[C:38]([O-:6]->3)[C@@:39]([H:89])([H:90])[H:91],[H]OC([H])([H])[H],OC([C@H](C1CCCC1)C2=CC=CC=C2)=O,OC([C@@H](C1CCCC1)C2=CC=CC=C2)=O,OC(/C(C1=CC=CC=C1)=C2CCCC/2)=O,40,100,,,,2
IAW00001261,CAT-2,SOL-1,,,REA-19,[Ru+2]123(<-[P:1]([C:9]4=[C:17]([H:19])[C:11]([H:67])=[C:27]([H:68])[C:41]([H:69])=[C:13]4[H:15])([C:25]4=[C:31]([H:33])[C:23]([H:70])=[C:43]([H:71])[C:53]([H:72])=[C:49]4[H:51])[C:39]4=[C:21]([C:22]5=[C:8]6[O:4][C@:56]([H:58])([H:60])[O:6][C:30]6=[C:36]([H:38])[C:46]([H:48])=[C:40]5[P:2]->1([C:10]1=[C:14]([H:16])[C:42]([H:64])=[C:28]([H:65])[C:12]([H:66])=[C:18]1[H:20])[C:26]1=[C:32]([H:34])[C:24]([H:63])=[C:44]([H:62])[C:54]([H:61])=[C:50]1[H:52])[C:7]1=[C:29]([O:5][C@@:55]([H:57])([H:59])[O:3]1)[C:35]([H:37])=[C:45]4[H:47])(<-[O-:75][C:73](=[O:77]->2)[C@@:79]([H:80])([H:81])[H:85])<-[O-:76][C:74](=[O:78]->3)[C@:82]([H:83])([H:84])[H:86],[H]OC([H])([H])[H],OC([C@H](C1CCCC1)C2=CC=CC=C2)=O,OC([C@@H](C1CCCC1)C2=CC=CC=C2)=O,OC(/C(C1=CC=CC=C1)=C2CCCC/2)=O,60,10,,,,2
IAW00001262,CAT-2,SOL-1,,,REA-19,[Ru+2]123(<-[P:1]([C:9]4=[C:17]([H:19])[C:11]([H:67])=[C:27]([H:68])[C:41]([H:69])=[C:13]4[H:15])([C:25]4=[C:31]([H:33])[C:23]([H:70])=[C:43]([H:71])[C:53]([H:72])=[C:49]4[H:51])[C:39]4=[C:21]([C:22]5=[C:8]6[O:4][C@:56]([H:58])([H:60])[O:6][C:30]6=[C:36]([H:38])[C:46]([H:48])=[C:40]5[P:2]->1([C:10]1=[C:14]([H:16])[C:42]([H:64])=[C:28]([H:65])[C:12]([H:66])=[C:18]1[H:20])[C:26]1=[C:32]([H:34])[C:24]([H:63])=[C:44]([H:62])[C:54]([H:61])=[C:50]1[H:52])[C:7]1=[C:29]([O:5][C@@:55]([H:57])([H:59])[O:3]1)[C:35]([H:37])=[C:45]4[H:47])(<-[O-:75][C:73](=[O:77]->2)[C@@:79]([H:80])([H:81])[H:85])<-[O-:76][C:74](=[O:78]->3)[C@:82]([H:83])([H:84])[H:86],[H]OC([H])([H])[H],OC([C@H](C1CCCC1)C2=CC=CC=C2)=O,OC([C@@H](C1CCCC1)C2=CC=CC=C2)=O,OC(/C(C1=CC=CC=C1)=C2CCCC/2)=O,60,30,,,,2
IAW00001263,CAT-2,SOL-1,,,REA-19,[Ru+2]123(<-[P:1]([C:9]4=[C:17]([H:19])[C:11]([H:67])=[C:27]([H:68])[C:41]([H:69])=[C:13]4[H:15])([C:25]4=[C:31]([H:33])[C:23]([H:70])=[C:43]([H:71])[C:53]([H:72])=[C:49]4[H:51])[C:39]4=[C:21]([C:22]5=[C:8]6[O:4][C@:56]([H:58])([H:60])[O:6][C:30]6=[C:36]([H:38])[C:46]([H:48])=[C:40]5[P:2]->1([C:10]1=[C:14]([H:16])[C:42]([H:64])=[C:28]([H:65])[C:12]([H:66])=[C:18]1[H:20])[C:26]1=[C:32]([H:34])[C:24]([H:63])=[C:44]([H:62])[C:54]([H:61])=[C:50]1[H:52])[C:7]1=[C:29]([O:5][C@@:55]([H:57])([H:59])[O:3]1)[C:35]([H:37])=[C:45]4[H:47])(<-[O-:75][C:73](=[O:77]->2)[C@@:79]([H:80])([H:81])[H:85])<-[O-:76][C:74](=[O:78]->3)[C@:82]([H:83])([H:84])[H:86],[H]OC([H])([H])[H],OC([C@H](C1CCCC1)C2=CC=CC=C2)=O,OC([C@@H](C1CCCC1)C2=CC=CC=C2)=O,OC(/C(C1=CC=CC=C1)=C2CCCC/2)=O,60,50,,,,2
IAW00001264,CAT-2,SOL-1,,,REA-19,[Ru+2]123(<-[P:1]([C:9]4=[C:17]([H:19])[C:11]([H:67])=[C:27]([H:68])[C:41]([H:69])=[C:13]4[H:15])([C:25]4=[C:31]([H:33])[C:23]([H:70])=[C:43]([H:71])[C:53]([H:72])=[C:49]4[H:51])[C:39]4=[C:21]([C:22]5=[C:8]6[O:4][C@:56]([H:58])([H:60])[O:6][C:30]6=[C:36]([H:38])[C:46]([H:48])=[C:40]5[P:2]->1([C:10]1=[C:14]([H:16])[C:42]([H:64])=[C:28]([H:65])[C:12]([H:66])=[C:18]1[H:20])[C:26]1=[C:32]([H:34])[C:24]([H:63])=[C:44]([H:62])[C:54]([H:61])=[C:50]1[H:52])[C:7]1=[C:29]([O:5][C@@:55]([H:57])([H:59])[O:3]1)[C:35]([H:37])=[C:45]4[H:47])(<-[O-:75][C:73](=[O:77]->2)[C@@:79]([H:80])([H:81])[H:85])<-[O-:76][C:74](=[O:78]->3)[C@:82]([H:83])([H:84])[H:86],[H]OC([H])([H])[H],OC([C@H](C1CCCC1)C2=CC=CC=C2)=O,OC([C@@H](C1CCCC1)C2=CC=CC=C2)=O,OC(/C(C1=CC=CC=C1)=C2CCCC/2)=O,60,70,,,,2
IAW00001265,CAT-2,SOL-1,,,REA-19,[Ru+2]123(<-[P:1]([C:9]4=[C:17]([H:19])[C:11]([H:67])=[C:27]([H:68])[C:41]([H:69])=[C:13]4[H:15])([C:25]4=[C:31]([H:33])[C:23]([H:70])=[C:43]([H:71])[C:53]([H:72])=[C:49]4[H:51])[C:39]4=[C:21]([C:22]5=[C:8]6[O:4][C@:56]([H:58])([H:60])[O:6][C:30]6=[C:36]([H:38])[C:46]([H:48])=[C:40]5[P:2]->1([C:10]1=[C:14]([H:16])[C:42]([H:64])=[C:28]([H:65])[C:12]([H:66])=[C:18]1[H:20])[C:26]1=[C:32]([H:34])[C:24]([H:63])=[C:44]([H:62])[C:54]([H:61])=[C:50]1[H:52])[C:7]1=[C:29]([O:5][C@@:55]([H:57])([H:59])[O:3]1)[C:35]([H:37])=[C:45]4[H:47])(<-[O-:75][C:73](=[O:77]->2)[C@@:79]([H:80])([H:81])[H:85])<-[O-:76][C:74](=[O:78]->3)[C@:82]([H:83])([H:84])[H:86],[H]OC([H])([H])[H],OC([C@H](C1CCCC1)C2=CC=CC=C2)=O,OC([C@@H](C1CCCC1)C2=CC=CC=C2)=O,OC(/C(C1=CC=CC=C1)=C2CCCC/2)=O,60,90,,,,2
IAW00001266,CAT-2,SOL-1,,,REA-19,[Ru+2]123(<-[P:1]([C:9]4=[C:17]([H:19])[C:11]([H:67])=[C:27]([H:68])[C:41]([H:69])=[C:13]4[H:15])([C:25]4=[C:31]([H:33])[C:23]([H:70])=[C:43]([H:71])[C:53]([H:72])=[C:49]4[H:51])[C:39]4=[C:21]([C:22]5=[C:8]6[O:4][C@:56]([H:58])([H:60])[O:6][C:30]6=[C:36]([H:38])[C:46]([H:48])=[C:40]5[P:2]->1([C:10]1=[C:14]([H:16])[C:42]([H:64])=[C:28]([H:65])[C:12]([H:66])=[C:18]1[H:20])[C:26]1=[C:32]([H:34])[C:24]([H:63])=[C:44]([H:62])[C:54]([H:61])=[C:50]1[H:52])[C:7]1=[C:29]([O:5][C@@:55]([H:57])([H:59])[O:3]1)[C:35]([H:37])=[C:45]4[H:47])(<-[O-:75][C:73](=[O:77]->2)[C@@:79]([H:80])([H:81])[H:85])<-[O-:76][C:74](=[O:78]->3)[C@:82]([H:83])([H:84])[H:86],[H]OC([H])([H])[H],OC([C@H](C1CCCC1)C2=CC=CC=C2)=O,OC([C@@H](C1CCCC1)C2=CC=CC=C2)=O,OC(/C(C1=CC=CC=C1)=C2CCCC/2)=O,60,100,,,,2
IAW00001267,CAT-3,SOL-1,,,REA-19,[Ru+2]123(<-[P:1]([C:13]4=[C:17]([H:19])[C:45]([C@:67]([C@:145]([H:147])([H:149])[H:151])([C@:153]([H:155])([H:157])[H:159])[C@:161]([H:163])([H:165])[H:167])=[C:31]([O:9][C@:121]([H:123])([H:125])[H:127])[C:15]([C@:69]([C@:87]([H:89])([H:91])[H:93])([C@:105]([H:107])([H:109])[H:111])[C@:129]([H:131])([H:133])[H:135])=[C:21]4[H:23])([C:29]4=[C:55]([H:57])[C:71]([C@:103]([C@:95]([H:97])([H:99])[H:101])([C@:137]([H:139])([H:141])[H:143])[C@:171]([H:179])([H:180])[H:181])=[C:47]([O:7][C@@:169]([H:173])([H:174])[H:175])[C:27]([C@@:49]([C@:59]([H:61])([H:63])[H:65])([C@:73]([H:75])([H:77])[H:79])[C@:113]([H:115])([H:117])[H:119])=[C:35]4[H:37])[C:43]4=[C:25]([C:26]5=[C:12]6[O:4][C@:82]([H:84])([H:86])[O:6][C:34]6=[C:40]([H:42])[C:52]([H:54])=[C:44]5[P:2]->1([C:14]1=[C:18]([H:20])[C:46]([C@:68]([C@:146]([H:148])([H:150])[H:152])([C@:154]([H:156])([H:158])[H:160])[C@:162]([H:164])([H:166])[H:168])=[C:32]([O:10][C@:122]([H:124])([H:126])[H:128])[C:16]([C@:70]([C@:88]([H:90])([H:92])[H:94])([C@:106]([H:108])([H:110])[H:112])[C@:130]([H:132])([H:134])[H:136])=[C:22]1[H:24])[C:30]1=[C:36]([H:38])[C:28]([C@@:50]([C@:60]([H:62])([H:64])[H:66])([C@:74]([H:76])([H:78])[H:80])[C@:114]([H:116])([H:118])[H:120])=[C:48]([O:8][C@@:170]([H:176])([H:177])[H:178])[C:72]([C@:104]([C@:96]([H:98])([H:100])[H:102])([C@:138]([H:140])([H:142])[H:144])[C@:172]([H:182])([H:183])[H:184])=[C:56]1[H:58])[C:11]1=[C:33]([O:5][C@@:81]([H:83])([H:85])[O:3]1)[C:39]([H:41])=[C:51]4[H:53])(<-[O:187]=[C:185]([O-:189]->2)[C@@:191]([H:192])([H:193])[H:194])<-[O:188]=[C:186]([O-:190]->3)[C@@:195]([H:196])([H:197])[H:198],[H]OC([H])([H])[H],OC([C@H](C1CCCC1)C2=CC=CC=C2)=O,OC([C@@H](C1CCCC1)C2=CC=CC=C2)=O,OC(/C(C1=CC=CC=C1)=C2CCCC/2)=O,60,5,,,,2
IAW00001268,CAT-3,SOL-1,,,REA-19,[Ru+2]123(<-[P:1]([C:13]4=[C:17]([H:19])[C:45]([C@:67]([C@:145]([H:147])([H:149])[H:151])([C@:153]([H:155])([H:157])[H:159])[C@:161]([H:163])([H:165])[H:167])=[C:31]([O:9][C@:121]([H:123])([H:125])[H:127])[C:15]([C@:69]([C@:87]([H:89])([H:91])[H:93])([C@:105]([H:107])([H:109])[H:111])[C@:129]([H:131])([H:133])[H:135])=[C:21]4[H:23])([C:29]4=[C:55]([H:57])[C:71]([C@:103]([C@:95]([H:97])([H:99])[H:101])([C@:137]([H:139])([H:141])[H:143])[C@:171]([H:179])([H:180])[H:181])=[C:47]([O:7][C@@:169]([H:173])([H:174])[H:175])[C:27]([C@@:49]([C@:59]([H:61])([H:63])[H:65])([C@:73]([H:75])([H:77])[H:79])[C@:113]([H:115])([H:117])[H:119])=[C:35]4[H:37])[C:43]4=[C:25]([C:26]5=[C:12]6[O:4][C@:82]([H:84])([H:86])[O:6][C:34]6=[C:40]([H:42])[C:52]([H:54])=[C:44]5[P:2]->1([C:14]1=[C:18]([H:20])[C:46]([C@:68]([C@:146]([H:148])([H:150])[H:152])([C@:154]([H:156])([H:158])[H:160])[C@:162]([H:164])([H:166])[H:168])=[C:32]([O:10][C@:122]([H:124])([H:126])[H:128])[C:16]([C@:70]([C@:88]([H:90])([H:92])[H:94])([C@:106]([H:108])([H:110])[H:112])[C@:130]([H:132])([H:134])[H:136])=[C:22]1[H:24])[C:30]1=[C:36]([H:38])[C:28]([C@@:50]([C@:60]([H:62])([H:64])[H:66])([C@:74]([H:76])([H:78])[H:80])[C@:114]([H:116])([H:118])[H:120])=[C:48]([O:8][C@@:170]([H:176])([H:177])[H:178])[C:72]([C@:104]([C@:96]([H:98])([H:100])[H:102])([C@:138]([H:140])([H:142])[H:144])[C@:172]([H:182])([H:183])[H:184])=[C:56]1[H:58])[C:11]1=[C:33]([O:5][C@@:81]([H:83])([H:85])[O:3]1)[C:39]([H:41])=[C:51]4[H:53])(<-[O:187]=[C:185]([O-:189]->2)[C@@:191]([H:192])([H:193])[H:194])<-[O:188]=[C:186]([O-:190]->3)[C@@:195]([H:196])([H:197])[H:198],[H]OC([H])([H])[H],OC([C@H](C1CCCC1)C2=CC=CC=C2)=O,OC([C@@H](C1CCCC1)C2=CC=CC=C2)=O,OC(/C(C1=CC=CC=C1)=C2CCCC/2)=O,60,10,,,,2
IAW00001269,CAT-3,SOL-1,,,REA-19,[Ru+2]123(<-[P:1]([C:13]4=[C:17]([H:19])[C:45]([C@:67]([C@:145]([H:147])([H:149])[H:151])([C@:153]([H:155])([H:157])[H:159])[C@:161]([H:163])([H:165])[H:167])=[C:31]([O:9][C@:121]([H:123])([H:125])[H:127])[C:15]([C@:69]([C@:87]([H:89])([H:91])[H:93])([C@:105]([H:107])([H:109])[H:111])[C@:129]([H:131])([H:133])[H:135])=[C:21]4[H:23])([C:29]4=[C:55]([H:57])[C:71]([C@:103]([C@:95]([H:97])([H:99])[H:101])([C@:137]([H:139])([H:141])[H:143])[C@:171]([H:179])([H:180])[H:181])=[C:47]([O:7][C@@:169]([H:173])([H:174])[H:175])[C:27]([C@@:49]([C@:59]([H:61])([H:63])[H:65])([C@:73]([H:75])([H:77])[H:79])[C@:113]([H:115])([H:117])[H:119])=[C:35]4[H:37])[C:43]4=[C:25]([C:26]5=[C:12]6[O:4][C@:82]([H:84])([H:86])[O:6][C:34]6=[C:40]([H:42])[C:52]([H:54])=[C:44]5[P:2]->1([C:14]1=[C:18]([H:20])[C:46]([C@:68]([C@:146]([H:148])([H:150])[H:152])([C@:154]([H:156])([H:158])[H:160])[C@:162]([H:164])([H:166])[H:168])=[C:32]([O:10][C@:122]([H:124])([H:126])[H:128])[C:16]([C@:70]([C@:88]([H:90])([H:92])[H:94])([C@:106]([H:108])([H:110])[H:112])[C@:130]([H:132])([H:134])[H:136])=[C:22]1[H:24])[C:30]1=[C:36]([H:38])[C:28]([C@@:50]([C@:60]([H:62])([H:64])[H:66])([C@:74]([H:76])([H:78])[H:80])[C@:114]([H:116])([H:118])[H:120])=[C:48]([O:8][C@@:170]([H:176])([H:177])[H:178])[C:72]([C@:104]([C@:96]([H:98])([H:100])[H:102])([C@:138]([H:140])([H:142])[H:144])[C@:172]([H:182])([H:183])[H:184])=[C:56]1[H:58])[C:11]1=[C:33]([O:5][C@@:81]([H:83])([H:85])[O:3]1)[C:39]([H:41])=[C:51]4[H:53])(<-[O:187]=[C:185]([O-:189]->2)[C@@:191]([H:192])([H:193])[H:194])<-[O:188]=[C:186]([O-:190]->3)[C@@:195]([H:196])([H:197])[H:198],[H]OC([H])([H])[H],OC([C@H](C1CCCC1)C2=CC=CC=C2)=O,OC([C@@H](C1CCCC1)C2=CC=CC=C2)=O,OC(/C(C1=CC=CC=C1)=C2CCCC/2)=O,60,30,,,,2
IAW00001270,CAT-3,SOL-1,,,REA-19,[Ru+2]123(<-[P:1]([C:13]4=[C:17]([H:19])[C:45]([C@:67]([C@:145]([H:147])([H:149])[H:151])([C@:153]([H:155])([H:157])[H:159])[C@:161]([H:163])([H:165])[H:167])=[C:31]([O:9][C@:121]([H:123])([H:125])[H:127])[C:15]([C@:69]([C@:87]([H:89])([H:91])[H:93])([C@:105]([H:107])([H:109])[H:111])[C@:129]([H:131])([H:133])[H:135])=[C:21]4[H:23])([C:29]4=[C:55]([H:57])[C:71]([C@:103]([C@:95]([H:97])([H:99])[H:101])([C@:137]([H:139])([H:141])[H:143])[C@:171]([H:179])([H:180])[H:181])=[C:47]([O:7][C@@:169]([H:173])([H:174])[H:175])[C:27]([C@@:49]([C@:59]([H:61])([H:63])[H:65])([C@:73]([H:75])([H:77])[H:79])[C@:113]([H:115])([H:117])[H:119])=[C:35]4[H:37])[C:43]4=[C:25]([C:26]5=[C:12]6[O:4][C@:82]([H:84])([H:86])[O:6][C:34]6=[C:40]([H:42])[C:52]([H:54])=[C:44]5[P:2]->1([C:14]1=[C:18]([H:20])[C:46]([C@:68]([C@:146]([H:148])([H:150])[H:152])([C@:154]([H:156])([H:158])[H:160])[C@:162]([H:164])([H:166])[H:168])=[C:32]([O:10][C@:122]([H:124])([H:126])[H:128])[C:16]([C@:70]([C@:88]([H:90])([H:92])[H:94])([C@:106]([H:108])([H:110])[H:112])[C@:130]([H:132])([H:134])[H:136])=[C:22]1[H:24])[C:30]1=[C:36]([H:38])[C:28]([C@@:50]([C@:60]([H:62])([H:64])[H:66])([C@:74]([H:76])([H:78])[H:80])[C@:114]([H:116])([H:118])[H:120])=[C:48]([O:8][C@@:170]([H:176])([H:177])[H:178])[C:72]([C@:104]([C@:96]([H:98])([H:100])[H:102])([C@:138]([H:140])([H:142])[H:144])[C@:172]([H:182])([H:183])[H:184])=[C:56]1[H:58])[C:11]1=[C:33]([O:5][C@@:81]([H:83])([H:85])[O:3]1)[C:39]([H:41])=[C:51]4[H:53])(<-[O:187]=[C:185]([O-:189]->2)[C@@:191]([H:192])([H:193])[H:194])<-[O:188]=[C:186]([O-:190]->3)[C@@:195]([H:196])([H:197])[H:198],[H]OC([H])([H])[H],OC([C@H](C1CCCC1)C2=CC=CC=C2)=O,OC([C@@H](C1CCCC1)C2=CC=CC=C2)=O,OC(/C(C1=CC=CC=C1)=C2CCCC/2)=O,60,50,,,,2
IAW00001271,CAT-63,SOL-1,,,REA-19,[Ru+2]123(<-[P:1]([C:13]4=[C:17]([H:19])[C:45]([C@:67]([C@:145]([H:147])([H:149])[H:151])([C@:153]([H:155])([H:157])[H:159])[C@:161]([H:163])([H:165])[H:167])=[C:31]([O:9][C@:121]([H:123])([H:125])[H:127])[C:15]([C@:69]([C@:87]([H:89])([H:91])[H:93])([C@:105]([H:107])([H:109])[H:111])[C@:129]([H:131])([H:133])[H:135])=[C:21]4[H:23])([C:29]4=[C:55]([H:57])[C:71]([C@:103]([C@:95]([H:97])([H:99])[H:101])([C@:137]([H:139])([H:141])[H:143])[C@:171]([H:179])([H:180])[H:181])=[C:47]([O:7][C@@:169]([H:173])([H:174])[H:175])[C:27]([C@@:49]([C@:59]([H:61])([H:63])[H:65])([C@:73]([H:75])([H:77])[H:79])[C@:113]([H:115])([H:117])[H:119])=[C:35]4[H:37])[C:43]4=[C:25]([C:26]5=[C:12]6[O:4][C@:82]([H:84])([H:86])[O:6][C:34]6=[C:40]([H:42])[C:52]([H:54])=[C:44]5[P:2]->1([C:14]1=[C:18]([H:20])[C:46]([C@:68]([C@:146]([H:148])([H:150])[H:152])([C@:154]([H:156])([H:158])[H:160])[C@:162]([H:164])([H:166])[H:168])=[C:32]([O:10][C@:122]([H:124])([H:126])[H:128])[C:16]([C@:70]([C@:88]([H:90])([H:92])[H:94])([C@:106]([H:108])([H:110])[H:112])[C@:130]([H:132])([H:134])[H:136])=[C:22]1[H:24])[C:30]1=[C:36]([H:38])[C:28]([C@@:50]([C@:60]([H:62])([H:64])[H:66])([C@:74]([H:76])([H:78])[H:80])[C@:114]([H:116])([H:118])[H:120])=[C:48]([O:8][C@@:170]([H:176])([H:177])[H:178])[C:72]([C@:104]([C@:96]([H:98])([H:100])[H:102])([C@:138]([H:140])([H:142])[H:144])[C@:172]([H:182])([H:183])[H:184])=[C:56]1[H:58])[C:11]1=[C:33]([O:5][C@@:81]([H:83])([H:85])[O:3]1)[C:39]([H:41])=[C:51]4[H:53])(<-[O:187]=[C:185]([O-:189]->2)[C@@:191]([H:192])([H:193])[H:194])<-[O:188]=[C:186]([O-:190]->3)[C@@:195]([H:196])([H:197])[H:198],[H]OC([H])([H])[H],OC([C@H](C1CCCC1)C2=CC=CC=C2)=O,OC([C@@H](C1CCCC1)C2=CC=CC=C2)=O,OC(/C(C1=CC=CC=C1)=C2CCCC/2)=O,60,50,,,,2
IAW00001272,CAT-3,SOL-1,,,REA-19,[H]c1c([H])c2[P](c3c([H])c(C(C([H])([H])[H])(C([H])([H])[H])C([H])([H])[H])c(OC([H])([H])[H])c(C(C([H])([H])[H])(C([H])([H])[H])C([H])([H])[H])c3[H])(c3c([H])c(C(C([H])([H])[H])(C([H])([H])[H])C([H])([H])[H])c(OC([H])([H])[H])c(C(C([H])([H])[H])(C([H])([H])[H])C([H])([H])[H])c3[H])->[Ru+2](<-[O-]C(=O)C([H])([H])[H])(<-[O-]C(=O)C([H])([H])[H])<-[P](c3c([H])c(C(C([H])([H])[H])(C([H])([H])[H])C([H])([H])[H])c(OC([H])([H])[H])c(C(C([H])([H])[H])(C([H])([H])[H])C([H])([H])[H])c3[H])(c3c([H])c(C(C([H])([H])[H])(C([H])([H])[H])C([H])([H])[H])c(OC([H])([H])[H])c(C(C([H])([H])[H])(C([H])([H])[H])C([H])([H])[H])c3[H])c3c([H])c([H])c4c(c3-c2c2c1OC([H])([H])O2)OC([H])([H])O4,[H]OC([H])([H])[H],OC([C@H](C1CCCC1)C2=CC=CC=C2)=O,OC([C@@H](C1CCCC1)C2=CC=CC=C2)=O,OC(/C(C1=CC=CC=C1)=C2CCCC/2)=O,60,70,,,,2
IAW00001273,CAT-3,SOL-1,,,REA-19,[Ru+2]123(<-[P:1]([C:13]4=[C:17]([H:19])[C:45]([C@:67]([C@:145]([H:147])([H:149])[H:151])([C@:153]([H:155])([H:157])[H:159])[C@:161]([H:163])([H:165])[H:167])=[C:31]([O:9][C@:121]([H:123])([H:125])[H:127])[C:15]([C@:69]([C@:87]([H:89])([H:91])[H:93])([C@:105]([H:107])([H:109])[H:111])[C@:129]([H:131])([H:133])[H:135])=[C:21]4[H:23])([C:29]4=[C:55]([H:57])[C:71]([C@:103]([C@:95]([H:97])([H:99])[H:101])([C@:137]([H:139])([H:141])[H:143])[C@:171]([H:179])([H:180])[H:181])=[C:47]([O:7][C@@:169]([H:173])([H:174])[H:175])[C:27]([C@@:49]([C@:59]([H:61])([H:63])[H:65])([C@:73]([H:75])([H:77])[H:79])[C@:113]([H:115])([H:117])[H:119])=[C:35]4[H:37])[C:43]4=[C:25]([C:26]5=[C:12]6[O:4][C@:82]([H:84])([H:86])[O:6][C:34]6=[C:40]([H:42])[C:52]([H:54])=[C:44]5[P:2]->1([C:14]1=[C:18]([H:20])[C:46]([C@:68]([C@:146]([H:148])([H:150])[H:152])([C@:154]([H:156])([H:158])[H:160])[C@:162]([H:164])([H:166])[H:168])=[C:32]([O:10][C@:122]([H:124])([H:126])[H:128])[C:16]([C@:70]([C@:88]([H:90])([H:92])[H:94])([C@:106]([H:108])([H:110])[H:112])[C@:130]([H:132])([H:134])[H:136])=[C:22]1[H:24])[C:30]1=[C:36]([H:38])[C:28]([C@@:50]([C@:60]([H:62])([H:64])[H:66])([C@:74]([H:76])([H:78])[H:80])[C@:114]([H:116])([H:118])[H:120])=[C:48]([O:8][C@@:170]([H:176])([H:177])[H:178])[C:72]([C@:104]([C@:96]([H:98])([H:100])[H:102])([C@:138]([H:140])([H:142])[H:144])[C@:172]([H:182])([H:183])[H:184])=[C:56]1[H:58])[C:11]1=[C:33]([O:5][C@@:81]([H:83])([H:85])[O:3]1)[C:39]([H:41])=[C:51]4[H:53])(<-[O:187]=[C:185]([O-:189]->2)[C@@:191]([H:192])([H:193])[H:194])<-[O:188]=[C:186]([O-:190]->3)[C@@:195]([H:196])([H:197])[H:198],[H]OC([H])([H])[H],OC([C@H](C1CCCC1)C2=CC=CC=C2)=O,OC([C@@H](C1CCCC1)C2=CC=CC=C2)=O,OC(/C(C1=CC=CC=C1)=C2CCCC/2)=O,60,90,,,,2
IAW00001274,CAT-3,SOL-1,,,REA-19,[Ru+2]123(<-[P:1]([C:13]4=[C:17]([H:19])[C:45]([C@:67]([C@:145]([H:147])([H:149])[H:151])([C@:153]([H:155])([H:157])[H:159])[C@:161]([H:163])([H:165])[H:167])=[C:31]([O:9][C@:121]([H:123])([H:125])[H:127])[C:15]([C@:69]([C@:87]([H:89])([H:91])[H:93])([C@:105]([H:107])([H:109])[H:111])[C@:129]([H:131])([H:133])[H:135])=[C:21]4[H:23])([C:29]4=[C:55]([H:57])[C:71]([C@:103]([C@:95]([H:97])([H:99])[H:101])([C@:137]([H:139])([H:141])[H:143])[C@:171]([H:179])([H:180])[H:181])=[C:47]([O:7][C@@:169]([H:173])([H:174])[H:175])[C:27]([C@@:49]([C@:59]([H:61])([H:63])[H:65])([C@:73]([H:75])([H:77])[H:79])[C@:113]([H:115])([H:117])[H:119])=[C:35]4[H:37])[C:43]4=[C:25]([C:26]5=[C:12]6[O:4][C@:82]([H:84])([H:86])[O:6][C:34]6=[C:40]([H:42])[C:52]([H:54])=[C:44]5[P:2]->1([C:14]1=[C:18]([H:20])[C:46]([C@:68]([C@:146]([H:148])([H:150])[H:152])([C@:154]([H:156])([H:158])[H:160])[C@:162]([H:164])([H:166])[H:168])=[C:32]([O:10][C@:122]([H:124])([H:126])[H:128])[C:16]([C@:70]([C@:88]([H:90])([H:92])[H:94])([C@:106]([H:108])([H:110])[H:112])[C@:130]([H:132])([H:134])[H:136])=[C:22]1[H:24])[C:30]1=[C:36]([H:38])[C:28]([C@@:50]([C@:60]([H:62])([H:64])[H:66])([C@:74]([H:76])([H:78])[H:80])[C@:114]([H:116])([H:118])[H:120])=[C:48]([O:8][C@@:170]([H:176])([H:177])[H:178])[C:72]([C@:104]([C@:96]([H:98])([H:100])[H:102])([C@:138]([H:140])([H:142])[H:144])[C@:172]([H:182])([H:183])[H:184])=[C:56]1[H:58])[C:11]1=[C:33]([O:5][C@@:81]([H:83])([H:85])[O:3]1)[C:39]([H:41])=[C:51]4[H:53])(<-[O:187]=[C:185]([O-:189]->2)[C@@:191]([H:192])([H:193])[H:194])<-[O:188]=[C:186]([O-:190]->3)[C@@:195]([H:196])([H:197])[H:198],[H]OC([H])([H])[H],OC([C@H](C1CCCC1)C2=CC=CC=C2)=O,OC([C@@H](C1CCCC1)C2=CC=CC=C2)=O,OC(/C(C1=CC=CC=C1)=C2CCCC/2)=O,60,100,,,,2
IAW00001275,CAT-4,SOL-1,,,REA-19,[Ru+2]1(<-[Cl-:1])(<-[Cl-:2])<-[P:3]([C:5]2=[C:11]([H:24])[C:23]([H:45])=[C:46]([H:63])[C:25]([H:47])=[C:12]2[H:26])([C:6]2=[C:14]([C:19]3=[C:9]([P:4]->1([C:8]1=[C:17]([H:34])[C:35]([H:54])=[C:55]([H:68])[C:37]([H:56])=[C:18]1[H:36])[C:10]1=[C:22]([H:44])[C:43]([H:62])=[C:61]([H:72])[C:42]([H:60])=[C:21]1[H:41])[C:20]([H:39])=[C:40]([H:59])[C:58]1=[C:38]3[C:57]([H:69])=[C:70]([H:76])[C:77]([H:80])=[C:71]1[H:78])[C:29]1=[C:49]([C:28]([H:48])=[C:13]2[H:27])[C:64]([H:73])=[C:74]([H:79])[C:66]([H:75])=[C:50]1[H:65])[C:7]1=[C:16]([H:32])[C:33]([H:53])=[C:52]([H:67])[C:31]([H:51])=[C:15]1[H:30],[H]OC([H])([H])[H],OC([C@H](C1CCCC1)C2=CC=CC=C2)=O,OC([C@@H](C1CCCC1)C2=CC=CC=C2)=O,OC(/C(C1=CC=CC=C1)=C2CCCC/2)=O,60,100,,,,2
IAW00001276,CAT-5,SOL-1,,,REA-19,[Ru+2]123456(<-[P:1]([C:4]7=[C:3]([C:19]8=[C:20]([P:2]->1([C:57]1=[C:66]([H:67])[C:64]([H:65])=[C:62]([H:63])[C:60]([H:61])=[C:58]1[H:59])[C:68]1=[C:69]([H:70])[C:71]([H:72])=[C:73]([H:74])[C:75]([H:76])=[C:77]1[H:78])[C:21]([H:22])=[C:23]([H:24])[C:25]1=[C:26]8[C:27]([H:28])=[C:29]([H:30])[C:31]([H:32])=[C:33]1[H:34])[C:10]1=[C:9]([C:7]([H:8])=[C:5]7[H:6])[C:17]([H:18])=[C:15]([H:16])[C:13]([H:14])=[C:11]1[H:12])([C:35]1=[C:44]([H:45])[C:42]([H:43])=[C:40]([H:41])[C:38]([H:39])=[C:36]1[H:37])[C:46]1=[C:47]([H:48])[C:49]([H:50])=[C:51]([H:52])[C:53]([H:54])=[C:55]1[H:56])(<-[C:79]1([C@:89]([H:90])([H:91])[H:92])=[C:87]->2([H:88])[C:85]->3([H:86])=[C:84]->4([C@:93]([H:94])([C@@:95]([H:101])([H:102])[H:103])[C@@:96]([H:98])([H:99])[H:100])[C:82]->5([H:83])=[C:80]->61[H:81])<-[Cl-:97],[H]OC([H])([H])[H],OC([C@H](C1CCCC1)C2=CC=CC=C2)=O,OC([C@@H](C1CCCC1)C2=CC=CC=C2)=O,OC(/C(C1=CC=CC=C1)=C2CCCC/2)=O,60,100,,,,2
IAW00001277,CAT-6,SOL-1,,,REA-19,[Ru+2]123456(<-[Cl-:1])(<-[P:2]([C:5]7=[C:4]([C:20]8=[C:21]([P:3]->1([C:47]1=[C:55]([H:56])[C:53]([H:54])=[C:52]([C@@:100]([H:101])([H:102])[H:103])[C:50]([H:51])=[C:48]1[H:49])[C:57]1=[C:86]([H:58])[C:96]([H:99])=[C:98]([C@@:104]([H:105])([H:106])[H:107])[C:95]([H:97])=[C:85]1[H:94])[C:80]([H:90])=[C:82]([H:92])[C:22]1=[C:23]8[C:24]([H:25])=[C:26]([H:27])[C:28]([H:29])=[C:81]1[H:91])[C:11]1=[C:10]([C:8]([H:9])=[C:6]7[H:7])[C:18]([H:19])=[C:16]([H:17])[C:14]([H:15])=[C:12]1[H:13])([C:30]1=[C:31]([H:32])[C:33]([H:34])=[C:35]([C@@:108]([H:109])([H:110])[H:111])[C:36]([H:37])=[C:38]1[H:39])[C:40]1=[C:41]([H:42])[C:83]([H:93])=[C:84]([C@@:112]([H:113])([H:114])[H:115])[C:43]([H:44])=[C:45]1[H:46])<-[C:59]1([C@:68]([H:69])([H:70])[H:88])=[C:66]->2([H:67])[C:64]->3([H:65])=[C:63]->4([C@:71]([H:72])([C@@:73]([H:74])([H:75])[H:89])[C@:76]([H:77])([H:78])[H:79])[C:61]->5([H:62])=[C:60]->61[H:87],[H]OC([H])([H])[H],OC([C@H](C1CCCC1)C2=CC=CC=C2)=O,OC([C@@H](C1CCCC1)C2=CC=CC=C2)=O,OC(/C(C1=CC=CC=C1)=C2CCCC/2)=O,60,100,,,,2
IAW00001278,CAT-7,SOL-1,,,REA-19,[Ru+2]12(<-[Cl-:1])(<-[Cl-:2])(<-[P:3]([C:29]3=[C:38]([C:28]4=[C:21]([P:4]->1([C:52]1=[C:53]([H:99])[C:54]([H:100])=[C:55]([C@:58]([H:102])([H:103])[H:113])[C:56]([H:112])=[C:57]1[H:101])[C:59]1=[C:60]([H:104])[C:114]([H:120])=[C:115]([C@:121]([H:122])([H:123])[H:124])[C:61]([H:105])=[C:62]1[H:106])[C:22]([H:79])=[C:23]([H:80])[C:24]1=[C:27]4[C:26]([H:82])=[C:108]([H:117])[C:107]([H:116])=[C:25]1[H:81])[C:37]1=[C:32]([C:31]([H:84])=[C:30]3[H:83])[C:33]([H:85])=[C:34]([H:109])[C:35]([H:110])=[C:36]1[H:86])([C:39]1=[C:40]([H:87])[C:41]([H:88])=[C:42]([C@:45]([H:91])([H:92])[H:93])[C:43]([H:89])=[C:44]1[H:90])[C:46]1=[C:47]([H:94])[C:48]([H:95])=[C:49]([C@:111]([H:98])([H:118])[H:119])[C:50]([H:96])=[C:51]1[H:97])<-[N:5]([C@@:7]([C@:8]([N:6]->2([H:65])[H:66])([C:15]1=[C:16]([H:74])[C:17]([H:75])=[C:18]([H:76])[C:19]([H:77])=[C:20]1[H:78])[H:68])([C:9]1=[C:10]([H:69])[C:11]([H:70])=[C:12]([H:71])[C:13]([H:72])=[C:14]1[H:73])[H:67])([H:63])[H:64],[H]OC([H])([H])[H],OC([C@H](C1CCCC1)C2=CC=CC=C2)=O,OC([C@@H](C1CCCC1)C2=CC=CC=C2)=O,OC(/C(C1=CC=CC=C1)=C2CCCC/2)=O,60,100,,,,2
IAW00001279,CAT-8,SOL-1,,,REA-19,[Ru+2]123456(<-[N-:3]([S@@:1](=[O:2])([C:10]7=[C:11]([H:27])[C:12]([H:28])=[C:13]([C@@:16]([H:31])([H:32])[H:33])[C:14]([H:29])=[C:15]7[H:30])=[O:42])[C@:4]([C:5]7=[C:6]([H:45])[C:7]([H:47])=[C:46]([H:51])[C:8]([H:25])=[C:9]7[H:26])([H:43])[C@@:44]([H:23])([N:41]->1([H:71])[H:72])[C:50]1=[C:54]([H:24])[C:60]([H:69])=[C:68]([H:70])[C:58]([H:67])=[C:53]1[H:59])(<-[C:17]1([H:49])=[C:18]->2([H:34])[C:19]->3([C@@:22]([H:37])([H:38])[H:39])=[C:20]->4([H:35])[C:21]->5([H:36])=[C:48]->61[C@:52]([H:55])([C@:56]([H:61])([H:62])[H:63])[C@:57]([H:64])([H:65])[H:66])<-[Cl-:40],[H]OC([H])([H])[H],OC([C@H](C1CCCC1)C2=CC=CC=C2)=O,OC([C@@H](C1CCCC1)C2=CC=CC=C2)=O,OC(/C(C1=CC=CC=C1)=C2CCCC/2)=O,60,100,,,,2
IAW00001280,CAT-9,SOL-1,,,REA-19,[Ru+2]123(<-[Cl-:2]->[Ru+2:122]4(<-[Cl-:1])(<-[Cl-:3]->1)(<-[P:5]([C:11]1=[C:9]([C:22]5=[C:24]([P:7]->4([C:59]4=[C:69]([H:113])[C:67]([H:111])=[C:65]([H:140])[C:63]([H:109])=[C:61]4[H:107])[C:71]4=[C:81]([H:121])[C:79]([H:119])=[C:77]([H:139])[C:75]([H:117])=[C:73]4[H:115])[C:26]([H:87])=[C:28]([H:89])[C:30]4=[C:33]5[O:144][C@@:31]([H:147])([H:148])[O:143]4)[C:20]4=[C:17]([C:15]([H:85])=[C:13]1[H:83])[O:146][C@:18]([H:149])([H:150])[O:145]4)([C:35]1=[C:37]([H:91])[C:39]([H:93])=[C:41]([H:142])[C:43]([H:95])=[C:45]1[H:97])[C:47]1=[C:49]([H:99])[C:51]([H:101])=[C:53]([H:141])[C:55]([H:103])=[C:57]1[H:105])<-[Cl-:123]->2)(<-[P:4]([C:10]1=[C:8]([C:21]2=[C:23]([P:6]->3([C:58]3=[C:68]([H:112])[C:66]([H:110])=[C:64]([H:126])[C:62]([H:108])=[C:60]3[H:106])[C:70]3=[C:80]([H:120])[C:78]([H:118])=[C:76]([H:125])[C:74]([H:116])=[C:72]3[H:114])[C:25]([H:86])=[C:27]([H:88])[C:29]3=[C:32]2[O:130][C@@:133]([H:134])([H:135])[O:129]3)[C:19]2=[C:16]([C:14]([H:84])=[C:12]1[H:82])[O:132][C@:136]([H:137])([H:138])[O:131]2)([C:34]1=[C:44]([H:96])[C:42]([H:94])=[C:40]([H:127])[C:38]([H:92])=[C:36]1[H:90])[C:46]1=[C:48]([H:98])[C:50]([H:100])=[C:52]([H:128])[C:54]([H:102])=[C:56]1[H:104])<-[Cl-:124],[H]OC([H])([H])[H],OC([C@H](C1CCCC1)C2=CC=CC=C2)=O,OC([C@@H](C1CCCC1)C2=CC=CC=C2)=O,OC(/C(C1=CC=CC=C1)=C2CCCC/2)=O,60,100,,,,2
IAW00001281,CAT-10,SOL-1,,,REA-19,[Ru+2]123456(<-[Cl-:1])(<-[P:2]([C:5]7=[C:6]([H:7])[C:8]([H:9])=[C:10]8[C:11](=[C:4]7[C:13]7=[C:16]9[C:15](=[C:71]([H:80])[C:70]([H:79])=[C:14]7[P:3]->1([C:36]1=[C:37]([H:38])[C:39]([H:40])=[C:41]([H:42])[C:43]([H:44])=[C:45]1[H:46])[C:47]1=[C:74]([H:83])[C:84]([H:86])=[C:87]([H:89])[C:85]([H:88])=[C:75]1[H:48])[O:90][C@@:17]([H:94])([H:95])[O:91]9)[O:92][C@@:12]([H:96])([H:97])[O:93]8)([C:18]1=[C:27]([H:28])[C:25]([H:26])=[C:23]([H:24])[C:21]([H:22])=[C:19]1[H:20])[C:29]1=[C:30]([H:31])[C:72]([H:81])=[C:73]([H:82])[C:32]([H:33])=[C:34]1[H:35])<-[C:49]1([C@:58]([H:59])([H:60])[H:77])=[C:50]->2([H:76])[C:51]->3([H:52])=[C:53]->4([C@:61]([H:62])([C@@:63]([H:64])([H:65])[H:78])[C@:66]([H:67])([H:68])[H:69])[C:54]->5([H:55])=[C:56]->61[H:57],[H]OC([H])([H])[H],OC([C@H](C1CCCC1)C2=CC=CC=C2)=O,OC([C@@H](C1CCCC1)C2=CC=CC=C2)=O,OC(/C(C1=CC=CC=C1)=C2CCCC/2)=O,60,100,,,,2
IAW00001282,CAT-11,SOL-1,,,REA-19,[Ru+2]123(<-[P:1]([C:7]4=[C:9]([C:15]5=[C:10]([P:2]->1([C:28]1=[C:29]([H:52])[C:30]([H:53])=[C:31]([C@@:87]([H:88])([H:89])[H:90])[C:32]([H:54])=[C:33]1[H:55])[C:34]1=[C:35]([H:56])[C:62]([H:71])=[C:72]([C@@:83]([H:84])([H:85])[H:86])[C:70]([H:78])=[C:61]1[H:69])[C:11]([H:41])=[C:12]([H:42])[C:13]1=[C:14]5[C:60]([H:67])=[C:68]([H:77])[C:66]([H:76])=[C:59]1[H:43])[C:58]1=[C:64]([C:57]([H:63])=[C:8]4[H:40])[C:73]([H:80])=[C:79]([H:82])[C:75]([H:81])=[C:65]1[H:74])([C:16]1=[C:21]([H:47])[C:20]([H:46])=[C:19]([C@@:91]([H:92])([H:93])[H:94])[C:18]([H:45])=[C:17]1[H:44])[C:22]1=[C:23]([H:48])[C:24]([H:49])=[C:25]([C@@:95]([H:96])([H:97])[H:98])[C:26]([H:50])=[C:27]1[H:51])(<-[O-:3][C:36](=[O:4]->2)[C@@:37]([H:99])([H:100])[H:101])<-[O:5]=[C:38]([O-:6]->3)[C@@:39]([H:102])([H:103])[H:104],[H]OC([H])([H])[H],OC([C@H](C1CCCC1)C2=CC=CC=C2)=O,OC([C@@H](C1CCCC1)C2=CC=CC=C2)=O,OC(/C(C1=CC=CC=C1)=C2CCCC/2)=O,60,50,,,,2
IAW00001283,CAT-11,SOL-1,,,REA-19,[Ru+2]123(<-[P:1]([C:7]4=[C:9]([C:15]5=[C:10]([P:2]->1([C:28]1=[C:29]([H:52])[C:30]([H:53])=[C:31]([C@@:87]([H:88])([H:89])[H:90])[C:32]([H:54])=[C:33]1[H:55])[C:34]1=[C:35]([H:56])[C:62]([H:71])=[C:72]([C@@:83]([H:84])([H:85])[H:86])[C:70]([H:78])=[C:61]1[H:69])[C:11]([H:41])=[C:12]([H:42])[C:13]1=[C:14]5[C:60]([H:67])=[C:68]([H:77])[C:66]([H:76])=[C:59]1[H:43])[C:58]1=[C:64]([C:57]([H:63])=[C:8]4[H:40])[C:73]([H:80])=[C:79]([H:82])[C:75]([H:81])=[C:65]1[H:74])([C:16]1=[C:21]([H:47])[C:20]([H:46])=[C:19]([C@@:91]([H:92])([H:93])[H:94])[C:18]([H:45])=[C:17]1[H:44])[C:22]1=[C:23]([H:48])[C:24]([H:49])=[C:25]([C@@:95]([H:96])([H:97])[H:98])[C:26]([H:50])=[C:27]1[H:51])(<-[O-:3][C:36](=[O:4]->2)[C@@:37]([H:99])([H:100])[H:101])<-[O:5]=[C:38]([O-:6]->3)[C@@:39]([H:102])([H:103])[H:104],[H]OC([H])([H])[H],OC([C@H](C1CCCC1)C2=CC=CC=C2)=O,OC([C@@H](C1CCCC1)C2=CC=CC=C2)=O,OC(/C(C1=CC=CC=C1)=C2CCCC/2)=O,60,100,,,,2
IAW00001284,CAT-12,SOL-1,,,REA-19,[Ru+2]12(<-[Cl-:1])(<-[Cl-:2])(<-[P:3]([C:29]3=[C:38]([C:28]4=[C:21]([P:4]->1([C:52]1=[C:57]([H:99])[C:56]([H:110])=[C:55]([C@:58]([H:100])([H:101])[H:111])[C:54]([H:98])=[C:53]1[H:97])[C:59]1=[C:62]([H:104])[C:61]([H:103])=[C:113]([C@:119]([H:120])([H:121])[H:122])[C:112]([H:118])=[C:60]1[H:102])[C:22]([H:77])=[C:23]([H:78])[C:24]1=[C:27]4[C:26]([H:80])=[C:106]([H:115])[C:105]([H:114])=[C:25]1[H:79])[C:37]1=[C:32]([C:31]([H:82])=[C:30]3[H:81])[C:33]([H:83])=[C:34]([H:107])[C:35]([H:108])=[C:36]1[H:84])([C:39]1=[C:44]([H:88])[C:43]([H:87])=[C:42]([C@:45]([H:89])([H:90])[H:91])[C:41]([H:86])=[C:40]1[H:85])[C:46]1=[C:47]([H:92])[C:48]([H:93])=[C:49]([C@:109]([H:96])([H:116])[H:117])[C:50]([H:94])=[C:51]1[H:95])<-[N:5]([C@@:7]([C@:8]([N:6]->2([H:65])[H:66])([C:15]1=[C:20]([H:76])[C:19]([H:75])=[C:18]([C@@:127]([H:128])([H:129])[H:130])[C:17]([H:74])=[C:16]1[H:73])[H:68])([C:9]1=[C:10]([H:69])[C:11]([H:70])=[C:12]([C@@:123]([H:124])([H:125])[H:126])[C:13]([H:71])=[C:14]1[H:72])[H:67])([H:63])[H:64],[H]OC([H])([H])[H],OC([C@H](C1CCCC1)C2=CC=CC=C2)=O,OC([C@@H](C1CCCC1)C2=CC=CC=C2)=O,OC(/C(C1=CC=CC=C1)=C2CCCC/2)=O,60,100,,,,2
IAW00001285,CAT-13,SOL-1,,,REA-19,[Ru+2]123(<-[P:1]([C:7]4=[C:9]([C:15]5=[C:10]([P:2]->1([C:28]1=[C:29]([H:50])[C:30]([C@@:103]([H:104])([H:105])[H:106])=[C:31]([H:51])[C:32]([C@@:107]([H:108])([H:109])[H:110])=[C:33]1[H:52])[C:34]1=[C:58]([H:66])[C:67]([C@@:99]([H:100])([H:101])[H:102])=[C:68]([H:74])[C:59]([C@@:95]([H:96])([H:97])[H:98])=[C:35]1[H:53])[C:11]([H:41])=[C:12]([H:42])[C:13]1=[C:14]5[C:57]([H:64])=[C:65]([H:73])[C:63]([H:72])=[C:56]1[H:43])[C:55]1=[C:61]([C:54]([H:60])=[C:8]4[H:40])[C:69]([H:76])=[C:75]([H:78])[C:71]([H:77])=[C:62]1[H:70])([C:16]1=[C:17]([H:44])[C:18]([C@@:79]([H:80])([H:81])[H:82])=[C:19]([H:45])[C:20]([C@@:83]([H:84])([H:85])[H:86])=[C:21]1[H:46])[C:22]1=[C:23]([H:47])[C:24]([C@@:87]([H:88])([H:89])[H:90])=[C:25]([H:48])[C:26]([C@@:91]([H:92])([H:93])[H:94])=[C:27]1[H:49])(<-[O-:3][C:36](=[O:4]->2)[C@@:37]([H:114])([H:115])[H:116])<-[O:5]=[C:38]([O-:6]->3)[C@@:39]([H:111])([H:112])[H:113],[H]OC([H])([H])[H],OC([C@H](C1CCCC1)C2=CC=CC=C2)=O,OC([C@@H](C1CCCC1)C2=CC=CC=C2)=O,OC(/C(C1=CC=CC=C1)=C2CCCC/2)=O,60,50,,,,2
IAW00001286,CAT-13,SOL-1,,,REA-19,[Ru+2]123(<-[P:1]([C:7]4=[C:9]([C:15]5=[C:10]([P:2]->1([C:28]1=[C:29]([H:50])[C:30]([C@@:103]([H:104])([H:105])[H:106])=[C:31]([H:51])[C:32]([C@@:107]([H:108])([H:109])[H:110])=[C:33]1[H:52])[C:34]1=[C:58]([H:66])[C:67]([C@@:99]([H:100])([H:101])[H:102])=[C:68]([H:74])[C:59]([C@@:95]([H:96])([H:97])[H:98])=[C:35]1[H:53])[C:11]([H:41])=[C:12]([H:42])[C:13]1=[C:14]5[C:57]([H:64])=[C:65]([H:73])[C:63]([H:72])=[C:56]1[H:43])[C:55]1=[C:61]([C:54]([H:60])=[C:8]4[H:40])[C:69]([H:76])=[C:75]([H:78])[C:71]([H:77])=[C:62]1[H:70])([C:16]1=[C:17]([H:44])[C:18]([C@@:79]([H:80])([H:81])[H:82])=[C:19]([H:45])[C:20]([C@@:83]([H:84])([H:85])[H:86])=[C:21]1[H:46])[C:22]1=[C:23]([H:47])[C:24]([C@@:87]([H:88])([H:89])[H:90])=[C:25]([H:48])[C:26]([C@@:91]([H:92])([H:93])[H:94])=[C:27]1[H:49])(<-[O-:3][C:36](=[O:4]->2)[C@@:37]([H:114])([H:115])[H:116])<-[O:5]=[C:38]([O-:6]->3)[C@@:39]([H:111])([H:112])[H:113],[H]OC([H])([H])[H],OC([C@H](C1CCCC1)C2=CC=CC=C2)=O,OC([C@@H](C1CCCC1)C2=CC=CC=C2)=O,OC(/C(C1=CC=CC=C1)=C2CCCC/2)=O,60,100,,,,2
IAW00001287,CAT-14,SOL-1,,,REA-19,[Ru+2]123(<-[P:1]([C:7]4=[C:9]([C:15]5=[C:10]([P:2]->1([C:28]1=[C:29]([H:53])[C:30]([H:54])=[C:31]([H:55])[C:32]([H:56])=[C:33]1[H:57])[C:34]1=[C:35]([H:58])[C:62]([H:67])=[C:68]([H:70])[C:66]([H:69])=[C:61]1[H:65])[C:11]([H:41])=[C:12]([H:42])[C:13]1=[C:14]5[C@@:71]([H:72])([H:73])[C@@:77]([H:79])([H:80])[C@:78]([H:81])([H:82])[C@:74]1([H:75])[H:76])[C:60]1=[C:64]([C:59]([H:63])=[C:8]4[H:40])[C@@:86]([H:87])([H:88])[C@@:90]([H:93])([H:94])[C@:89]([H:91])([H:92])[C@:83]1([H:84])[H:85])([C:16]1=[C:21]([H:47])[C:20]([H:46])=[C:19]([H:45])[C:18]([H:44])=[C:17]1[H:43])[C:22]1=[C:23]([H:48])[C:24]([H:49])=[C:25]([H:50])[C:26]([H:51])=[C:27]1[H:52])(<-[O:3]=[C:36]([O-:4]->2)[C@@:37]([H:95])([H:96])[H:97])<-[O-:5][C:38](=[O:6]->3)[C@@:39]([H:98])([H:99])[H:100],[H]OC([H])([H])[H],OC([C@H](C1CCCC1)C2=CC=CC=C2)=O,OC([C@@H](C1CCCC1)C2=CC=CC=C2)=O,OC(/C(C1=CC=CC=C1)=C2CCCC/2)=O,60,10,,,,2
IAW00001288,CAT-14,SOL-1,,,REA-19,[Ru+2]123(<-[P:1]([C:7]4=[C:9]([C:15]5=[C:10]([P:2]->1([C:28]1=[C:29]([H:53])[C:30]([H:54])=[C:31]([H:55])[C:32]([H:56])=[C:33]1[H:57])[C:34]1=[C:35]([H:58])[C:62]([H:67])=[C:68]([H:70])[C:66]([H:69])=[C:61]1[H:65])[C:11]([H:41])=[C:12]([H:42])[C:13]1=[C:14]5[C@@:71]([H:72])([H:73])[C@@:77]([H:79])([H:80])[C@:78]([H:81])([H:82])[C@:74]1([H:75])[H:76])[C:60]1=[C:64]([C:59]([H:63])=[C:8]4[H:40])[C@@:86]([H:87])([H:88])[C@@:90]([H:93])([H:94])[C@:89]([H:91])([H:92])[C@:83]1([H:84])[H:85])([C:16]1=[C:21]([H:47])[C:20]([H:46])=[C:19]([H:45])[C:18]([H:44])=[C:17]1[H:43])[C:22]1=[C:23]([H:48])[C:24]([H:49])=[C:25]([H:50])[C:26]([H:51])=[C:27]1[H:52])(<-[O:3]=[C:36]([O-:4]->2)[C@@:37]([H:95])([H:96])[H:97])<-[O-:5][C:38](=[O:6]->3)[C@@:39]([H:98])([H:99])[H:100],[H]OC([H])([H])[H],OC([C@H](C1CCCC1)C2=CC=CC=C2)=O,OC([C@@H](C1CCCC1)C2=CC=CC=C2)=O,OC(/C(C1=CC=CC=C1)=C2CCCC/2)=O,60,50,,,,2
IAW00001289,CAT-14,SOL-1,,,REA-19,[Ru+2]123(<-[P:1]([C:7]4=[C:9]([C:15]5=[C:10]([P:2]->1([C:28]1=[C:29]([H:53])[C:30]([H:54])=[C:31]([H:55])[C:32]([H:56])=[C:33]1[H:57])[C:34]1=[C:35]([H:58])[C:62]([H:67])=[C:68]([H:70])[C:66]([H:69])=[C:61]1[H:65])[C:11]([H:41])=[C:12]([H:42])[C:13]1=[C:14]5[C@@:71]([H:72])([H:73])[C@@:77]([H:79])([H:80])[C@:78]([H:81])([H:82])[C@:74]1([H:75])[H:76])[C:60]1=[C:64]([C:59]([H:63])=[C:8]4[H:40])[C@@:86]([H:87])([H:88])[C@@:90]([H:93])([H:94])[C@:89]([H:91])([H:92])[C@:83]1([H:84])[H:85])([C:16]1=[C:21]([H:47])[C:20]([H:46])=[C:19]([H:45])[C:18]([H:44])=[C:17]1[H:43])[C:22]1=[C:23]([H:48])[C:24]([H:49])=[C:25]([H:50])[C:26]([H:51])=[C:27]1[H:52])(<-[O:3]=[C:36]([O-:4]->2)[C@@:37]([H:95])([H:96])[H:97])<-[O-:5][C:38](=[O:6]->3)[C@@:39]([H:98])([H:99])[H:100],[H]OC([H])([H])[H],OC([C@H](C1CCCC1)C2=CC=CC=C2)=O,OC([C@@H](C1CCCC1)C2=CC=CC=C2)=O,OC(/C(C1=CC=CC=C1)=C2CCCC/2)=O,60,100,,,,2
IAW00001290,CAT-15,SOL-1,,,REA-19,[Ru+2]123(<-[Cl-:2]->[Ru+2:137]4(<-[Cl-:1])(<-[Cl-:3]->1)(<-[P:5]([C:11]1=[C:9]([C:29]5=[C:31]([P:7]->4([C:73]4=[C:83]([H:132])[C:81]([C@@:175]([H:176])([H:177])[H:178])=[C:79]([H:179])[C:77]([C@@:171]([H:172])([H:173])[H:174])=[C:75]4[H:129])[C:85]4=[C:95]([H:136])[C:93]([C@@:163]([H:164])([H:165])[H:166])=[C:91]([H:140])[C:89]([C@@:167]([H:168])([H:169])[H:170])=[C:87]4[H:134])[C:33]([H:109])=[C:35]([H:111])[C:37]4=[C:47]5[C:45]([H:119])=[C:43]([H:117])[C:41]([H:115])=[C:39]4[H:113])[C:27]4=[C:17]([C:15]([H:99])=[C:13]1[H:97])[C:19]([H:101])=[C:21]([H:103])[C:23]([H:105])=[C:25]4[H:107])([C:49]1=[C:59]([H:123])[C:57]([C@@:192]([H:193])([H:194])[H:195])=[C:55]([H:144])[C:53]([C@@:188]([H:189])([H:190])[H:191])=[C:51]1[H:121])[C:61]1=[C:71]([H:127])[C:69]([C@@:184]([H:185])([H:186])[H:187])=[C:67]([H:145])[C:65]([C@@:180]([H:181])([H:182])[H:183])=[C:63]1[H:125])<-[Cl-:138]->2)(<-[P:4]([C:10]1=[C:8]([C:28]2=[C:30]([P:6]->3([C:72]3=[C:82]([H:131])[C:80]([C@@:204]([H:205])([H:206])[H:207])=[C:78]([H:142])[C:76]([H:130])=[C:74]3[H:128])[C:84]3=[C:86]([H:133])[C:88]([C@@:200]([H:201])([H:202])[H:203])=[C:90]([H:143])[C:92]([C@@:196]([H:197])([H:198])[H:199])=[C:94]3[H:135])[C:32]([H:108])=[C:34]([H:110])[C:36]3=[C:46]2[C:44]([H:118])=[C:42]([H:116])[C:40]([H:114])=[C:38]3[H:112])[C:26]2=[C:16]([C:14]([H:98])=[C:12]1[H:96])[C:18]([H:100])=[C:20]([H:102])[C:22]([H:104])=[C:24]2[H:106])([C:48]1=[C:58]([H:122])[C:56]([C@@:159]([H:160])([H:161])[H:162])=[C:54]([H:146])[C:52]([C@@:155]([H:156])([H:157])[H:158])=[C:50]1[H:120])[C:60]1=[C:70]([H:126])[C:68]([C@@:151]([H:152])([H:153])[H:154])=[C:66]([H:141])[C:64]([C@@:147]([H:148])([H:149])[H:150])=[C:62]1[H:124])<-[Cl-:139],[H]OC([H])([H])[H],OC([C@H](C1CCCC1)C2=CC=CC=C2)=O,OC([C@@H](C1CCCC1)C2=CC=CC=C2)=O,OC(/C(C1=CC=CC=C1)=C2CCCC/2)=O,60,100,,,,2
IAW00001291,CAT-16,SOL-1,,,REA-19,[P]1([C:2]2=[C:4]([H:55])[C:6]([C@:7]([H:74])([H:76])[H:77])=[C:8]([H:56])[C:10]([C@:12]([H:81])([H:82])[H:83])=[C:13]2[H:57])([C:14]2=[C:19]([C:20]3=[C:25]([P:1]([C:26]4=[C:27]([H:64])[C:28]([C@:29]([H:84])([H:85])[H:86])=[C:30]([H:65])[C:31]([C@@:32]([H:87])([H:88])[H:89])=[C:33]4[H:68])(->[Ru+2:54]<-14(<-[N:3]([C@@:34]([C:35]1=[C:36]([H:69])[C:37]([H:70])=[C:38]([O:9][C@@:39]([H:90])([H:91])[H:92])[C:40]([H:71])=[C:41]1[H:72])([C:42]1=[C:48]([H:102])[C:47]([H:78])=[C:45]([O:11][C@@:46]([H:93])([H:94])[H:95])[C:44]([H:75])=[C:43]1[H:73])[C@@:49]([N:5]->4([H:66])[H:67])([C@@:50]([C@@:51]([H:96])([H:97])[H:98])([C@@:52]([H:99])([H:100])[H:101])[H:80])[H:79])([H:60])[H:61])(<-[Cl-:53])<-[Cl-:103])[C:129]1=[C:130]([H:133])[C:132]([C@@:150]([H:151])([H:152])[H:153])=[C:136]([H:137])[C:134]([C@@:146]([H:147])([H:148])[H:149])=[C:131]1[H:135])[C:24]([H:63])=[C:23]([H:62])[C:22]1=[C:21]3[C:115]([H:119])=[C:114]([H:118])[C:113]([H:117])=[C:112]1[H:116])[C:18]1=[C:17]([C:16]([H:59])=[C:15]2[H:58])[C:107]([H:111])=[C:106]([H:110])[C:105]([H:109])=[C:104]1[H:108])[C:120]1=[C:122]([H:126])[C:125]([C@@:138]([H:139])([H:140])[H:141])=[C:127]([H:128])[C:123]([C@@:142]([H:143])([H:144])[H:145])=[C:121]1[H:124],[H]OC([H])([H])[H],OC([C@H](C1CCCC1)C2=CC=CC=C2)=O,OC([C@@H](C1CCCC1)C2=CC=CC=C2)=O,OC(/C(C1=CC=CC=C1)=C2CCCC/2)=O,60,100,,,,2
IAW00001292,CAT-17,SOL-1,,,REA-19,[P]1([C:2]2=[C:17]([H:79])[C:14]([C@:16]([H:109])([H:110])[H:111])=[C:12]([H:78])[C:8]([C@:10]([H:102])([H:104])[H:105])=[C:5]2[H:77])([C:18]2=[C:19]([H:80])[C:20]([C@:21]([H:112])([H:113])[H:114])=[C:22]([H:81])[C:23]([C@:24]([H:115])([H:116])[H:117])=[C:25]2[H:82])[C:26]2=[C:32]([C:33]3=[C:39]([P:1]([C:40]4=[C:41]([H:89])[C:42]([C@:43]([H:122])([H:123])[H:124])=[C:44]([H:90])[C:45]([C@:46]([H:125])([H:126])[H:127])=[C:47]4[H:93])([C:48]4=[C:55]([H:96])[C:53]([C@:54]([H:131])([H:132])[H:133])=[C:52]([H:95])[C:50]([C@:51]([H:128])([H:129])[H:130])=[C:49]4[H:94])->[Ru+2:76]<-14(<-[N:3]([C@:56]([C:57]1=[C:63]([H:100])[C:62]([H:99])=[C:60]([O:13][C@:61]([H:134])([H:135])[H:136])[C:59]([H:98])=[C:58]1[H:97])([C:64]1=[C:70]([H:146])[C:69]([H:106])=[C:67]([O:15][C@:68]([H:137])([H:138])[H:139])[C:66]([H:103])=[C:65]1[H:101])[C@@:71]([N:6]->4([H:91])[H:92])([C@@:72]([C@:73]([H:140])([H:141])[H:142])([C@:74]([H:143])([H:144])[H:145])[H:108])[H:107])([H:85])[H:86])(<-[Cl-:75])<-[Cl-:147])[C:38]([H:88])=[C:37]([H:87])[C:36]1=[C:34]3[O:9][C@:35]([H:120])([H:121])[O:11]1)[C:31]1=[C:29]([O:4][C@@:30]([H:118])([H:119])[O:7]1)[C:28]([H:84])=[C:27]2[H:83],[H]OC([H])([H])[H],OC([C@H](C1CCCC1)C2=CC=CC=C2)=O,OC([C@@H](C1CCCC1)C2=CC=CC=C2)=O,OC(/C(C1=CC=CC=C1)=C2CCCC/2)=O,60,100,,,,2
IAW00001293,CAT-18,SOL-1,,,REA-19,[Ru+2]12(<-[Cl-:1])(<-[Cl-:2])(<-[P:3]([C:16]3=[C:25]([C:15]4=[C:8]([P:4]->1([C:39]1=[C:40]([H:73])[C:41]([H:74])=[C:42]([C@:45]([H:76])([H:77])[H:87])[C:43]([H:86])=[C:44]1[H:75])[C:46]1=[C:49]([H:80])[C:48]([H:79])=[C:89]([C@:95]([H:96])([H:97])[H:98])[C:88]([H:94])=[C:47]1[H:78])[C:9]([H:53])=[C:10]([H:54])[C:11]1=[C:14]4[C:13]([H:56])=[C:82]([H:91])[C:81]([H:90])=[C:12]1[H:55])[C:24]1=[C:19]([C:18]([H:58])=[C:17]3[H:57])[C:20]([H:59])=[C:21]([H:83])[C:22]([H:84])=[C:23]1[H:60])([C:26]1=[C:27]([H:61])[C:28]([H:62])=[C:29]([C@:32]([H:65])([H:66])[H:67])[C:30]([H:63])=[C:31]1[H:64])[C:33]1=[C:34]([H:68])[C:35]([H:69])=[C:36]([C@:85]([H:72])([H:92])[H:93])[C:37]([H:70])=[C:38]1[H:71])<-[N:5]([C@@:7]([H:52])([C:99]1=[N:6]->2[C:105]([H:106])=[C:103]([H:104])[C:102]([H:107])=[C:100]1[H:101])[H:108])([H:50])[H:51],[H]OC([H])([H])[H],OC([C@H](C1CCCC1)C2=CC=CC=C2)=O,OC([C@@H](C1CCCC1)C2=CC=CC=C2)=O,OC(/C(C1=CC=CC=C1)=C2CCCC/2)=O,60,100,,,,2
IAW00001294,CAT-19,SOL-1,,,REA-19,[P]1([C:16]2=[C:11]([C@@:10]([N:3]3([C@:2]4([H:51])[C@:4]([H:52])([H:53])[C@:6]([H:54])([H:55])[C@@:7]([H:56])([H:57])[C@@:8]([H:58])([H:59])[C@:9]4([N:5]4([C@@:29]([C:30]5=[C:31]([H:81])[C:32]([H:82])=[C:33]([H:83])[C:34]([H:84])=[C:35]5[P:1]([C:36]5=[C:37]([H:85])[C:38]([H:86])=[C:39]([H:87])[C:40]([H:88])=[C:41]5[H:89])([C:42]5=[C:47]([H:94])[C:46]([H:93])=[C:45]([H:92])[C:44]([H:91])=[C:43]5[H:90])->[Ru+2:50]<-1<-3<-4(<-[Cl-:48])<-[Cl-:49])([H:79])[H:80])[H:78])[H:60])[H:61])([H:62])[H:63])[C:12]([H:64])=[C:13]([H:65])[C:14]([H:66])=[C:15]2[H:67])([C:17]1=[C:18]([H:68])[C:19]([H:69])=[C:20]([H:70])[C:21]([H:71])=[C:22]1[H:72])[C:23]1=[C:28]([H:77])[C:27]([H:76])=[C:26]([H:75])[C:25]([H:74])=[C:24]1[H:73],[H]OC([H])([H])[H],OC([C@H](C1CCCC1)C2=CC=CC=C2)=O,OC([C@@H](C1CCCC1)C2=CC=CC=C2)=O,OC(/C(C1=CC=CC=C1)=C2CCCC/2)=O,60,100,,,,2
IAW00001295,CAT-20,SOL-1,,,REA-19,[Ru+2]12(<-[Cl-:1])(<-[Cl-:2])(<-[P:3]([C:29]3=[C:38]([C:28]4=[C:21]([P:4]->1([C:52]1=[C:57]([H:98])[C:56]([H:109])=[C:55]([C@:58]([H:99])([H:100])[H:110])[C:54]([H:97])=[C:53]1[H:96])[C:59]1=[C:62]([H:103])[C:61]([H:102])=[C:112]([C@:118]([H:119])([H:120])[H:121])[C:111]([H:117])=[C:60]1[H:101])[C:22]([H:76])=[C:23]([H:77])[C:24]1=[C:27]4[C:26]([H:79])=[C:105]([H:114])[C:104]([H:113])=[C:25]1[H:78])[C:37]1=[C:32]([C:31]([H:81])=[C:30]3[H:80])[C:33]([H:82])=[C:34]([H:106])[C:35]([H:107])=[C:36]1[H:83])([C:39]1=[C:40]([H:84])[C:41]([H:85])=[C:42]([C@:45]([H:88])([H:89])[H:90])[C:43]([H:86])=[C:44]1[H:87])[C:46]1=[C:47]([H:91])[C:48]([H:92])=[C:49]([C@:108]([H:95])([H:115])[H:116])[C:50]([H:93])=[C:51]1[H:94])<-[N:5]([C@:7]([C@@:8]([N:6]->2([H:63])[H:123])([C:15]1=[C:20]([H:75])[C:19]([H:74])=[C:18]([H:73])[C:17]([H:72])=[C:16]1[H:71])[H:65])([C:9]1=[C:10]([H:66])[C:11]([H:67])=[C:12]([H:68])[C:13]([H:69])=[C:14]1[H:70])[H:64])([H:122])[H:124],[H]OC([H])([H])[H],OC([C@H](C1CCCC1)C2=CC=CC=C2)=O,OC([C@@H](C1CCCC1)C2=CC=CC=C2)=O,OC(/C(C1=CC=CC=C1)=C2CCCC/2)=O,60,100,,,,2
IAW00001296,CAT-21,SOL-1,,,REA-19,[Ru+2]12(<-[Cl-:1])(<-[Cl-:2])(<-[P:3]([C:27]3=[C:33]([C:26]4=[C:25]5[C:24](=[C:23]([H:75])[C:22]([H:74])=[C:21]4[P:4]->1([C:47]1=[C:48]([H:90])[C:49]([H:91])=[C:50]([C@:53]([H:93])([H:94])[H:101])[C:51]([H:100])=[C:52]1[H:92])[C:54]1=[C:57]([H:97])[C:56]([H:96])=[C:103]([C@:107]([H:108])([H:109])[H:110])[C:102]([H:106])=[C:55]1[H:95])[O:114][C@:98]([H:117])([H:118])[O:113]5)[C:32]1=[C:30]([C:29]([H:77])=[C:28]3[H:76])[O:111][C@:31]([H:115])([H:116])[O:112]1)([C:34]1=[C:35]([H:78])[C:36]([H:79])=[C:37]([C@:40]([H:82])([H:83])[H:84])[C:38]([H:80])=[C:39]1[H:81])[C:41]1=[C:42]([H:85])[C:43]([H:86])=[C:44]([C@:99]([H:89])([H:104])[H:105])[C:45]([H:87])=[C:46]1[H:88])<-[N:5]([C@@:7]([C@:8]([N:6]->2([H:60])[H:61])([C:15]1=[C:20]([H:73])[C:19]([H:72])=[C:18]([H:71])[C:17]([H:70])=[C:16]1[H:69])[H:63])([C:9]1=[C:14]([H:68])[C:13]([H:67])=[C:12]([H:66])[C:11]([H:65])=[C:10]1[H:64])[H:62])([H:58])[H:59],[H]OC([H])([H])[H],OC([C@H](C1CCCC1)C2=CC=CC=C2)=O,OC([C@@H](C1CCCC1)C2=CC=CC=C2)=O,OC(/C(C1=CC=CC=C1)=C2CCCC/2)=O,60,100,,,,2
IAW00001297,CAT-23,SOL-2,,,REA-19,[C]12([H:1])->[Ir+:130]345(<-[C:7]=1([H:11])[C@@:10]([H:15])([H:16])[C@@:17]([H:22])([H:23])[C:12]->3([H:18])=[C:8]->4([H:13])[C@:5]([H:6])([H:9])[C@:2]2([H:3])[H:4])<-[N:21]1=[C:27]([C:28]2=[C:29]([H:32])[C:31]([H:36])=[C:35]([H:41])[C:33]3=[C:30]2[C@@:34]2([C@@:38]([H:44])([H:45])[C@@:46]([H:51])([H:52])[C:48]4=[C:39]2[C:47]([P:53]->5([C:56]2=[C:62]([H:68])[C:69]([C@@:76]([C@@:84]([H:103])([H:104])[H:105])([C@@:85]([H:106])([H:107])[H:108])[C@:86]([H:109])([H:110])[H:111])=[C:75]([H:83])[C:67]([C@@:74]([C@@:80]([H:94])([H:95])[H:96])([C@:81]([H:97])([H:98])[H:99])[C@:82]([H:100])([H:101])[H:102])=[C:61]2[H:66])[C:57]2=[C:63]([H:70])[C:71]([C@:77]([C@@:87]([H:112])([H:113])[H:114])([C@@:88]([H:115])([H:116])[H:117])[C@:89]([H:118])([H:119])[H:120])=[C:78]([H:90])[C:72]([C@:79]([C@:91]([H:121])([H:122])[H:123])([C@@:92]([H:124])([H:125])[H:126])[C@@:93]([H:127])([H:128])[H:129])=[C:64]2[H:73])=[C:54]([H:59])[C:58]([H:65])=[C:55]4[H:60])[C@:40]([H:49])([H:50])[C@@:37]3([H:42])[H:43])[O:25][C@@:19]([H:24])([H:26])[C@:14]1([H:20])[H:131],[H]C([H])([H])C([H])([H])N(C([H])([H])C([H])([H])[H])C([H])([H])C([H])([H])[H].[H]OC([H])([H])[H],OC([C@H](C1CCCC1)C2=CC=CC=C2)=O,OC([C@@H](C1CCCC1)C2=CC=CC=C2)=O,OC(/C(C1=CC=CC=C1)=C2CCCC/2)=O,60,6,,,,2
IAW00001298,CAT-24,SOL-2,,,REA-19,C1([H:1])=[C:11]([H:17])[C:16]([C@@:24]2([H:31])[C@:30]([H:35])([H:37])[O:36][C:38]3[C:39]4=[C:41]5[C:44](=[C:46]([H:52])[C:42]([H:47])=[C:40]4[H:43])[C@:48]([H:53])([H:54])[C@@:51]([H:60])([H:61])[C@:45]54[C@@:49]([H:55])([H:56])[C@@:57]([H:62])([H:63])[C:59]5=[C:50]4[C:58]([P:64]([C:67]4=[C:73]([H:79])[C:80]([C@@:87]([C@@:95]([H:114])([H:115])[H:116])([C@@:96]([H:117])([H:118])[H:119])[C@:97]([H:120])([H:121])[H:122])=[C:86]([H:94])[C:78]([C@@:85]([C@@:91]([H:105])([H:106])[H:107])([C@:92]([H:108])([H:109])[H:110])[C@:93]([H:111])([H:112])[H:113])=[C:72]4[H:77])([C:68]4=[C:75]([H:84])[C:83]([C@:90]([C@:102]([H:132])([H:133])[H:134])([C@@:103]([H:135])([H:136])[H:137])[C@@:104]([H:138])([H:139])[H:140])=[C:89]([H:101])[C:82]([C@:88]([C@@:98]([H:123])([H:124])[H:125])([C@@:99]([H:126])([H:127])[H:128])[C@:100]([H:129])([H:130])[H:131])=[C:74]4[H:81])->[Ir+:141]467(<-[C:4]8([H:5])=[C:13]->4([H:21])[C@@:20]([H:26])([H:27])[C@@:28]([H:33])([H:34])[C:22]->6([H:29])=[C:14]->7([H:23])[C@:9]([H:10])([H:15])[C@:6]8([H:7])[H:8])<-[N:32]=32)=[C:65]([H:70])[C:69]([H:76])=[C:66]5[H:71])=[C:19]([H:25])[C:12]([H:18])=[C:2]1[H:3],[H]C([H])([H])C([H])([H])N(C([H])([H])C([H])([H])[H])C([H])([H])C([H])([H])[H].[H]OC([H])([H])[H],OC([C@H](C1CCCC1)C2=CC=CC=C2)=O,OC([C@@H](C1CCCC1)C2=CC=CC=C2)=O,OC(/C(C1=CC=CC=C1)=C2CCCC/2)=O,60,6,,,,2
IAW00001299,CAT-25,SOL-2,,,REA-19,C12[P:96]([C:33]3=[C:40]([H:41])[C:39]([C@:55]([C@:56]([H:57])([H:58])[H:59])([C@:60]([H:61])([H:62])[H:105])[C@@:104]([H:120])([H:121])[H:122])=[C:37]([H:38])[C:36]([C@:42]([C@:43]([H:44])([H:45])[H:46])([C@:47]([H:48])([H:49])[H:50])[C@:51]([H:52])([H:53])[H:54])=[C:34]3[H:35])([C:63]3=[C:69]([H:109])[C:68]([C@:108]([C@:125]([H:136])([H:137])[H:138])([C@@:126]([H:139])([H:140])[H:141])[C@:127]([H:142])([H:143])[H:144])=[C:67]([H:107])[C:66]([C@:106]([C@:70]([H:71])([H:110])[H:111])([C@@:123]([H:131])([H:132])[H:133])[C@:124]([H:72])([H:134])[H:135])=[C:64]3[H:65])->[Ir+:93]345(<-[C:73]6([H:74])=[C:75]->3([H:76])[C@:77]([H:78])([H:79])[C@@:80]([H:81])([H:82])[C:83]->4([H:84])=[C:85]->5([H:86])[C@:87]([H:88])([H:89])[C@@:90]6([H:91])[H:92])<-[N:94]3=[C:13]([C:11]4=[C:9]([H:10])[C:102]([H:118])=[C:119]([H:130])[C:103]5=[C:12]4[C@:5]4([C:4]1=[C:3]([C@:6]([H:7])([H:101])[C@:99]4([H:114])[H:115])[C:98]([H:113])=[C:97]([H:112])[C:1]=2[H:2])[C@@:100]([H:8])([H:117])[C@@:116]5([H:128])[H:129])[O:95][C@:14]([H:15])([H:16])[C@:17]3([H:18])[C@@:19]([H:20])([H:21])[C:22]1=[C:23]([H:24])[C:25]([H:26])=[C:27]([H:28])[C:29]([H:30])=[C:31]1[H:32],[H]C([H])([H])C([H])([H])N(C([H])([H])C([H])([H])[H])C([H])([H])C([H])([H])[H].[H]OC([H])([H])[H],OC([C@H](C1CCCC1)C2=CC=CC=C2)=O,OC([C@@H](C1CCCC1)C2=CC=CC=C2)=O,OC(/C(C1=CC=CC=C1)=C2CCCC/2)=O,60,6,,,,2
IAW00001300,CAT-26,SOL-2,,,REA-19,[P]1([C:13]2=[C:14]([H:57])[C:15]([H:58])=[C:16]([H:59])[C:11]3=[C:12]2[C@@:7]2([C@@:9]([H:67])([H:68])[C@@:10]3([H:72])[H:73])[C@@:17]([H:74])([H:75])[C@@:18]([H:76])([H:77])[C:19]3=[C:24]([H:62])[C:23]([H:61])=[C:22]([H:60])[C:21]([N:8]([C@:6]([C:5]4=[C:120]([C@@:121]([H:122])([H:123])[H:124])[C:1]([H:82])=[C:2]([H:81])[C:3]([H:80])=[C:4]4[H:119])([H:78])[H:79])(->[Ir+4:54]<-1(<-[Cl-:53])(<-[H-:55])(<-[H-:56])<-[H-:125])[H:64])=[C:20]23)([C:25]1=[C:30]([H:66])[C:29]([C@:35]([C@:36]([H:92])([H:93])[H:94])([C@:37]([H:95])([H:96])[H:97])[C@:38]([H:98])([H:99])[H:100])=[C:28]([H:65])[C:27]([C@:31]([C@:32]([H:83])([H:84])[H:85])([C@:33]([H:86])([H:87])[H:88])[C@:34]([H:89])([H:90])[H:91])=[C:26]1[H:63])[C:39]1=[C:40]([H:69])[C:41]([C@@:45]([C@:46]([H:101])([H:102])[H:103])([C@:47]([H:104])([H:105])[H:106])[C@:48]([H:107])([H:108])[H:109])=[C:42]([H:70])[C:43]([C@:49]([C@:50]([H:110])([H:111])[H:112])([C@:51]([H:113])([H:114])[H:115])[C@:52]([H:116])([H:117])[H:118])=[C:44]1[H:71],[H]C([H])([H])C([H])([H])N(C([H])([H])C([H])([H])[H])C([H])([H])C([H])([H])[H].[H]OC([H])([H])[H],OC([C@H](C1CCCC1)C2=CC=CC=C2)=O,OC([C@@H](C1CCCC1)C2=CC=CC=C2)=O,OC(/C(C1=CC=CC=C1)=C2CCCC/2)=O,60,6,,,,2
IAW00001301,CAT-27,SOL-2,,,REA-19,[C@@]1([C@@:1]2([H:41])[C@:3]([C@@:7]([H:43])([H:44])[H:45])([H:42])[O:87][C:4]([C:6]3=[C:8]([H:46])[C:9]([H:47])=[C:10]([H:48])[C:11]([H:49])=[C:12]3[H:50])=[N:5]2->[Ir+5:26]234(<-[P:13]([O:2]1)([C@:14]1([H:51])[C@@:16]([H:53])([H:54])[C@@:17]([H:55])([H:56])[C@@:18]([H:57])([H:58])[C@@:19]([H:59])([H:60])[C@@:20]1([H:61])[H:62])[C@:15]1([H:52])[C@@:21]([H:63])([H:64])[C@@:22]([H:65])([H:66])[C@@:23]([H:67])([H:68])[C@@:24]([H:69])([H:70])[C@@:25]1([H:71])[H:72])<-[C-:88]1([H:89])[C-:90]->2([H:91])[C@@:92]([H:93])([H:94])[C@@:95]([H:96])([H:97])[C-:104]->3([H:106])[C-:105]->4([H:107])[C@:101]([H:102])([H:103])[C@@:98]1([H:99])[H:100])([C@:32]([C:35]1=[C:31]([H:77])[C:30]([H:76])=[C:29]([H:75])[C:28]([H:74])=[C:27]1[H:73])([H:78])[H:79])[C@:39]([C:40]1=[C:38]([H:84])[C:37]([H:83])=[C:36]([H:82])[C:34]([H:81])=[C:33]1[H:80])([H:85])[H:86],[H]C([H])([H])C([H])([H])N(C([H])([H])C([H])([H])[H])C([H])([H])C([H])([H])[H].[H]OC([H])([H])[H],OC([C@H](C1CCCC1)C2=CC=CC=C2)=O,OC([C@@H](C1CCCC1)C2=CC=CC=C2)=O,OC(/C(C1=CC=CC=C1)=C2CCCC/2)=O,60,6,,,,2
IAW00001302,CAT-28,SOL-1,,,REA-19,[P]12([C@@:10]([C@:11]([P:1]3(->[Rh+:24]<-1456<-[C:2]1([H:25])=[C:3]->4([H:26])[C@:4]([H:27])([H:28])[C@@:5]([H:29])([H:30])[C:6]->5([H:31])=[C:7]->6([H:32])[C@:8]([H:33])([H:34])[C@@:9]1([H:35])[H:36])[C@@:18]([C@:22]([H:59])([H:60])[H:61])([H:53])[C@@:19]([H:54])([H:55])[C@@:20]([H:56])([H:57])[C@:21]3([C@:23]([H:62])([H:63])[H:64])[H:58])([H:39])[H:40])([H:37])[H:38])[C@@:12]([C@:16]([H:47])([H:48])[H:49])([H:41])[C@@:13]([H:42])([H:43])[C@:14]([H:44])([H:45])[C@:15]2([C@:17]([H:50])([H:51])[H:52])[H:46],[H]OC([H])([H])[H],OC([C@H](C1CCCC1)C2=CC=CC=C2)=O,OC([C@@H](C1CCCC1)C2=CC=CC=C2)=O,OC(/C(C1=CC=CC=C1)=C2CCCC/2)=O,60,20,,,,2
IAW00001303,CAT-28,SOL-2,,,REA-19,[P]12([C@@:10]([C@:11]([P:1]3(->[Rh+:24]<-1456<-[C:2]1([H:25])=[C:3]->4([H:26])[C@:4]([H:27])([H:28])[C@@:5]([H:29])([H:30])[C:6]->5([H:31])=[C:7]->6([H:32])[C@:8]([H:33])([H:34])[C@@:9]1([H:35])[H:36])[C@@:18]([C@:22]([H:59])([H:60])[H:61])([H:53])[C@@:19]([H:54])([H:55])[C@@:20]([H:56])([H:57])[C@:21]3([C@:23]([H:62])([H:63])[H:64])[H:58])([H:39])[H:40])([H:37])[H:38])[C@@:12]([C@:16]([H:47])([H:48])[H:49])([H:41])[C@@:13]([H:42])([H:43])[C@:14]([H:44])([H:45])[C@:15]2([C@:17]([H:50])([H:51])[H:52])[H:46],[H]C([H])([H])C([H])([H])N(C([H])([H])C([H])([H])[H])C([H])([H])C([H])([H])[H].[H]OC([H])([H])[H],OC([C@H](C1CCCC1)C2=CC=CC=C2)=O,OC([C@@H](C1CCCC1)C2=CC=CC=C2)=O,OC(/C(C1=CC=CC=C1)=C2CCCC/2)=O,60,20,,,,2
IAW00001304,CAT-29,SOL-2,,,REA-19,[P]12([C@@:22]([H:23])([H:24])[C@:25]([P:1]3(->[Rh+:76]<-1456<-[C:2]1([H:3])=[C:4]->4([H:5])[C@:6]([H:7])([H:8])[C@@:9]([H:10])([H:11])[C:12]->5([H:13])=[C:14]->6([H:15])[C@:16]([H:17])([H:18])[C@@:19]1([H:20])[H:21])[C@@:48]([H:49])([C@@:65]([H:66])([H:67])[C@:68]([H:69])([H:70])[H:72])[C@@:50]([H:51])([H:52])[C@:53]([H:54])([H:55])[C@:56]3([H:57])[C@:58]([H:59])([H:60])[C@:61]([H:62])([H:63])[H:64])([H:26])[H:27])[C@@:28]([H:29])([C@:38]([H:39])([H:40])[C@:41]([H:42])([H:43])[H:44])[C@@:30]([H:31])([H:32])[C@:33]([H:34])([H:35])[C@:36]2([H:37])[C@@:45]([H:46])([H:47])[C@:71]([H:73])([H:74])[H:75],[H]C([H])([H])C([H])([H])N(C([H])([H])C([H])([H])[H])C([H])([H])C([H])([H])[H].[H]OC([H])([H])[H],OC([C@H](C1CCCC1)C2=CC=CC=C2)=O,OC([C@@H](C1CCCC1)C2=CC=CC=C2)=O,OC(/C(C1=CC=CC=C1)=C2CCCC/2)=O,60,20,,,,2
IAW00001305,CAT-30,SOL-1,,,REA-19,[P]12([C@@:22]([H:23])([H:24])[C@:25]([P:1]3(->[Rh+:72]<-1456<-[C:2]1([H:3])=[C:4]->4([H:5])[C@:6]([H:7])([H:8])[C@@:9]([H:10])([H:11])[C:12]->5([H:13])=[C:14]->6([H:15])[C@:16]([H:17])([H:18])[C@@:19]1([H:20])[H:21])[C@:46]([H:47])([C@@:62]([H:63])([C@:64]([H:65])([H:66])[H:68])[C@@:85]([H:86])([H:87])[H:88])[C@@:48]([H:49])([H:50])[C@:51]([H:52])([H:53])[C@@:54]3([H:55])[C@@:56]([H:57])([C@:58]([H:59])([H:60])[H:61])[C@@:81]([H:82])([H:83])[H:84])([H:26])[H:27])[C@:28]([H:29])([C@@:38]([H:39])([C@:40]([H:41])([H:42])[H:43])[C@@:73]([H:74])([H:75])[H:76])[C@@:30]([H:31])([H:32])[C@:33]([H:34])([H:35])[C@@:36]2([H:37])[C@:44]([H:45])([C@:67]([H:69])([H:70])[H:71])[C@@:77]([H:78])([H:79])[H:80],[H]OC([H])([H])[H],OC([C@H](C1CCCC1)C2=CC=CC=C2)=O,OC([C@@H](C1CCCC1)C2=CC=CC=C2)=O,OC(/C(C1=CC=CC=C1)=C2CCCC/2)=O,60,20,,,,2
IAW00001306,CAT-30,SOL-2,,,REA-19,[P]12([C@@:22]([H:23])([H:24])[C@:25]([P:1]3(->[Rh+:72]<-1456<-[C:2]1([H:3])=[C:4]->4([H:5])[C@:6]([H:7])([H:8])[C@@:9]([H:10])([H:11])[C:12]->5([H:13])=[C:14]->6([H:15])[C@:16]([H:17])([H:18])[C@@:19]1([H:20])[H:21])[C@:46]([H:47])([C@@:62]([H:63])([C@:64]([H:65])([H:66])[H:68])[C@@:85]([H:86])([H:87])[H:88])[C@@:48]([H:49])([H:50])[C@:51]([H:52])([H:53])[C@@:54]3([H:55])[C@@:56]([H:57])([C@:58]([H:59])([H:60])[H:61])[C@@:81]([H:82])([H:83])[H:84])([H:26])[H:27])[C@:28]([H:29])([C@@:38]([H:39])([C@:40]([H:41])([H:42])[H:43])[C@@:73]([H:74])([H:75])[H:76])[C@@:30]([H:31])([H:32])[C@:33]([H:34])([H:35])[C@@:36]2([H:37])[C@:44]([H:45])([C@:67]([H:69])([H:70])[H:71])[C@@:77]([H:78])([H:79])[H:80],[H]C([H])([H])C([H])([H])N(C([H])([H])C([H])([H])[H])C([H])([H])C([H])([H])[H].[H]OC([H])([H])[H],OC([C@H](C1CCCC1)C2=CC=CC=C2)=O,OC([C@@H](C1CCCC1)C2=CC=CC=C2)=O,OC(/C(C1=CC=CC=C1)=C2CCCC/2)=O,60,20,,,,2
IAW00001307,CAT-31,SOL-1,,,REA-19,[P]12([C@@:10]([C@:11]([P:1]3(->[Rh+:20]<-1456<-[C:2]1([H:21])=[C:3]->4([H:22])[C@:4]([H:23])([H:24])[C@@:5]([H:25])([H:26])[C:6]->5([H:27])=[C:7]->6([H:28])[C@:8]([H:29])([H:30])[C@@:9]1([H:31])[H:32])[C@@:16]([H:43])([C:82]1=[C:83]([H:86])[C:85]([H:90])=[C:89]([H:92])[C:87]([H:91])=[C:84]1[H:88])[C@@:17]([H:44])([H:45])[C@@:18]([H:46])([H:47])[C@:19]3([H:48])[C:71]1=[C:72]([H:75])[C:74]([H:79])=[C:78]([H:81])[C:76]([H:80])=[C:73]1[H:77])([H:35])[H:36])([H:33])[H:34])[C@@:12]([H:37])([C:49]1=[C:50]([H:53])[C:52]([H:57])=[C:56]([H:59])[C:54]([H:58])=[C:51]1[H:55])[C@@:13]([H:38])([H:39])[C@:14]([H:40])([H:41])[C@:15]2([H:42])[C:60]1=[C:61]([H:64])[C:63]([H:68])=[C:67]([H:70])[C:65]([H:69])=[C:62]1[H:66],[H]OC([H])([H])[H],OC([C@H](C1CCCC1)C2=CC=CC=C2)=O,OC([C@@H](C1CCCC1)C2=CC=CC=C2)=O,OC(/C(C1=CC=CC=C1)=C2CCCC/2)=O,60,20,,,,2
IAW00001308,CAT-31,SOL-2,,,REA-19,[P]12([C@@:10]([C@:11]([P:1]3(->[Rh+:20]<-1456<-[C:2]1([H:21])=[C:3]->4([H:22])[C@:4]([H:23])([H:24])[C@@:5]([H:25])([H:26])[C:6]->5([H:27])=[C:7]->6([H:28])[C@:8]([H:29])([H:30])[C@@:9]1([H:31])[H:32])[C@@:16]([H:43])([C:82]1=[C:83]([H:86])[C:85]([H:90])=[C:89]([H:92])[C:87]([H:91])=[C:84]1[H:88])[C@@:17]([H:44])([H:45])[C@@:18]([H:46])([H:47])[C@:19]3([H:48])[C:71]1=[C:72]([H:75])[C:74]([H:79])=[C:78]([H:81])[C:76]([H:80])=[C:73]1[H:77])([H:35])[H:36])([H:33])[H:34])[C@@:12]([H:37])([C:49]1=[C:50]([H:53])[C:52]([H:57])=[C:56]([H:59])[C:54]([H:58])=[C:51]1[H:55])[C@@:13]([H:38])([H:39])[C@:14]([H:40])([H:41])[C@:15]2([H:42])[C:60]1=[C:61]([H:64])[C:63]([H:68])=[C:67]([H:70])[C:65]([H:69])=[C:62]1[H:66],[H]C([H])([H])C([H])([H])N(C([H])([H])C([H])([H])[H])C([H])([H])C([H])([H])[H].[H]OC([H])([H])[H],OC([C@H](C1CCCC1)C2=CC=CC=C2)=O,OC([C@@H](C1CCCC1)C2=CC=CC=C2)=O,OC(/C(C1=CC=CC=C1)=C2CCCC/2)=O,60,20,,,,2
IAW00001309,CAT-32,SOL-2,,,REA-19,[Rh+]1234(<-[P:1]5([C:35]6=[C:41]([H:52])[C:51]([H:59])=[C:58]([H:60])[C:47]([H:57])=[C:39]6[P:34]->16[C@@:63]([C@:46]([H:54])([H:55])[H:56])([H:64])[C@:42]([H:23])([H:53])[C@:36]([H:22])([H:43])[C@:67]6([C@@:24]([H:25])([H:26])[H:37])[H:68])[C@@:61]([C@:30]([H:31])([H:32])[H:33])([H:62])[C@@:27]([H:28])([H:29])[C@:38]([H:44])([H:45])[C@:65]5([C@@:40]([H:48])([H:49])[H:50])[H:66])<-[C:2]1([H:3])=[C:4]->2([H:5])[C@@:6]([H:7])([H:8])[C@:9]([H:10])([H:11])[C:12]->3([H:13])=[C:14]->4([H:15])[C@@:16]([H:17])([H:18])[C@:19]1([H:20])[H:21],[H]C([H])([H])C([H])([H])N(C([H])([H])C([H])([H])[H])C([H])([H])C([H])([H])[H].[H]OC([H])([H])[H],OC([C@H](C1CCCC1)C2=CC=CC=C2)=O,OC([C@@H](C1CCCC1)C2=CC=CC=C2)=O,OC(/C(C1=CC=CC=C1)=C2CCCC/2)=O,60,20,,,,2
IAW00001310,CAT-33,SOL-3,,,REA-19,[Rh+]1234(<-[P:1]5([C:23]6=[C:31]([H:32])[C:29]([H:30])=[C:27]([H:28])[C:25]([H:26])=[C:24]6[P:2]->16[C@:73]([C@:66]([H:67])([H:68])[C@@:69]([H:70])([H:71])[H:72])([H:74])[C@@:56]([H:57])([H:58])[C@@:53]([H:54])([H:55])[C@@:75]6([C@:59]([H:60])([H:61])[C@@:62]([H:63])([H:64])[H:65])[H:76])[C@:77]([C@:46]([H:47])([H:48])[C@@:49]([H:50])([H:51])[H:52])([H:78])[C@@:36]([H:37])([H:38])[C@@:33]([H:34])([H:35])[C@@:79]5([C@:39]([H:40])([H:41])[C@@:42]([H:43])([H:44])[H:45])[H:80])<-[C:3]1([H:4])=[C:5]->2([H:6])[C@:7]([H:8])([H:9])[C@:10]([H:11])([H:12])[C:13]->3([H:14])=[C:15]->4([H:16])[C@:17]([H:18])([H:19])[C@@:20]1([H:21])[H:22],F[B-](F)(F)F.[H]C([H])([H])C([H])([H])N(C([H])([H])C([H])([H])[H])C([H])([H])C([H])([H])[H].[H]OC([H])([H])[H],OC([C@H](C1CCCC1)C2=CC=CC=C2)=O,OC([C@@H](C1CCCC1)C2=CC=CC=C2)=O,OC(/C(C1=CC=CC=C1)=C2CCCC/2)=O,60,20,,,,2
IAW00001311,CAT-34,SOL-2,,,REA-19,[Rh+]1234(<-[P:1]5([C:33]6=[C:30]([P:2]->17[C@@:45]([H:46])([C@:55]([H:56])([C@:57]([H:58])([H:59])[H:60])[C@:61]([H:62])([H:63])[H:64])[C@:47]([H:48])([H:49])[C@@:50]([H:51])([H:52])[C@:53]7([H:54])[C@@:65]([H:66])([C@:67]([H:68])([H:69])[H:70])[C@:71]([H:72])([H:73])[H:74])[C:28]([H:29])=[C:26]([H:27])[C:24]([H:25])=[C:23]6[H:76])[C@@:31]([H:32])([C@@:36]([H:37])([C@:38]([H:39])([H:40])[H:78])[C@:41]([H:42])([H:43])[H:44])[C@@:77]([H:82])([H:83])[C@:79]([H:84])([H:85])[C@@:75]5([C@@:80]([H:34])([C@:86]([H:88])([H:89])[H:90])[C@:87]([H:35])([H:91])[H:92])[H:81])<-[C:3]1([H:4])=[C:5]->2([H:6])[C@:7]([H:8])([H:9])[C@@:10]([H:11])([H:12])[C:13]->3([H:14])=[C:15]->4([H:16])[C@:17]([H:18])([H:19])[C@@:20]1([H:21])[H:22],[H]C([H])([H])C([H])([H])N(C([H])([H])C([H])([H])[H])C([H])([H])C([H])([H])[H].[H]OC([H])([H])[H],OC([C@H](C1CCCC1)C2=CC=CC=C2)=O,OC([C@@H](C1CCCC1)C2=CC=CC=C2)=O,OC(/C(C1=CC=CC=C1)=C2CCCC/2)=O,60,20,,,,2
IAW00001312,CAT-35,SOL-2,,,REA-19,[Fe+2]123456789<-[C:3]%10([P:1]%11(->[Rh+:61]%12%13%14(<-[P:2]%15([C:12]->1%16=[C:17]->2([H:18])[C:15]->3([H:16])=[C:14]->4([H:53])[C-:13]->5%16[H:52])[C@:29]([H:30])([C@@:62]([H:63])([H:64])[H:65])[C@:54]([H:57])([H:58])[C@:56]([H:59])([H:60])[C@@:51]%15([H:55])[C@@:66]([H:67])([H:68])[H:69])<-[C:31]1([H:32])=[C:33]->%12([H:34])[C@:35]([H:36])([H:37])[C@@:38]([H:39])([H:40])[C:41]->%13([H:42])=[C:43]->%14([H:44])[C@:45]([H:46])([H:47])[C@@:48]1([H:49])[H:50])[C@:19]([H:20])([C@@:70]([H:71])([H:72])[H:73])[C@@:21]([H:22])([H:23])[C@:24]([H:25])([H:26])[C@@:27]%11([H:28])[C@@:74]([H:75])([H:76])[H:77])=[C:4]->6([H:5])[C:6]->7([H:7])=[C:8]->8([H:9])[C-:10]->9%10[H:11],[H]C([H])([H])C([H])([H])N(C([H])([H])C([H])([H])[H])C([H])([H])C([H])([H])[H].[H]OC([H])([H])[H],OC([C@H](C1CCCC1)C2=CC=CC=C2)=O,OC([C@@H](C1CCCC1)C2=CC=CC=C2)=O,OC(/C(C1=CC=CC=C1)=C2CCCC/2)=O,60,20,,,,2
IAW00001313,CAT-35,SOL-4,,,REA-19,[Fe+2]123456789<-[C:3]%10([P:1]%11(->[Rh+:61]%12%13%14(<-[P:2]%15([C:12]->1%16=[C:17]->2([H:18])[C:15]->3([H:16])=[C:14]->4([H:53])[C-:13]->5%16[H:52])[C@:29]([H:30])([C@@:62]([H:63])([H:64])[H:65])[C@:54]([H:57])([H:58])[C@:56]([H:59])([H:60])[C@@:51]%15([H:55])[C@@:66]([H:67])([H:68])[H:69])<-[C:31]1([H:32])=[C:33]->%12([H:34])[C@:35]([H:36])([H:37])[C@@:38]([H:39])([H:40])[C:41]->%13([H:42])=[C:43]->%14([H:44])[C@:45]([H:46])([H:47])[C@@:48]1([H:49])[H:50])[C@:19]([H:20])([C@@:70]([H:71])([H:72])[H:73])[C@@:21]([H:22])([H:23])[C@:24]([H:25])([H:26])[C@@:27]%11([H:28])[C@@:74]([H:75])([H:76])[H:77])=[C:4]->6([H:5])[C:6]->7([H:7])=[C:8]->8([H:9])[C-:10]->9%10[H:11],[H]C([H])([H])C([H])([H])N(C([H])([H])C([H])([H])[H])C([H])([H])C([H])([H])[H].[H]OC([H])([H])[H].[H]O[H],OC([C@H](C1CCCC1)C2=CC=CC=C2)=O,OC([C@@H](C1CCCC1)C2=CC=CC=C2)=O,OC(/C(C1=CC=CC=C1)=C2CCCC/2)=O,60,20,,,,2
IAW00001314,CAT-35,SOL-5,,,REA-19,[Fe+2]123456789<-[C:3]%10([P:1]%11(->[Rh+:61]%12%13%14(<-[P:2]%15([C:12]->1%16=[C:17]->2([H:18])[C:15]->3([H:16])=[C:14]->4([H:53])[C-:13]->5%16[H:52])[C@:29]([H:30])([C@@:62]([H:63])([H:64])[H:65])[C@:54]([H:57])([H:58])[C@:56]([H:59])([H:60])[C@@:51]%15([H:55])[C@@:66]([H:67])([H:68])[H:69])<-[C:31]1([H:32])=[C:33]->%12([H:34])[C@:35]([H:36])([H:37])[C@@:38]([H:39])([H:40])[C:41]->%13([H:42])=[C:43]->%14([H:44])[C@:45]([H:46])([H:47])[C@@:48]1([H:49])[H:50])[C@:19]([H:20])([C@@:70]([H:71])([H:72])[H:73])[C@@:21]([H:22])([H:23])[C@:24]([H:25])([H:26])[C@@:27]%11([H:28])[C@@:74]([H:75])([H:76])[H:77])=[C:4]->6([H:5])[C:6]->7([H:7])=[C:8]->8([H:9])[C-:10]->9%10[H:11],[H]C([H])([H])C([H])([H])N(C([H])([H])C([H])([H])[H])C([H])([H])C([H])([H])[H].[H]C1([H])OC([H])([H])C([H])([H])C1([H])[H],OC([C@H](C1CCCC1)C2=CC=CC=C2)=O,OC([C@@H](C1CCCC1)C2=CC=CC=C2)=O,OC(/C(C1=CC=CC=C1)=C2CCCC/2)=O,60,5,,,,2
IAW00001315,CAT-35,SOL-5,,,REA-19,[Fe+2]123456789<-[C:3]%10([P:1]%11(->[Rh+:61]%12%13%14(<-[P:2]%15([C:12]->1%16=[C:17]->2([H:18])[C:15]->3([H:16])=[C:14]->4([H:53])[C-:13]->5%16[H:52])[C@:29]([H:30])([C@@:62]([H:63])([H:64])[H:65])[C@:54]([H:57])([H:58])[C@:56]([H:59])([H:60])[C@@:51]%15([H:55])[C@@:66]([H:67])([H:68])[H:69])<-[C:31]1([H:32])=[C:33]->%12([H:34])[C@:35]([H:36])([H:37])[C@@:38]([H:39])([H:40])[C:41]->%13([H:42])=[C:43]->%14([H:44])[C@:45]([H:46])([H:47])[C@@:48]1([H:49])[H:50])[C@:19]([H:20])([C@@:70]([H:71])([H:72])[H:73])[C@@:21]([H:22])([H:23])[C@:24]([H:25])([H:26])[C@@:27]%11([H:28])[C@@:74]([H:75])([H:76])[H:77])=[C:4]->6([H:5])[C:6]->7([H:7])=[C:8]->8([H:9])[C-:10]->9%10[H:11],[H]C([H])([H])C([H])([H])N(C([H])([H])C([H])([H])[H])C([H])([H])C([H])([H])[H].[H]C1([H])OC([H])([H])C([H])([H])C1([H])[H],OC([C@H](C1CCCC1)C2=CC=CC=C2)=O,OC([C@@H](C1CCCC1)C2=CC=CC=C2)=O,OC(/C(C1=CC=CC=C1)=C2CCCC/2)=O,60,50,,,,2
IAW00001316,CAT-35,SOL-5,,,REA-19,[Fe+2]123456789<-[C:3]%10([P:1]%11(->[Rh+:61]%12%13%14(<-[P:2]%15([C:12]->1%16=[C:17]->2([H:18])[C:15]->3([H:16])=[C:14]->4([H:53])[C-:13]->5%16[H:52])[C@:29]([H:30])([C@@:62]([H:63])([H:64])[H:65])[C@:54]([H:57])([H:58])[C@:56]([H:59])([H:60])[C@@:51]%15([H:55])[C@@:66]([H:67])([H:68])[H:69])<-[C:31]1([H:32])=[C:33]->%12([H:34])[C@:35]([H:36])([H:37])[C@@:38]([H:39])([H:40])[C:41]->%13([H:42])=[C:43]->%14([H:44])[C@:45]([H:46])([H:47])[C@@:48]1([H:49])[H:50])[C@:19]([H:20])([C@@:70]([H:71])([H:72])[H:73])[C@@:21]([H:22])([H:23])[C@:24]([H:25])([H:26])[C@@:27]%11([H:28])[C@@:74]([H:75])([H:76])[H:77])=[C:4]->6([H:5])[C:6]->7([H:7])=[C:8]->8([H:9])[C-:10]->9%10[H:11],[H]C([H])([H])C([H])([H])N(C([H])([H])C([H])([H])[H])C([H])([H])C([H])([H])[H].[H]C1([H])OC([H])([H])C([H])([H])C1([H])[H],OC([C@H](C1CCCC1)C2=CC=CC=C2)=O,OC([C@@H](C1CCCC1)C2=CC=CC=C2)=O,OC(/C(C1=CC=CC=C1)=C2CCCC/2)=O,60,20,,,,2
IAW00001317,CAT-35,SOL-6,,,REA-19,[Fe+2]123456789<-[C:3]%10([P:1]%11(->[Rh+:61]%12%13%14(<-[P:2]%15([C:12]->1%16=[C:17]->2([H:18])[C:15]->3([H:16])=[C:14]->4([H:53])[C-:13]->5%16[H:52])[C@:29]([H:30])([C@@:62]([H:63])([H:64])[H:65])[C@:54]([H:57])([H:58])[C@:56]([H:59])([H:60])[C@@:51]%15([H:55])[C@@:66]([H:67])([H:68])[H:69])<-[C:31]1([H:32])=[C:33]->%12([H:34])[C@:35]([H:36])([H:37])[C@@:38]([H:39])([H:40])[C:41]->%13([H:42])=[C:43]->%14([H:44])[C@:45]([H:46])([H:47])[C@@:48]1([H:49])[H:50])[C@:19]([H:20])([C@@:70]([H:71])([H:72])[H:73])[C@@:21]([H:22])([H:23])[C@:24]([H:25])([H:26])[C@@:27]%11([H:28])[C@@:74]([H:75])([H:76])[H:77])=[C:4]->6([H:5])[C:6]->7([H:7])=[C:8]->8([H:9])[C-:10]->9%10[H:11],[H]C([H])([H])C([H])([H])N(C([H])([H])C([H])([H])[H])C([H])([H])C([H])([H])[H].[H]OC([H])(C([H])([H])[H])C([H])([H])[H],OC([C@H](C1CCCC1)C2=CC=CC=C2)=O,OC([C@@H](C1CCCC1)C2=CC=CC=C2)=O,OC(/C(C1=CC=CC=C1)=C2CCCC/2)=O,60,20,,,,2
IAW00001318,CAT-36,SOL-2,,,REA-19,[Fe+2]123456789<-[C:3]%10([P:1]%11(->[Rh+:61]%12%13%14(<-[P:2]%15([C-:12]->1%16[C:13]->2([H:52])=[C:14]->3([H:53])[C:15]->4([H:16])=[C:17]->5%16[H:18])[C@@:29]([H:30])([C@:66]([H:67])([H:68])[C@@:69]([H:70])([H:71])[H:72])[C@:54]([H:57])([H:58])[C@:56]([H:59])([H:60])[C@:51]%15([H:55])[C@:73]([C@@:62]([H:63])([H:64])[H:65])([H:74])[H:75])<-[C:31]1([H:32])=[C:33]->%12([H:34])[C@:35]([H:36])([H:37])[C@@:38]([H:39])([H:40])[C:41]->%13([H:42])=[C:43]->%14([H:44])[C@:45]([H:46])([H:47])[C@@:48]1([H:49])[H:50])[C@@:19]([H:20])([C@:83]([H:84])([H:85])[C@@:86]([H:87])([H:88])[H:89])[C@@:21]([H:22])([H:23])[C@:24]([H:25])([H:26])[C@:27]%11([H:28])[C@:76]([H:77])([H:78])[C@@:79]([H:80])([H:81])[H:82])=[C:10]->6([H:11])[C-:8]->7([H:9])[C:6]->8([H:7])=[C:4]->9%10[H:5],[H]C([H])([H])C([H])([H])N(C([H])([H])C([H])([H])[H])C([H])([H])C([H])([H])[H].[H]OC([H])([H])[H],OC([C@H](C1CCCC1)C2=CC=CC=C2)=O,OC([C@@H](C1CCCC1)C2=CC=CC=C2)=O,OC(/C(C1=CC=CC=C1)=C2CCCC/2)=O,60,20,,,,2
IAW00001319,CAT-36,SOL-4,,,REA-19,[Fe+2]123456789<-[C:3]%10([P:1]%11(->[Rh+:61]%12%13%14(<-[P:2]%15([C-:12]->1%16[C:13]->2([H:52])=[C:14]->3([H:53])[C:15]->4([H:16])=[C:17]->5%16[H:18])[C@@:29]([H:30])([C@:66]([H:67])([H:68])[C@@:69]([H:70])([H:71])[H:72])[C@:54]([H:57])([H:58])[C@:56]([H:59])([H:60])[C@:51]%15([H:55])[C@:73]([C@@:62]([H:63])([H:64])[H:65])([H:74])[H:75])<-[C:31]1([H:32])=[C:33]->%12([H:34])[C@:35]([H:36])([H:37])[C@@:38]([H:39])([H:40])[C:41]->%13([H:42])=[C:43]->%14([H:44])[C@:45]([H:46])([H:47])[C@@:48]1([H:49])[H:50])[C@@:19]([H:20])([C@:83]([H:84])([H:85])[C@@:86]([H:87])([H:88])[H:89])[C@@:21]([H:22])([H:23])[C@:24]([H:25])([H:26])[C@:27]%11([H:28])[C@:76]([H:77])([H:78])[C@@:79]([H:80])([H:81])[H:82])=[C:10]->6([H:11])[C-:8]->7([H:9])[C:6]->8([H:7])=[C:4]->9%10[H:5],[H]C([H])([H])C([H])([H])N(C([H])([H])C([H])([H])[H])C([H])([H])C([H])([H])[H].[H]OC([H])([H])[H].[H]O[H],OC([C@H](C1CCCC1)C2=CC=CC=C2)=O,OC([C@@H](C1CCCC1)C2=CC=CC=C2)=O,OC(/C(C1=CC=CC=C1)=C2CCCC/2)=O,60,20,,,,2
IAW00001320,CAT-36,SOL-5,,,REA-19,[Fe+2]123456789<-[C:3]%10([P:1]%11(->[Rh+:61]%12%13%14(<-[P:2]%15([C-:12]->1%16[C:13]->2([H:52])=[C:14]->3([H:53])[C:15]->4([H:16])=[C:17]->5%16[H:18])[C@@:29]([H:30])([C@:66]([H:67])([H:68])[C@@:69]([H:70])([H:71])[H:72])[C@:54]([H:57])([H:58])[C@:56]([H:59])([H:60])[C@:51]%15([H:55])[C@:73]([C@@:62]([H:63])([H:64])[H:65])([H:74])[H:75])<-[C:31]1([H:32])=[C:33]->%12([H:34])[C@:35]([H:36])([H:37])[C@@:38]([H:39])([H:40])[C:41]->%13([H:42])=[C:43]->%14([H:44])[C@:45]([H:46])([H:47])[C@@:48]1([H:49])[H:50])[C@@:19]([H:20])([C@:83]([H:84])([H:85])[C@@:86]([H:87])([H:88])[H:89])[C@@:21]([H:22])([H:23])[C@:24]([H:25])([H:26])[C@:27]%11([H:28])[C@:76]([H:77])([H:78])[C@@:79]([H:80])([H:81])[H:82])=[C:10]->6([H:11])[C-:8]->7([H:9])[C:6]->8([H:7])=[C:4]->9%10[H:5],[H]C([H])([H])C([H])([H])N(C([H])([H])C([H])([H])[H])C([H])([H])C([H])([H])[H].[H]C1([H])OC([H])([H])C([H])([H])C1([H])[H],OC([C@H](C1CCCC1)C2=CC=CC=C2)=O,OC([C@@H](C1CCCC1)C2=CC=CC=C2)=O,OC(/C(C1=CC=CC=C1)=C2CCCC/2)=O,60,5,,,,2
IAW00001321,CAT-36,SOL-5,,,REA-19,[Fe+2]123456789<-[C:3]%10([P:1]%11(->[Rh+:61]%12%13%14(<-[P:2]%15([C-:12]->1%16[C:13]->2([H:52])=[C:14]->3([H:53])[C:15]->4([H:16])=[C:17]->5%16[H:18])[C@@:29]([H:30])([C@:66]([H:67])([H:68])[C@@:69]([H:70])([H:71])[H:72])[C@:54]([H:57])([H:58])[C@:56]([H:59])([H:60])[C@:51]%15([H:55])[C@:73]([C@@:62]([H:63])([H:64])[H:65])([H:74])[H:75])<-[C:31]1([H:32])=[C:33]->%12([H:34])[C@:35]([H:36])([H:37])[C@@:38]([H:39])([H:40])[C:41]->%13([H:42])=[C:43]->%14([H:44])[C@:45]([H:46])([H:47])[C@@:48]1([H:49])[H:50])[C@@:19]([H:20])([C@:83]([H:84])([H:85])[C@@:86]([H:87])([H:88])[H:89])[C@@:21]([H:22])([H:23])[C@:24]([H:25])([H:26])[C@:27]%11([H:28])[C@:76]([H:77])([H:78])[C@@:79]([H:80])([H:81])[H:82])=[C:10]->6([H:11])[C-:8]->7([H:9])[C:6]->8([H:7])=[C:4]->9%10[H:5],[H]C([H])([H])C([H])([H])N(C([H])([H])C([H])([H])[H])C([H])([H])C([H])([H])[H].[H]C1([H])OC([H])([H])C([H])([H])C1([H])[H],OC([C@H](C1CCCC1)C2=CC=CC=C2)=O,OC([C@@H](C1CCCC1)C2=CC=CC=C2)=O,OC(/C(C1=CC=CC=C1)=C2CCCC/2)=O,60,50,,,,2
IAW00001322,CAT-36,SOL-5,,,REA-19,[Fe+2]123456789<-[C:3]%10([P:1]%11(->[Rh+:61]%12%13%14(<-[P:2]%15([C-:12]->1%16[C:13]->2([H:52])=[C:14]->3([H:53])[C:15]->4([H:16])=[C:17]->5%16[H:18])[C@@:29]([H:30])([C@:66]([H:67])([H:68])[C@@:69]([H:70])([H:71])[H:72])[C@:54]([H:57])([H:58])[C@:56]([H:59])([H:60])[C@:51]%15([H:55])[C@:73]([C@@:62]([H:63])([H:64])[H:65])([H:74])[H:75])<-[C:31]1([H:32])=[C:33]->%12([H:34])[C@:35]([H:36])([H:37])[C@@:38]([H:39])([H:40])[C:41]->%13([H:42])=[C:43]->%14([H:44])[C@:45]([H:46])([H:47])[C@@:48]1([H:49])[H:50])[C@@:19]([H:20])([C@:83]([H:84])([H:85])[C@@:86]([H:87])([H:88])[H:89])[C@@:21]([H:22])([H:23])[C@:24]([H:25])([H:26])[C@:27]%11([H:28])[C@:76]([H:77])([H:78])[C@@:79]([H:80])([H:81])[H:82])=[C:10]->6([H:11])[C-:8]->7([H:9])[C:6]->8([H:7])=[C:4]->9%10[H:5],[H]C([H])([H])C([H])([H])N(C([H])([H])C([H])([H])[H])C([H])([H])C([H])([H])[H].[H]C1([H])OC([H])([H])C([H])([H])C1([H])[H],OC([C@H](C1CCCC1)C2=CC=CC=C2)=O,OC([C@@H](C1CCCC1)C2=CC=CC=C2)=O,OC(/C(C1=CC=CC=C1)=C2CCCC/2)=O,60,20,,,,2
IAW00001323,CAT-36,SOL-6,,,REA-19,[Fe+2]123456789<-[C:3]%10([P:1]%11(->[Rh+:61]%12%13%14(<-[P:2]%15([C-:12]->1%16[C:13]->2([H:52])=[C:14]->3([H:53])[C:15]->4([H:16])=[C:17]->5%16[H:18])[C@@:29]([H:30])([C@:66]([H:67])([H:68])[C@@:69]([H:70])([H:71])[H:72])[C@:54]([H:57])([H:58])[C@:56]([H:59])([H:60])[C@:51]%15([H:55])[C@:73]([C@@:62]([H:63])([H:64])[H:65])([H:74])[H:75])<-[C:31]1([H:32])=[C:33]->%12([H:34])[C@:35]([H:36])([H:37])[C@@:38]([H:39])([H:40])[C:41]->%13([H:42])=[C:43]->%14([H:44])[C@:45]([H:46])([H:47])[C@@:48]1([H:49])[H:50])[C@@:19]([H:20])([C@:83]([H:84])([H:85])[C@@:86]([H:87])([H:88])[H:89])[C@@:21]([H:22])([H:23])[C@:24]([H:25])([H:26])[C@:27]%11([H:28])[C@:76]([H:77])([H:78])[C@@:79]([H:80])([H:81])[H:82])=[C:10]->6([H:11])[C-:8]->7([H:9])[C:6]->8([H:7])=[C:4]->9%10[H:5],[H]C([H])([H])C([H])([H])N(C([H])([H])C([H])([H])[H])C([H])([H])C([H])([H])[H].[H]OC([H])(C([H])([H])[H])C([H])([H])[H],OC([C@H](C1CCCC1)C2=CC=CC=C2)=O,OC([C@@H](C1CCCC1)C2=CC=CC=C2)=O,OC(/C(C1=CC=CC=C1)=C2CCCC/2)=O,60,20,,,,2
IAW00001324,CAT-37,SOL-2,,,REA-19,[Fe+2]123456789<-[C:3]%10([P:1]%11(->[Rh+:61]%12%13%14(<-[P:2]%15([C:12]->1%16=[C:17]->2([H:18])[C:15]->3([H:16])=[C:14]->4([H:53])[C-:13]->5%16[H:52])[C@@:29]([H:30])([C@@:72]([H:73])([C@@:74]([H:75])([H:76])[H:77])[C@@:78]([H:79])([H:80])[H:81])[C@:54]([H:57])([H:58])[C@:56]([H:59])([H:60])[C@:51]%15([H:55])[C@@:62]([H:63])([C@@:64]([H:65])([H:66])[H:67])[C@@:68]([H:69])([H:70])[H:71])<-[C:31]1([H:32])=[C:33]->%12([H:34])[C@:35]([H:36])([H:37])[C@@:38]([H:39])([H:40])[C:41]->%13([H:42])=[C:43]->%14([H:44])[C@:45]([H:46])([H:47])[C@@:48]1([H:49])[H:50])[C@@:19]([H:20])([C@:91]([H:92])([C@@:93]([H:94])([H:95])[H:96])[C@@:97]([H:98])([H:99])[H:100])[C@@:21]([H:22])([H:23])[C@:24]([H:25])([H:26])[C@:27]%11([H:28])[C@:82]([C@@:83]([H:84])([H:85])[H:86])([C@@:87]([H:88])([H:89])[H:90])[H:101])=[C:4]->6([H:5])[C:6]->7([H:7])=[C:8]->8([H:9])[C-:10]->9%10[H:11],[H]C([H])([H])C([H])([H])N(C([H])([H])C([H])([H])[H])C([H])([H])C([H])([H])[H].[H]OC([H])([H])[H],OC([C@H](C1CCCC1)C2=CC=CC=C2)=O,OC([C@@H](C1CCCC1)C2=CC=CC=C2)=O,OC(/C(C1=CC=CC=C1)=C2CCCC/2)=O,60,20,,,,2
IAW00001325,CAT-37,SOL-4,,,REA-19,[Fe+2]123456789<-[C:3]%10([P:1]%11(->[Rh+:61]%12%13%14(<-[P:2]%15([C:12]->1%16=[C:17]->2([H:18])[C:15]->3([H:16])=[C:14]->4([H:53])[C-:13]->5%16[H:52])[C@@:29]([H:30])([C@@:72]([H:73])([C@@:74]([H:75])([H:76])[H:77])[C@@:78]([H:79])([H:80])[H:81])[C@:54]([H:57])([H:58])[C@:56]([H:59])([H:60])[C@:51]%15([H:55])[C@@:62]([H:63])([C@@:64]([H:65])([H:66])[H:67])[C@@:68]([H:69])([H:70])[H:71])<-[C:31]1([H:32])=[C:33]->%12([H:34])[C@:35]([H:36])([H:37])[C@@:38]([H:39])([H:40])[C:41]->%13([H:42])=[C:43]->%14([H:44])[C@:45]([H:46])([H:47])[C@@:48]1([H:49])[H:50])[C@@:19]([H:20])([C@:91]([H:92])([C@@:93]([H:94])([H:95])[H:96])[C@@:97]([H:98])([H:99])[H:100])[C@@:21]([H:22])([H:23])[C@:24]([H:25])([H:26])[C@:27]%11([H:28])[C@:82]([C@@:83]([H:84])([H:85])[H:86])([C@@:87]([H:88])([H:89])[H:90])[H:101])=[C:4]->6([H:5])[C:6]->7([H:7])=[C:8]->8([H:9])[C-:10]->9%10[H:11],[H]C([H])([H])C([H])([H])N(C([H])([H])C([H])([H])[H])C([H])([H])C([H])([H])[H].[H]OC([H])([H])[H].[H]O[H],OC([C@H](C1CCCC1)C2=CC=CC=C2)=O,OC([C@@H](C1CCCC1)C2=CC=CC=C2)=O,OC(/C(C1=CC=CC=C1)=C2CCCC/2)=O,60,20,,,,2
IAW00001326,CAT-37,SOL-5,,,REA-19,[Fe+2]123456789<-[C:3]%10([P:1]%11(->[Rh+:61]%12%13%14(<-[P:2]%15([C:12]->1%16=[C:17]->2([H:18])[C:15]->3([H:16])=[C:14]->4([H:53])[C-:13]->5%16[H:52])[C@@:29]([H:30])([C@@:72]([H:73])([C@@:74]([H:75])([H:76])[H:77])[C@@:78]([H:79])([H:80])[H:81])[C@:54]([H:57])([H:58])[C@:56]([H:59])([H:60])[C@:51]%15([H:55])[C@@:62]([H:63])([C@@:64]([H:65])([H:66])[H:67])[C@@:68]([H:69])([H:70])[H:71])<-[C:31]1([H:32])=[C:33]->%12([H:34])[C@:35]([H:36])([H:37])[C@@:38]([H:39])([H:40])[C:41]->%13([H:42])=[C:43]->%14([H:44])[C@:45]([H:46])([H:47])[C@@:48]1([H:49])[H:50])[C@@:19]([H:20])([C@:91]([H:92])([C@@:93]([H:94])([H:95])[H:96])[C@@:97]([H:98])([H:99])[H:100])[C@@:21]([H:22])([H:23])[C@:24]([H:25])([H:26])[C@:27]%11([H:28])[C@:82]([C@@:83]([H:84])([H:85])[H:86])([C@@:87]([H:88])([H:89])[H:90])[H:101])=[C:4]->6([H:5])[C:6]->7([H:7])=[C:8]->8([H:9])[C-:10]->9%10[H:11],[H]C([H])([H])C([H])([H])N(C([H])([H])C([H])([H])[H])C([H])([H])C([H])([H])[H].[H]C1([H])OC([H])([H])C([H])([H])C1([H])[H],OC([C@H](C1CCCC1)C2=CC=CC=C2)=O,OC([C@@H](C1CCCC1)C2=CC=CC=C2)=O,OC(/C(C1=CC=CC=C1)=C2CCCC/2)=O,60,5,,,,2
IAW00001327,CAT-37,SOL-5,,,REA-19,[Fe+2]123456789<-[C:3]%10([P:1]%11(->[Rh+:61]%12%13%14(<-[P:2]%15([C:12]->1%16=[C:17]->2([H:18])[C:15]->3([H:16])=[C:14]->4([H:53])[C-:13]->5%16[H:52])[C@@:29]([H:30])([C@@:72]([H:73])([C@@:74]([H:75])([H:76])[H:77])[C@@:78]([H:79])([H:80])[H:81])[C@:54]([H:57])([H:58])[C@:56]([H:59])([H:60])[C@:51]%15([H:55])[C@@:62]([H:63])([C@@:64]([H:65])([H:66])[H:67])[C@@:68]([H:69])([H:70])[H:71])<-[C:31]1([H:32])=[C:33]->%12([H:34])[C@:35]([H:36])([H:37])[C@@:38]([H:39])([H:40])[C:41]->%13([H:42])=[C:43]->%14([H:44])[C@:45]([H:46])([H:47])[C@@:48]1([H:49])[H:50])[C@@:19]([H:20])([C@:91]([H:92])([C@@:93]([H:94])([H:95])[H:96])[C@@:97]([H:98])([H:99])[H:100])[C@@:21]([H:22])([H:23])[C@:24]([H:25])([H:26])[C@:27]%11([H:28])[C@:82]([C@@:83]([H:84])([H:85])[H:86])([C@@:87]([H:88])([H:89])[H:90])[H:101])=[C:4]->6([H:5])[C:6]->7([H:7])=[C:8]->8([H:9])[C-:10]->9%10[H:11],[H]C([H])([H])C([H])([H])N(C([H])([H])C([H])([H])[H])C([H])([H])C([H])([H])[H].[H]C1([H])OC([H])([H])C([H])([H])C1([H])[H],OC([C@H](C1CCCC1)C2=CC=CC=C2)=O,OC([C@@H](C1CCCC1)C2=CC=CC=C2)=O,OC(/C(C1=CC=CC=C1)=C2CCCC/2)=O,60,50,,,,2
IAW00001328,CAT-37,SOL-5,,,REA-19,[Fe+2]123456789<-[C:3]%10([P:1]%11(->[Rh+:61]%12%13%14(<-[P:2]%15([C:12]->1%16=[C:17]->2([H:18])[C:15]->3([H:16])=[C:14]->4([H:53])[C-:13]->5%16[H:52])[C@@:29]([H:30])([C@@:72]([H:73])([C@@:74]([H:75])([H:76])[H:77])[C@@:78]([H:79])([H:80])[H:81])[C@:54]([H:57])([H:58])[C@:56]([H:59])([H:60])[C@:51]%15([H:55])[C@@:62]([H:63])([C@@:64]([H:65])([H:66])[H:67])[C@@:68]([H:69])([H:70])[H:71])<-[C:31]1([H:32])=[C:33]->%12([H:34])[C@:35]([H:36])([H:37])[C@@:38]([H:39])([H:40])[C:41]->%13([H:42])=[C:43]->%14([H:44])[C@:45]([H:46])([H:47])[C@@:48]1([H:49])[H:50])[C@@:19]([H:20])([C@:91]([H:92])([C@@:93]([H:94])([H:95])[H:96])[C@@:97]([H:98])([H:99])[H:100])[C@@:21]([H:22])([H:23])[C@:24]([H:25])([H:26])[C@:27]%11([H:28])[C@:82]([C@@:83]([H:84])([H:85])[H:86])([C@@:87]([H:88])([H:89])[H:90])[H:101])=[C:4]->6([H:5])[C:6]->7([H:7])=[C:8]->8([H:9])[C-:10]->9%10[H:11],[H]C([H])([H])C([H])([H])N(C([H])([H])C([H])([H])[H])C([H])([H])C([H])([H])[H].[H]C1([H])OC([H])([H])C([H])([H])C1([H])[H],OC([C@H](C1CCCC1)C2=CC=CC=C2)=O,OC([C@@H](C1CCCC1)C2=CC=CC=C2)=O,OC(/C(C1=CC=CC=C1)=C2CCCC/2)=O,60,20,,,,2
IAW00001329,CAT-37,SOL-6,,,REA-19,[Fe+2]123456789<-[C:3]%10([P:1]%11(->[Rh+:61]%12%13%14(<-[P:2]%15([C:12]->1%16=[C:17]->2([H:18])[C:15]->3([H:16])=[C:14]->4([H:53])[C-:13]->5%16[H:52])[C@@:29]([H:30])([C@@:72]([H:73])([C@@:74]([H:75])([H:76])[H:77])[C@@:78]([H:79])([H:80])[H:81])[C@:54]([H:57])([H:58])[C@:56]([H:59])([H:60])[C@:51]%15([H:55])[C@@:62]([H:63])([C@@:64]([H:65])([H:66])[H:67])[C@@:68]([H:69])([H:70])[H:71])<-[C:31]1([H:32])=[C:33]->%12([H:34])[C@:35]([H:36])([H:37])[C@@:38]([H:39])([H:40])[C:41]->%13([H:42])=[C:43]->%14([H:44])[C@:45]([H:46])([H:47])[C@@:48]1([H:49])[H:50])[C@@:19]([H:20])([C@:91]([H:92])([C@@:93]([H:94])([H:95])[H:96])[C@@:97]([H:98])([H:99])[H:100])[C@@:21]([H:22])([H:23])[C@:24]([H:25])([H:26])[C@:27]%11([H:28])[C@:82]([C@@:83]([H:84])([H:85])[H:86])([C@@:87]([H:88])([H:89])[H:90])[H:101])=[C:4]->6([H:5])[C:6]->7([H:7])=[C:8]->8([H:9])[C-:10]->9%10[H:11],[H]C([H])([H])C([H])([H])N(C([H])([H])C([H])([H])[H])C([H])([H])C([H])([H])[H].[H]OC([H])(C([H])([H])[H])C([H])([H])[H],OC([C@H](C1CCCC1)C2=CC=CC=C2)=O,OC([C@@H](C1CCCC1)C2=CC=CC=C2)=O,OC(/C(C1=CC=CC=C1)=C2CCCC/2)=O,60,20,,,,2
IAW00001330,CAT-40,SOL-2,,,REA-19,[Rh+]1234(<-[P:1]([C@@:25]([H:26])([H:27])[C@:28]([P:2]->1([C:56]1=[C:64]([H:65])[C:62]([H:63])=[C:60]([H:61])[C:58]([H:59])=[C:57]1[O:4][C@:66]([H:67])([H:68])[H:69])[C:70]1=[C:79]([H:80])[C:77]([H:78])=[C:75]([H:76])[C:73]([H:74])=[C:71]1[H:72])([H:29])[H:30])([C:31]1=[C:39]([H:40])[C:37]([H:38])=[C:35]([H:36])[C:33]([H:34])=[C:32]1[O:3][C@:41]([H:42])([H:43])[H:44])[C:45]1=[C:54]([H:55])[C:52]([H:53])=[C:50]([H:51])[C:48]([H:49])=[C:46]1[H:47])<-[C:5]1([H:6])=[C:7]->2([H:8])[C@@:9]([H:10])([H:11])[C@:12]([H:13])([H:14])[C:15]->3([H:16])=[C:17]->4([H:18])[C@@:19]([H:20])([H:21])[C@:22]1([H:23])[H:24],[H]C([H])([H])C([H])([H])N(C([H])([H])C([H])([H])[H])C([H])([H])C([H])([H])[H].[H]OC([H])([H])[H],OC([C@H](C1CCCC1)C2=CC=CC=C2)=O,OC([C@@H](C1CCCC1)C2=CC=CC=C2)=O,OC(/C(C1=CC=CC=C1)=C2CCCC/2)=O,60,20,,,,2
IAW00001331,CAT-41,SOL-2,,,REA-19,[Rh+]1234(<-[P:1]([C:21]5=[C:24]([C:25]6=[C:40]([P:2]->1([C:57]1=[C:78]([H:88])[C:89]([H:96])=[C:90]([H:97])[C:79]([H:91])=[C:58]1[H:59])[C:60]1=[C:61]([H:62])[C:63]([H:64])=[C:65]([H:66])[C:67]([H:68])=[C:69]1[H:70])[C:38]([H:39])=[C:36]([H:37])[C:35]1=[C:26]6[C:27]([H:28])=[C:29]([H:30])[C:31]([H:32])=[C:33]1[H:34])[C:74]1=[C:82]([C:81]([H:92])=[C:73]5[H:80])[C:93]([H:98])=[C:84]([H:94])[C:75]([H:83])=[C:22]1[H:23])([C:41]1=[C:42]([H:43])[C:44]([H:45])=[C:46]([H:47])[C:48]([H:49])=[C:50]1[H:51])[C:52]1=[C:53]([H:54])[C:55]([H:56])=[C:77]([H:87])[C:86]([H:95])=[C:76]1[H:85])<-[C:3]1([H:4])=[C:5]->2([H:6])[C@@:7]([H:8])([H:71])[C@@:9]([H:10])([H:72])[C:11]->3([H:12])=[C:13]->4([H:14])[C@:15]([H:16])([H:17])[C@@:18]1([H:19])[H:20],[H]C([H])([H])C([H])([H])N(C([H])([H])C([H])([H])[H])C([H])([H])C([H])([H])[H].[H]OC([H])([H])[H],OC([C@H](C1CCCC1)C2=CC=CC=C2)=O,OC([C@@H](C1CCCC1)C2=CC=CC=C2)=O,OC(/C(C1=CC=CC=C1)=C2CCCC/2)=O,60,20,,,,2
IAW00001332,CAT-42,SOL-2,,,REA-19,[Rh+2]123<-[O:44]=[C:52]([O-:45]->[Rh+2:1](<-[O:47]=[C:68]([O-:46]->1)[C@:69]([N:13]1[C:16](=[O:14])[C:17]4=[C:26]([C:24]([H:25])=[C:22]([H:23])[C:20]([H:21])=[C:18]4[H:19])[C:27]1=[O:15])([H:70])[C@@:71]([C@:72]([H:73])([H:74])[H:75])([C@:76]([H:77])([H:78])[H:79])[C@:80]([H:81])([H:82])[H:83])(<-[O-:49][C:84](=[O:48]->2)[C@:85]([N:28]1[C:31](=[O:29])[C:32]2=[C:40]([C:39]([H:118])=[C:37]([H:38])[C:35]([H:36])=[C:33]2[H:34])[C:41]1=[O:30])([H:86])[C@:87]([C@:88]([H:89])([H:90])[H:91])([C@:92]([H:93])([H:94])[H:95])[C@:96]([H:97])([H:98])[H:99])<-[O-:51][C:100](=[O:50]->3)[C@:101]([N:42]1[C:119](=[O:123])[C:124]2=[C:125]([C:120]1=[O:43])[C:127]([H:130])=[C:131]([H:133])[C:128]([H:132])=[C:126]2[H:129])([H:102])[C@@:103]([C@:104]([H:105])([H:106])[H:107])([C@:108]([H:109])([H:110])[H:111])[C@:112]([H:113])([H:114])[H:115])[C@:53]([N:2]1[C:5](=[O:3])[C:6]2=[C:11]([C:9]([H:10])=[C:117]([H:122])[C:116]([H:121])=[C:7]2[H:8])[C:12]1=[O:4])([H:54])[C@:55]([C@:56]([H:57])([H:58])[H:59])([C@:60]([H:61])([H:62])[H:63])[C@:64]([H:65])([H:66])[H:67],[H]C([H])([H])C([H])([H])N(C([H])([H])C([H])([H])[H])C([H])([H])C([H])([H])[H].[H]OC([H])([H])[H],OC([C@H](C1CCCC1)C2=CC=CC=C2)=O,OC([C@@H](C1CCCC1)C2=CC=CC=C2)=O,OC(/C(C1=CC=CC=C1)=C2CCCC/2)=O,60,20,,,,2
IAW00001333,CAT-43,SOL-2,,,REA-19,[Rh+2]123<-[O:10]=[C:20]([O-:12]->[Rh+2:1](<-[O:13]=[C:21]([O-:11]->1)[C@:23]([N:19]1[C:49](=[O:15])[C:51]4=[C:61]([C:59]([Cl:9])=[C:57]([Cl:7])[C:55]([Cl:5])=[C:53]4[Cl:3])[C:63]1=[O:17])([H:25])[C@:27]([C@:29]([H:31])([H:33])[H:69])([C@:35]([H:37])([H:39])[H:41])[C@:43]([H:45])([H:47])[H:71])(<-[O:66]=[C:72]([O-:64]->2)[C@:74]([C@@:76]([C@:82]([H:92])([H:93])[H:94])([C@:83]([H:95])([H:96])[H:97])[C@:84]([H:98])([H:99])[H:100])([N:77]1[C:85](=[O:102])[C:101]2=[C:103]([C:86]1=[O:104])[C:119]([Cl:125])=[C:124]([Cl:131])[C:122]([Cl:130])=[C:118]2[Cl:123])[H:78])<-[O-:67][C:73](=[O:65]->3)[C@@:75]([N:79]1[C:87](=[O:105])[C:106]2=[C:107]([C:88]1=[O:108])[C:121]([Cl:129])=[C:128]([Cl:133])[C:127]([Cl:132])=[C:120]2[Cl:126])([C@:80]([C@:89]([H:109])([H:110])[H:111])([C@@:90]([H:112])([H:113])[H:114])[C@:91]([H:115])([H:116])[H:117])[H:81])[C@:22]([N:18]1[C:48](=[O:14])[C:50]2=[C:60]([C:58]([Cl:8])=[C:56]([Cl:6])[C:54]([Cl:4])=[C:52]2[Cl:2])[C:62]1=[O:16])([H:24])[C@:26]([C@:28]([H:30])([H:32])[H:68])([C@:34]([H:36])([H:38])[H:40])[C@:42]([H:44])([H:46])[H:70],[H]C([H])([H])C([H])([H])N(C([H])([H])C([H])([H])[H])C([H])([H])C([H])([H])[H].[H]OC([H])([H])[H],OC([C@H](C1CCCC1)C2=CC=CC=C2)=O,OC([C@@H](C1CCCC1)C2=CC=CC=C2)=O,OC(/C(C1=CC=CC=C1)=C2CCCC/2)=O,60,20,,,,2
IAW00001334,CAT-44,SOL-2,,,REA-19,[Rh+2]123<-[O-:6][C:26](=[O:7]->[Rh+2:1](<-[O-:11][C:48](=[O:10]->1)[C@@:49]1([H:50])[N:23]([S@@:3](=[O:12])(=[O:13])[C:60]4=[C:68]([H:69])[C:66]([H:67])=[C:65]([C@@:114]([H:115])([H:116])[C@:117]([H:118])([H:119])[C@@:120]([H:121])([H:122])[C@:123]([H:124])([H:125])[C@@:126]([H:127])([H:128])[C@:129]([H:130])([H:131])[C@:132]([H:133])([H:134])[C@:135]([H:136])([H:137])[C@:138]([H:139])([H:140])[C@:141]([H:142])([H:143])[C@:144]([H:145])([H:146])[C@@:147]([H:148])([H:149])[H:150])[C:63]([H:64])=[C:61]4[H:62])[C@:57]([H:58])([H:59])[C@:54]([H:55])([H:56])[C@@:51]1([H:52])[H:53])(<-[O:15]=[C:70]([O-:14]->2)[C@@:71]1([H:72])[N:24]([S@:4](=[O:16])(=[O:17])[C:82]2=[C:90]([H:91])[C:88]([H:89])=[C:87]([C@:225]([H:226])([H:227])[C@@:228]([H:229])([H:230])[C@:231]([H:232])([H:233])[C@@:234]([H:235])([H:236])[C@:237]([H:238])([H:239])[C@@:240]([H:241])([H:242])[C@@:243]([H:244])([H:245])[C@@:246]([H:247])([H:248])[C@:249]([H:250])([H:251])[C@@:252]([H:253])([H:254])[C@:255]([H:256])([H:257])[C@@:258]([H:259])([H:260])[H:261])[C:85]([H:86])=[C:83]2[H:84])[C@:79]([H:80])([H:81])[C@:76]([H:77])([H:78])[C@:73]1([H:74])[H:75])<-[O-:19][C:92](=[O:18]->3)[C@@:93]1([H:94])[N:25]([S@:5](=[O:20])(=[O:21])[C:104]2=[C:105]([H:106])[C:107]([H:108])=[C:109]([C@@:188]([H:189])([H:190])[C@@:191]([H:192])([H:193])[C@@:194]([H:195])([H:196])[C@@:197]([H:198])([H:199])[C@@:200]([H:201])([H:202])[C@:203]([H:204])([H:205])[C@@:206]([H:207])([H:208])[C@:209]([H:210])([H:211])[C@@:212]([H:213])([H:214])[C@@:215]([H:216])([H:217])[C@@:218]([H:219])([H:220])[C@@:221]([H:222])([H:223])[H:224])[C:110]([H:111])=[C:112]2[H:113])[C@:101]([H:102])([H:103])[C@:98]([H:99])([H:100])[C@:95]1([H:96])[H:97])[C@@:27]1([H:28])[N:22]([S@@:2](=[O:8])(=[O:9])[C:38]2=[C:39]([H:40])[C:41]([H:42])=[C:43]([C@@:151]([H:152])([H:153])[C@:154]([H:155])([H:156])[C@@:157]([H:158])([H:159])[C@:160]([H:161])([H:162])[C@@:163]([H:164])([H:165])[C@:166]([H:167])([H:168])[C@@:169]([H:170])([H:171])[C@:172]([H:173])([H:174])[C@@:175]([H:176])([H:177])[C@:178]([H:179])([H:180])[C@@:181]([H:182])([H:183])[C@@:184]([H:185])([H:186])[H:187])[C:44]([H:45])=[C:46]2[H:47])[C@:35]([H:36])([H:37])[C@@:32]([H:33])([H:34])[C@:29]1([H:30])[H:31],[H]C([H])([H])C([H])([H])N(C([H])([H])C([H])([H])[H])C([H])([H])C([H])([H])[H].[H]OC([H])([H])[H],OC([C@H](C1CCCC1)C2=CC=CC=C2)=O,OC([C@@H](C1CCCC1)C2=CC=CC=C2)=O,OC(/C(C1=CC=CC=C1)=C2CCCC/2)=O,60,20,,,,2
IAW00001335,CAT-45,SOL-1,,,REA-19,[P]12([C@@:22]([C@:23]([P:1]3(->[Co+2:42]<-145(<-[O:3]=[C:40]([O-:5]->4)[C@:130]([H:131])([H:132])[C@:133]([H:134])([H:135])[C@@:136]([H:137])([H:138])[C@:139]([H:140])([H:141])[C@@:142]([H:143])([H:144])[C@:145]([H:146])([H:147])[C@@:148]([H:149])([H:150])[C@:151]([H:152])([H:153])[C@@:154]([H:155])([H:156])[C@:157]([H:158])([H:159])[C@:160]([H:161])([H:162])[C@:163]([H:164])([H:165])[C@@:166]([H:167])([H:168])[C@:169]([H:170])([H:171])[C@@:172]([H:173])([H:174])[C@:175]([H:176])([H:177])[C@@:178]([H:179])([H:180])[H:181])<-[O-:7][C:41](=[O:9]->5)[C@:78]([H:79])([H:80])[C@:81]([H:82])([H:83])[C@:84]([H:85])([H:86])[C@@:87]([H:88])([H:89])[C@:90]([H:91])([H:92])[C@:93]([H:94])([H:95])[C@:96]([H:97])([H:98])[C@:99]([H:100])([H:101])[C@:102]([H:103])([H:104])[C@:105]([H:106])([H:107])[C@@:108]([H:109])([H:110])[C@:111]([H:112])([H:113])[C@@:114]([H:115])([H:116])[C@:117]([H:118])([H:119])[C@@:120]([H:121])([H:122])[C@:123]([H:124])([H:125])[C@@:126]([H:127])([H:128])[H:129])[C@@:24]([C:28]1=[C:33]([H:60])[C:32]([H:59])=[C:31]([H:58])[C:30]([H:57])=[C:29]1[H:56])([H:54])[C@:25]([H:74])([H:75])[C@@:26]([H:76])([H:77])[C@:27]3([C:34]1=[C:35]([H:61])[C:36]([H:62])=[C:37]([H:63])[C:38]([H:64])=[C:39]1[H:65])[H:55])([H:72])[H:73])([H:70])[H:71])[C@@:2]([C:10]1=[C:11]([H:45])[C:12]([H:182])=[C:13]([H:46])[C:14]([H:47])=[C:15]1[H:48])([H:43])[C@:4]([H:66])([H:67])[C@:6]([H:68])([H:69])[C@:8]2([C:16]1=[C:17]([H:49])[C:18]([H:50])=[C:19]([H:51])[C:20]([H:52])=[C:21]1[H:53])[H:44],[H]OC([H])([H])[H],OC([C@H](C1CCCC1)C2=CC=CC=C2)=O,OC([C@@H](C1CCCC1)C2=CC=CC=C2)=O,OC(/C(C1=CC=CC=C1)=C2CCCC/2)=O,50,60,,,,2
IAW00001336,CAT-45,SOL-8,,,REA-19,[P]12([C@@:22]([C@:23]([P:1]3(->[Co+2:42]<-145(<-[O:3]=[C:40]([O-:5]->4)[C@:130]([H:131])([H:132])[C@:133]([H:134])([H:135])[C@@:136]([H:137])([H:138])[C@:139]([H:140])([H:141])[C@@:142]([H:143])([H:144])[C@:145]([H:146])([H:147])[C@@:148]([H:149])([H:150])[C@:151]([H:152])([H:153])[C@@:154]([H:155])([H:156])[C@:157]([H:158])([H:159])[C@:160]([H:161])([H:162])[C@:163]([H:164])([H:165])[C@@:166]([H:167])([H:168])[C@:169]([H:170])([H:171])[C@@:172]([H:173])([H:174])[C@:175]([H:176])([H:177])[C@@:178]([H:179])([H:180])[H:181])<-[O-:7][C:41](=[O:9]->5)[C@:78]([H:79])([H:80])[C@:81]([H:82])([H:83])[C@:84]([H:85])([H:86])[C@@:87]([H:88])([H:89])[C@:90]([H:91])([H:92])[C@:93]([H:94])([H:95])[C@:96]([H:97])([H:98])[C@:99]([H:100])([H:101])[C@:102]([H:103])([H:104])[C@:105]([H:106])([H:107])[C@@:108]([H:109])([H:110])[C@:111]([H:112])([H:113])[C@@:114]([H:115])([H:116])[C@:117]([H:118])([H:119])[C@@:120]([H:121])([H:122])[C@:123]([H:124])([H:125])[C@@:126]([H:127])([H:128])[H:129])[C@@:24]([C:28]1=[C:33]([H:60])[C:32]([H:59])=[C:31]([H:58])[C:30]([H:57])=[C:29]1[H:56])([H:54])[C@:25]([H:74])([H:75])[C@@:26]([H:76])([H:77])[C@:27]3([C:34]1=[C:35]([H:61])[C:36]([H:62])=[C:37]([H:63])[C:38]([H:64])=[C:39]1[H:65])[H:55])([H:72])[H:73])([H:70])[H:71])[C@@:2]([C:10]1=[C:11]([H:45])[C:12]([H:182])=[C:13]([H:46])[C:14]([H:47])=[C:15]1[H:48])([H:43])[C@:4]([H:66])([H:67])[C@:6]([H:68])([H:69])[C@:8]2([C:16]1=[C:17]([H:49])[C:18]([H:50])=[C:19]([H:51])[C:20]([H:52])=[C:21]1[H:53])[H:44],[H]OC(C([H])([H])[H])(C([H])([H])[H])C([H])([H])[H],OC([C@H](C1CCCC1)C2=CC=CC=C2)=O,OC([C@@H](C1CCCC1)C2=CC=CC=C2)=O,OC(/C(C1=CC=CC=C1)=C2CCCC/2)=O,40,80,,,,2
IAW00001337,CAT-46,SOL-8,,,REA-19,[P]12([C:12]3=[C:2]([H:54])[C:3]([H:4])=[C:5]([H:6])[C:7]([H:8])=[C:9]3[P:1]3(->[Co+2:76]<-1(<-[O-:71][C:72](=[O:75])[C@@:79]([H:80])([H:81])[C@@:82]([H:83])([H:84])[C@:85]([H:86])([H:87])[C@@:88]([H:89])([H:90])[C@:91]([H:92])([H:93])[C@@:94]([H:95])([H:96])[C@:97]([H:98])([H:99])[C@@:100]([H:101])([H:102])[C@:103]([H:104])([H:105])[C@@:106]([H:107])([H:108])[C@@:109]([H:110])([H:111])[C@@:112]([H:113])([H:114])[C@:115]([H:116])([H:117])[C@:118]([H:119])([H:120])[C@:121]([H:122])([H:123])[C@:124]([H:125])([H:126])[C@@:127]([H:128])([H:129])[H:130])<-[O-:73][C:74](=[O:78])[C@@:131]([H:132])([H:133])[C@@:134]([H:135])([H:136])[C@:137]([H:138])([H:139])[C@@:140]([H:141])([H:142])[C@:143]([H:144])([H:145])[C@@:146]([H:147])([H:148])[C@:149]([H:150])([H:151])[C@@:152]([H:153])([H:154])[C@:155]([H:156])([H:157])[C@@:158]([H:159])([H:160])[C@:161]([H:162])([H:163])[C@@:164]([H:165])([H:166])[C@:167]([H:168])([H:169])[C@@:170]([H:171])([H:172])[C@:173]([H:174])([H:175])[C@@:176]([H:177])([H:178])[C@@:179]([H:180])([H:181])[H:182])[C@@:24]([H:25])([C@:34]([H:35])([C@:36]([H:37])([H:38])[H:77])[C@:39]([H:40])([H:41])[H:42])[C@:26]([H:27])([H:28])[C@@:29]([H:30])([H:31])[C@:32]3([H:33])[C@@:43]([H:44])([C@:45]([H:46])([H:47])[H:48])[C@:49]([H:50])([H:51])[H:52])[C@@:10]([H:11])([C@@:15]([H:16])([C@:17]([H:18])([H:19])[H:56])[C@:20]([H:21])([H:22])[H:23])[C@@:55]([H:60])([H:61])[C@:57]([H:62])([H:63])[C@@:53]2([C@@:58]([H:13])([C@:64]([H:66])([H:67])[H:68])[C@:65]([H:14])([H:69])[H:70])[H:59],[H]OC(C([H])([H])[H])(C([H])([H])[H])C([H])([H])[H],OC([C@H](C1CCCC1)C2=CC=CC=C2)=O,OC([C@@H](C1CCCC1)C2=CC=CC=C2)=O,OC(/C(C1=CC=CC=C1)=C2CCCC/2)=O,40,80,,,,2
IAW00001338,CAT-47,SOL-8,,,REA-19,[Fe+2]123456789<-[C:3]%10([P:1]%11(->[Co+2:41](<-[P:2]%12([C:12]->1%13=[C:17]->2([H:18])[C:15]->3([H:16])=[C:14]->4([H:33])[C-:13]->5%13[H:32])[C@:29]([H:30])([C@@:148]([H:149])([H:150])[H:151])[C@:34]([H:37])([H:38])[C@:36]([H:39])([H:40])[C@@:31]%12([H:35])[C@@:156]([H:157])([H:158])[H:159])(<-[O-:42][C:45]([C@@:160]([C@@:46]([H:47])([H:48])[C@:49]([H:50])([H:51])[C@@:52]([H:53])([H:54])[C@:55]([H:56])([H:57])[C@@:58]([H:59])([H:60])[C@:61]([H:62])([H:63])[C@@:64]([H:65])([H:66])[C@:67]([H:68])([H:69])[C@@:70]([H:71])([H:72])[C@:73]([H:74])([H:75])[C@@:76]([H:77])([H:78])[C@:79]([H:80])([H:81])[C@@:82]([H:83])([H:84])[C@@:85]([H:86])([H:87])[C@@:88]([H:89])([H:90])[C@@:91]([H:92])([H:93])[H:94])([H:166])[H:167])=[O:165])<-[O-:43][C:44]([C@@:161]([C@@:95]([H:96])([H:97])[C@@:98]([H:99])([H:100])[C@:101]([H:102])([H:103])[C@@:104]([H:105])([H:106])[C@:107]([H:108])([H:109])[C@@:110]([H:111])([H:112])[C@:113]([H:114])([H:115])[C@@:116]([H:117])([H:118])[C@@:119]([H:120])([H:121])[C@@:122]([H:123])([H:124])[C@@:125]([H:126])([H:127])[C@:128]([H:129])([H:130])[C@@:131]([H:132])([H:133])[C@:134]([H:135])([H:136])[C@:137]([H:138])([H:139])[C@@:140]([H:141])([H:142])[H:143])([H:162])[H:163])=[O:164])[C@:19]([H:20])([C@@:144]([H:145])([H:146])[H:147])[C@@:21]([H:22])([H:23])[C@:24]([H:25])([H:26])[C@@:27]%11([H:28])[C@@:152]([H:153])([H:154])[H:155])=[C:4]->6([H:5])[C:6]->7([H:7])=[C:8]->8([H:9])[C-:10]->9%10[H:11],[H]OC(C([H])([H])[H])(C([H])([H])[H])C([H])([H])[H],OC([C@H](C1CCCC1)C2=CC=CC=C2)=O,OC([C@@H](C1CCCC1)C2=CC=CC=C2)=O,OC(/C(C1=CC=CC=C1)=C2CCCC/2)=O,40,80,,,,2
IAW00001339,CAT-48,SOL-1,,,REA-19,[Co+2]123<-[O-:1][C:7](=[C:8]([C:9](=[N:5]->1[C@@:10]([C@:11]([N:6]->2=[C:12]([C:13](=[C:14]([O-:2]->3)[C@@:37]([H:71])([H:72])[H:74])[C:35](=[O:4])[C@@:36]([H:68])([H:69])[H:70])[H:41])([C:26]1=[C:31]([C@@:34]([H:65])([H:66])[H:67])[C:30]([H:58])=[C:29]([C@@:33]([H:62])([H:63])[H:64])[C:28]([H:57])=[C:27]1[C@@:32]([H:59])([H:60])[H:61])[H:40])([C:17]1=[C:22]([C@@:25]([H:54])([H:55])[H:56])[C:21]([H:47])=[C:20]([C@@:24]([H:51])([H:52])[H:53])[C:19]([H:46])=[C:18]1[C@@:23]([H:48])([H:49])[H:50])[H:39])[H:38])[C:15](=[O:3])[C@@:16]([H:43])([H:44])[H:45])[C@:73]([H:42])([H:75])[H:76],[H]OC([H])([H])[H],OC([C@H](C1CCCC1)C2=CC=CC=C2)=O,OC([C@@H](C1CCCC1)C2=CC=CC=C2)=O,OC(/C(C1=CC=CC=C1)=C2CCCC/2)=O,50,60,,,,2
IAW00001340,CAT-49,SOL-1,,,REA-19,[N]12=[C:10]([C:9]3=[C:4]([O-:1]->[Co+2:40]<-14<-[N:2]([C@@:16]1([H:53])[C@@:11]2([H:44])[C@@:12]([H:45])([H:46])[C@:13]([H:47])([H:48])[C@@:14]([H:49])([H:50])[C@@:15]1([H:51])[H:52])=[C:17]([C:18]1=[C:23]([O-:3]->4)[C:22]([C@@:36]([C@@:37]([H:84])([H:85])[H:86])([C@@:38]([H:87])([H:88])[H:89])[C@@:39]([H:90])([H:91])[H:92])=[C:21]([H:56])[C:20]([C@@:32]([C@@:33]([H:75])([H:76])[H:77])([C@@:34]([H:78])([H:79])[H:80])[C@@:35]([H:81])([H:82])[H:83])=[C:19]1[H:55])[H:54])[C:5]([C@:24]([C@@:25]([H:57])([H:58])[H:59])([C@@:26]([H:60])([H:61])[H:62])[C@@:27]([H:63])([H:64])[H:65])=[C:6]([H:41])[C:7]([C@@:28]([C@@:29]([H:66])([H:67])[H:68])([C@@:30]([H:69])([H:70])[H:71])[C@@:31]([H:72])([H:73])[H:74])=[C:8]3[H:42])[H:43],[H]OC([H])([H])[H],OC([C@H](C1CCCC1)C2=CC=CC=C2)=O,OC([C@@H](C1CCCC1)C2=CC=CC=C2)=O,OC(/C(C1=CC=CC=C1)=C2CCCC/2)=O,50,60,,,,2
IAW00001341,CAT-50,SOL-1,,,REA-19,[Co+3]123(<-[Cl-:1])<-[O-:2][C:59]4=[C:62]([C@:11]([C@:12]([H:13])([H:14])[H:63])([C@:15]([H:16])([H:17])[H:18])[C@:19]([H:20])([H:21])[H:22])[C:71]([H:78])=[C:79]([C@:81]([C@@:82]([H:85])([H:86])[H:87])([C@@:83]([H:88])([H:89])[H:90])[C@:84]([H:91])([H:92])[H:93])[C:73]([H:80])=[C:66]4[C:65](=[N:58]->1[C@@:61]1([H:5])[C@@:9]([N:4]->2=[C:23]([H:24])[C:25]2=[C:26]([O-:3]->3)[C:27]([C@:33]([C@:34]([H:35])([H:36])[H:64])([C@:37]([H:38])([H:39])[H:40])[C@:41]([H:42])([H:43])[H:44])=[C:28]([H:29])[C:30]([C@@:45]([C@:46]([H:47])([H:48])[H:49])([C@:50]([H:51])([H:52])[H:53])[C@:54]([H:55])([H:56])[H:57])=[C:31]2[H:32])([H:10])[C@:6]([H:7])([H:8])[C@:60]([H:67])([H:69])[C@@:68]([H:74])([H:75])[C@:70]1([H:76])[H:77])[H:72],[H]OC([H])([H])[H],OC([C@H](C1CCCC1)C2=CC=CC=C2)=O,OC([C@@H](C1CCCC1)C2=CC=CC=C2)=O,OC(/C(C1=CC=CC=C1)=C2CCCC/2)=O,50,60,,,,2
IAW00001342,CAT-51,SOL-1,,,REA-19,[Co+3]123(<-[O-:1][C:58]4=[C:61]([C@:10]([C@:11]([H:12])([H:13])[H:62])([C@:14]([H:15])([H:16])[H:17])[C@:18]([H:19])([H:20])[H:21])[C:70]([H:77])=[C:78]([C@:80]([C@@:81]([H:84])([H:85])[H:86])([C@@:82]([H:87])([H:88])[H:89])[C@:83]([H:90])([H:91])[H:92])[C:72]([H:79])=[C:65]4[C:64](=[N:57]->1[C@:60]1([H:4])[C@:8]([N:3]->2=[C:22]([H:23])[C:24]2=[C:25]([O-:2]->3)[C:26]([C@:32]([C@:33]([H:34])([H:35])[H:63])([C@:36]([H:37])([H:38])[H:39])[C@:40]([H:41])([H:42])[H:43])=[C:27]([H:28])[C:29]([C@@:44]([C@:45]([H:46])([H:47])[H:48])([C@:49]([H:50])([H:51])[H:52])[C@:53]([H:54])([H:55])[H:56])=[C:30]2[H:31])([H:9])[C@:5]([H:6])([H:7])[C@:59]([H:66])([H:68])[C@@:67]([H:73])([H:74])[C@:69]1([H:75])[H:76])[H:71])<-[O-:93][S@@:108]([C:94]1=[C:95]([H:100])[C:96]([H:101])=[C:97]([C@@:104]([H:105])([H:106])[H:107])[C:98]([H:102])=[C:99]1[H:103])(=[O:109])=[O:110],[H]OC([H])([H])[H],OC([C@H](C1CCCC1)C2=CC=CC=C2)=O,OC([C@@H](C1CCCC1)C2=CC=CC=C2)=O,OC(/C(C1=CC=CC=C1)=C2CCCC/2)=O,50,60,,,,2
IAW00001343,CAT-52,SOL-9,,,REA-19,[Fe+2]123456789<-[C:3]%10([P:1]%11(->[Ni+2:71](<-[P:2]%12([C:12]->1%13=[C:17]->2([H:18])[C:15]->3([H:16])=[C:14]->4([H:33])[C-:13]->5%13[H:32])[C@:29]([H:30])([C@@:49]([H:50])([H:51])[H:52])[C@:34]([H:37])([H:38])[C@:36]([H:39])([H:40])[C@@:31]%12([H:35])[C@@:57]([H:58])([H:59])[H:60])(<-[O-:41][C:44]([C@@:61]([H:67])([H:68])[H:69])=[O:66])<-[O-:42][C:43]([C@@:62]([H:63])([H:64])[H:70])=[O:65])[C@:19]([H:20])([C@@:45]([H:46])([H:47])[H:48])[C@@:21]([H:22])([H:23])[C@:24]([H:25])([H:26])[C@@:27]%11([H:28])[C@@:53]([H:54])([H:55])[H:56])=[C:4]->6([H:5])[C:6]->7([H:7])=[C:8]->8([H:9])[C-:10]->9%10[H:11],[H]OC([H])([H])C(F)(F)F,OC([C@H](C1CCCC1)C2=CC=CC=C2)=O,OC([C@@H](C1CCCC1)C2=CC=CC=C2)=O,OC(/C(C1=CC=CC=C1)=C2CCCC/2)=O,50,30,,,,2
IAW00001344,CAT-53,SOL-9,,,REA-19,C12[P:44]3(->[Ni+2:46](<-[O-:41][C:34]([C@:35]([H:36])([H:37])[H:38])=[O:40])(<-[O-:42][C:39](=[O:43])[C@@:48]([H:53])([H:54])[H:55])<-[P:45]4([C:1]1=[C:2]([H:3])[C:4]([H:5])=[C:6]([H:7])[C:8]=2[H:9])[C@:28]([H:29])([C@:30]([H:31])([H:32])[H:33])[C@@:47]([H:50])([H:51])[C@:52]([H:58])([H:59])[C@@:49]4([H:56])[C@@:57]([H:60])([H:61])[H:62])[C@@:14]([C@:10]([H:11])([H:12])[H:13])([H:15])[C@@:16]([H:17])([H:18])[C@@:19]([H:20])([H:21])[C@@:22]3([H:23])[C@:24]([H:25])([H:26])[H:27],[H]OC([H])([H])C(F)(F)F,OC([C@H](C1CCCC1)C2=CC=CC=C2)=O,OC([C@@H](C1CCCC1)C2=CC=CC=C2)=O,OC(/C(C1=CC=CC=C1)=C2CCCC/2)=O,50,30,,,,2
IAW00001345,CAT-54,SOL-9,,,REA-19,[P]12([C@@:22]([C@:23]([P:1]3(->[Ni+2:86]<-1(<-[O-:5][C:40](=[O:3])[C@:80]([H:81])([H:82])[H:84])<-[O-:7][C:41](=[O:9])[C@:77]([H:78])([H:79])[H:85])[C@@:24]([C:28]1=[C:33]([H:59])[C:32]([H:58])=[C:31]([H:57])[C:30]([H:56])=[C:29]1[H:55])([H:53])[C@:25]([H:73])([H:74])[C@@:26]([H:75])([H:76])[C@:27]3([C:34]1=[C:35]([H:60])[C:36]([H:61])=[C:37]([H:62])[C:38]([H:63])=[C:39]1[H:64])[H:54])([H:71])[H:72])([H:69])[H:70])[C@@:2]([C:10]1=[C:11]([H:44])[C:12]([H:83])=[C:13]([H:45])[C:14]([H:46])=[C:15]1[H:47])([H:42])[C@:4]([H:65])([H:66])[C@:6]([H:67])([H:68])[C@:8]2([C:16]1=[C:17]([H:48])[C:18]([H:49])=[C:19]([H:50])[C:20]([H:51])=[C:21]1[H:52])[H:43],[H]OC([H])([H])C(F)(F)F,OC([C@H](C1CCCC1)C2=CC=CC=C2)=O,OC([C@@H](C1CCCC1)C2=CC=CC=C2)=O,OC(/C(C1=CC=CC=C1)=C2CCCC/2)=O,50,30,,,,2
IAW00001346,CAT-55,SOL-9,,,REA-19,[P]12([C:12]3=[C:2]([H:54])[C:3]([H:4])=[C:5]([H:6])[C:7]([H:8])=[C:9]3[P:1]3(->[Ni+2:86]<-1(<-[O-:71][C:72](=[O:75])[C@@:78]([H:79])([H:80])[H:84])<-[O-:73][C:74](=[O:77])[C@@:81]([H:82])([H:83])[H:85])[C@@:24]([H:25])([C@:34]([H:35])([C@:36]([H:37])([H:38])[H:76])[C@:39]([H:40])([H:41])[H:42])[C@:26]([H:27])([H:28])[C@@:29]([H:30])([H:31])[C@:32]3([H:33])[C@@:43]([H:44])([C@:45]([H:46])([H:47])[H:48])[C@:49]([H:50])([H:51])[H:52])[C@@:10]([H:11])([C@@:15]([H:16])([C@:17]([H:18])([H:19])[H:56])[C@:20]([H:21])([H:22])[H:23])[C@@:55]([H:60])([H:61])[C@:57]([H:62])([H:63])[C@@:53]2([C@@:58]([H:13])([C@:64]([H:66])([H:67])[H:68])[C@:65]([H:14])([H:69])[H:70])[H:59],[H]OC([H])([H])C(F)(F)F,OC([C@H](C1CCCC1)C2=CC=CC=C2)=O,OC([C@@H](C1CCCC1)C2=CC=CC=C2)=O,OC(/C(C1=CC=CC=C1)=C2CCCC/2)=O,50,30,,,,2
IAW00001347,CAT-56,SOL-9,,,REA-19,[Ni+2]1(<-[P:1]([C:2]2=[C:9]([H:10])[C:23]([H:24])=[C:34]([H:39])[C:38]([H:48])=[C:33]2[P:31]->1([C@@:35]([C@:40]([H:49])([H:50])[H:51])([C@:41]([H:52])([H:53])[H:54])[C@:42]([H:55])([H:56])[H:57])[C@:36]([H:43])([H:44])[H:45])([C@:8]([C@:4]([H:5])([H:6])[H:7])([C@:11]([H:12])([H:13])[H:14])[C@:15]([H:16])([H:17])[H:18])[C@:19]([H:20])([H:21])[H:22])(<-[O-:3][C:26](=[O:25])[C@:27]([H:28])([H:29])[H:30])<-[O-:32][C:37](=[O:46])[C@:47]([H:58])([H:59])[H:60],[H]OC([H])([H])C(F)(F)F,OC([C@H](C1CCCC1)C2=CC=CC=C2)=O,OC([C@@H](C1CCCC1)C2=CC=CC=C2)=O,OC(/C(C1=CC=CC=C1)=C2CCCC/2)=O,50,30,,,,2
IAW00001348,CAT-57,SOL-1,,,REA-19,[Br-]->[Ni+2:1]12(<-[N:2]([H:3])([C@:28]3([H:29])[C@@:9]([H:10])([H:11])[C@@:35]([H:36])([H:37])[C@:38]([H:39])([H:40])[C@:12]([H:13])([H:14])[C@:17]3([N:7]->1([H:8])[C@:59]([H:60])([H:61])[C:70]1=[C:81]([H:92])[C:91]([H:96])=[C:95]([H:97])[C:90]([H:94])=[C:80]1[H:89])[H:18])[C@:30]([C:16]1=[C:26]([H:27])[C:20]([H:21])=[C:41]([H:42])[C:33]([H:34])=[C:22]1[H:23])([H:31])[H:32])(<-[N:4]([C@@:24]1([H:25])[C@@:19]([N:5]->2([H:6])[C@:54]([C:47]2=[C:50]([H:51])[C:52]([H:53])=[C:57]([H:58])[C:62]([H:63])=[C:48]2[H:49])([H:55])[H:56])([H:65])[C@@:66]([H:15])([H:72])[C@:71]([H:82])([H:83])[C@:75]([H:84])([H:85])[C@:67]1([H:73])[H:74])([C@:43]([H:44])([H:45])[C:46]1=[C:69]([H:79])[C:78]([H:88])=[C:86]([H:93])[C:76]([H:87])=[C:68]1[H:77])[H:98])<-[Br-:64],[H]OC([H])([H])[H],OC([C@H](C1CCCC1)C2=CC=CC=C2)=O,OC([C@@H](C1CCCC1)C2=CC=CC=C2)=O,OC(/C(C1=CC=CC=C1)=C2CCCC/2)=O,50,60,,,,2
IAW00001349,CAT-58,SOL-1,,,REA-19,[N-]12[C:3](=[O:2])[C@@:4]3([H:5])[N:1]([C@:25]([C:28]4=[C:33]([H:14])[C:38]([H:48])=[C:49]([H:56])[C:39]([H:50])=[C:34]4[H:40])([H:29])[H:30])(->[Ni+2:58]<-14<-[N:32](=[C:27]([C:15]1=[C:16]2[C:17]([H:18])=[C:19]([H:20])[C:21]([H:22])=[C:23]1[H:24])[C:31]1=[C:36]([H:43])[C:44]([H:53])=[C:51]([H:57])[C:42]([H:52])=[C:35]1[H:41])[C@@:37]([H:45])([H:46])[C:47]([O-:54]->4)=[O:55])[C@@:12]([H:13])([H:26])[C@:9]([H:10])([H:11])[C@:6]3([H:7])[H:8],[H]OC([H])([H])[H],OC([C@H](C1CCCC1)C2=CC=CC=C2)=O,OC([C@@H](C1CCCC1)C2=CC=CC=C2)=O,OC(/C(C1=CC=CC=C1)=C2CCCC/2)=O,60,20,,,,2
IAW00001350,CAT-59,SOL-1,,,REA-19,[Pd+2]1(<-[P:63]([C:3]2=[C:1]([C:2]3=[C:4]([P:64]->1([C:24]1=[C:26]([H:28])[C:30]([H:32])=[C:34]([H:74])[C:36]([H:76])=[C:38]1[H:40])[C:42]1=[C:60]([H:62])[C:56]([H:58])=[C:52]([H:54])[C:48]([H:50])=[C:44]1[H:46])[C:6]([H:8])=[C:10]([H:12])[C:14]1=[C:22]3[C:18]([H:20])=[C:72]([H:80])[C:69]([H:78])=[C:16]1[H:70])[C:21]1=[C:13]([C:9]([H:11])=[C:5]2[H:7])[C:15]([H:68])=[C:67]([H:77])[C:71]([H:79])=[C:17]1[H:19])([C:23]1=[C:25]([H:27])[C:29]([H:31])=[C:33]([H:73])[C:35]([H:75])=[C:37]1[H:39])[C:41]1=[C:43]([H:45])[C:47]([H:49])=[C:51]([H:53])[C:55]([H:57])=[C:59]1[H:61])(<-[Cl-:65])<-[Cl-:66],[H]OC([H])([H])[H],OC([C@H](C1CCCC1)C2=CC=CC=C2)=O,OC([C@@H](C1CCCC1)C2=CC=CC=C2)=O,OC(/C(C1=CC=CC=C1)=C2CCCC/2)=O,60,20,,,,2
IAW00001351,CAT-60,SOL-1,,,REA-19,[Pd+2]123(<-[N:2]4=[C:12]([C:13]([N-:5]->1[C@:14]([C@:15]([H:34])([H:35])[H:36])([C:16]1=[N:8]->2[C:20]([H:33])=[C:19]([H:32])[C:18]([H:31])=[C:17]1[H:30])[H:29])=[O:9])[C:11]([H:28])=[C:10]([H:27])[C:7]([H:26])=[C:4]4[C@:1]([F:23])([F:24])[F:25])<-[O-:3][C:21](=[O:6]->3)[C@:22]([H:37])([H:38])[H:39],[H]OC([H])([H])[H],OC([C@H](C1CCCC1)C2=CC=CC=C2)=O,OC([C@@H](C1CCCC1)C2=CC=CC=C2)=O,OC(/C(C1=CC=CC=C1)=C2CCCC/2)=O,60,20,,,,2
IAW00001352,CAT-61,SOL-1,,,REA-19,[Cr+3]123(<-[Cl-:1])<-[N:2]([C@:6]4([H:7])[C@:8]([H:9])([H:10])[C@@:11]([H:12])([H:13])[C@@:14]([H:78])([H:79])[C@@:15]([H:16])([H:17])[C@:18]4([N:3]->1=[C:42]([H:43])[C:44]1=[C:45]([O-:5]->2)[C:46]([C@:52]([C@:54]([H:55])([H:56])[H:57])([C@:58]([H:59])([H:60])[H:61])[C@:62]([H:63])([H:64])[H:65])=[C:47]([H:48])[C:49]([C@:53]([C@:66]([H:67])([H:68])[H:69])([C@:70]([H:71])([H:72])[H:73])[C@:74]([H:75])([H:76])[H:77])=[C:50]1[H:51])[H:19])=[C:20]([H:21])[C:22]1=[C:23]([O-:4]->3)[C:24]([C@@:80]([C@:31]([H:32])([H:33])[H:83])([C@@:84]([H:89])([H:90])[H:91])[C@@:85]([H:30])([H:92])[H:93])=[C:25]([H:81])[C:26]([C@@:29]([C@:34]([H:35])([H:36])[H:37])([C@:38]([H:39])([H:40])[H:41])[C@:82]([H:86])([H:87])[H:88])=[C:27]1[H:28],[H]OC([H])([H])[H],OC([C@H](C1CCCC1)C2=CC=CC=C2)=O,OC([C@@H](C1CCCC1)C2=CC=CC=C2)=O,OC(/C(C1=CC=CC=C1)=C2CCCC/2)=O,50,60,,,,2
IAW00001353,CAT-62,SOL-1,,,REA-19,[Mn+3]123(<-[Cl-:1])<-[O-:2][C:6]4=[C:7]([C@:42]([C@:44]([H:45])([H:46])[H:47])([C@:48]([H:49])([H:50])[H:51])[C@@:79]([H:43])([H:86])[H:87])[C:8]([H:9])=[C:10]([C@@:52]([C@:53]([H:54])([H:55])[H:56])([C@:57]([H:58])([H:59])[H:80])[C@:60]([H:61])([H:62])[H:81])[C:11]([H:12])=[C:13]4[C:14](=[N:4]->1[C@:16]1([H:17])[C@:18]([H:19])([H:20])[C@@:21]([H:22])([H:23])[C@:24]([H:25])([H:26])[C@@:27]([H:28])([H:29])[C@:30]1([N:5]->2=[C:32]([H:33])[C:34]1=[C:35]([H:36])[C:37]([C@@:63]([C@:64]([H:65])([H:66])[H:67])([C@:68]([H:69])([H:70])[H:82])[C@:71]([H:72])([H:73])[H:74])=[C:38]([H:39])[C:40]([C@:78]([C@@:75]([H:76])([H:77])[H:83])([C@:84]([H:88])([H:89])[H:90])[C@:85]([H:91])([H:92])[H:93])=[C:41]1[O-:3]->3)[H:31])[H:15],[H]OC([H])([H])[H],OC([C@H](C1CCCC1)C2=CC=CC=C2)=O,OC([C@@H](C1CCCC1)C2=CC=CC=C2)=O,OC(/C(C1=CC=CC=C1)=C2CCCC/2)=O,50,60,,,,2
